{
  "analysis_status_counts": {
    "analysis_blocked_until_material_handoff": 418
  },
  "completion_claim": "material_recovery_packets_only_not_review_completion",
  "generated_at": "2026-05-11T16:25:10Z",
  "manifest": "reports/source_recovery/weak_source_manifest_latest.json",
  "material_status_counts": {
    "material_blocked_missing_source": 1,
    "material_extracted_with_gaps": 417
  },
  "open_rework_ticket_count": 419,
  "packet_root": "source_recovery_packets/weak_source_full_20260511T150913Z",
  "paper_count": 418,
  "raw_mode": "symlink",
  "results": [
    {
      "analysis_status": "analysis_blocked_until_material_handoff",
      "error_count": 0,
      "locator_count": 11,
      "material_status": "material_extracted_with_gaps",
      "open_rework_ticket_count": 1,
      "packet_root": "source_recovery_packets/weak_source_full_20260511T150913Z/doi__10.1002_adfm.201606623",
      "paper_id": "doi__10.1002_adfm.201606623",
      "pdf_file_count": 1,
      "xml_file_count": 0
    },
    {
      "analysis_status": "analysis_blocked_until_material_handoff",
      "error_count": 0,
      "locator_count": 14,
      "material_status": "material_extracted_with_gaps",
      "open_rework_ticket_count": 1,
      "packet_root": "source_recovery_packets/weak_source_full_20260511T150913Z/doi__10.1002_bip.22925",
      "paper_id": "doi__10.1002_bip.22925",
      "pdf_file_count": 1,
      "xml_file_count": 0
    },
    {
      "analysis_status": "analysis_blocked_until_material_handoff",
      "error_count": 0,
      "locator_count": 83,
      "material_status": "material_extracted_with_gaps",
      "open_rework_ticket_count": 1,
      "packet_root": "source_recovery_packets/weak_source_full_20260511T150913Z/doi__10.1002_cbic.202400586",
      "paper_id": "doi__10.1002_cbic.202400586",
      "pdf_file_count": 2,
      "xml_file_count": 1
    },
    {
      "analysis_status": "analysis_blocked_until_material_handoff",
      "error_count": 0,
      "locator_count": 16,
      "material_status": "material_extracted_with_gaps",
      "open_rework_ticket_count": 1,
      "packet_root": "source_recovery_packets/weak_source_full_20260511T150913Z/doi__10.1002_chem.201801423",
      "paper_id": "doi__10.1002_chem.201801423",
      "pdf_file_count": 1,
      "xml_file_count": 0
    },
    {
      "analysis_status": "analysis_blocked_until_material_handoff",
      "error_count": 0,
      "locator_count": 11,
      "material_status": "material_extracted_with_gaps",
      "open_rework_ticket_count": 1,
      "packet_root": "source_recovery_packets/weak_source_full_20260511T150913Z/doi__10.1002_cmdc.201800289",
      "paper_id": "doi__10.1002_cmdc.201800289",
      "pdf_file_count": 1,
      "xml_file_count": 0
    },
    {
      "analysis_status": "analysis_blocked_until_material_handoff",
      "error_count": 0,
      "locator_count": 1,
      "material_status": "material_extracted_with_gaps",
      "open_rework_ticket_count": 1,
      "packet_root": "source_recovery_packets/weak_source_full_20260511T150913Z/doi__10.1002_hep.25685",
      "paper_id": "doi__10.1002_hep.25685",
      "pdf_file_count": 1,
      "xml_file_count": 0
    },
    {
      "analysis_status": "analysis_blocked_until_material_handoff",
      "error_count": 0,
      "locator_count": 6,
      "material_status": "material_extracted_with_gaps",
      "open_rework_ticket_count": 1,
      "packet_root": "source_recovery_packets/weak_source_full_20260511T150913Z/doi__10.1002_j.1460-2075.1983.tb01465.x",
      "paper_id": "doi__10.1002_j.1460-2075.1983.tb01465.x",
      "pdf_file_count": 1,
      "xml_file_count": 0
    },
    {
      "analysis_status": "analysis_blocked_until_material_handoff",
      "error_count": 0,
      "locator_count": 5,
      "material_status": "material_extracted_with_gaps",
      "open_rework_ticket_count": 1,
      "packet_root": "source_recovery_packets/weak_source_full_20260511T150913Z/doi__10.1002_j.1460-2075.1983.tb01561.x",
      "paper_id": "doi__10.1002_j.1460-2075.1983.tb01561.x",
      "pdf_file_count": 1,
      "xml_file_count": 0
    },
    {
      "analysis_status": "analysis_blocked_until_material_handoff",
      "error_count": 1,
      "locator_count": 0,
      "material_status": "material_extracted_with_gaps",
      "open_rework_ticket_count": 1,
      "packet_root": "source_recovery_packets/weak_source_full_20260511T150913Z/doi__10.1002_j.1460-2075.1988.tb02980.x",
      "paper_id": "doi__10.1002_j.1460-2075.1988.tb02980.x",
      "pdf_file_count": 1,
      "xml_file_count": 0
    },
    {
      "analysis_status": "analysis_blocked_until_material_handoff",
      "error_count": 0,
      "locator_count": 5,
      "material_status": "material_extracted_with_gaps",
      "open_rework_ticket_count": 1,
      "packet_root": "source_recovery_packets/weak_source_full_20260511T150913Z/doi__10.1002_j.1460-2075.1989.tb08368.x",
      "paper_id": "doi__10.1002_j.1460-2075.1989.tb08368.x",
      "pdf_file_count": 1,
      "xml_file_count": 0
    },
    {
      "analysis_status": "analysis_blocked_until_material_handoff",
      "error_count": 1,
      "locator_count": 0,
      "material_status": "material_extracted_with_gaps",
      "open_rework_ticket_count": 1,
      "packet_root": "source_recovery_packets/weak_source_full_20260511T150913Z/doi__10.1002_j.1460-2075.1990.tb07606.x",
      "paper_id": "doi__10.1002_j.1460-2075.1990.tb07606.x",
      "pdf_file_count": 1,
      "xml_file_count": 0
    },
    {
      "analysis_status": "analysis_blocked_until_material_handoff",
      "error_count": 1,
      "locator_count": 0,
      "material_status": "material_extracted_with_gaps",
      "open_rework_ticket_count": 1,
      "packet_root": "source_recovery_packets/weak_source_full_20260511T150913Z/doi__10.1002_j.1460-2075.1990.tb08098.x",
      "paper_id": "doi__10.1002_j.1460-2075.1990.tb08098.x",
      "pdf_file_count": 1,
      "xml_file_count": 0
    },
    {
      "analysis_status": "analysis_blocked_until_material_handoff",
      "error_count": 0,
      "locator_count": 7,
      "material_status": "material_extracted_with_gaps",
      "open_rework_ticket_count": 1,
      "packet_root": "source_recovery_packets/weak_source_full_20260511T150913Z/doi__10.1002_j.1460-2075.1991.tb07932.x",
      "paper_id": "doi__10.1002_j.1460-2075.1991.tb07932.x",
      "pdf_file_count": 1,
      "xml_file_count": 0
    },
    {
      "analysis_status": "analysis_blocked_until_material_handoff",
      "error_count": 0,
      "locator_count": 10,
      "material_status": "material_extracted_with_gaps",
      "open_rework_ticket_count": 1,
      "packet_root": "source_recovery_packets/weak_source_full_20260511T150913Z/doi__10.1002_j.1460-2075.1991.tb07969.x",
      "paper_id": "doi__10.1002_j.1460-2075.1991.tb07969.x",
      "pdf_file_count": 1,
      "xml_file_count": 0
    },
    {
      "analysis_status": "analysis_blocked_until_material_handoff",
      "error_count": 0,
      "locator_count": 4,
      "material_status": "material_extracted_with_gaps",
      "open_rework_ticket_count": 1,
      "packet_root": "source_recovery_packets/weak_source_full_20260511T150913Z/doi__10.1002_j.1460-2075.1993.tb06172.x",
      "paper_id": "doi__10.1002_j.1460-2075.1993.tb06172.x",
      "pdf_file_count": 1,
      "xml_file_count": 0
    },
    {
      "analysis_status": "analysis_blocked_until_material_handoff",
      "error_count": 1,
      "locator_count": 0,
      "material_status": "material_extracted_with_gaps",
      "open_rework_ticket_count": 1,
      "packet_root": "source_recovery_packets/weak_source_full_20260511T150913Z/doi__10.1002_j.1460-2075.1995.tb07150.x",
      "paper_id": "doi__10.1002_j.1460-2075.1995.tb07150.x",
      "pdf_file_count": 1,
      "xml_file_count": 0
    },
    {
      "analysis_status": "analysis_blocked_until_material_handoff",
      "error_count": 0,
      "locator_count": 35,
      "material_status": "material_extracted_with_gaps",
      "open_rework_ticket_count": 1,
      "packet_root": "source_recovery_packets/weak_source_full_20260511T150913Z/doi__10.1002_mnfr.200900122",
      "paper_id": "doi__10.1002_mnfr.200900122",
      "pdf_file_count": 1,
      "xml_file_count": 0
    },
    {
      "analysis_status": "analysis_blocked_until_material_handoff",
      "error_count": 0,
      "locator_count": 274,
      "material_status": "material_extracted_with_gaps",
      "open_rework_ticket_count": 1,
      "packet_root": "source_recovery_packets/weak_source_full_20260511T150913Z/doi__10.1002_pro.70083",
      "paper_id": "doi__10.1002_pro.70083",
      "pdf_file_count": 0,
      "xml_file_count": 2
    },
    {
      "analysis_status": "analysis_blocked_until_material_handoff",
      "error_count": 0,
      "locator_count": 2,
      "material_status": "material_extracted_with_gaps",
      "open_rework_ticket_count": 1,
      "packet_root": "source_recovery_packets/weak_source_full_20260511T150913Z/doi__10.1007_978-94-009-0775-1_6",
      "paper_id": "doi__10.1007_978-94-009-0775-1_6",
      "pdf_file_count": 1,
      "xml_file_count": 0
    },
    {
      "analysis_status": "analysis_blocked_until_material_handoff",
      "error_count": 0,
      "locator_count": 7,
      "material_status": "material_extracted_with_gaps",
      "open_rework_ticket_count": 1,
      "packet_root": "source_recovery_packets/weak_source_full_20260511T150913Z/doi__10.1007_bf02173216",
      "paper_id": "doi__10.1007_bf02173216",
      "pdf_file_count": 1,
      "xml_file_count": 0
    },
    {
      "analysis_status": "analysis_blocked_until_material_handoff",
      "error_count": 0,
      "locator_count": 12,
      "material_status": "material_extracted_with_gaps",
      "open_rework_ticket_count": 1,
      "packet_root": "source_recovery_packets/weak_source_full_20260511T150913Z/doi__10.1007_pl00000764",
      "paper_id": "doi__10.1007_pl00000764",
      "pdf_file_count": 1,
      "xml_file_count": 0
    },
    {
      "analysis_status": "analysis_blocked_until_material_handoff",
      "error_count": 0,
      "locator_count": 0,
      "material_status": "material_blocked_missing_source",
      "open_rework_ticket_count": 2,
      "packet_root": "source_recovery_packets/weak_source_full_20260511T150913Z/doi__10.1007_s00018-008-8573-5",
      "paper_id": "doi__10.1007_s00018-008-8573-5",
      "pdf_file_count": 0,
      "xml_file_count": 0
    },
    {
      "analysis_status": "analysis_blocked_until_material_handoff",
      "error_count": 0,
      "locator_count": 9,
      "material_status": "material_extracted_with_gaps",
      "open_rework_ticket_count": 1,
      "packet_root": "source_recovery_packets/weak_source_full_20260511T150913Z/doi__10.1007_s00018-013-1517-8",
      "paper_id": "doi__10.1007_s00018-013-1517-8",
      "pdf_file_count": 1,
      "xml_file_count": 0
    },
    {
      "analysis_status": "analysis_blocked_until_material_handoff",
      "error_count": 0,
      "locator_count": 46,
      "material_status": "material_extracted_with_gaps",
      "open_rework_ticket_count": 1,
      "packet_root": "source_recovery_packets/weak_source_full_20260511T150913Z/doi__10.1007_s00018-021-04041-z",
      "paper_id": "doi__10.1007_s00018-021-04041-z",
      "pdf_file_count": 1,
      "xml_file_count": 0
    },
    {
      "analysis_status": "analysis_blocked_until_material_handoff",
      "error_count": 0,
      "locator_count": 20,
      "material_status": "material_extracted_with_gaps",
      "open_rework_ticket_count": 1,
      "packet_root": "source_recovery_packets/weak_source_full_20260511T150913Z/doi__10.1007_s00253-003-1424-2",
      "paper_id": "doi__10.1007_s00253-003-1424-2",
      "pdf_file_count": 2,
      "xml_file_count": 0
    },
    {
      "analysis_status": "analysis_blocked_until_material_handoff",
      "error_count": 0,
      "locator_count": 2,
      "material_status": "material_extracted_with_gaps",
      "open_rework_ticket_count": 1,
      "packet_root": "source_recovery_packets/weak_source_full_20260511T150913Z/doi__10.1007_s00253-012-4148-3",
      "paper_id": "doi__10.1007_s00253-012-4148-3",
      "pdf_file_count": 1,
      "xml_file_count": 0
    },
    {
      "analysis_status": "analysis_blocked_until_material_handoff",
      "error_count": 0,
      "locator_count": 5,
      "material_status": "material_extracted_with_gaps",
      "open_rework_ticket_count": 1,
      "packet_root": "source_recovery_packets/weak_source_full_20260511T150913Z/doi__10.1007_s00253-012-4149-2",
      "paper_id": "doi__10.1007_s00253-012-4149-2",
      "pdf_file_count": 1,
      "xml_file_count": 0
    },
    {
      "analysis_status": "analysis_blocked_until_material_handoff",
      "error_count": 0,
      "locator_count": 4,
      "material_status": "material_extracted_with_gaps",
      "open_rework_ticket_count": 1,
      "packet_root": "source_recovery_packets/weak_source_full_20260511T150913Z/doi__10.1007_s00253-012-4588-9",
      "paper_id": "doi__10.1007_s00253-012-4588-9",
      "pdf_file_count": 1,
      "xml_file_count": 0
    },
    {
      "analysis_status": "analysis_blocked_until_material_handoff",
      "error_count": 0,
      "locator_count": 3,
      "material_status": "material_extracted_with_gaps",
      "open_rework_ticket_count": 1,
      "packet_root": "source_recovery_packets/weak_source_full_20260511T150913Z/doi__10.1007_s00253-014-5927-9",
      "paper_id": "doi__10.1007_s00253-014-5927-9",
      "pdf_file_count": 1,
      "xml_file_count": 0
    },
    {
      "analysis_status": "analysis_blocked_until_material_handoff",
      "error_count": 0,
      "locator_count": 9,
      "material_status": "material_extracted_with_gaps",
      "open_rework_ticket_count": 1,
      "packet_root": "source_recovery_packets/weak_source_full_20260511T150913Z/doi__10.1007_s00253-017-8466-3",
      "paper_id": "doi__10.1007_s00253-017-8466-3",
      "pdf_file_count": 1,
      "xml_file_count": 0
    },
    {
      "analysis_status": "analysis_blocked_until_material_handoff",
      "error_count": 0,
      "locator_count": 11,
      "material_status": "material_extracted_with_gaps",
      "open_rework_ticket_count": 1,
      "packet_root": "source_recovery_packets/weak_source_full_20260511T150913Z/doi__10.1007_s00253-017-8696-4",
      "paper_id": "doi__10.1007_s00253-017-8696-4",
      "pdf_file_count": 1,
      "xml_file_count": 0
    },
    {
      "analysis_status": "analysis_blocked_until_material_handoff",
      "error_count": 0,
      "locator_count": 3,
      "material_status": "material_extracted_with_gaps",
      "open_rework_ticket_count": 1,
      "packet_root": "source_recovery_packets/weak_source_full_20260511T150913Z/doi__10.1007_s00253-018-09592-z",
      "paper_id": "doi__10.1007_s00253-018-09592-z",
      "pdf_file_count": 1,
      "xml_file_count": 0
    },
    {
      "analysis_status": "analysis_blocked_until_material_handoff",
      "error_count": 0,
      "locator_count": 8,
      "material_status": "material_extracted_with_gaps",
      "open_rework_ticket_count": 1,
      "packet_root": "source_recovery_packets/weak_source_full_20260511T150913Z/doi__10.1007_s00253-018-09593-y",
      "paper_id": "doi__10.1007_s00253-018-09593-y",
      "pdf_file_count": 1,
      "xml_file_count": 0
    },
    {
      "analysis_status": "analysis_blocked_until_material_handoff",
      "error_count": 0,
      "locator_count": 4,
      "material_status": "material_extracted_with_gaps",
      "open_rework_ticket_count": 1,
      "packet_root": "source_recovery_packets/weak_source_full_20260511T150913Z/doi__10.1007_s00253-018-9561-9",
      "paper_id": "doi__10.1007_s00253-018-9561-9",
      "pdf_file_count": 1,
      "xml_file_count": 0
    },
    {
      "analysis_status": "analysis_blocked_until_material_handoff",
      "error_count": 0,
      "locator_count": 8,
      "material_status": "material_extracted_with_gaps",
      "open_rework_ticket_count": 1,
      "packet_root": "source_recovery_packets/weak_source_full_20260511T150913Z/doi__10.1007_s00253-019-09785-0",
      "paper_id": "doi__10.1007_s00253-019-09785-0",
      "pdf_file_count": 1,
      "xml_file_count": 0
    },
    {
      "analysis_status": "analysis_blocked_until_material_handoff",
      "error_count": 0,
      "locator_count": 26,
      "material_status": "material_extracted_with_gaps",
      "open_rework_ticket_count": 1,
      "packet_root": "source_recovery_packets/weak_source_full_20260511T150913Z/doi__10.1007_s00253-021-11226-w",
      "paper_id": "doi__10.1007_s00253-021-11226-w",
      "pdf_file_count": 1,
      "xml_file_count": 0
    },
    {
      "analysis_status": "analysis_blocked_until_material_handoff",
      "error_count": 0,
      "locator_count": 3,
      "material_status": "material_extracted_with_gaps",
      "open_rework_ticket_count": 1,
      "packet_root": "source_recovery_packets/weak_source_full_20260511T150913Z/doi__10.1007_s00253-021-11500-x",
      "paper_id": "doi__10.1007_s00253-021-11500-x",
      "pdf_file_count": 1,
      "xml_file_count": 0
    },
    {
      "analysis_status": "analysis_blocked_until_material_handoff",
      "error_count": 0,
      "locator_count": 7,
      "material_status": "material_extracted_with_gaps",
      "open_rework_ticket_count": 1,
      "packet_root": "source_recovery_packets/weak_source_full_20260511T150913Z/doi__10.1007_s00253-021-11503-8",
      "paper_id": "doi__10.1007_s00253-021-11503-8",
      "pdf_file_count": 1,
      "xml_file_count": 0
    },
    {
      "analysis_status": "analysis_blocked_until_material_handoff",
      "error_count": 0,
      "locator_count": 0,
      "material_status": "material_extracted_with_gaps",
      "open_rework_ticket_count": 1,
      "packet_root": "source_recovery_packets/weak_source_full_20260511T150913Z/doi__10.1007_s00262-011-1113-4",
      "paper_id": "doi__10.1007_s00262-011-1113-4",
      "pdf_file_count": 1,
      "xml_file_count": 0
    },
    {
      "analysis_status": "analysis_blocked_until_material_handoff",
      "error_count": 0,
      "locator_count": 5,
      "material_status": "material_extracted_with_gaps",
      "open_rework_ticket_count": 1,
      "packet_root": "source_recovery_packets/weak_source_full_20260511T150913Z/doi__10.1007_s00284-025-04407-7",
      "paper_id": "doi__10.1007_s00284-025-04407-7",
      "pdf_file_count": 1,
      "xml_file_count": 0
    },
    {
      "analysis_status": "analysis_blocked_until_material_handoff",
      "error_count": 0,
      "locator_count": 1,
      "material_status": "material_extracted_with_gaps",
      "open_rework_ticket_count": 1,
      "packet_root": "source_recovery_packets/weak_source_full_20260511T150913Z/doi__10.1007_s00425-008-0796-z",
      "paper_id": "doi__10.1007_s00425-008-0796-z",
      "pdf_file_count": 1,
      "xml_file_count": 0
    },
    {
      "analysis_status": "analysis_blocked_until_material_handoff",
      "error_count": 0,
      "locator_count": 84,
      "material_status": "material_extracted_with_gaps",
      "open_rework_ticket_count": 1,
      "packet_root": "source_recovery_packets/weak_source_full_20260511T150913Z/doi__10.1007_s00430-019-00624-7",
      "paper_id": "doi__10.1007_s00430-019-00624-7",
      "pdf_file_count": 1,
      "xml_file_count": 0
    },
    {
      "analysis_status": "analysis_blocked_until_material_handoff",
      "error_count": 0,
      "locator_count": 10,
      "material_status": "material_extracted_with_gaps",
      "open_rework_ticket_count": 1,
      "packet_root": "source_recovery_packets/weak_source_full_20260511T150913Z/doi__10.1007_s00726-009-0385-x",
      "paper_id": "doi__10.1007_s00726-009-0385-x",
      "pdf_file_count": 1,
      "xml_file_count": 0
    },
    {
      "analysis_status": "analysis_blocked_until_material_handoff",
      "error_count": 0,
      "locator_count": 9,
      "material_status": "material_extracted_with_gaps",
      "open_rework_ticket_count": 1,
      "packet_root": "source_recovery_packets/weak_source_full_20260511T150913Z/doi__10.1007_s00726-010-0648-6",
      "paper_id": "doi__10.1007_s00726-010-0648-6",
      "pdf_file_count": 1,
      "xml_file_count": 0
    },
    {
      "analysis_status": "analysis_blocked_until_material_handoff",
      "error_count": 0,
      "locator_count": 14,
      "material_status": "material_extracted_with_gaps",
      "open_rework_ticket_count": 1,
      "packet_root": "source_recovery_packets/weak_source_full_20260511T150913Z/doi__10.1007_s00726-011-1125-6",
      "paper_id": "doi__10.1007_s00726-011-1125-6",
      "pdf_file_count": 1,
      "xml_file_count": 0
    },
    {
      "analysis_status": "analysis_blocked_until_material_handoff",
      "error_count": 0,
      "locator_count": 19,
      "material_status": "material_extracted_with_gaps",
      "open_rework_ticket_count": 1,
      "packet_root": "source_recovery_packets/weak_source_full_20260511T150913Z/doi__10.1007_s00726-012-1283-1",
      "paper_id": "doi__10.1007_s00726-012-1283-1",
      "pdf_file_count": 1,
      "xml_file_count": 0
    },
    {
      "analysis_status": "analysis_blocked_until_material_handoff",
      "error_count": 0,
      "locator_count": 28,
      "material_status": "material_extracted_with_gaps",
      "open_rework_ticket_count": 1,
      "packet_root": "source_recovery_packets/weak_source_full_20260511T150913Z/doi__10.1007_s00726-013-1482-4",
      "paper_id": "doi__10.1007_s00726-013-1482-4",
      "pdf_file_count": 1,
      "xml_file_count": 0
    },
    {
      "analysis_status": "analysis_blocked_until_material_handoff",
      "error_count": 0,
      "locator_count": 11,
      "material_status": "material_extracted_with_gaps",
      "open_rework_ticket_count": 1,
      "packet_root": "source_recovery_packets/weak_source_full_20260511T150913Z/doi__10.1007_s00726-014-1801-4",
      "paper_id": "doi__10.1007_s00726-014-1801-4",
      "pdf_file_count": 1,
      "xml_file_count": 0
    },
    {
      "analysis_status": "analysis_blocked_until_material_handoff",
      "error_count": 0,
      "locator_count": 38,
      "material_status": "material_extracted_with_gaps",
      "open_rework_ticket_count": 1,
      "packet_root": "source_recovery_packets/weak_source_full_20260511T150913Z/doi__10.1007_s00726-015-2136-5",
      "paper_id": "doi__10.1007_s00726-015-2136-5",
      "pdf_file_count": 1,
      "xml_file_count": 0
    },
    {
      "analysis_status": "analysis_blocked_until_material_handoff",
      "error_count": 0,
      "locator_count": 12,
      "material_status": "material_extracted_with_gaps",
      "open_rework_ticket_count": 1,
      "packet_root": "source_recovery_packets/weak_source_full_20260511T150913Z/doi__10.1007_s00726-016-2196-1",
      "paper_id": "doi__10.1007_s00726-016-2196-1",
      "pdf_file_count": 1,
      "xml_file_count": 0
    },
    {
      "analysis_status": "analysis_blocked_until_material_handoff",
      "error_count": 0,
      "locator_count": 1,
      "material_status": "material_extracted_with_gaps",
      "open_rework_ticket_count": 1,
      "packet_root": "source_recovery_packets/weak_source_full_20260511T150913Z/doi__10.1007_s00726-018-2607-6",
      "paper_id": "doi__10.1007_s00726-018-2607-6",
      "pdf_file_count": 1,
      "xml_file_count": 0
    },
    {
      "analysis_status": "analysis_blocked_until_material_handoff",
      "error_count": 0,
      "locator_count": 5,
      "material_status": "material_extracted_with_gaps",
      "open_rework_ticket_count": 1,
      "packet_root": "source_recovery_packets/weak_source_full_20260511T150913Z/doi__10.1007_s00726-018-2673-9",
      "paper_id": "doi__10.1007_s00726-018-2673-9",
      "pdf_file_count": 1,
      "xml_file_count": 0
    },
    {
      "analysis_status": "analysis_blocked_until_material_handoff",
      "error_count": 0,
      "locator_count": 7,
      "material_status": "material_extracted_with_gaps",
      "open_rework_ticket_count": 1,
      "packet_root": "source_recovery_packets/weak_source_full_20260511T150913Z/doi__10.1007_s00894-019-4007-6",
      "paper_id": "doi__10.1007_s00894-019-4007-6",
      "pdf_file_count": 1,
      "xml_file_count": 0
    },
    {
      "analysis_status": "analysis_blocked_until_material_handoff",
      "error_count": 0,
      "locator_count": 10,
      "material_status": "material_extracted_with_gaps",
      "open_rework_ticket_count": 1,
      "packet_root": "source_recovery_packets/weak_source_full_20260511T150913Z/doi__10.1007_s10096-008-0553-z",
      "paper_id": "doi__10.1007_s10096-008-0553-z",
      "pdf_file_count": 2,
      "xml_file_count": 0
    },
    {
      "analysis_status": "analysis_blocked_until_material_handoff",
      "error_count": 0,
      "locator_count": 20,
      "material_status": "material_extracted_with_gaps",
      "open_rework_ticket_count": 1,
      "packet_root": "source_recovery_packets/weak_source_full_20260511T150913Z/doi__10.1007_s10096-011-1188-z",
      "paper_id": "doi__10.1007_s10096-011-1188-z",
      "pdf_file_count": 1,
      "xml_file_count": 0
    },
    {
      "analysis_status": "analysis_blocked_until_material_handoff",
      "error_count": 0,
      "locator_count": 26,
      "material_status": "material_extracted_with_gaps",
      "open_rework_ticket_count": 1,
      "packet_root": "source_recovery_packets/weak_source_full_20260511T150913Z/doi__10.1007_s10989-009-9170-7",
      "paper_id": "doi__10.1007_s10989-009-9170-7",
      "pdf_file_count": 2,
      "xml_file_count": 0
    },
    {
      "analysis_status": "analysis_blocked_until_material_handoff",
      "error_count": 0,
      "locator_count": 2,
      "material_status": "material_extracted_with_gaps",
      "open_rework_ticket_count": 1,
      "packet_root": "source_recovery_packets/weak_source_full_20260511T150913Z/doi__10.1007_s10989-017-9618-0",
      "paper_id": "doi__10.1007_s10989-017-9618-0",
      "pdf_file_count": 1,
      "xml_file_count": 0
    },
    {
      "analysis_status": "analysis_blocked_until_material_handoff",
      "error_count": 0,
      "locator_count": 2,
      "material_status": "material_extracted_with_gaps",
      "open_rework_ticket_count": 1,
      "packet_root": "source_recovery_packets/weak_source_full_20260511T150913Z/doi__10.1007_s10989-019-09964-7",
      "paper_id": "doi__10.1007_s10989-019-09964-7",
      "pdf_file_count": 1,
      "xml_file_count": 0
    },
    {
      "analysis_status": "analysis_blocked_until_material_handoff",
      "error_count": 0,
      "locator_count": 0,
      "material_status": "material_extracted_with_gaps",
      "open_rework_ticket_count": 1,
      "packet_root": "source_recovery_packets/weak_source_full_20260511T150913Z/doi__10.1007_s10989-021-10183-2",
      "paper_id": "doi__10.1007_s10989-021-10183-2",
      "pdf_file_count": 1,
      "xml_file_count": 0
    },
    {
      "analysis_status": "analysis_blocked_until_material_handoff",
      "error_count": 0,
      "locator_count": 32,
      "material_status": "material_extracted_with_gaps",
      "open_rework_ticket_count": 1,
      "packet_root": "source_recovery_packets/weak_source_full_20260511T150913Z/doi__10.1007_s11010-015-2407-1",
      "paper_id": "doi__10.1007_s11010-015-2407-1",
      "pdf_file_count": 1,
      "xml_file_count": 0
    },
    {
      "analysis_status": "analysis_blocked_until_material_handoff",
      "error_count": 0,
      "locator_count": 30,
      "material_status": "material_extracted_with_gaps",
      "open_rework_ticket_count": 1,
      "packet_root": "source_recovery_packets/weak_source_full_20260511T150913Z/doi__10.1007_s11274-016-2096-2",
      "paper_id": "doi__10.1007_s11274-016-2096-2",
      "pdf_file_count": 1,
      "xml_file_count": 0
    },
    {
      "analysis_status": "analysis_blocked_until_material_handoff",
      "error_count": 0,
      "locator_count": 2,
      "material_status": "material_extracted_with_gaps",
      "open_rework_ticket_count": 1,
      "packet_root": "source_recovery_packets/weak_source_full_20260511T150913Z/doi__10.1007_s12250-018-0068-4",
      "paper_id": "doi__10.1007_s12250-018-0068-4",
      "pdf_file_count": 1,
      "xml_file_count": 0
    },
    {
      "analysis_status": "analysis_blocked_until_material_handoff",
      "error_count": 0,
      "locator_count": 7,
      "material_status": "material_extracted_with_gaps",
      "open_rework_ticket_count": 1,
      "packet_root": "source_recovery_packets/weak_source_full_20260511T150913Z/doi__10.1007_s12539-014-0250-9",
      "paper_id": "doi__10.1007_s12539-014-0250-9",
      "pdf_file_count": 1,
      "xml_file_count": 0
    },
    {
      "analysis_status": "analysis_blocked_until_material_handoff",
      "error_count": 0,
      "locator_count": 5,
      "material_status": "material_extracted_with_gaps",
      "open_rework_ticket_count": 1,
      "packet_root": "source_recovery_packets/weak_source_full_20260511T150913Z/doi__10.1007_s12602-014-9183-1",
      "paper_id": "doi__10.1007_s12602-014-9183-1",
      "pdf_file_count": 1,
      "xml_file_count": 0
    },
    {
      "analysis_status": "analysis_blocked_until_material_handoff",
      "error_count": 0,
      "locator_count": 5,
      "material_status": "material_extracted_with_gaps",
      "open_rework_ticket_count": 1,
      "packet_root": "source_recovery_packets/weak_source_full_20260511T150913Z/doi__10.1007_s12602-021-09796-2",
      "paper_id": "doi__10.1007_s12602-021-09796-2",
      "pdf_file_count": 1,
      "xml_file_count": 0
    },
    {
      "analysis_status": "analysis_blocked_until_material_handoff",
      "error_count": 0,
      "locator_count": 2,
      "material_status": "material_extracted_with_gaps",
      "open_rework_ticket_count": 1,
      "packet_root": "source_recovery_packets/weak_source_full_20260511T150913Z/doi__10.1007_s12602-022-09907-7",
      "paper_id": "doi__10.1007_s12602-022-09907-7",
      "pdf_file_count": 1,
      "xml_file_count": 0
    },
    {
      "analysis_status": "analysis_blocked_until_material_handoff",
      "error_count": 0,
      "locator_count": 40,
      "material_status": "material_extracted_with_gaps",
      "open_rework_ticket_count": 1,
      "packet_root": "source_recovery_packets/weak_source_full_20260511T150913Z/doi__10.1007_s12602-025-10865-z",
      "paper_id": "doi__10.1007_s12602-025-10865-z",
      "pdf_file_count": 2,
      "xml_file_count": 0
    },
    {
      "analysis_status": "analysis_blocked_until_material_handoff",
      "error_count": 0,
      "locator_count": 24,
      "material_status": "material_extracted_with_gaps",
      "open_rework_ticket_count": 1,
      "packet_root": "source_recovery_packets/weak_source_full_20260511T150913Z/doi__10.1007_s12602-025-10870-2",
      "paper_id": "doi__10.1007_s12602-025-10870-2",
      "pdf_file_count": 2,
      "xml_file_count": 0
    },
    {
      "analysis_status": "analysis_blocked_until_material_handoff",
      "error_count": 0,
      "locator_count": 8,
      "material_status": "material_extracted_with_gaps",
      "open_rework_ticket_count": 1,
      "packet_root": "source_recovery_packets/weak_source_full_20260511T150913Z/doi__10.1007_s13369-020-05024-1",
      "paper_id": "doi__10.1007_s13369-020-05024-1",
      "pdf_file_count": 1,
      "xml_file_count": 0
    },
    {
      "analysis_status": "analysis_blocked_until_material_handoff",
      "error_count": 0,
      "locator_count": 12,
      "material_status": "material_extracted_with_gaps",
      "open_rework_ticket_count": 1,
      "packet_root": "source_recovery_packets/weak_source_full_20260511T150913Z/doi__10.1007_s13659-012-0016-1",
      "paper_id": "doi__10.1007_s13659-012-0016-1",
      "pdf_file_count": 2,
      "xml_file_count": 0
    },
    {
      "analysis_status": "analysis_blocked_until_material_handoff",
      "error_count": 0,
      "locator_count": 1,
      "material_status": "material_extracted_with_gaps",
      "open_rework_ticket_count": 1,
      "packet_root": "source_recovery_packets/weak_source_full_20260511T150913Z/doi__10.1016_0014-5793(93)80096-d",
      "paper_id": "doi__10.1016_0014-5793(93)80096-d",
      "pdf_file_count": 1,
      "xml_file_count": 0
    },
    {
      "analysis_status": "analysis_blocked_until_material_handoff",
      "error_count": 0,
      "locator_count": 21,
      "material_status": "material_extracted_with_gaps",
      "open_rework_ticket_count": 1,
      "packet_root": "source_recovery_packets/weak_source_full_20260511T150913Z/doi__10.1016_0022-2836(92)90465-v",
      "paper_id": "doi__10.1016_0022-2836(92)90465-v",
      "pdf_file_count": 2,
      "xml_file_count": 0
    },
    {
      "analysis_status": "analysis_blocked_until_material_handoff",
      "error_count": 0,
      "locator_count": 11,
      "material_status": "material_extracted_with_gaps",
      "open_rework_ticket_count": 1,
      "packet_root": "source_recovery_packets/weak_source_full_20260511T150913Z/doi__10.1016_0378-1119(88)90199-0",
      "paper_id": "doi__10.1016_0378-1119(88)90199-0",
      "pdf_file_count": 1,
      "xml_file_count": 0
    },
    {
      "analysis_status": "analysis_blocked_until_material_handoff",
      "error_count": 0,
      "locator_count": 9,
      "material_status": "material_extracted_with_gaps",
      "open_rework_ticket_count": 1,
      "packet_root": "source_recovery_packets/weak_source_full_20260511T150913Z/doi__10.1016_j.bbagen.2010.12.002",
      "paper_id": "doi__10.1016_j.bbagen.2010.12.002",
      "pdf_file_count": 1,
      "xml_file_count": 0
    },
    {
      "analysis_status": "analysis_blocked_until_material_handoff",
      "error_count": 0,
      "locator_count": 28,
      "material_status": "material_extracted_with_gaps",
      "open_rework_ticket_count": 1,
      "packet_root": "source_recovery_packets/weak_source_full_20260511T150913Z/doi__10.1016_j.bbagen.2013.01.026",
      "paper_id": "doi__10.1016_j.bbagen.2013.01.026",
      "pdf_file_count": 1,
      "xml_file_count": 0
    },
    {
      "analysis_status": "analysis_blocked_until_material_handoff",
      "error_count": 0,
      "locator_count": 42,
      "material_status": "material_extracted_with_gaps",
      "open_rework_ticket_count": 1,
      "packet_root": "source_recovery_packets/weak_source_full_20260511T150913Z/doi__10.1016_j.bbagen.2019.02.013",
      "paper_id": "doi__10.1016_j.bbagen.2019.02.013",
      "pdf_file_count": 2,
      "xml_file_count": 0
    },
    {
      "analysis_status": "analysis_blocked_until_material_handoff",
      "error_count": 0,
      "locator_count": 30,
      "material_status": "material_extracted_with_gaps",
      "open_rework_ticket_count": 1,
      "packet_root": "source_recovery_packets/weak_source_full_20260511T150913Z/doi__10.1016_j.bbagen.2020.129633",
      "paper_id": "doi__10.1016_j.bbagen.2020.129633",
      "pdf_file_count": 1,
      "xml_file_count": 0
    },
    {
      "analysis_status": "analysis_blocked_until_material_handoff",
      "error_count": 0,
      "locator_count": 1,
      "material_status": "material_extracted_with_gaps",
      "open_rework_ticket_count": 1,
      "packet_root": "source_recovery_packets/weak_source_full_20260511T150913Z/doi__10.1016_j.bbamem.2016.12.013",
      "paper_id": "doi__10.1016_j.bbamem.2016.12.013",
      "pdf_file_count": 1,
      "xml_file_count": 0
    },
    {
      "analysis_status": "analysis_blocked_until_material_handoff",
      "error_count": 0,
      "locator_count": 34,
      "material_status": "material_extracted_with_gaps",
      "open_rework_ticket_count": 1,
      "packet_root": "source_recovery_packets/weak_source_full_20260511T150913Z/doi__10.1016_j.bbamem.2025.184439",
      "paper_id": "doi__10.1016_j.bbamem.2025.184439",
      "pdf_file_count": 1,
      "xml_file_count": 0
    },
    {
      "analysis_status": "analysis_blocked_until_material_handoff",
      "error_count": 0,
      "locator_count": 8,
      "material_status": "material_extracted_with_gaps",
      "open_rework_ticket_count": 1,
      "packet_root": "source_recovery_packets/weak_source_full_20260511T150913Z/doi__10.1016_j.bbrc.2006.06.168",
      "paper_id": "doi__10.1016_j.bbrc.2006.06.168",
      "pdf_file_count": 1,
      "xml_file_count": 0
    },
    {
      "analysis_status": "analysis_blocked_until_material_handoff",
      "error_count": 0,
      "locator_count": 22,
      "material_status": "material_extracted_with_gaps",
      "open_rework_ticket_count": 1,
      "packet_root": "source_recovery_packets/weak_source_full_20260511T150913Z/doi__10.1016_j.bbrc.2006.12.173",
      "paper_id": "doi__10.1016_j.bbrc.2006.12.173",
      "pdf_file_count": 1,
      "xml_file_count": 0
    },
    {
      "analysis_status": "analysis_blocked_until_material_handoff",
      "error_count": 0,
      "locator_count": 23,
      "material_status": "material_extracted_with_gaps",
      "open_rework_ticket_count": 1,
      "packet_root": "source_recovery_packets/weak_source_full_20260511T150913Z/doi__10.1016_j.bbrc.2010.07.028",
      "paper_id": "doi__10.1016_j.bbrc.2010.07.028",
      "pdf_file_count": 1,
      "xml_file_count": 0
    },
    {
      "analysis_status": "analysis_blocked_until_material_handoff",
      "error_count": 0,
      "locator_count": 283,
      "material_status": "material_extracted_with_gaps",
      "open_rework_ticket_count": 1,
      "packet_root": "source_recovery_packets/weak_source_full_20260511T150913Z/doi__10.1016_j.bbrep.2022.101208",
      "paper_id": "doi__10.1016_j.bbrep.2022.101208",
      "pdf_file_count": 0,
      "xml_file_count": 2
    },
    {
      "analysis_status": "analysis_blocked_until_material_handoff",
      "error_count": 0,
      "locator_count": 5,
      "material_status": "material_extracted_with_gaps",
      "open_rework_ticket_count": 1,
      "packet_root": "source_recovery_packets/weak_source_full_20260511T150913Z/doi__10.1016_j.bmc.2009.11.009",
      "paper_id": "doi__10.1016_j.bmc.2009.11.009",
      "pdf_file_count": 1,
      "xml_file_count": 0
    },
    {
      "analysis_status": "analysis_blocked_until_material_handoff",
      "error_count": 0,
      "locator_count": 60,
      "material_status": "material_extracted_with_gaps",
      "open_rework_ticket_count": 1,
      "packet_root": "source_recovery_packets/weak_source_full_20260511T150913Z/doi__10.1016_j.bmc.2012.08.017",
      "paper_id": "doi__10.1016_j.bmc.2012.08.017",
      "pdf_file_count": 2,
      "xml_file_count": 0
    },
    {
      "analysis_status": "analysis_blocked_until_material_handoff",
      "error_count": 0,
      "locator_count": 24,
      "material_status": "material_extracted_with_gaps",
      "open_rework_ticket_count": 1,
      "packet_root": "source_recovery_packets/weak_source_full_20260511T150913Z/doi__10.1016_j.bmcl.2012.12.020",
      "paper_id": "doi__10.1016_j.bmcl.2012.12.020",
      "pdf_file_count": 2,
      "xml_file_count": 0
    },
    {
      "analysis_status": "analysis_blocked_until_material_handoff",
      "error_count": 0,
      "locator_count": 35,
      "material_status": "material_extracted_with_gaps",
      "open_rework_ticket_count": 1,
      "packet_root": "source_recovery_packets/weak_source_full_20260511T150913Z/doi__10.1016_j.bpc.2015.06.002",
      "paper_id": "doi__10.1016_j.bpc.2015.06.002",
      "pdf_file_count": 1,
      "xml_file_count": 0
    },
    {
      "analysis_status": "analysis_blocked_until_material_handoff",
      "error_count": 0,
      "locator_count": 8,
      "material_status": "material_extracted_with_gaps",
      "open_rework_ticket_count": 1,
      "packet_root": "source_recovery_packets/weak_source_full_20260511T150913Z/doi__10.1016_j.cbpa.2007.03.016",
      "paper_id": "doi__10.1016_j.cbpa.2007.03.016",
      "pdf_file_count": 1,
      "xml_file_count": 0
    },
    {
      "analysis_status": "analysis_blocked_until_material_handoff",
      "error_count": 0,
      "locator_count": 15,
      "material_status": "material_extracted_with_gaps",
      "open_rework_ticket_count": 1,
      "packet_root": "source_recovery_packets/weak_source_full_20260511T150913Z/doi__10.1016_j.cbpa.2017.02.006",
      "paper_id": "doi__10.1016_j.cbpa.2017.02.006",
      "pdf_file_count": 1,
      "xml_file_count": 0
    },
    {
      "analysis_status": "analysis_blocked_until_material_handoff",
      "error_count": 0,
      "locator_count": 9,
      "material_status": "material_extracted_with_gaps",
      "open_rework_ticket_count": 1,
      "packet_root": "source_recovery_packets/weak_source_full_20260511T150913Z/doi__10.1016_j.colsurfb.2016.02.003",
      "paper_id": "doi__10.1016_j.colsurfb.2016.02.003",
      "pdf_file_count": 1,
      "xml_file_count": 0
    },
    {
      "analysis_status": "analysis_blocked_until_material_handoff",
      "error_count": 0,
      "locator_count": 20,
      "material_status": "material_extracted_with_gaps",
      "open_rework_ticket_count": 1,
      "packet_root": "source_recovery_packets/weak_source_full_20260511T150913Z/doi__10.1016_j.dci.2006.07.006",
      "paper_id": "doi__10.1016_j.dci.2006.07.006",
      "pdf_file_count": 2,
      "xml_file_count": 0
    },
    {
      "analysis_status": "analysis_blocked_until_material_handoff",
      "error_count": 0,
      "locator_count": 44,
      "material_status": "material_extracted_with_gaps",
      "open_rework_ticket_count": 1,
      "packet_root": "source_recovery_packets/weak_source_full_20260511T150913Z/doi__10.1016_j.dci.2007.05.006",
      "paper_id": "doi__10.1016_j.dci.2007.05.006",
      "pdf_file_count": 2,
      "xml_file_count": 0
    },
    {
      "analysis_status": "analysis_blocked_until_material_handoff",
      "error_count": 0,
      "locator_count": 44,
      "material_status": "material_extracted_with_gaps",
      "open_rework_ticket_count": 1,
      "packet_root": "source_recovery_packets/weak_source_full_20260511T150913Z/doi__10.1016_j.dci.2019.02.012",
      "paper_id": "doi__10.1016_j.dci.2019.02.012",
      "pdf_file_count": 1,
      "xml_file_count": 0
    },
    {
      "analysis_status": "analysis_blocked_until_material_handoff",
      "error_count": 0,
      "locator_count": 9,
      "material_status": "material_extracted_with_gaps",
      "open_rework_ticket_count": 1,
      "packet_root": "source_recovery_packets/weak_source_full_20260511T150913Z/doi__10.1016_j.dci.2019.103574",
      "paper_id": "doi__10.1016_j.dci.2019.103574",
      "pdf_file_count": 1,
      "xml_file_count": 0
    },
    {
      "analysis_status": "analysis_blocked_until_material_handoff",
      "error_count": 0,
      "locator_count": 1,
      "material_status": "material_extracted_with_gaps",
      "open_rework_ticket_count": 1,
      "packet_root": "source_recovery_packets/weak_source_full_20260511T150913Z/doi__10.1016_j.ejmech.2022.114278",
      "paper_id": "doi__10.1016_j.ejmech.2022.114278",
      "pdf_file_count": 1,
      "xml_file_count": 0
    },
    {
      "analysis_status": "analysis_blocked_until_material_handoff",
      "error_count": 0,
      "locator_count": 37,
      "material_status": "material_extracted_with_gaps",
      "open_rework_ticket_count": 1,
      "packet_root": "source_recovery_packets/weak_source_full_20260511T150913Z/doi__10.1016_j.fsi.2016.11.004",
      "paper_id": "doi__10.1016_j.fsi.2016.11.004",
      "pdf_file_count": 1,
      "xml_file_count": 0
    },
    {
      "analysis_status": "analysis_blocked_until_material_handoff",
      "error_count": 0,
      "locator_count": 2,
      "material_status": "material_extracted_with_gaps",
      "open_rework_ticket_count": 1,
      "packet_root": "source_recovery_packets/weak_source_full_20260511T150913Z/doi__10.1016_j.fsi.2019.08.054",
      "paper_id": "doi__10.1016_j.fsi.2019.08.054",
      "pdf_file_count": 2,
      "xml_file_count": 0
    },
    {
      "analysis_status": "analysis_blocked_until_material_handoff",
      "error_count": 0,
      "locator_count": 31,
      "material_status": "material_extracted_with_gaps",
      "open_rework_ticket_count": 1,
      "packet_root": "source_recovery_packets/weak_source_full_20260511T150913Z/doi__10.1016_j.ijantimicag.2009.11.017",
      "paper_id": "doi__10.1016_j.ijantimicag.2009.11.017",
      "pdf_file_count": 1,
      "xml_file_count": 0
    },
    {
      "analysis_status": "analysis_blocked_until_material_handoff",
      "error_count": 0,
      "locator_count": 36,
      "material_status": "material_extracted_with_gaps",
      "open_rework_ticket_count": 1,
      "packet_root": "source_recovery_packets/weak_source_full_20260511T150913Z/doi__10.1016_j.ijantimicag.2010.08.020",
      "paper_id": "doi__10.1016_j.ijantimicag.2010.08.020",
      "pdf_file_count": 1,
      "xml_file_count": 0
    },
    {
      "analysis_status": "analysis_blocked_until_material_handoff",
      "error_count": 0,
      "locator_count": 28,
      "material_status": "material_extracted_with_gaps",
      "open_rework_ticket_count": 1,
      "packet_root": "source_recovery_packets/weak_source_full_20260511T150913Z/doi__10.1016_j.ijantimicag.2010.10.028",
      "paper_id": "doi__10.1016_j.ijantimicag.2010.10.028",
      "pdf_file_count": 1,
      "xml_file_count": 0
    },
    {
      "analysis_status": "analysis_blocked_until_material_handoff",
      "error_count": 0,
      "locator_count": 35,
      "material_status": "material_extracted_with_gaps",
      "open_rework_ticket_count": 1,
      "packet_root": "source_recovery_packets/weak_source_full_20260511T150913Z/doi__10.1016_j.ijantimicag.2019.05.019",
      "paper_id": "doi__10.1016_j.ijantimicag.2019.05.019",
      "pdf_file_count": 1,
      "xml_file_count": 0
    },
    {
      "analysis_status": "analysis_blocked_until_material_handoff",
      "error_count": 0,
      "locator_count": 8,
      "material_status": "material_extracted_with_gaps",
      "open_rework_ticket_count": 1,
      "packet_root": "source_recovery_packets/weak_source_full_20260511T150913Z/doi__10.1016_j.jasms.2005.11.017",
      "paper_id": "doi__10.1016_j.jasms.2005.11.017",
      "pdf_file_count": 1,
      "xml_file_count": 0
    },
    {
      "analysis_status": "analysis_blocked_until_material_handoff",
      "error_count": 0,
      "locator_count": 15,
      "material_status": "material_extracted_with_gaps",
      "open_rework_ticket_count": 1,
      "packet_root": "source_recovery_packets/weak_source_full_20260511T150913Z/doi__10.1016_j.jmb.2021.167225",
      "paper_id": "doi__10.1016_j.jmb.2021.167225",
      "pdf_file_count": 1,
      "xml_file_count": 0
    },
    {
      "analysis_status": "analysis_blocked_until_material_handoff",
      "error_count": 0,
      "locator_count": 44,
      "material_status": "material_extracted_with_gaps",
      "open_rework_ticket_count": 1,
      "packet_root": "source_recovery_packets/weak_source_full_20260511T150913Z/doi__10.1016_j.molimm.2008.07.021",
      "paper_id": "doi__10.1016_j.molimm.2008.07.021",
      "pdf_file_count": 2,
      "xml_file_count": 0
    },
    {
      "analysis_status": "analysis_blocked_until_material_handoff",
      "error_count": 0,
      "locator_count": 12,
      "material_status": "material_extracted_with_gaps",
      "open_rework_ticket_count": 1,
      "packet_root": "source_recovery_packets/weak_source_full_20260511T150913Z/doi__10.1016_j.peptides.2008.06.022",
      "paper_id": "doi__10.1016_j.peptides.2008.06.022",
      "pdf_file_count": 1,
      "xml_file_count": 0
    },
    {
      "analysis_status": "analysis_blocked_until_material_handoff",
      "error_count": 0,
      "locator_count": 8,
      "material_status": "material_extracted_with_gaps",
      "open_rework_ticket_count": 1,
      "packet_root": "source_recovery_packets/weak_source_full_20260511T150913Z/doi__10.1016_j.peptides.2016.03.006",
      "paper_id": "doi__10.1016_j.peptides.2016.03.006",
      "pdf_file_count": 1,
      "xml_file_count": 0
    },
    {
      "analysis_status": "analysis_blocked_until_material_handoff",
      "error_count": 0,
      "locator_count": 12,
      "material_status": "material_extracted_with_gaps",
      "open_rework_ticket_count": 1,
      "packet_root": "source_recovery_packets/weak_source_full_20260511T150913Z/doi__10.1016_j.peptides.2018.01.007",
      "paper_id": "doi__10.1016_j.peptides.2018.01.007",
      "pdf_file_count": 1,
      "xml_file_count": 0
    },
    {
      "analysis_status": "analysis_blocked_until_material_handoff",
      "error_count": 0,
      "locator_count": 40,
      "material_status": "material_extracted_with_gaps",
      "open_rework_ticket_count": 1,
      "packet_root": "source_recovery_packets/weak_source_full_20260511T150913Z/doi__10.1016_j.peptides.2018.12.007",
      "paper_id": "doi__10.1016_j.peptides.2018.12.007",
      "pdf_file_count": 1,
      "xml_file_count": 0
    },
    {
      "analysis_status": "analysis_blocked_until_material_handoff",
      "error_count": 0,
      "locator_count": 36,
      "material_status": "material_extracted_with_gaps",
      "open_rework_ticket_count": 1,
      "packet_root": "source_recovery_packets/weak_source_full_20260511T150913Z/doi__10.1016_j.tet.2009.03.045",
      "paper_id": "doi__10.1016_j.tet.2009.03.045",
      "pdf_file_count": 1,
      "xml_file_count": 0
    },
    {
      "analysis_status": "analysis_blocked_until_material_handoff",
      "error_count": 0,
      "locator_count": 6,
      "material_status": "material_extracted_with_gaps",
      "open_rework_ticket_count": 1,
      "packet_root": "source_recovery_packets/weak_source_full_20260511T150913Z/doi__10.1016_j.toxicon.2007.04.027",
      "paper_id": "doi__10.1016_j.toxicon.2007.04.027",
      "pdf_file_count": 1,
      "xml_file_count": 0
    },
    {
      "analysis_status": "analysis_blocked_until_material_handoff",
      "error_count": 0,
      "locator_count": 18,
      "material_status": "material_extracted_with_gaps",
      "open_rework_ticket_count": 1,
      "packet_root": "source_recovery_packets/weak_source_full_20260511T150913Z/doi__10.1016_j.toxicon.2010.09.010",
      "paper_id": "doi__10.1016_j.toxicon.2010.09.010",
      "pdf_file_count": 1,
      "xml_file_count": 0
    },
    {
      "analysis_status": "analysis_blocked_until_material_handoff",
      "error_count": 0,
      "locator_count": 272,
      "material_status": "material_extracted_with_gaps",
      "open_rework_ticket_count": 1,
      "packet_root": "source_recovery_packets/weak_source_full_20260511T150913Z/doi__10.1016_j.tube.2018.10.008",
      "paper_id": "doi__10.1016_j.tube.2018.10.008",
      "pdf_file_count": 0,
      "xml_file_count": 2
    },
    {
      "analysis_status": "analysis_blocked_until_material_handoff",
      "error_count": 0,
      "locator_count": 101,
      "material_status": "material_extracted_with_gaps",
      "open_rework_ticket_count": 1,
      "packet_root": "source_recovery_packets/weak_source_full_20260511T150913Z/doi__10.1016_j.virusres.2014.03.010",
      "paper_id": "doi__10.1016_j.virusres.2014.03.010",
      "pdf_file_count": 0,
      "xml_file_count": 1
    },
    {
      "analysis_status": "analysis_blocked_until_material_handoff",
      "error_count": 0,
      "locator_count": 12,
      "material_status": "material_extracted_with_gaps",
      "open_rework_ticket_count": 1,
      "packet_root": "source_recovery_packets/weak_source_full_20260511T150913Z/doi__10.1016_s0041-0101(98)00226-8",
      "paper_id": "doi__10.1016_s0041-0101(98)00226-8",
      "pdf_file_count": 1,
      "xml_file_count": 0
    },
    {
      "analysis_status": "analysis_blocked_until_material_handoff",
      "error_count": 0,
      "locator_count": 12,
      "material_status": "material_extracted_with_gaps",
      "open_rework_ticket_count": 1,
      "packet_root": "source_recovery_packets/weak_source_full_20260511T150913Z/doi__10.1017_s0031182017001846",
      "paper_id": "doi__10.1017_s0031182017001846",
      "pdf_file_count": 2,
      "xml_file_count": 0
    },
    {
      "analysis_status": "analysis_blocked_until_material_handoff",
      "error_count": 0,
      "locator_count": 305,
      "material_status": "material_extracted_with_gaps",
      "open_rework_ticket_count": 1,
      "packet_root": "source_recovery_packets/weak_source_full_20260511T150913Z/doi__10.1021_acs.biomac.3c00218",
      "paper_id": "doi__10.1021_acs.biomac.3c00218",
      "pdf_file_count": 0,
      "xml_file_count": 2
    },
    {
      "analysis_status": "analysis_blocked_until_material_handoff",
      "error_count": 0,
      "locator_count": 46,
      "material_status": "material_extracted_with_gaps",
      "open_rework_ticket_count": 1,
      "packet_root": "source_recovery_packets/weak_source_full_20260511T150913Z/doi__10.1021_acs.jmedchem.0c00665",
      "paper_id": "doi__10.1021_acs.jmedchem.0c00665",
      "pdf_file_count": 1,
      "xml_file_count": 0
    },
    {
      "analysis_status": "analysis_blocked_until_material_handoff",
      "error_count": 0,
      "locator_count": 13,
      "material_status": "material_extracted_with_gaps",
      "open_rework_ticket_count": 1,
      "packet_root": "source_recovery_packets/weak_source_full_20260511T150913Z/doi__10.1021_acs.jmedchem.7b01831",
      "paper_id": "doi__10.1021_acs.jmedchem.7b01831",
      "pdf_file_count": 1,
      "xml_file_count": 0
    },
    {
      "analysis_status": "analysis_blocked_until_material_handoff",
      "error_count": 0,
      "locator_count": 198,
      "material_status": "material_extracted_with_gaps",
      "open_rework_ticket_count": 1,
      "packet_root": "source_recovery_packets/weak_source_full_20260511T150913Z/doi__10.1021_acs.jnatprod.4c00170",
      "paper_id": "doi__10.1021_acs.jnatprod.4c00170",
      "pdf_file_count": 0,
      "xml_file_count": 2
    },
    {
      "analysis_status": "analysis_blocked_until_material_handoff",
      "error_count": 0,
      "locator_count": 252,
      "material_status": "material_extracted_with_gaps",
      "open_rework_ticket_count": 1,
      "packet_root": "source_recovery_packets/weak_source_full_20260511T150913Z/doi__10.1021_acs.jnatprod.5c01216",
      "paper_id": "doi__10.1021_acs.jnatprod.5c01216",
      "pdf_file_count": 0,
      "xml_file_count": 2
    },
    {
      "analysis_status": "analysis_blocked_until_material_handoff",
      "error_count": 1,
      "locator_count": 0,
      "material_status": "material_extracted_with_gaps",
      "open_rework_ticket_count": 1,
      "packet_root": "source_recovery_packets/weak_source_full_20260511T150913Z/doi__10.1021_acs.jnatprod.7b00780",
      "paper_id": "doi__10.1021_acs.jnatprod.7b00780",
      "pdf_file_count": 1,
      "xml_file_count": 0
    },
    {
      "analysis_status": "analysis_blocked_until_material_handoff",
      "error_count": 0,
      "locator_count": 44,
      "material_status": "material_extracted_with_gaps",
      "open_rework_ticket_count": 1,
      "packet_root": "source_recovery_packets/weak_source_full_20260511T150913Z/doi__10.1021_acs.joc.5b01878",
      "paper_id": "doi__10.1021_acs.joc.5b01878",
      "pdf_file_count": 5,
      "xml_file_count": 0
    },
    {
      "analysis_status": "analysis_blocked_until_material_handoff",
      "error_count": 0,
      "locator_count": 27,
      "material_status": "material_extracted_with_gaps",
      "open_rework_ticket_count": 1,
      "packet_root": "source_recovery_packets/weak_source_full_20260511T150913Z/doi__10.1021_acs.langmuir.6b03477",
      "paper_id": "doi__10.1021_acs.langmuir.6b03477",
      "pdf_file_count": 3,
      "xml_file_count": 0
    },
    {
      "analysis_status": "analysis_blocked_until_material_handoff",
      "error_count": 0,
      "locator_count": 8,
      "material_status": "material_extracted_with_gaps",
      "open_rework_ticket_count": 1,
      "packet_root": "source_recovery_packets/weak_source_full_20260511T150913Z/doi__10.1021_acs.molpharmaceut.5b00113",
      "paper_id": "doi__10.1021_acs.molpharmaceut.5b00113",
      "pdf_file_count": 1,
      "xml_file_count": 0
    },
    {
      "analysis_status": "analysis_blocked_until_material_handoff",
      "error_count": 0,
      "locator_count": 46,
      "material_status": "material_extracted_with_gaps",
      "open_rework_ticket_count": 1,
      "packet_root": "source_recovery_packets/weak_source_full_20260511T150913Z/doi__10.1021_acschembio.9b00593",
      "paper_id": "doi__10.1021_acschembio.9b00593",
      "pdf_file_count": 1,
      "xml_file_count": 0
    },
    {
      "analysis_status": "analysis_blocked_until_material_handoff",
      "error_count": 0,
      "locator_count": 324,
      "material_status": "material_extracted_with_gaps",
      "open_rework_ticket_count": 1,
      "packet_root": "source_recovery_packets/weak_source_full_20260511T150913Z/doi__10.1021_acsomega.4c09593",
      "paper_id": "doi__10.1021_acsomega.4c09593",
      "pdf_file_count": 0,
      "xml_file_count": 2
    },
    {
      "analysis_status": "analysis_blocked_until_material_handoff",
      "error_count": 0,
      "locator_count": 125,
      "material_status": "material_extracted_with_gaps",
      "open_rework_ticket_count": 1,
      "packet_root": "source_recovery_packets/weak_source_full_20260511T150913Z/doi__10.1021_acsomega.6b00354",
      "paper_id": "doi__10.1021_acsomega.6b00354",
      "pdf_file_count": 0,
      "xml_file_count": 2
    },
    {
      "analysis_status": "analysis_blocked_until_material_handoff",
      "error_count": 0,
      "locator_count": 8,
      "material_status": "material_extracted_with_gaps",
      "open_rework_ticket_count": 1,
      "packet_root": "source_recovery_packets/weak_source_full_20260511T150913Z/doi__10.1021_bi035400o",
      "paper_id": "doi__10.1021_bi035400o",
      "pdf_file_count": 1,
      "xml_file_count": 0
    },
    {
      "analysis_status": "analysis_blocked_until_material_handoff",
      "error_count": 0,
      "locator_count": 11,
      "material_status": "material_extracted_with_gaps",
      "open_rework_ticket_count": 1,
      "packet_root": "source_recovery_packets/weak_source_full_20260511T150913Z/doi__10.1021_bi047608v",
      "paper_id": "doi__10.1021_bi047608v",
      "pdf_file_count": 1,
      "xml_file_count": 0
    },
    {
      "analysis_status": "analysis_blocked_until_material_handoff",
      "error_count": 1,
      "locator_count": 0,
      "material_status": "material_extracted_with_gaps",
      "open_rework_ticket_count": 1,
      "packet_root": "source_recovery_packets/weak_source_full_20260511T150913Z/doi__10.1021_jacs.2c12971",
      "paper_id": "doi__10.1021_jacs.2c12971",
      "pdf_file_count": 1,
      "xml_file_count": 0
    },
    {
      "analysis_status": "analysis_blocked_until_material_handoff",
      "error_count": 1,
      "locator_count": 0,
      "material_status": "material_extracted_with_gaps",
      "open_rework_ticket_count": 1,
      "packet_root": "source_recovery_packets/weak_source_full_20260511T150913Z/doi__10.1021_jacs.8b11939",
      "paper_id": "doi__10.1021_jacs.8b11939",
      "pdf_file_count": 1,
      "xml_file_count": 0
    },
    {
      "analysis_status": "analysis_blocked_until_material_handoff",
      "error_count": 0,
      "locator_count": 10,
      "material_status": "material_extracted_with_gaps",
      "open_rework_ticket_count": 1,
      "packet_root": "source_recovery_packets/weak_source_full_20260511T150913Z/doi__10.1021_jm501367p",
      "paper_id": "doi__10.1021_jm501367p",
      "pdf_file_count": 1,
      "xml_file_count": 0
    },
    {
      "analysis_status": "analysis_blocked_until_material_handoff",
      "error_count": 0,
      "locator_count": 22,
      "material_status": "material_extracted_with_gaps",
      "open_rework_ticket_count": 1,
      "packet_root": "source_recovery_packets/weak_source_full_20260511T150913Z/doi__10.1021_mp3007117",
      "paper_id": "doi__10.1021_mp3007117",
      "pdf_file_count": 1,
      "xml_file_count": 0
    },
    {
      "analysis_status": "analysis_blocked_until_material_handoff",
      "error_count": 0,
      "locator_count": 143,
      "material_status": "material_extracted_with_gaps",
      "open_rework_ticket_count": 1,
      "packet_root": "source_recovery_packets/weak_source_full_20260511T150913Z/doi__10.1021_np100613p",
      "paper_id": "doi__10.1021_np100613p",
      "pdf_file_count": 1,
      "xml_file_count": 0
    },
    {
      "analysis_status": "analysis_blocked_until_material_handoff",
      "error_count": 0,
      "locator_count": 11,
      "material_status": "material_extracted_with_gaps",
      "open_rework_ticket_count": 1,
      "packet_root": "source_recovery_packets/weak_source_full_20260511T150913Z/doi__10.1021_np4009317",
      "paper_id": "doi__10.1021_np4009317",
      "pdf_file_count": 1,
      "xml_file_count": 0
    },
    {
      "analysis_status": "analysis_blocked_until_material_handoff",
      "error_count": 0,
      "locator_count": 10,
      "material_status": "material_extracted_with_gaps",
      "open_rework_ticket_count": 1,
      "packet_root": "source_recovery_packets/weak_source_full_20260511T150913Z/doi__10.1021_np500907t",
      "paper_id": "doi__10.1021_np500907t",
      "pdf_file_count": 1,
      "xml_file_count": 0
    },
    {
      "analysis_status": "analysis_blocked_until_material_handoff",
      "error_count": 0,
      "locator_count": 158,
      "material_status": "material_extracted_with_gaps",
      "open_rework_ticket_count": 1,
      "packet_root": "source_recovery_packets/weak_source_full_20260511T150913Z/doi__10.1021_np501061t",
      "paper_id": "doi__10.1021_np501061t",
      "pdf_file_count": 0,
      "xml_file_count": 2
    },
    {
      "analysis_status": "analysis_blocked_until_material_handoff",
      "error_count": 0,
      "locator_count": 35,
      "material_status": "material_extracted_with_gaps",
      "open_rework_ticket_count": 1,
      "packet_root": "source_recovery_packets/weak_source_full_20260511T150913Z/doi__10.1023_a_1010664704926",
      "paper_id": "doi__10.1023_a_1010664704926",
      "pdf_file_count": 1,
      "xml_file_count": 0
    },
    {
      "analysis_status": "analysis_blocked_until_material_handoff",
      "error_count": 0,
      "locator_count": 26,
      "material_status": "material_extracted_with_gaps",
      "open_rework_ticket_count": 1,
      "packet_root": "source_recovery_packets/weak_source_full_20260511T150913Z/doi__10.1038_37052",
      "paper_id": "doi__10.1038_37052",
      "pdf_file_count": 2,
      "xml_file_count": 0
    },
    {
      "analysis_status": "analysis_blocked_until_material_handoff",
      "error_count": 0,
      "locator_count": 16,
      "material_status": "material_extracted_with_gaps",
      "open_rework_ticket_count": 1,
      "packet_root": "source_recovery_packets/weak_source_full_20260511T150913Z/doi__10.1038_414865a",
      "paper_id": "doi__10.1038_414865a",
      "pdf_file_count": 2,
      "xml_file_count": 0
    },
    {
      "analysis_status": "analysis_blocked_until_material_handoff",
      "error_count": 0,
      "locator_count": 9,
      "material_status": "material_extracted_with_gaps",
      "open_rework_ticket_count": 1,
      "packet_root": "source_recovery_packets/weak_source_full_20260511T150913Z/doi__10.1038_45471",
      "paper_id": "doi__10.1038_45471",
      "pdf_file_count": 1,
      "xml_file_count": 0
    },
    {
      "analysis_status": "analysis_blocked_until_material_handoff",
      "error_count": 0,
      "locator_count": 2,
      "material_status": "material_extracted_with_gaps",
      "open_rework_ticket_count": 1,
      "packet_root": "source_recovery_packets/weak_source_full_20260511T150913Z/doi__10.1038_aja.2010.93",
      "paper_id": "doi__10.1038_aja.2010.93",
      "pdf_file_count": 1,
      "xml_file_count": 0
    },
    {
      "analysis_status": "analysis_blocked_until_material_handoff",
      "error_count": 0,
      "locator_count": 32,
      "material_status": "material_extracted_with_gaps",
      "open_rework_ticket_count": 1,
      "packet_root": "source_recovery_packets/weak_source_full_20260511T150913Z/doi__10.1038_emboj.2009.146",
      "paper_id": "doi__10.1038_emboj.2009.146",
      "pdf_file_count": 2,
      "xml_file_count": 0
    },
    {
      "analysis_status": "analysis_blocked_until_material_handoff",
      "error_count": 0,
      "locator_count": 13,
      "material_status": "material_extracted_with_gaps",
      "open_rework_ticket_count": 1,
      "packet_root": "source_recovery_packets/weak_source_full_20260511T150913Z/doi__10.1038_ja.2012.19",
      "paper_id": "doi__10.1038_ja.2012.19",
      "pdf_file_count": 1,
      "xml_file_count": 0
    },
    {
      "analysis_status": "analysis_blocked_until_material_handoff",
      "error_count": 0,
      "locator_count": 1,
      "material_status": "material_extracted_with_gaps",
      "open_rework_ticket_count": 1,
      "packet_root": "source_recovery_packets/weak_source_full_20260511T150913Z/doi__10.1038_ja.2014.58",
      "paper_id": "doi__10.1038_ja.2014.58",
      "pdf_file_count": 1,
      "xml_file_count": 0
    },
    {
      "analysis_status": "analysis_blocked_until_material_handoff",
      "error_count": 0,
      "locator_count": 10,
      "material_status": "material_extracted_with_gaps",
      "open_rework_ticket_count": 1,
      "packet_root": "source_recovery_packets/weak_source_full_20260511T150913Z/doi__10.1038_ja.2016.101",
      "paper_id": "doi__10.1038_ja.2016.101",
      "pdf_file_count": 2,
      "xml_file_count": 0
    },
    {
      "analysis_status": "analysis_blocked_until_material_handoff",
      "error_count": 0,
      "locator_count": 18,
      "material_status": "material_extracted_with_gaps",
      "open_rework_ticket_count": 1,
      "packet_root": "source_recovery_packets/weak_source_full_20260511T150913Z/doi__10.1038_ja.2017.146",
      "paper_id": "doi__10.1038_ja.2017.146",
      "pdf_file_count": 1,
      "xml_file_count": 0
    },
    {
      "analysis_status": "analysis_blocked_until_material_handoff",
      "error_count": 0,
      "locator_count": 12,
      "material_status": "material_extracted_with_gaps",
      "open_rework_ticket_count": 1,
      "packet_root": "source_recovery_packets/weak_source_full_20260511T150913Z/doi__10.1038_ja.2017.23",
      "paper_id": "doi__10.1038_ja.2017.23",
      "pdf_file_count": 2,
      "xml_file_count": 0
    },
    {
      "analysis_status": "analysis_blocked_until_material_handoff",
      "error_count": 0,
      "locator_count": 12,
      "material_status": "material_extracted_with_gaps",
      "open_rework_ticket_count": 1,
      "packet_root": "source_recovery_packets/weak_source_full_20260511T150913Z/doi__10.1038_ja.2017.34",
      "paper_id": "doi__10.1038_ja.2017.34",
      "pdf_file_count": 2,
      "xml_file_count": 0
    },
    {
      "analysis_status": "analysis_blocked_until_material_handoff",
      "error_count": 0,
      "locator_count": 242,
      "material_status": "material_extracted_with_gaps",
      "open_rework_ticket_count": 1,
      "packet_root": "source_recovery_packets/weak_source_full_20260511T150913Z/doi__10.1038_jid.2012.254",
      "paper_id": "doi__10.1038_jid.2012.254",
      "pdf_file_count": 0,
      "xml_file_count": 2
    },
    {
      "analysis_status": "analysis_blocked_until_material_handoff",
      "error_count": 0,
      "locator_count": 264,
      "material_status": "material_extracted_with_gaps",
      "open_rework_ticket_count": 1,
      "packet_root": "source_recovery_packets/weak_source_full_20260511T150913Z/doi__10.1038_ki.2014.268",
      "paper_id": "doi__10.1038_ki.2014.268",
      "pdf_file_count": 0,
      "xml_file_count": 2
    },
    {
      "analysis_status": "analysis_blocked_until_material_handoff",
      "error_count": 0,
      "locator_count": 8,
      "material_status": "material_extracted_with_gaps",
      "open_rework_ticket_count": 1,
      "packet_root": "source_recovery_packets/weak_source_full_20260511T150913Z/doi__10.1038_mi.2014.41",
      "paper_id": "doi__10.1038_mi.2014.41",
      "pdf_file_count": 1,
      "xml_file_count": 0
    },
    {
      "analysis_status": "analysis_blocked_until_material_handoff",
      "error_count": 0,
      "locator_count": 12,
      "material_status": "material_extracted_with_gaps",
      "open_rework_ticket_count": 1,
      "packet_root": "source_recovery_packets/weak_source_full_20260511T150913Z/doi__10.1038_nature01597",
      "paper_id": "doi__10.1038_nature01597",
      "pdf_file_count": 2,
      "xml_file_count": 0
    },
    {
      "analysis_status": "analysis_blocked_until_material_handoff",
      "error_count": 0,
      "locator_count": 58,
      "material_status": "material_extracted_with_gaps",
      "open_rework_ticket_count": 1,
      "packet_root": "source_recovery_packets/weak_source_full_20260511T150913Z/doi__10.1038_nature02426",
      "paper_id": "doi__10.1038_nature02426",
      "pdf_file_count": 2,
      "xml_file_count": 0
    },
    {
      "analysis_status": "analysis_blocked_until_material_handoff",
      "error_count": 0,
      "locator_count": 16,
      "material_status": "material_extracted_with_gaps",
      "open_rework_ticket_count": 1,
      "packet_root": "source_recovery_packets/weak_source_full_20260511T150913Z/doi__10.1038_nature03466",
      "paper_id": "doi__10.1038_nature03466",
      "pdf_file_count": 2,
      "xml_file_count": 0
    },
    {
      "analysis_status": "analysis_blocked_until_material_handoff",
      "error_count": 0,
      "locator_count": 14,
      "material_status": "material_extracted_with_gaps",
      "open_rework_ticket_count": 1,
      "packet_root": "source_recovery_packets/weak_source_full_20260511T150913Z/doi__10.1038_nature04332",
      "paper_id": "doi__10.1038_nature04332",
      "pdf_file_count": 2,
      "xml_file_count": 0
    },
    {
      "analysis_status": "analysis_blocked_until_material_handoff",
      "error_count": 0,
      "locator_count": 10,
      "material_status": "material_extracted_with_gaps",
      "open_rework_ticket_count": 1,
      "packet_root": "source_recovery_packets/weak_source_full_20260511T150913Z/doi__10.1038_nature04406",
      "paper_id": "doi__10.1038_nature04406",
      "pdf_file_count": 2,
      "xml_file_count": 0
    },
    {
      "analysis_status": "analysis_blocked_until_material_handoff",
      "error_count": 0,
      "locator_count": 8,
      "material_status": "material_extracted_with_gaps",
      "open_rework_ticket_count": 1,
      "packet_root": "source_recovery_packets/weak_source_full_20260511T150913Z/doi__10.1038_nature05233",
      "paper_id": "doi__10.1038_nature05233",
      "pdf_file_count": 1,
      "xml_file_count": 0
    },
    {
      "analysis_status": "analysis_blocked_until_material_handoff",
      "error_count": 0,
      "locator_count": 16,
      "material_status": "material_extracted_with_gaps",
      "open_rework_ticket_count": 1,
      "packet_root": "source_recovery_packets/weak_source_full_20260511T150913Z/doi__10.1038_nature06341",
      "paper_id": "doi__10.1038_nature06341",
      "pdf_file_count": 1,
      "xml_file_count": 0
    },
    {
      "analysis_status": "analysis_blocked_until_material_handoff",
      "error_count": 0,
      "locator_count": 71,
      "material_status": "material_extracted_with_gaps",
      "open_rework_ticket_count": 1,
      "packet_root": "source_recovery_packets/weak_source_full_20260511T150913Z/doi__10.1038_nature10093",
      "paper_id": "doi__10.1038_nature10093",
      "pdf_file_count": 1,
      "xml_file_count": 0
    },
    {
      "analysis_status": "analysis_blocked_until_material_handoff",
      "error_count": 0,
      "locator_count": 6,
      "material_status": "material_extracted_with_gaps",
      "open_rework_ticket_count": 1,
      "packet_root": "source_recovery_packets/weak_source_full_20260511T150913Z/doi__10.1038_nature18634",
      "paper_id": "doi__10.1038_nature18634",
      "pdf_file_count": 1,
      "xml_file_count": 0
    },
    {
      "analysis_status": "analysis_blocked_until_material_handoff",
      "error_count": 0,
      "locator_count": 1,
      "material_status": "material_extracted_with_gaps",
      "open_rework_ticket_count": 1,
      "packet_root": "source_recovery_packets/weak_source_full_20260511T150913Z/doi__10.1038_nbt1224",
      "paper_id": "doi__10.1038_nbt1224",
      "pdf_file_count": 1,
      "xml_file_count": 0
    },
    {
      "analysis_status": "analysis_blocked_until_material_handoff",
      "error_count": 0,
      "locator_count": 1,
      "material_status": "material_extracted_with_gaps",
      "open_rework_ticket_count": 1,
      "packet_root": "source_recovery_packets/weak_source_full_20260511T150913Z/doi__10.1038_nbt1288",
      "paper_id": "doi__10.1038_nbt1288",
      "pdf_file_count": 1,
      "xml_file_count": 0
    },
    {
      "analysis_status": "analysis_blocked_until_material_handoff",
      "error_count": 0,
      "locator_count": 18,
      "material_status": "material_extracted_with_gaps",
      "open_rework_ticket_count": 1,
      "packet_root": "source_recovery_packets/weak_source_full_20260511T150913Z/doi__10.1038_nchembio.1116",
      "paper_id": "doi__10.1038_nchembio.1116",
      "pdf_file_count": 1,
      "xml_file_count": 0
    },
    {
      "analysis_status": "analysis_blocked_until_material_handoff",
      "error_count": 0,
      "locator_count": 46,
      "material_status": "material_extracted_with_gaps",
      "open_rework_ticket_count": 1,
      "packet_root": "source_recovery_packets/weak_source_full_20260511T150913Z/doi__10.1038_nchembio.1710",
      "paper_id": "doi__10.1038_nchembio.1710",
      "pdf_file_count": 1,
      "xml_file_count": 0
    },
    {
      "analysis_status": "analysis_blocked_until_material_handoff",
      "error_count": 0,
      "locator_count": 12,
      "material_status": "material_extracted_with_gaps",
      "open_rework_ticket_count": 1,
      "packet_root": "source_recovery_packets/weak_source_full_20260511T150913Z/doi__10.1038_nchembio.2018",
      "paper_id": "doi__10.1038_nchembio.2018",
      "pdf_file_count": 1,
      "xml_file_count": 0
    },
    {
      "analysis_status": "analysis_blocked_until_material_handoff",
      "error_count": 0,
      "locator_count": 86,
      "material_status": "material_extracted_with_gaps",
      "open_rework_ticket_count": 1,
      "packet_root": "source_recovery_packets/weak_source_full_20260511T150913Z/doi__10.1038_nchembio.2207",
      "paper_id": "doi__10.1038_nchembio.2207",
      "pdf_file_count": 2,
      "xml_file_count": 1
    },
    {
      "analysis_status": "analysis_blocked_until_material_handoff",
      "error_count": 0,
      "locator_count": 120,
      "material_status": "material_extracted_with_gaps",
      "open_rework_ticket_count": 1,
      "packet_root": "source_recovery_packets/weak_source_full_20260511T150913Z/doi__10.1038_nchembio.2319",
      "paper_id": "doi__10.1038_nchembio.2319",
      "pdf_file_count": 2,
      "xml_file_count": 0
    },
    {
      "analysis_status": "analysis_blocked_until_material_handoff",
      "error_count": 0,
      "locator_count": 26,
      "material_status": "material_extracted_with_gaps",
      "open_rework_ticket_count": 1,
      "packet_root": "source_recovery_packets/weak_source_full_20260511T150913Z/doi__10.1038_ncomms1952",
      "paper_id": "doi__10.1038_ncomms1952",
      "pdf_file_count": 2,
      "xml_file_count": 0
    },
    {
      "analysis_status": "analysis_blocked_until_material_handoff",
      "error_count": 0,
      "locator_count": 24,
      "material_status": "material_extracted_with_gaps",
      "open_rework_ticket_count": 1,
      "packet_root": "source_recovery_packets/weak_source_full_20260511T150913Z/doi__10.1038_ncomms4154",
      "paper_id": "doi__10.1038_ncomms4154",
      "pdf_file_count": 2,
      "xml_file_count": 0
    },
    {
      "analysis_status": "analysis_blocked_until_material_handoff",
      "error_count": 0,
      "locator_count": 0,
      "material_status": "material_extracted_with_gaps",
      "open_rework_ticket_count": 1,
      "packet_root": "source_recovery_packets/weak_source_full_20260511T150913Z/doi__10.1038_ni1060",
      "paper_id": "doi__10.1038_ni1060",
      "pdf_file_count": 1,
      "xml_file_count": 0
    },
    {
      "analysis_status": "analysis_blocked_until_material_handoff",
      "error_count": 0,
      "locator_count": 0,
      "material_status": "material_extracted_with_gaps",
      "open_rework_ticket_count": 1,
      "packet_root": "source_recovery_packets/weak_source_full_20260511T150913Z/doi__10.1038_ni1094",
      "paper_id": "doi__10.1038_ni1094",
      "pdf_file_count": 1,
      "xml_file_count": 0
    },
    {
      "analysis_status": "analysis_blocked_until_material_handoff",
      "error_count": 0,
      "locator_count": 1,
      "material_status": "material_extracted_with_gaps",
      "open_rework_ticket_count": 1,
      "packet_root": "source_recovery_packets/weak_source_full_20260511T150913Z/doi__10.1038_ni888",
      "paper_id": "doi__10.1038_ni888",
      "pdf_file_count": 1,
      "xml_file_count": 0
    },
    {
      "analysis_status": "analysis_blocked_until_material_handoff",
      "error_count": 0,
      "locator_count": 1,
      "material_status": "material_extracted_with_gaps",
      "open_rework_ticket_count": 1,
      "packet_root": "source_recovery_packets/weak_source_full_20260511T150913Z/doi__10.1038_nm1306",
      "paper_id": "doi__10.1038_nm1306",
      "pdf_file_count": 1,
      "xml_file_count": 0
    },
    {
      "analysis_status": "analysis_blocked_until_material_handoff",
      "error_count": 0,
      "locator_count": 5,
      "material_status": "material_extracted_with_gaps",
      "open_rework_ticket_count": 1,
      "packet_root": "source_recovery_packets/weak_source_full_20260511T150913Z/doi__10.1038_nm1638",
      "paper_id": "doi__10.1038_nm1638",
      "pdf_file_count": 1,
      "xml_file_count": 0
    },
    {
      "analysis_status": "analysis_blocked_until_material_handoff",
      "error_count": 0,
      "locator_count": 52,
      "material_status": "material_extracted_with_gaps",
      "open_rework_ticket_count": 1,
      "packet_root": "source_recovery_packets/weak_source_full_20260511T150913Z/doi__10.1038_nrd4510",
      "paper_id": "doi__10.1038_nrd4510",
      "pdf_file_count": 1,
      "xml_file_count": 0
    },
    {
      "analysis_status": "analysis_blocked_until_material_handoff",
      "error_count": 0,
      "locator_count": 6,
      "material_status": "material_extracted_with_gaps",
      "open_rework_ticket_count": 1,
      "packet_root": "source_recovery_packets/weak_source_full_20260511T150913Z/doi__10.1038_nsmb830",
      "paper_id": "doi__10.1038_nsmb830",
      "pdf_file_count": 1,
      "xml_file_count": 0
    },
    {
      "analysis_status": "analysis_blocked_until_material_handoff",
      "error_count": 0,
      "locator_count": 1,
      "material_status": "material_extracted_with_gaps",
      "open_rework_ticket_count": 1,
      "packet_root": "source_recovery_packets/weak_source_full_20260511T150913Z/doi__10.1038_onc.2011.300",
      "paper_id": "doi__10.1038_onc.2011.300",
      "pdf_file_count": 1,
      "xml_file_count": 0
    },
    {
      "analysis_status": "analysis_blocked_until_material_handoff",
      "error_count": 0,
      "locator_count": 18,
      "material_status": "material_extracted_with_gaps",
      "open_rework_ticket_count": 1,
      "packet_root": "source_recovery_packets/weak_source_full_20260511T150913Z/doi__10.1038_s41429-018-0044-0",
      "paper_id": "doi__10.1038_s41429-018-0044-0",
      "pdf_file_count": 1,
      "xml_file_count": 0
    },
    {
      "analysis_status": "analysis_blocked_until_material_handoff",
      "error_count": 0,
      "locator_count": 58,
      "material_status": "material_extracted_with_gaps",
      "open_rework_ticket_count": 1,
      "packet_root": "source_recovery_packets/weak_source_full_20260511T150913Z/doi__10.1038_s41429-018-0086-3",
      "paper_id": "doi__10.1038_s41429-018-0086-3",
      "pdf_file_count": 1,
      "xml_file_count": 0
    },
    {
      "analysis_status": "analysis_blocked_until_material_handoff",
      "error_count": 0,
      "locator_count": 8,
      "material_status": "material_extracted_with_gaps",
      "open_rework_ticket_count": 1,
      "packet_root": "source_recovery_packets/weak_source_full_20260511T150913Z/doi__10.1038_s41429-018-0090-7",
      "paper_id": "doi__10.1038_s41429-018-0090-7",
      "pdf_file_count": 2,
      "xml_file_count": 0
    },
    {
      "analysis_status": "analysis_blocked_until_material_handoff",
      "error_count": 0,
      "locator_count": 6,
      "material_status": "material_extracted_with_gaps",
      "open_rework_ticket_count": 1,
      "packet_root": "source_recovery_packets/weak_source_full_20260511T150913Z/doi__10.1038_s41429-019-0201-0",
      "paper_id": "doi__10.1038_s41429-019-0201-0",
      "pdf_file_count": 1,
      "xml_file_count": 0
    },
    {
      "analysis_status": "analysis_blocked_until_material_handoff",
      "error_count": 0,
      "locator_count": 16,
      "material_status": "material_extracted_with_gaps",
      "open_rework_ticket_count": 1,
      "packet_root": "source_recovery_packets/weak_source_full_20260511T150913Z/doi__10.1038_s41429-023-00597-z",
      "paper_id": "doi__10.1038_s41429-023-00597-z",
      "pdf_file_count": 1,
      "xml_file_count": 0
    },
    {
      "analysis_status": "analysis_blocked_until_material_handoff",
      "error_count": 0,
      "locator_count": 29,
      "material_status": "material_extracted_with_gaps",
      "open_rework_ticket_count": 1,
      "packet_root": "source_recovery_packets/weak_source_full_20260511T150913Z/doi__10.1038_s41551-021-00689-x",
      "paper_id": "doi__10.1038_s41551-021-00689-x",
      "pdf_file_count": 1,
      "xml_file_count": 0
    },
    {
      "analysis_status": "analysis_blocked_until_material_handoff",
      "error_count": 0,
      "locator_count": 11,
      "material_status": "material_extracted_with_gaps",
      "open_rework_ticket_count": 1,
      "packet_root": "source_recovery_packets/weak_source_full_20260511T150913Z/doi__10.1038_s41551-021-00801-1",
      "paper_id": "doi__10.1038_s41551-021-00801-1",
      "pdf_file_count": 1,
      "xml_file_count": 0
    },
    {
      "analysis_status": "analysis_blocked_until_material_handoff",
      "error_count": 0,
      "locator_count": 36,
      "material_status": "material_extracted_with_gaps",
      "open_rework_ticket_count": 1,
      "packet_root": "source_recovery_packets/weak_source_full_20260511T150913Z/doi__10.1038_s41551-022-00991-2",
      "paper_id": "doi__10.1038_s41551-022-00991-2",
      "pdf_file_count": 1,
      "xml_file_count": 0
    },
    {
      "analysis_status": "analysis_blocked_until_material_handoff",
      "error_count": 0,
      "locator_count": 81,
      "material_status": "material_extracted_with_gaps",
      "open_rework_ticket_count": 1,
      "packet_root": "source_recovery_packets/weak_source_full_20260511T150913Z/doi__10.1038_s41557-020-0508-2",
      "paper_id": "doi__10.1038_s41557-020-0508-2",
      "pdf_file_count": 1,
      "xml_file_count": 0
    },
    {
      "analysis_status": "analysis_blocked_until_material_handoff",
      "error_count": 0,
      "locator_count": 30,
      "material_status": "material_extracted_with_gaps",
      "open_rework_ticket_count": 1,
      "packet_root": "source_recovery_packets/weak_source_full_20260511T150913Z/doi__10.1038_s41564-018-0110-1",
      "paper_id": "doi__10.1038_s41564-018-0110-1",
      "pdf_file_count": 3,
      "xml_file_count": 0
    },
    {
      "analysis_status": "analysis_blocked_until_material_handoff",
      "error_count": 0,
      "locator_count": 41,
      "material_status": "material_extracted_with_gaps",
      "open_rework_ticket_count": 1,
      "packet_root": "source_recovery_packets/weak_source_full_20260511T150913Z/doi__10.1038_s41564-022-01227-4",
      "paper_id": "doi__10.1038_s41564-022-01227-4",
      "pdf_file_count": 3,
      "xml_file_count": 0
    },
    {
      "analysis_status": "analysis_blocked_until_material_handoff",
      "error_count": 0,
      "locator_count": 28,
      "material_status": "material_extracted_with_gaps",
      "open_rework_ticket_count": 1,
      "packet_root": "source_recovery_packets/weak_source_full_20260511T150913Z/doi__10.1038_s41586-018-0483-6",
      "paper_id": "doi__10.1038_s41586-018-0483-6",
      "pdf_file_count": 1,
      "xml_file_count": 0
    },
    {
      "analysis_status": "analysis_blocked_until_material_handoff",
      "error_count": 0,
      "locator_count": 20,
      "material_status": "material_extracted_with_gaps",
      "open_rework_ticket_count": 1,
      "packet_root": "source_recovery_packets/weak_source_full_20260511T150913Z/doi__10.1038_s41586-019-1665-6",
      "paper_id": "doi__10.1038_s41586-019-1665-6",
      "pdf_file_count": 1,
      "xml_file_count": 0
    },
    {
      "analysis_status": "analysis_blocked_until_material_handoff",
      "error_count": 0,
      "locator_count": 8,
      "material_status": "material_extracted_with_gaps",
      "open_rework_ticket_count": 1,
      "packet_root": "source_recovery_packets/weak_source_full_20260511T150913Z/doi__10.1038_s41586-021-04264-x",
      "paper_id": "doi__10.1038_s41586-021-04264-x",
      "pdf_file_count": 1,
      "xml_file_count": 0
    },
    {
      "analysis_status": "analysis_blocked_until_material_handoff",
      "error_count": 0,
      "locator_count": 18,
      "material_status": "material_extracted_with_gaps",
      "open_rework_ticket_count": 1,
      "packet_root": "source_recovery_packets/weak_source_full_20260511T150913Z/doi__10.1038_s41587-019-0222-z",
      "paper_id": "doi__10.1038_s41587-019-0222-z",
      "pdf_file_count": 1,
      "xml_file_count": 0
    },
    {
      "analysis_status": "analysis_blocked_until_material_handoff",
      "error_count": 0,
      "locator_count": 49,
      "material_status": "material_extracted_with_gaps",
      "open_rework_ticket_count": 1,
      "packet_root": "source_recovery_packets/weak_source_full_20260511T150913Z/doi__10.1038_s41587-022-01226-0",
      "paper_id": "doi__10.1038_s41587-022-01226-0",
      "pdf_file_count": 2,
      "xml_file_count": 0
    },
    {
      "analysis_status": "analysis_blocked_until_material_handoff",
      "error_count": 0,
      "locator_count": 32,
      "material_status": "material_extracted_with_gaps",
      "open_rework_ticket_count": 1,
      "packet_root": "source_recovery_packets/weak_source_full_20260511T150913Z/doi__10.1038_s41589-018-0068-6",
      "paper_id": "doi__10.1038_s41589-018-0068-6",
      "pdf_file_count": 1,
      "xml_file_count": 0
    },
    {
      "analysis_status": "analysis_blocked_until_material_handoff",
      "error_count": 0,
      "locator_count": 6,
      "material_status": "material_extracted_with_gaps",
      "open_rework_ticket_count": 1,
      "packet_root": "source_recovery_packets/weak_source_full_20260511T150913Z/doi__10.1039_c2cc36336d",
      "paper_id": "doi__10.1039_c2cc36336d",
      "pdf_file_count": 2,
      "xml_file_count": 0
    },
    {
      "analysis_status": "analysis_blocked_until_material_handoff",
      "error_count": 0,
      "locator_count": 20,
      "material_status": "material_extracted_with_gaps",
      "open_rework_ticket_count": 1,
      "packet_root": "source_recovery_packets/weak_source_full_20260511T150913Z/doi__10.1039_c3ob41659c",
      "paper_id": "doi__10.1039_c3ob41659c",
      "pdf_file_count": 2,
      "xml_file_count": 0
    },
    {
      "analysis_status": "analysis_blocked_until_material_handoff",
      "error_count": 0,
      "locator_count": 8,
      "material_status": "material_extracted_with_gaps",
      "open_rework_ticket_count": 1,
      "packet_root": "source_recovery_packets/weak_source_full_20260511T150913Z/doi__10.1039_c4cc02780a",
      "paper_id": "doi__10.1039_c4cc02780a",
      "pdf_file_count": 2,
      "xml_file_count": 0
    },
    {
      "analysis_status": "analysis_blocked_until_material_handoff",
      "error_count": 0,
      "locator_count": 18,
      "material_status": "material_extracted_with_gaps",
      "open_rework_ticket_count": 1,
      "packet_root": "source_recovery_packets/weak_source_full_20260511T150913Z/doi__10.1039_c4ob00673a",
      "paper_id": "doi__10.1039_c4ob00673a",
      "pdf_file_count": 2,
      "xml_file_count": 0
    },
    {
      "analysis_status": "analysis_blocked_until_material_handoff",
      "error_count": 0,
      "locator_count": 8,
      "material_status": "material_extracted_with_gaps",
      "open_rework_ticket_count": 1,
      "packet_root": "source_recovery_packets/weak_source_full_20260511T150913Z/doi__10.1039_c4ra00132j",
      "paper_id": "doi__10.1039_c4ra00132j",
      "pdf_file_count": 2,
      "xml_file_count": 0
    },
    {
      "analysis_status": "analysis_blocked_until_material_handoff",
      "error_count": 0,
      "locator_count": 14,
      "material_status": "material_extracted_with_gaps",
      "open_rework_ticket_count": 1,
      "packet_root": "source_recovery_packets/weak_source_full_20260511T150913Z/doi__10.1039_c6ra10905e",
      "paper_id": "doi__10.1039_c6ra10905e",
      "pdf_file_count": 2,
      "xml_file_count": 0
    },
    {
      "analysis_status": "analysis_blocked_until_material_handoff",
      "error_count": 0,
      "locator_count": 26,
      "material_status": "material_extracted_with_gaps",
      "open_rework_ticket_count": 1,
      "packet_root": "source_recovery_packets/weak_source_full_20260511T150913Z/doi__10.1039_c7nr05872a",
      "paper_id": "doi__10.1039_c7nr05872a",
      "pdf_file_count": 2,
      "xml_file_count": 0
    },
    {
      "analysis_status": "analysis_blocked_until_material_handoff",
      "error_count": 0,
      "locator_count": 5,
      "material_status": "material_extracted_with_gaps",
      "open_rework_ticket_count": 1,
      "packet_root": "source_recovery_packets/weak_source_full_20260511T150913Z/doi__10.1039_c9cc02864a",
      "paper_id": "doi__10.1039_c9cc02864a",
      "pdf_file_count": 1,
      "xml_file_count": 0
    },
    {
      "analysis_status": "analysis_blocked_until_material_handoff",
      "error_count": 0,
      "locator_count": 36,
      "material_status": "material_extracted_with_gaps",
      "open_rework_ticket_count": 1,
      "packet_root": "source_recovery_packets/weak_source_full_20260511T150913Z/doi__10.1039_c9dt04545g",
      "paper_id": "doi__10.1039_c9dt04545g",
      "pdf_file_count": 2,
      "xml_file_count": 0
    },
    {
      "analysis_status": "analysis_blocked_until_material_handoff",
      "error_count": 0,
      "locator_count": 8,
      "material_status": "material_extracted_with_gaps",
      "open_rework_ticket_count": 1,
      "packet_root": "source_recovery_packets/weak_source_full_20260511T150913Z/doi__10.1039_d0cc08387a",
      "paper_id": "doi__10.1039_d0cc08387a",
      "pdf_file_count": 2,
      "xml_file_count": 0
    },
    {
      "analysis_status": "analysis_blocked_until_material_handoff",
      "error_count": 0,
      "locator_count": 32,
      "material_status": "material_extracted_with_gaps",
      "open_rework_ticket_count": 1,
      "packet_root": "source_recovery_packets/weak_source_full_20260511T150913Z/doi__10.1039_d3nr05174a",
      "paper_id": "doi__10.1039_d3nr05174a",
      "pdf_file_count": 2,
      "xml_file_count": 0
    },
    {
      "analysis_status": "analysis_blocked_until_material_handoff",
      "error_count": 0,
      "locator_count": 12,
      "material_status": "material_extracted_with_gaps",
      "open_rework_ticket_count": 1,
      "packet_root": "source_recovery_packets/weak_source_full_20260511T150913Z/doi__10.1039_d5dt00562k",
      "paper_id": "doi__10.1039_d5dt00562k",
      "pdf_file_count": 1,
      "xml_file_count": 0
    },
    {
      "analysis_status": "analysis_blocked_until_material_handoff",
      "error_count": 0,
      "locator_count": 10,
      "material_status": "material_extracted_with_gaps",
      "open_rework_ticket_count": 1,
      "packet_root": "source_recovery_packets/weak_source_full_20260511T150913Z/doi__10.1046_j.1432-1327.1998.2530452.x",
      "paper_id": "doi__10.1046_j.1432-1327.1998.2530452.x",
      "pdf_file_count": 1,
      "xml_file_count": 0
    },
    {
      "analysis_status": "analysis_blocked_until_material_handoff",
      "error_count": 0,
      "locator_count": 0,
      "material_status": "material_extracted_with_gaps",
      "open_rework_ticket_count": 1,
      "packet_root": "source_recovery_packets/weak_source_full_20260511T150913Z/doi__10.1055_s-2000-9776",
      "paper_id": "doi__10.1055_s-2000-9776",
      "pdf_file_count": 0,
      "xml_file_count": 1
    },
    {
      "analysis_status": "analysis_blocked_until_material_handoff",
      "error_count": 0,
      "locator_count": 36,
      "material_status": "material_extracted_with_gaps",
      "open_rework_ticket_count": 1,
      "packet_root": "source_recovery_packets/weak_source_full_20260511T150913Z/doi__10.1073_pnas.0607117103",
      "paper_id": "doi__10.1073_pnas.0607117103",
      "pdf_file_count": 1,
      "xml_file_count": 0
    },
    {
      "analysis_status": "analysis_blocked_until_material_handoff",
      "error_count": 0,
      "locator_count": 15,
      "material_status": "material_extracted_with_gaps",
      "open_rework_ticket_count": 1,
      "packet_root": "source_recovery_packets/weak_source_full_20260511T150913Z/doi__10.1073_pnas.2005540117",
      "paper_id": "doi__10.1073_pnas.2005540117",
      "pdf_file_count": 1,
      "xml_file_count": 0
    },
    {
      "analysis_status": "analysis_blocked_until_material_handoff",
      "error_count": 0,
      "locator_count": 28,
      "material_status": "material_extracted_with_gaps",
      "open_rework_ticket_count": 1,
      "packet_root": "source_recovery_packets/weak_source_full_20260511T150913Z/doi__10.1074_jbc.m112.359067",
      "paper_id": "doi__10.1074_jbc.m112.359067",
      "pdf_file_count": 2,
      "xml_file_count": 0
    },
    {
      "analysis_status": "analysis_blocked_until_material_handoff",
      "error_count": 0,
      "locator_count": 28,
      "material_status": "material_extracted_with_gaps",
      "open_rework_ticket_count": 1,
      "packet_root": "source_recovery_packets/weak_source_full_20260511T150913Z/doi__10.1074_jbc.ra120.012627",
      "paper_id": "doi__10.1074_jbc.ra120.012627",
      "pdf_file_count": 1,
      "xml_file_count": 0
    },
    {
      "analysis_status": "analysis_blocked_until_material_handoff",
      "error_count": 0,
      "locator_count": 13,
      "material_status": "material_extracted_with_gaps",
      "open_rework_ticket_count": 1,
      "packet_root": "source_recovery_packets/weak_source_full_20260511T150913Z/doi__10.1080_08927014.2017.1370087",
      "paper_id": "doi__10.1080_08927014.2017.1370087",
      "pdf_file_count": 1,
      "xml_file_count": 0
    },
    {
      "analysis_status": "analysis_blocked_until_material_handoff",
      "error_count": 0,
      "locator_count": 33,
      "material_status": "material_extracted_with_gaps",
      "open_rework_ticket_count": 1,
      "packet_root": "source_recovery_packets/weak_source_full_20260511T150913Z/doi__10.1080_14786419.2019.1644636",
      "paper_id": "doi__10.1080_14786419.2019.1644636",
      "pdf_file_count": 3,
      "xml_file_count": 0
    },
    {
      "analysis_status": "analysis_blocked_until_material_handoff",
      "error_count": 0,
      "locator_count": 29,
      "material_status": "material_extracted_with_gaps",
      "open_rework_ticket_count": 1,
      "packet_root": "source_recovery_packets/weak_source_full_20260511T150913Z/doi__10.1080_22221751.2020.1770631",
      "paper_id": "doi__10.1080_22221751.2020.1770631",
      "pdf_file_count": 0,
      "xml_file_count": 1
    },
    {
      "analysis_status": "analysis_blocked_until_material_handoff",
      "error_count": 0,
      "locator_count": 25,
      "material_status": "material_extracted_with_gaps",
      "open_rework_ticket_count": 1,
      "packet_root": "source_recovery_packets/weak_source_full_20260511T150913Z/doi__10.1084_jem.166.4.1186",
      "paper_id": "doi__10.1084_jem.166.4.1186",
      "pdf_file_count": 0,
      "xml_file_count": 1
    },
    {
      "analysis_status": "analysis_blocked_until_material_handoff",
      "error_count": 0,
      "locator_count": 0,
      "material_status": "material_extracted_with_gaps",
      "open_rework_ticket_count": 1,
      "packet_root": "source_recovery_packets/weak_source_full_20260511T150913Z/doi__10.1089_vim.2009.0005",
      "paper_id": "doi__10.1089_vim.2009.0005",
      "pdf_file_count": 2,
      "xml_file_count": 0
    },
    {
      "analysis_status": "analysis_blocked_until_material_handoff",
      "error_count": 0,
      "locator_count": 6,
      "material_status": "material_extracted_with_gaps",
      "open_rework_ticket_count": 1,
      "packet_root": "source_recovery_packets/weak_source_full_20260511T150913Z/doi__10.1093_abbs_36.4.297",
      "paper_id": "doi__10.1093_abbs_36.4.297",
      "pdf_file_count": 1,
      "xml_file_count": 0
    },
    {
      "analysis_status": "analysis_blocked_until_material_handoff",
      "error_count": 0,
      "locator_count": 9,
      "material_status": "material_extracted_with_gaps",
      "open_rework_ticket_count": 1,
      "packet_root": "source_recovery_packets/weak_source_full_20260511T150913Z/doi__10.1093_abbs_gmaa043",
      "paper_id": "doi__10.1093_abbs_gmaa043",
      "pdf_file_count": 1,
      "xml_file_count": 0
    },
    {
      "analysis_status": "analysis_blocked_until_material_handoff",
      "error_count": 0,
      "locator_count": 8,
      "material_status": "material_extracted_with_gaps",
      "open_rework_ticket_count": 1,
      "packet_root": "source_recovery_packets/weak_source_full_20260511T150913Z/doi__10.1093_abbs_gmx023",
      "paper_id": "doi__10.1093_abbs_gmx023",
      "pdf_file_count": 1,
      "xml_file_count": 0
    },
    {
      "analysis_status": "analysis_blocked_until_material_handoff",
      "error_count": 0,
      "locator_count": 10,
      "material_status": "material_extracted_with_gaps",
      "open_rework_ticket_count": 1,
      "packet_root": "source_recovery_packets/weak_source_full_20260511T150913Z/doi__10.1093_abbs_gmx032",
      "paper_id": "doi__10.1093_abbs_gmx032",
      "pdf_file_count": 1,
      "xml_file_count": 0
    },
    {
      "analysis_status": "analysis_blocked_until_material_handoff",
      "error_count": 0,
      "locator_count": 10,
      "material_status": "material_extracted_with_gaps",
      "open_rework_ticket_count": 1,
      "packet_root": "source_recovery_packets/weak_source_full_20260511T150913Z/doi__10.1093_abbs_gmx091",
      "paper_id": "doi__10.1093_abbs_gmx091",
      "pdf_file_count": 1,
      "xml_file_count": 0
    },
    {
      "analysis_status": "analysis_blocked_until_material_handoff",
      "error_count": 0,
      "locator_count": 7,
      "material_status": "material_extracted_with_gaps",
      "open_rework_ticket_count": 1,
      "packet_root": "source_recovery_packets/weak_source_full_20260511T150913Z/doi__10.1093_abbs_gmz128",
      "paper_id": "doi__10.1093_abbs_gmz128",
      "pdf_file_count": 1,
      "xml_file_count": 0
    },
    {
      "analysis_status": "analysis_blocked_until_material_handoff",
      "error_count": 0,
      "locator_count": 6,
      "material_status": "material_extracted_with_gaps",
      "open_rework_ticket_count": 1,
      "packet_root": "source_recovery_packets/weak_source_full_20260511T150913Z/doi__10.1093_embo-reports_kvd073",
      "paper_id": "doi__10.1093_embo-reports_kvd073",
      "pdf_file_count": 1,
      "xml_file_count": 0
    },
    {
      "analysis_status": "analysis_blocked_until_material_handoff",
      "error_count": 0,
      "locator_count": 157,
      "material_status": "material_extracted_with_gaps",
      "open_rework_ticket_count": 1,
      "packet_root": "source_recovery_packets/weak_source_full_20260511T150913Z/doi__10.1093_jimb_kuaf028",
      "paper_id": "doi__10.1093_jimb_kuaf028",
      "pdf_file_count": 0,
      "xml_file_count": 1
    },
    {
      "analysis_status": "analysis_blocked_until_material_handoff",
      "error_count": 0,
      "locator_count": 0,
      "material_status": "material_extracted_with_gaps",
      "open_rework_ticket_count": 1,
      "packet_root": "source_recovery_packets/weak_source_full_20260511T150913Z/doi__10.1094_mpmi-4-324",
      "paper_id": "doi__10.1094_mpmi-4-324",
      "pdf_file_count": 1,
      "xml_file_count": 0
    },
    {
      "analysis_status": "analysis_blocked_until_material_handoff",
      "error_count": 0,
      "locator_count": 0,
      "material_status": "material_extracted_with_gaps",
      "open_rework_ticket_count": 1,
      "packet_root": "source_recovery_packets/weak_source_full_20260511T150913Z/doi__10.1094_mpmi-8-0424",
      "paper_id": "doi__10.1094_mpmi-8-0424",
      "pdf_file_count": 1,
      "xml_file_count": 0
    },
    {
      "analysis_status": "analysis_blocked_until_material_handoff",
      "error_count": 0,
      "locator_count": 0,
      "material_status": "material_extracted_with_gaps",
      "open_rework_ticket_count": 1,
      "packet_root": "source_recovery_packets/weak_source_full_20260511T150913Z/doi__10.1094_mpmi-8-0792",
      "paper_id": "doi__10.1094_mpmi-8-0792",
      "pdf_file_count": 1,
      "xml_file_count": 0
    },
    {
      "analysis_status": "analysis_blocked_until_material_handoff",
      "error_count": 0,
      "locator_count": 22,
      "material_status": "material_extracted_with_gaps",
      "open_rework_ticket_count": 1,
      "packet_root": "source_recovery_packets/weak_source_full_20260511T150913Z/doi__10.1096_fj.01-0736fje",
      "paper_id": "doi__10.1096_fj.01-0736fje",
      "pdf_file_count": 1,
      "xml_file_count": 0
    },
    {
      "analysis_status": "analysis_blocked_until_material_handoff",
      "error_count": 0,
      "locator_count": 1,
      "material_status": "material_extracted_with_gaps",
      "open_rework_ticket_count": 1,
      "packet_root": "source_recovery_packets/weak_source_full_20260511T150913Z/doi__10.1097_00002030-199302000-00010",
      "paper_id": "doi__10.1097_00002030-199302000-00010",
      "pdf_file_count": 1,
      "xml_file_count": 0
    },
    {
      "analysis_status": "analysis_blocked_until_material_handoff",
      "error_count": 0,
      "locator_count": 2,
      "material_status": "material_extracted_with_gaps",
      "open_rework_ticket_count": 1,
      "packet_root": "source_recovery_packets/weak_source_full_20260511T150913Z/doi__10.1097_00005373-199904000-00018",
      "paper_id": "doi__10.1097_00005373-199904000-00018",
      "pdf_file_count": 1,
      "xml_file_count": 0
    },
    {
      "analysis_status": "analysis_blocked_until_material_handoff",
      "error_count": 0,
      "locator_count": 2,
      "material_status": "material_extracted_with_gaps",
      "open_rework_ticket_count": 1,
      "packet_root": "source_recovery_packets/weak_source_full_20260511T150913Z/doi__10.1097_01.ta.0000047047.79701.6d",
      "paper_id": "doi__10.1097_01.ta.0000047047.79701.6d",
      "pdf_file_count": 1,
      "xml_file_count": 0
    },
    {
      "analysis_status": "analysis_blocked_until_material_handoff",
      "error_count": 0,
      "locator_count": 1,
      "material_status": "material_extracted_with_gaps",
      "open_rework_ticket_count": 1,
      "packet_root": "source_recovery_packets/weak_source_full_20260511T150913Z/doi__10.1097_cad.0000000000000111",
      "paper_id": "doi__10.1097_cad.0000000000000111",
      "pdf_file_count": 1,
      "xml_file_count": 0
    },
    {
      "analysis_status": "analysis_blocked_until_material_handoff",
      "error_count": 0,
      "locator_count": 1,
      "material_status": "material_extracted_with_gaps",
      "open_rework_ticket_count": 1,
      "packet_root": "source_recovery_packets/weak_source_full_20260511T150913Z/doi__10.1097_shk.0b013e31817fd62a",
      "paper_id": "doi__10.1097_shk.0b013e31817fd62a",
      "pdf_file_count": 1,
      "xml_file_count": 0
    },
    {
      "analysis_status": "analysis_blocked_until_material_handoff",
      "error_count": 0,
      "locator_count": 2,
      "material_status": "material_extracted_with_gaps",
      "open_rework_ticket_count": 1,
      "packet_root": "source_recovery_packets/weak_source_full_20260511T150913Z/doi__10.1097_ta.0000000000003183",
      "paper_id": "doi__10.1097_ta.0000000000003183",
      "pdf_file_count": 1,
      "xml_file_count": 0
    },
    {
      "analysis_status": "analysis_blocked_until_material_handoff",
      "error_count": 0,
      "locator_count": 180,
      "material_status": "material_extracted_with_gaps",
      "open_rework_ticket_count": 1,
      "packet_root": "source_recovery_packets/weak_source_full_20260511T150913Z/doi__10.1098_rspb.2012.2113",
      "paper_id": "doi__10.1098_rspb.2012.2113",
      "pdf_file_count": 0,
      "xml_file_count": 2
    },
    {
      "analysis_status": "analysis_blocked_until_material_handoff",
      "error_count": 0,
      "locator_count": 248,
      "material_status": "material_extracted_with_gaps",
      "open_rework_ticket_count": 1,
      "packet_root": "source_recovery_packets/weak_source_full_20260511T150913Z/doi__10.1099_mgen.0.000134",
      "paper_id": "doi__10.1099_mgen.0.000134",
      "pdf_file_count": 0,
      "xml_file_count": 2
    },
    {
      "analysis_status": "analysis_blocked_until_material_handoff",
      "error_count": 1,
      "locator_count": 0,
      "material_status": "material_extracted_with_gaps",
      "open_rework_ticket_count": 1,
      "packet_root": "source_recovery_packets/weak_source_full_20260511T150913Z/doi__10.1099_vir.0.80051-0",
      "paper_id": "doi__10.1099_vir.0.80051-0",
      "pdf_file_count": 1,
      "xml_file_count": 0
    },
    {
      "analysis_status": "analysis_blocked_until_material_handoff",
      "error_count": 0,
      "locator_count": 24,
      "material_status": "material_extracted_with_gaps",
      "open_rework_ticket_count": 1,
      "packet_root": "source_recovery_packets/weak_source_full_20260511T150913Z/doi__10.1101_gr.1293003",
      "paper_id": "doi__10.1101_gr.1293003",
      "pdf_file_count": 3,
      "xml_file_count": 0
    },
    {
      "analysis_status": "analysis_blocked_until_material_handoff",
      "error_count": 0,
      "locator_count": 27,
      "material_status": "material_extracted_with_gaps",
      "open_rework_ticket_count": 1,
      "packet_root": "source_recovery_packets/weak_source_full_20260511T150913Z/doi__10.1101_gr.1515604",
      "paper_id": "doi__10.1101_gr.1515604",
      "pdf_file_count": 3,
      "xml_file_count": 0
    },
    {
      "analysis_status": "analysis_blocked_until_material_handoff",
      "error_count": 0,
      "locator_count": 45,
      "material_status": "material_extracted_with_gaps",
      "open_rework_ticket_count": 1,
      "packet_root": "source_recovery_packets/weak_source_full_20260511T150913Z/doi__10.1101_gr.1946304",
      "paper_id": "doi__10.1101_gr.1946304",
      "pdf_file_count": 3,
      "xml_file_count": 0
    },
    {
      "analysis_status": "analysis_blocked_until_material_handoff",
      "error_count": 0,
      "locator_count": 24,
      "material_status": "material_extracted_with_gaps",
      "open_rework_ticket_count": 1,
      "packet_root": "source_recovery_packets/weak_source_full_20260511T150913Z/doi__10.1101_gr.223902",
      "paper_id": "doi__10.1101_gr.223902",
      "pdf_file_count": 2,
      "xml_file_count": 0
    },
    {
      "analysis_status": "analysis_blocked_until_material_handoff",
      "error_count": 0,
      "locator_count": 18,
      "material_status": "material_extracted_with_gaps",
      "open_rework_ticket_count": 1,
      "packet_root": "source_recovery_packets/weak_source_full_20260511T150913Z/doi__10.1101_gr.2596504",
      "paper_id": "doi__10.1101_gr.2596504",
      "pdf_file_count": 2,
      "xml_file_count": 0
    },
    {
      "analysis_status": "analysis_blocked_until_material_handoff",
      "error_count": 0,
      "locator_count": 39,
      "material_status": "material_extracted_with_gaps",
      "open_rework_ticket_count": 1,
      "packet_root": "source_recovery_packets/weak_source_full_20260511T150913Z/doi__10.1101_gr.3003105",
      "paper_id": "doi__10.1101_gr.3003105",
      "pdf_file_count": 3,
      "xml_file_count": 0
    },
    {
      "analysis_status": "analysis_blocked_until_material_handoff",
      "error_count": 0,
      "locator_count": 18,
      "material_status": "material_extracted_with_gaps",
      "open_rework_ticket_count": 1,
      "packet_root": "source_recovery_packets/weak_source_full_20260511T150913Z/doi__10.1101_gr.3869505",
      "paper_id": "doi__10.1101_gr.3869505",
      "pdf_file_count": 2,
      "xml_file_count": 0
    },
    {
      "analysis_status": "analysis_blocked_until_material_handoff",
      "error_count": 0,
      "locator_count": 20,
      "material_status": "material_extracted_with_gaps",
      "open_rework_ticket_count": 1,
      "packet_root": "source_recovery_packets/weak_source_full_20260511T150913Z/doi__10.1101_gr.5798407",
      "paper_id": "doi__10.1101_gr.5798407",
      "pdf_file_count": 2,
      "xml_file_count": 0
    },
    {
      "analysis_status": "analysis_blocked_until_material_handoff",
      "error_count": 0,
      "locator_count": 36,
      "material_status": "material_extracted_with_gaps",
      "open_rework_ticket_count": 1,
      "packet_root": "source_recovery_packets/weak_source_full_20260511T150913Z/doi__10.1101_gr.6004607",
      "paper_id": "doi__10.1101_gr.6004607",
      "pdf_file_count": 3,
      "xml_file_count": 0
    },
    {
      "analysis_status": "analysis_blocked_until_material_handoff",
      "error_count": 0,
      "locator_count": 22,
      "material_status": "material_extracted_with_gaps",
      "open_rework_ticket_count": 1,
      "packet_root": "source_recovery_packets/weak_source_full_20260511T150913Z/doi__10.1101_gr.7149808",
      "paper_id": "doi__10.1101_gr.7149808",
      "pdf_file_count": 2,
      "xml_file_count": 0
    },
    {
      "analysis_status": "analysis_blocked_until_material_handoff",
      "error_count": 0,
      "locator_count": 0,
      "material_status": "material_extracted_with_gaps",
      "open_rework_ticket_count": 1,
      "packet_root": "source_recovery_packets/weak_source_full_20260511T150913Z/doi__10.1107_s1744309106005963",
      "paper_id": "doi__10.1107_s1744309106005963",
      "pdf_file_count": 1,
      "xml_file_count": 0
    },
    {
      "analysis_status": "analysis_blocked_until_material_handoff",
      "error_count": 0,
      "locator_count": 2,
      "material_status": "material_extracted_with_gaps",
      "open_rework_ticket_count": 1,
      "packet_root": "source_recovery_packets/weak_source_full_20260511T150913Z/doi__10.1107_s1744309110052607",
      "paper_id": "doi__10.1107_s1744309110052607",
      "pdf_file_count": 1,
      "xml_file_count": 0
    },
    {
      "analysis_status": "analysis_blocked_until_material_handoff",
      "error_count": 0,
      "locator_count": 15,
      "material_status": "material_extracted_with_gaps",
      "open_rework_ticket_count": 1,
      "packet_root": "source_recovery_packets/weak_source_full_20260511T150913Z/doi__10.1111_j.1432-1033.1995.tb20600.x",
      "paper_id": "doi__10.1111_j.1432-1033.1995.tb20600.x",
      "pdf_file_count": 1,
      "xml_file_count": 0
    },
    {
      "analysis_status": "analysis_blocked_until_material_handoff",
      "error_count": 0,
      "locator_count": 3,
      "material_status": "material_extracted_with_gaps",
      "open_rework_ticket_count": 1,
      "packet_root": "source_recovery_packets/weak_source_full_20260511T150913Z/doi__10.1128_aac.00765-09",
      "paper_id": "doi__10.1128_aac.00765-09",
      "pdf_file_count": 1,
      "xml_file_count": 0
    },
    {
      "analysis_status": "analysis_blocked_until_material_handoff",
      "error_count": 0,
      "locator_count": 23,
      "material_status": "material_extracted_with_gaps",
      "open_rework_ticket_count": 1,
      "packet_root": "source_recovery_packets/weak_source_full_20260511T150913Z/doi__10.1128_aac.01515-10",
      "paper_id": "doi__10.1128_aac.01515-10",
      "pdf_file_count": 1,
      "xml_file_count": 0
    },
    {
      "analysis_status": "analysis_blocked_until_material_handoff",
      "error_count": 0,
      "locator_count": 7,
      "material_status": "material_extracted_with_gaps",
      "open_rework_ticket_count": 1,
      "packet_root": "source_recovery_packets/weak_source_full_20260511T150913Z/doi__10.1128_aac.27.5.791",
      "paper_id": "doi__10.1128_aac.27.5.791",
      "pdf_file_count": 1,
      "xml_file_count": 0
    },
    {
      "analysis_status": "analysis_blocked_until_material_handoff",
      "error_count": 0,
      "locator_count": 8,
      "material_status": "material_extracted_with_gaps",
      "open_rework_ticket_count": 1,
      "packet_root": "source_recovery_packets/weak_source_full_20260511T150913Z/doi__10.1128_aac.45.3.905-912.2001",
      "paper_id": "doi__10.1128_aac.45.3.905-912.2001",
      "pdf_file_count": 1,
      "xml_file_count": 0
    },
    {
      "analysis_status": "analysis_blocked_until_material_handoff",
      "error_count": 0,
      "locator_count": 98,
      "material_status": "material_extracted_with_gaps",
      "open_rework_ticket_count": 1,
      "packet_root": "source_recovery_packets/weak_source_full_20260511T150913Z/doi__10.1128_aac.46.11.3585-3590.2002",
      "paper_id": "doi__10.1128_aac.46.11.3585-3590.2002",
      "pdf_file_count": 1,
      "xml_file_count": 0
    },
    {
      "analysis_status": "analysis_blocked_until_material_handoff",
      "error_count": 0,
      "locator_count": 14,
      "material_status": "material_extracted_with_gaps",
      "open_rework_ticket_count": 1,
      "packet_root": "source_recovery_packets/weak_source_full_20260511T150913Z/doi__10.1128_aac.49.6.2438-2444.2005",
      "paper_id": "doi__10.1128_aac.49.6.2438-2444.2005",
      "pdf_file_count": 2,
      "xml_file_count": 0
    },
    {
      "analysis_status": "analysis_blocked_until_material_handoff",
      "error_count": 0,
      "locator_count": 7,
      "material_status": "material_extracted_with_gaps",
      "open_rework_ticket_count": 1,
      "packet_root": "source_recovery_packets/weak_source_full_20260511T150913Z/doi__10.1128_aac.49.7.2845-2850.2005",
      "paper_id": "doi__10.1128_aac.49.7.2845-2850.2005",
      "pdf_file_count": 1,
      "xml_file_count": 0
    },
    {
      "analysis_status": "analysis_blocked_until_material_handoff",
      "error_count": 0,
      "locator_count": 18,
      "material_status": "material_extracted_with_gaps",
      "open_rework_ticket_count": 1,
      "packet_root": "source_recovery_packets/weak_source_full_20260511T150913Z/doi__10.1128_aem.00548-09",
      "paper_id": "doi__10.1128_aem.00548-09",
      "pdf_file_count": 1,
      "xml_file_count": 0
    },
    {
      "analysis_status": "analysis_blocked_until_material_handoff",
      "error_count": 0,
      "locator_count": 30,
      "material_status": "material_extracted_with_gaps",
      "open_rework_ticket_count": 1,
      "packet_root": "source_recovery_packets/weak_source_full_20260511T150913Z/doi__10.1128_aem.01981-20",
      "paper_id": "doi__10.1128_aem.01981-20",
      "pdf_file_count": 2,
      "xml_file_count": 0
    },
    {
      "analysis_status": "analysis_blocked_until_material_handoff",
      "error_count": 0,
      "locator_count": 9,
      "material_status": "material_extracted_with_gaps",
      "open_rework_ticket_count": 1,
      "packet_root": "source_recovery_packets/weak_source_full_20260511T150913Z/doi__10.1128_aem.02030-07",
      "paper_id": "doi__10.1128_aem.02030-07",
      "pdf_file_count": 1,
      "xml_file_count": 0
    },
    {
      "analysis_status": "analysis_blocked_until_material_handoff",
      "error_count": 0,
      "locator_count": 250,
      "material_status": "material_extracted_with_gaps",
      "open_rework_ticket_count": 1,
      "packet_root": "source_recovery_packets/weak_source_full_20260511T150913Z/doi__10.1128_aem.02062-24",
      "paper_id": "doi__10.1128_aem.02062-24",
      "pdf_file_count": 0,
      "xml_file_count": 2
    },
    {
      "analysis_status": "analysis_blocked_until_material_handoff",
      "error_count": 0,
      "locator_count": 20,
      "material_status": "material_extracted_with_gaps",
      "open_rework_ticket_count": 1,
      "packet_root": "source_recovery_packets/weak_source_full_20260511T150913Z/doi__10.1128_aem.02940-05",
      "paper_id": "doi__10.1128_aem.02940-05",
      "pdf_file_count": 4,
      "xml_file_count": 0
    },
    {
      "analysis_status": "analysis_blocked_until_material_handoff",
      "error_count": 0,
      "locator_count": 440,
      "material_status": "material_extracted_with_gaps",
      "open_rework_ticket_count": 1,
      "packet_root": "source_recovery_packets/weak_source_full_20260511T150913Z/doi__10.1128_iai.00131-25",
      "paper_id": "doi__10.1128_iai.00131-25",
      "pdf_file_count": 0,
      "xml_file_count": 2
    },
    {
      "analysis_status": "analysis_blocked_until_material_handoff",
      "error_count": 0,
      "locator_count": 41,
      "material_status": "material_extracted_with_gaps",
      "open_rework_ticket_count": 1,
      "packet_root": "source_recovery_packets/weak_source_full_20260511T150913Z/doi__10.1128_jb.186.5.1556-1564.2004",
      "paper_id": "doi__10.1128_jb.186.5.1556-1564.2004",
      "pdf_file_count": 1,
      "xml_file_count": 0
    },
    {
      "analysis_status": "analysis_blocked_until_material_handoff",
      "error_count": 0,
      "locator_count": 304,
      "material_status": "material_extracted_with_gaps",
      "open_rework_ticket_count": 1,
      "packet_root": "source_recovery_packets/weak_source_full_20260511T150913Z/doi__10.1128_mbio.00570-24",
      "paper_id": "doi__10.1128_mbio.00570-24",
      "pdf_file_count": 0,
      "xml_file_count": 2
    },
    {
      "analysis_status": "analysis_blocked_until_material_handoff",
      "error_count": 0,
      "locator_count": 308,
      "material_status": "material_extracted_with_gaps",
      "open_rework_ticket_count": 1,
      "packet_root": "source_recovery_packets/weak_source_full_20260511T150913Z/doi__10.1128_spectrum.02578-23",
      "paper_id": "doi__10.1128_spectrum.02578-23",
      "pdf_file_count": 0,
      "xml_file_count": 2
    },
    {
      "analysis_status": "analysis_blocked_until_material_handoff",
      "error_count": 0,
      "locator_count": 237,
      "material_status": "material_extracted_with_gaps",
      "open_rework_ticket_count": 1,
      "packet_root": "source_recovery_packets/weak_source_full_20260511T150913Z/doi__10.1128_spectrum.02658-22",
      "paper_id": "doi__10.1128_spectrum.02658-22",
      "pdf_file_count": 0,
      "xml_file_count": 2
    },
    {
      "analysis_status": "analysis_blocked_until_material_handoff",
      "error_count": 0,
      "locator_count": 30,
      "material_status": "material_extracted_with_gaps",
      "open_rework_ticket_count": 1,
      "packet_root": "source_recovery_packets/weak_source_full_20260511T150913Z/doi__10.1134_s1068162024030087",
      "paper_id": "doi__10.1134_s1068162024030087",
      "pdf_file_count": 2,
      "xml_file_count": 0
    },
    {
      "analysis_status": "analysis_blocked_until_material_handoff",
      "error_count": 0,
      "locator_count": 243,
      "material_status": "material_extracted_with_gaps",
      "open_rework_ticket_count": 1,
      "packet_root": "source_recovery_packets/weak_source_full_20260511T150913Z/doi__10.1155_2013_206917",
      "paper_id": "doi__10.1155_2013_206917",
      "pdf_file_count": 0,
      "xml_file_count": 3
    },
    {
      "analysis_status": "analysis_blocked_until_material_handoff",
      "error_count": 0,
      "locator_count": 161,
      "material_status": "material_extracted_with_gaps",
      "open_rework_ticket_count": 1,
      "packet_root": "source_recovery_packets/weak_source_full_20260511T150913Z/doi__10.1155_2013_930216",
      "paper_id": "doi__10.1155_2013_930216",
      "pdf_file_count": 0,
      "xml_file_count": 2
    },
    {
      "analysis_status": "analysis_blocked_until_material_handoff",
      "error_count": 0,
      "locator_count": 241,
      "material_status": "material_extracted_with_gaps",
      "open_rework_ticket_count": 1,
      "packet_root": "source_recovery_packets/weak_source_full_20260511T150913Z/doi__10.1155_2014_968487",
      "paper_id": "doi__10.1155_2014_968487",
      "pdf_file_count": 0,
      "xml_file_count": 2
    },
    {
      "analysis_status": "analysis_blocked_until_material_handoff",
      "error_count": 0,
      "locator_count": 299,
      "material_status": "material_extracted_with_gaps",
      "open_rework_ticket_count": 1,
      "packet_root": "source_recovery_packets/weak_source_full_20260511T150913Z/doi__10.1155_2018_8158453",
      "paper_id": "doi__10.1155_2018_8158453",
      "pdf_file_count": 0,
      "xml_file_count": 2
    },
    {
      "analysis_status": "analysis_blocked_until_material_handoff",
      "error_count": 0,
      "locator_count": 8,
      "material_status": "material_extracted_with_gaps",
      "open_rework_ticket_count": 1,
      "packet_root": "source_recovery_packets/weak_source_full_20260511T150913Z/doi__10.1172_jci112121",
      "paper_id": "doi__10.1172_jci112121",
      "pdf_file_count": 2,
      "xml_file_count": 0
    },
    {
      "analysis_status": "analysis_blocked_until_material_handoff",
      "error_count": 0,
      "locator_count": 36,
      "material_status": "material_extracted_with_gaps",
      "open_rework_ticket_count": 1,
      "packet_root": "source_recovery_packets/weak_source_full_20260511T150913Z/doi__10.1172_jci115880",
      "paper_id": "doi__10.1172_jci115880",
      "pdf_file_count": 4,
      "xml_file_count": 0
    },
    {
      "analysis_status": "analysis_blocked_until_material_handoff",
      "error_count": 0,
      "locator_count": 21,
      "material_status": "material_extracted_with_gaps",
      "open_rework_ticket_count": 1,
      "packet_root": "source_recovery_packets/weak_source_full_20260511T150913Z/doi__10.1172_jci2410",
      "paper_id": "doi__10.1172_jci2410",
      "pdf_file_count": 3,
      "xml_file_count": 0
    },
    {
      "analysis_status": "analysis_blocked_until_material_handoff",
      "error_count": 0,
      "locator_count": 12,
      "material_status": "material_extracted_with_gaps",
      "open_rework_ticket_count": 1,
      "packet_root": "source_recovery_packets/weak_source_full_20260511T150913Z/doi__10.1172_jci3121",
      "paper_id": "doi__10.1172_jci3121",
      "pdf_file_count": 2,
      "xml_file_count": 0
    },
    {
      "analysis_status": "analysis_blocked_until_material_handoff",
      "error_count": 0,
      "locator_count": 26,
      "material_status": "material_extracted_with_gaps",
      "open_rework_ticket_count": 1,
      "packet_root": "source_recovery_packets/weak_source_full_20260511T150913Z/doi__10.1172_jci64416",
      "paper_id": "doi__10.1172_jci64416",
      "pdf_file_count": 2,
      "xml_file_count": 0
    },
    {
      "analysis_status": "analysis_blocked_until_material_handoff",
      "error_count": 0,
      "locator_count": 12,
      "material_status": "material_extracted_with_gaps",
      "open_rework_ticket_count": 1,
      "packet_root": "source_recovery_packets/weak_source_full_20260511T150913Z/doi__10.1177_1535370220966963",
      "paper_id": "doi__10.1177_1535370220966963",
      "pdf_file_count": 1,
      "xml_file_count": 0
    },
    {
      "analysis_status": "analysis_blocked_until_material_handoff",
      "error_count": 0,
      "locator_count": 46,
      "material_status": "material_extracted_with_gaps",
      "open_rework_ticket_count": 1,
      "packet_root": "source_recovery_packets/weak_source_full_20260511T150913Z/doi__10.1186_1471-2164-13-312",
      "paper_id": "doi__10.1186_1471-2164-13-312",
      "pdf_file_count": 2,
      "xml_file_count": 0
    },
    {
      "analysis_status": "analysis_blocked_until_material_handoff",
      "error_count": 0,
      "locator_count": 26,
      "material_status": "material_extracted_with_gaps",
      "open_rework_ticket_count": 1,
      "packet_root": "source_recovery_packets/weak_source_full_20260511T150913Z/doi__10.1186_1471-2407-9-183",
      "paper_id": "doi__10.1186_1471-2407-9-183",
      "pdf_file_count": 2,
      "xml_file_count": 0
    },
    {
      "analysis_status": "analysis_blocked_until_material_handoff",
      "error_count": 0,
      "locator_count": 14,
      "material_status": "material_extracted_with_gaps",
      "open_rework_ticket_count": 1,
      "packet_root": "source_recovery_packets/weak_source_full_20260511T150913Z/doi__10.1186_1472-6750-12-10",
      "paper_id": "doi__10.1186_1472-6750-12-10",
      "pdf_file_count": 2,
      "xml_file_count": 0
    },
    {
      "analysis_status": "analysis_blocked_until_material_handoff",
      "error_count": 0,
      "locator_count": 40,
      "material_status": "material_extracted_with_gaps",
      "open_rework_ticket_count": 1,
      "packet_root": "source_recovery_packets/weak_source_full_20260511T150913Z/doi__10.1186_1742-4690-10-136",
      "paper_id": "doi__10.1186_1742-4690-10-136",
      "pdf_file_count": 2,
      "xml_file_count": 0
    },
    {
      "analysis_status": "analysis_blocked_until_material_handoff",
      "error_count": 0,
      "locator_count": 24,
      "material_status": "material_extracted_with_gaps",
      "open_rework_ticket_count": 1,
      "packet_root": "source_recovery_packets/weak_source_full_20260511T150913Z/doi__10.1186_s13568-021-01226-4",
      "paper_id": "doi__10.1186_s13568-021-01226-4",
      "pdf_file_count": 2,
      "xml_file_count": 0
    },
    {
      "analysis_status": "analysis_blocked_until_material_handoff",
      "error_count": 0,
      "locator_count": 28,
      "material_status": "material_extracted_with_gaps",
      "open_rework_ticket_count": 1,
      "packet_root": "source_recovery_packets/weak_source_full_20260511T150913Z/doi__10.1186_s40538-025-00751-9",
      "paper_id": "doi__10.1186_s40538-025-00751-9",
      "pdf_file_count": 2,
      "xml_file_count": 0
    },
    {
      "analysis_status": "analysis_blocked_until_material_handoff",
      "error_count": 0,
      "locator_count": 14,
      "material_status": "material_extracted_with_gaps",
      "open_rework_ticket_count": 1,
      "packet_root": "source_recovery_packets/weak_source_full_20260511T150913Z/doi__10.1186_s40543-021-00264-8",
      "paper_id": "doi__10.1186_s40543-021-00264-8",
      "pdf_file_count": 2,
      "xml_file_count": 0
    },
    {
      "analysis_status": "analysis_blocked_until_material_handoff",
      "error_count": 0,
      "locator_count": 9,
      "material_status": "material_extracted_with_gaps",
      "open_rework_ticket_count": 1,
      "packet_root": "source_recovery_packets/weak_source_full_20260511T150913Z/doi__10.1242_jcs.113.3.461",
      "paper_id": "doi__10.1242_jcs.113.3.461",
      "pdf_file_count": 1,
      "xml_file_count": 0
    },
    {
      "analysis_status": "analysis_blocked_until_material_handoff",
      "error_count": 0,
      "locator_count": 8,
      "material_status": "material_extracted_with_gaps",
      "open_rework_ticket_count": 1,
      "packet_root": "source_recovery_packets/weak_source_full_20260511T150913Z/doi__10.1248_bpb.18.1049",
      "paper_id": "doi__10.1248_bpb.18.1049",
      "pdf_file_count": 2,
      "xml_file_count": 0
    },
    {
      "analysis_status": "analysis_blocked_until_material_handoff",
      "error_count": 0,
      "locator_count": 6,
      "material_status": "material_extracted_with_gaps",
      "open_rework_ticket_count": 1,
      "packet_root": "source_recovery_packets/weak_source_full_20260511T150913Z/doi__10.1248_bpb.18.457",
      "paper_id": "doi__10.1248_bpb.18.457",
      "pdf_file_count": 2,
      "xml_file_count": 0
    },
    {
      "analysis_status": "analysis_blocked_until_material_handoff",
      "error_count": 0,
      "locator_count": 8,
      "material_status": "material_extracted_with_gaps",
      "open_rework_ticket_count": 1,
      "packet_root": "source_recovery_packets/weak_source_full_20260511T150913Z/doi__10.1248_bpb.21.924",
      "paper_id": "doi__10.1248_bpb.21.924",
      "pdf_file_count": 2,
      "xml_file_count": 0
    },
    {
      "analysis_status": "analysis_blocked_until_material_handoff",
      "error_count": 0,
      "locator_count": 18,
      "material_status": "material_extracted_with_gaps",
      "open_rework_ticket_count": 1,
      "packet_root": "source_recovery_packets/weak_source_full_20260511T150913Z/doi__10.1248_bpb.30.218",
      "paper_id": "doi__10.1248_bpb.30.218",
      "pdf_file_count": 3,
      "xml_file_count": 0
    },
    {
      "analysis_status": "analysis_blocked_until_material_handoff",
      "error_count": 0,
      "locator_count": 10,
      "material_status": "material_extracted_with_gaps",
      "open_rework_ticket_count": 1,
      "packet_root": "source_recovery_packets/weak_source_full_20260511T150913Z/doi__10.1248_bpb.31.1906",
      "paper_id": "doi__10.1248_bpb.31.1906",
      "pdf_file_count": 2,
      "xml_file_count": 0
    },
    {
      "analysis_status": "analysis_blocked_until_material_handoff",
      "error_count": 0,
      "locator_count": 14,
      "material_status": "material_extracted_with_gaps",
      "open_rework_ticket_count": 1,
      "packet_root": "source_recovery_packets/weak_source_full_20260511T150913Z/doi__10.1248_bpb.b20-00799",
      "paper_id": "doi__10.1248_bpb.b20-00799",
      "pdf_file_count": 2,
      "xml_file_count": 0
    },
    {
      "analysis_status": "analysis_blocked_until_material_handoff",
      "error_count": 0,
      "locator_count": 8,
      "material_status": "material_extracted_with_gaps",
      "open_rework_ticket_count": 1,
      "packet_root": "source_recovery_packets/weak_source_full_20260511T150913Z/doi__10.1248_cpb.17.2188",
      "paper_id": "doi__10.1248_cpb.17.2188",
      "pdf_file_count": 2,
      "xml_file_count": 0
    },
    {
      "analysis_status": "analysis_blocked_until_material_handoff",
      "error_count": 0,
      "locator_count": 16,
      "material_status": "material_extracted_with_gaps",
      "open_rework_ticket_count": 1,
      "packet_root": "source_recovery_packets/weak_source_full_20260511T150913Z/doi__10.1248_cpb.22.1827",
      "paper_id": "doi__10.1248_cpb.22.1827",
      "pdf_file_count": 2,
      "xml_file_count": 0
    },
    {
      "analysis_status": "analysis_blocked_until_material_handoff",
      "error_count": 0,
      "locator_count": 6,
      "material_status": "material_extracted_with_gaps",
      "open_rework_ticket_count": 1,
      "packet_root": "source_recovery_packets/weak_source_full_20260511T150913Z/doi__10.1248_cpb.27.1942",
      "paper_id": "doi__10.1248_cpb.27.1942",
      "pdf_file_count": 2,
      "xml_file_count": 0
    },
    {
      "analysis_status": "analysis_blocked_until_material_handoff",
      "error_count": 0,
      "locator_count": 14,
      "material_status": "material_extracted_with_gaps",
      "open_rework_ticket_count": 1,
      "packet_root": "source_recovery_packets/weak_source_full_20260511T150913Z/doi__10.1248_cpb.27.492",
      "paper_id": "doi__10.1248_cpb.27.492",
      "pdf_file_count": 2,
      "xml_file_count": 0
    },
    {
      "analysis_status": "analysis_blocked_until_material_handoff",
      "error_count": 0,
      "locator_count": 4,
      "material_status": "material_extracted_with_gaps",
      "open_rework_ticket_count": 1,
      "packet_root": "source_recovery_packets/weak_source_full_20260511T150913Z/doi__10.1248_cpb.52.1029",
      "paper_id": "doi__10.1248_cpb.52.1029",
      "pdf_file_count": 2,
      "xml_file_count": 0
    },
    {
      "analysis_status": "analysis_blocked_until_material_handoff",
      "error_count": 0,
      "locator_count": 8,
      "material_status": "material_extracted_with_gaps",
      "open_rework_ticket_count": 1,
      "packet_root": "source_recovery_packets/weak_source_full_20260511T150913Z/doi__10.1248_cpb.57.214",
      "paper_id": "doi__10.1248_cpb.57.214",
      "pdf_file_count": 2,
      "xml_file_count": 0
    },
    {
      "analysis_status": "analysis_blocked_until_material_handoff",
      "error_count": 0,
      "locator_count": 10,
      "material_status": "material_extracted_with_gaps",
      "open_rework_ticket_count": 1,
      "packet_root": "source_recovery_packets/weak_source_full_20260511T150913Z/doi__10.1248_cpb.57.240",
      "paper_id": "doi__10.1248_cpb.57.240",
      "pdf_file_count": 2,
      "xml_file_count": 0
    },
    {
      "analysis_status": "analysis_blocked_until_material_handoff",
      "error_count": 0,
      "locator_count": 8,
      "material_status": "material_extracted_with_gaps",
      "open_rework_ticket_count": 1,
      "packet_root": "source_recovery_packets/weak_source_full_20260511T150913Z/doi__10.1248_cpb.59.1481",
      "paper_id": "doi__10.1248_cpb.59.1481",
      "pdf_file_count": 2,
      "xml_file_count": 0
    },
    {
      "analysis_status": "analysis_blocked_until_material_handoff",
      "error_count": 0,
      "locator_count": 10,
      "material_status": "material_extracted_with_gaps",
      "open_rework_ticket_count": 1,
      "packet_root": "source_recovery_packets/weak_source_full_20260511T150913Z/doi__10.1248_cpb.c12-00290",
      "paper_id": "doi__10.1248_cpb.c12-00290",
      "pdf_file_count": 2,
      "xml_file_count": 0
    },
    {
      "analysis_status": "analysis_blocked_until_material_handoff",
      "error_count": 0,
      "locator_count": 10,
      "material_status": "material_extracted_with_gaps",
      "open_rework_ticket_count": 1,
      "packet_root": "source_recovery_packets/weak_source_full_20260511T150913Z/doi__10.1248_cpb.c14-00103",
      "paper_id": "doi__10.1248_cpb.c14-00103",
      "pdf_file_count": 2,
      "xml_file_count": 0
    },
    {
      "analysis_status": "analysis_blocked_until_material_handoff",
      "error_count": 0,
      "locator_count": 12,
      "material_status": "material_extracted_with_gaps",
      "open_rework_ticket_count": 1,
      "packet_root": "source_recovery_packets/weak_source_full_20260511T150913Z/doi__10.1248_cpb.c23-00465",
      "paper_id": "doi__10.1248_cpb.c23-00465",
      "pdf_file_count": 2,
      "xml_file_count": 0
    },
    {
      "analysis_status": "analysis_blocked_until_material_handoff",
      "error_count": 0,
      "locator_count": 16,
      "material_status": "material_extracted_with_gaps",
      "open_rework_ticket_count": 1,
      "packet_root": "source_recovery_packets/weak_source_full_20260511T150913Z/doi__10.1262_jrd.17070",
      "paper_id": "doi__10.1262_jrd.17070",
      "pdf_file_count": 2,
      "xml_file_count": 0
    },
    {
      "analysis_status": "analysis_blocked_until_material_handoff",
      "error_count": 0,
      "locator_count": 12,
      "material_status": "material_extracted_with_gaps",
      "open_rework_ticket_count": 1,
      "packet_root": "source_recovery_packets/weak_source_full_20260511T150913Z/doi__10.1264_jsme2.me18148",
      "paper_id": "doi__10.1264_jsme2.me18148",
      "pdf_file_count": 2,
      "xml_file_count": 0
    },
    {
      "analysis_status": "analysis_blocked_until_material_handoff",
      "error_count": 0,
      "locator_count": 10,
      "material_status": "material_extracted_with_gaps",
      "open_rework_ticket_count": 1,
      "packet_root": "source_recovery_packets/weak_source_full_20260511T150913Z/doi__10.1271_kagakutoseibutsu1962.24.677",
      "paper_id": "doi__10.1271_kagakutoseibutsu1962.24.677",
      "pdf_file_count": 2,
      "xml_file_count": 0
    },
    {
      "analysis_status": "analysis_blocked_until_material_handoff",
      "error_count": 0,
      "locator_count": 16,
      "material_status": "material_extracted_with_gaps",
      "open_rework_ticket_count": 1,
      "packet_root": "source_recovery_packets/weak_source_full_20260511T150913Z/doi__10.1292_jvms.09-0167",
      "paper_id": "doi__10.1292_jvms.09-0167",
      "pdf_file_count": 2,
      "xml_file_count": 0
    },
    {
      "analysis_status": "analysis_blocked_until_material_handoff",
      "error_count": 0,
      "locator_count": 22,
      "material_status": "material_extracted_with_gaps",
      "open_rework_ticket_count": 1,
      "packet_root": "source_recovery_packets/weak_source_full_20260511T150913Z/doi__10.1303_aez.2005.335",
      "paper_id": "doi__10.1303_aez.2005.335",
      "pdf_file_count": 2,
      "xml_file_count": 0
    },
    {
      "analysis_status": "analysis_blocked_until_material_handoff",
      "error_count": 0,
      "locator_count": 30,
      "material_status": "material_extracted_with_gaps",
      "open_rework_ticket_count": 1,
      "packet_root": "source_recovery_packets/weak_source_full_20260511T150913Z/doi__10.1351_pac-con-09-01-12",
      "paper_id": "doi__10.1351_pac-con-09-01-12",
      "pdf_file_count": 2,
      "xml_file_count": 0
    },
    {
      "analysis_status": "analysis_blocked_until_material_handoff",
      "error_count": 0,
      "locator_count": 24,
      "material_status": "material_extracted_with_gaps",
      "open_rework_ticket_count": 1,
      "packet_root": "source_recovery_packets/weak_source_full_20260511T150913Z/doi__10.1351_pac200779040717",
      "paper_id": "doi__10.1351_pac200779040717",
      "pdf_file_count": 2,
      "xml_file_count": 0
    },
    {
      "analysis_status": "analysis_blocked_until_material_handoff",
      "error_count": 0,
      "locator_count": 7,
      "material_status": "material_extracted_with_gaps",
      "open_rework_ticket_count": 1,
      "packet_root": "source_recovery_packets/weak_source_full_20260511T150913Z/doi__10.13652_j.issn.1003-5788.2019.07.001",
      "paper_id": "doi__10.13652_j.issn.1003-5788.2019.07.001",
      "pdf_file_count": 1,
      "xml_file_count": 0
    },
    {
      "analysis_status": "analysis_blocked_until_material_handoff",
      "error_count": 0,
      "locator_count": 32,
      "material_status": "material_extracted_with_gaps",
      "open_rework_ticket_count": 1,
      "packet_root": "source_recovery_packets/weak_source_full_20260511T150913Z/doi__10.1371_journal.pbio.1000112",
      "paper_id": "doi__10.1371_journal.pbio.1000112",
      "pdf_file_count": 2,
      "xml_file_count": 0
    },
    {
      "analysis_status": "analysis_blocked_until_material_handoff",
      "error_count": 0,
      "locator_count": 22,
      "material_status": "material_extracted_with_gaps",
      "open_rework_ticket_count": 1,
      "packet_root": "source_recovery_packets/weak_source_full_20260511T150913Z/doi__10.1371_journal.pone.0006788",
      "paper_id": "doi__10.1371_journal.pone.0006788",
      "pdf_file_count": 2,
      "xml_file_count": 0
    },
    {
      "analysis_status": "analysis_blocked_until_material_handoff",
      "error_count": 0,
      "locator_count": 30,
      "material_status": "material_extracted_with_gaps",
      "open_rework_ticket_count": 1,
      "packet_root": "source_recovery_packets/weak_source_full_20260511T150913Z/doi__10.1371_journal.pone.0178943",
      "paper_id": "doi__10.1371_journal.pone.0178943",
      "pdf_file_count": 2,
      "xml_file_count": 0
    },
    {
      "analysis_status": "analysis_blocked_until_material_handoff",
      "error_count": 0,
      "locator_count": 34,
      "material_status": "material_extracted_with_gaps",
      "open_rework_ticket_count": 1,
      "packet_root": "source_recovery_packets/weak_source_full_20260511T150913Z/doi__10.1371_journal.pone.0201220",
      "paper_id": "doi__10.1371_journal.pone.0201220",
      "pdf_file_count": 2,
      "xml_file_count": 0
    },
    {
      "analysis_status": "analysis_blocked_until_material_handoff",
      "error_count": 0,
      "locator_count": 4,
      "material_status": "material_extracted_with_gaps",
      "open_rework_ticket_count": 1,
      "packet_root": "source_recovery_packets/weak_source_full_20260511T150913Z/doi__10.14233_ajchem.2015.18612",
      "paper_id": "doi__10.14233_ajchem.2015.18612",
      "pdf_file_count": 1,
      "xml_file_count": 0
    },
    {
      "analysis_status": "analysis_blocked_until_material_handoff",
      "error_count": 0,
      "locator_count": 1,
      "material_status": "material_extracted_with_gaps",
      "open_rework_ticket_count": 1,
      "packet_root": "source_recovery_packets/weak_source_full_20260511T150913Z/doi__10.1515_bchm.1997.378.9.989",
      "paper_id": "doi__10.1515_bchm.1997.378.9.989",
      "pdf_file_count": 1,
      "xml_file_count": 0
    },
    {
      "analysis_status": "analysis_blocked_until_material_handoff",
      "error_count": 0,
      "locator_count": 1,
      "material_status": "material_extracted_with_gaps",
      "open_rework_ticket_count": 1,
      "packet_root": "source_recovery_packets/weak_source_full_20260511T150913Z/doi__10.1515_bchm3.1990.371.1.111",
      "paper_id": "doi__10.1515_bchm3.1990.371.1.111",
      "pdf_file_count": 1,
      "xml_file_count": 0
    },
    {
      "analysis_status": "analysis_blocked_until_material_handoff",
      "error_count": 0,
      "locator_count": 12,
      "material_status": "material_extracted_with_gaps",
      "open_rework_ticket_count": 1,
      "packet_root": "source_recovery_packets/weak_source_full_20260511T150913Z/doi__10.1515_bchm3.1995.376.8.507",
      "paper_id": "doi__10.1515_bchm3.1995.376.8.507",
      "pdf_file_count": 1,
      "xml_file_count": 0
    },
    {
      "analysis_status": "analysis_blocked_until_material_handoff",
      "error_count": 0,
      "locator_count": 3,
      "material_status": "material_extracted_with_gaps",
      "open_rework_ticket_count": 1,
      "packet_root": "source_recovery_packets/weak_source_full_20260511T150913Z/doi__10.1515_hsz-2019-397ja-01",
      "paper_id": "doi__10.1515_hsz-2019-397ja-01",
      "pdf_file_count": 1,
      "xml_file_count": 0
    },
    {
      "analysis_status": "analysis_blocked_until_material_handoff",
      "error_count": 0,
      "locator_count": 12,
      "material_status": "material_extracted_with_gaps",
      "open_rework_ticket_count": 1,
      "packet_root": "source_recovery_packets/weak_source_full_20260511T150913Z/doi__10.1515_znc-2003-9-1026",
      "paper_id": "doi__10.1515_znc-2003-9-1026",
      "pdf_file_count": 2,
      "xml_file_count": 0
    },
    {
      "analysis_status": "analysis_blocked_until_material_handoff",
      "error_count": 0,
      "locator_count": 5,
      "material_status": "material_extracted_with_gaps",
      "open_rework_ticket_count": 1,
      "packet_root": "source_recovery_packets/weak_source_full_20260511T150913Z/doi__10.18388_abp.2001_3889",
      "paper_id": "doi__10.18388_abp.2001_3889",
      "pdf_file_count": 1,
      "xml_file_count": 0
    },
    {
      "analysis_status": "analysis_blocked_until_material_handoff",
      "error_count": 0,
      "locator_count": 5,
      "material_status": "material_extracted_with_gaps",
      "open_rework_ticket_count": 1,
      "packet_root": "source_recovery_packets/weak_source_full_20260511T150913Z/doi__10.18388_abp.2001_3890",
      "paper_id": "doi__10.18388_abp.2001_3890",
      "pdf_file_count": 1,
      "xml_file_count": 0
    },
    {
      "analysis_status": "analysis_blocked_until_material_handoff",
      "error_count": 0,
      "locator_count": 12,
      "material_status": "material_extracted_with_gaps",
      "open_rework_ticket_count": 1,
      "packet_root": "source_recovery_packets/weak_source_full_20260511T150913Z/doi__10.18388_abp.2009_2518",
      "paper_id": "doi__10.18388_abp.2009_2518",
      "pdf_file_count": 1,
      "xml_file_count": 0
    },
    {
      "analysis_status": "analysis_blocked_until_material_handoff",
      "error_count": 0,
      "locator_count": 7,
      "material_status": "material_extracted_with_gaps",
      "open_rework_ticket_count": 1,
      "packet_root": "source_recovery_packets/weak_source_full_20260511T150913Z/doi__10.18388_abp.2020_5757",
      "paper_id": "doi__10.18388_abp.2020_5757",
      "pdf_file_count": 1,
      "xml_file_count": 0
    },
    {
      "analysis_status": "analysis_blocked_until_material_handoff",
      "error_count": 0,
      "locator_count": 4,
      "material_status": "material_extracted_with_gaps",
      "open_rework_ticket_count": 1,
      "packet_root": "source_recovery_packets/weak_source_full_20260511T150913Z/doi__10.20307_nps.2018.24.4.225",
      "paper_id": "doi__10.20307_nps.2018.24.4.225",
      "pdf_file_count": 1,
      "xml_file_count": 0
    },
    {
      "analysis_status": "analysis_blocked_until_material_handoff",
      "error_count": 0,
      "locator_count": 22,
      "material_status": "material_extracted_with_gaps",
      "open_rework_ticket_count": 1,
      "packet_root": "source_recovery_packets/weak_source_full_20260511T150913Z/doi__10.2220_biomedres.31.71",
      "paper_id": "doi__10.2220_biomedres.31.71",
      "pdf_file_count": 2,
      "xml_file_count": 0
    },
    {
      "analysis_status": "analysis_blocked_until_material_handoff",
      "error_count": 0,
      "locator_count": 30,
      "material_status": "material_extracted_with_gaps",
      "open_rework_ticket_count": 1,
      "packet_root": "source_recovery_packets/weak_source_full_20260511T150913Z/doi__10.2478_s11535-010-0111-4",
      "paper_id": "doi__10.2478_s11535-010-0111-4",
      "pdf_file_count": 3,
      "xml_file_count": 0
    },
    {
      "analysis_status": "analysis_blocked_until_material_handoff",
      "error_count": 0,
      "locator_count": 12,
      "material_status": "material_extracted_with_gaps",
      "open_rework_ticket_count": 1,
      "packet_root": "source_recovery_packets/weak_source_full_20260511T150913Z/doi__10.2533_chimia.2024.648",
      "paper_id": "doi__10.2533_chimia.2024.648",
      "pdf_file_count": 2,
      "xml_file_count": 0
    },
    {
      "analysis_status": "analysis_blocked_until_material_handoff",
      "error_count": 0,
      "locator_count": 24,
      "material_status": "material_extracted_with_gaps",
      "open_rework_ticket_count": 1,
      "packet_root": "source_recovery_packets/weak_source_full_20260511T150913Z/doi__10.31083_j.fbl2702064",
      "paper_id": "doi__10.31083_j.fbl2702064",
      "pdf_file_count": 2,
      "xml_file_count": 0
    },
    {
      "analysis_status": "analysis_blocked_until_material_handoff",
      "error_count": 0,
      "locator_count": 18,
      "material_status": "material_extracted_with_gaps",
      "open_rework_ticket_count": 1,
      "packet_root": "source_recovery_packets/weak_source_full_20260511T150913Z/doi__10.3389_fchem.2017.00005",
      "paper_id": "doi__10.3389_fchem.2017.00005",
      "pdf_file_count": 2,
      "xml_file_count": 0
    },
    {
      "analysis_status": "analysis_blocked_until_material_handoff",
      "error_count": 0,
      "locator_count": 22,
      "material_status": "material_extracted_with_gaps",
      "open_rework_ticket_count": 1,
      "packet_root": "source_recovery_packets/weak_source_full_20260511T150913Z/doi__10.3389_ffunb.2021.638595",
      "paper_id": "doi__10.3389_ffunb.2021.638595",
      "pdf_file_count": 2,
      "xml_file_count": 0
    },
    {
      "analysis_status": "analysis_blocked_until_material_handoff",
      "error_count": 0,
      "locator_count": 22,
      "material_status": "material_extracted_with_gaps",
      "open_rework_ticket_count": 1,
      "packet_root": "source_recovery_packets/weak_source_full_20260511T150913Z/doi__10.3389_fmicb.2025.1622282",
      "paper_id": "doi__10.3389_fmicb.2025.1622282",
      "pdf_file_count": 2,
      "xml_file_count": 0
    },
    {
      "analysis_status": "analysis_blocked_until_material_handoff",
      "error_count": 0,
      "locator_count": 239,
      "material_status": "material_extracted_with_gaps",
      "open_rework_ticket_count": 1,
      "packet_root": "source_recovery_packets/weak_source_full_20260511T150913Z/doi__10.3390_ani15172590",
      "paper_id": "doi__10.3390_ani15172590",
      "pdf_file_count": 0,
      "xml_file_count": 2
    },
    {
      "analysis_status": "analysis_blocked_until_material_handoff",
      "error_count": 0,
      "locator_count": 301,
      "material_status": "material_extracted_with_gaps",
      "open_rework_ticket_count": 1,
      "packet_root": "source_recovery_packets/weak_source_full_20260511T150913Z/doi__10.3390_antibiotics12030472",
      "paper_id": "doi__10.3390_antibiotics12030472",
      "pdf_file_count": 0,
      "xml_file_count": 2
    },
    {
      "analysis_status": "analysis_blocked_until_material_handoff",
      "error_count": 0,
      "locator_count": 345,
      "material_status": "material_extracted_with_gaps",
      "open_rework_ticket_count": 1,
      "packet_root": "source_recovery_packets/weak_source_full_20260511T150913Z/doi__10.3390_antibiotics13020190",
      "paper_id": "doi__10.3390_antibiotics13020190",
      "pdf_file_count": 0,
      "xml_file_count": 2
    },
    {
      "analysis_status": "analysis_blocked_until_material_handoff",
      "error_count": 0,
      "locator_count": 220,
      "material_status": "material_extracted_with_gaps",
      "open_rework_ticket_count": 1,
      "packet_root": "source_recovery_packets/weak_source_full_20260511T150913Z/doi__10.3390_antibiotics14070655",
      "paper_id": "doi__10.3390_antibiotics14070655",
      "pdf_file_count": 0,
      "xml_file_count": 2
    },
    {
      "analysis_status": "analysis_blocked_until_material_handoff",
      "error_count": 0,
      "locator_count": 486,
      "material_status": "material_extracted_with_gaps",
      "open_rework_ticket_count": 1,
      "packet_root": "source_recovery_packets/weak_source_full_20260511T150913Z/doi__10.3390_antibiotics14111077",
      "paper_id": "doi__10.3390_antibiotics14111077",
      "pdf_file_count": 0,
      "xml_file_count": 3
    },
    {
      "analysis_status": "analysis_blocked_until_material_handoff",
      "error_count": 0,
      "locator_count": 205,
      "material_status": "material_extracted_with_gaps",
      "open_rework_ticket_count": 1,
      "packet_root": "source_recovery_packets/weak_source_full_20260511T150913Z/doi__10.3390_antibiotics9020078",
      "paper_id": "doi__10.3390_antibiotics9020078",
      "pdf_file_count": 0,
      "xml_file_count": 2
    },
    {
      "analysis_status": "analysis_blocked_until_material_handoff",
      "error_count": 0,
      "locator_count": 192,
      "material_status": "material_extracted_with_gaps",
      "open_rework_ticket_count": 1,
      "packet_root": "source_recovery_packets/weak_source_full_20260511T150913Z/doi__10.3390_biom11040485",
      "paper_id": "doi__10.3390_biom11040485",
      "pdf_file_count": 0,
      "xml_file_count": 2
    },
    {
      "analysis_status": "analysis_blocked_until_material_handoff",
      "error_count": 0,
      "locator_count": 137,
      "material_status": "material_extracted_with_gaps",
      "open_rework_ticket_count": 1,
      "packet_root": "source_recovery_packets/weak_source_full_20260511T150913Z/doi__10.3390_cancers13020191",
      "paper_id": "doi__10.3390_cancers13020191",
      "pdf_file_count": 0,
      "xml_file_count": 1
    },
    {
      "analysis_status": "analysis_blocked_until_material_handoff",
      "error_count": 0,
      "locator_count": 270,
      "material_status": "material_extracted_with_gaps",
      "open_rework_ticket_count": 1,
      "packet_root": "source_recovery_packets/weak_source_full_20260511T150913Z/doi__10.3390_genes16121450",
      "paper_id": "doi__10.3390_genes16121450",
      "pdf_file_count": 0,
      "xml_file_count": 2
    },
    {
      "analysis_status": "analysis_blocked_until_material_handoff",
      "error_count": 0,
      "locator_count": 158,
      "material_status": "material_extracted_with_gaps",
      "open_rework_ticket_count": 1,
      "packet_root": "source_recovery_packets/weak_source_full_20260511T150913Z/doi__10.3390_ijms14024349",
      "paper_id": "doi__10.3390_ijms14024349",
      "pdf_file_count": 0,
      "xml_file_count": 2
    },
    {
      "analysis_status": "analysis_blocked_until_material_handoff",
      "error_count": 0,
      "locator_count": 318,
      "material_status": "material_extracted_with_gaps",
      "open_rework_ticket_count": 1,
      "packet_root": "source_recovery_packets/weak_source_full_20260511T150913Z/doi__10.3390_ijms22115435",
      "paper_id": "doi__10.3390_ijms22115435",
      "pdf_file_count": 0,
      "xml_file_count": 2
    },
    {
      "analysis_status": "analysis_blocked_until_material_handoff",
      "error_count": 0,
      "locator_count": 273,
      "material_status": "material_extracted_with_gaps",
      "open_rework_ticket_count": 1,
      "packet_root": "source_recovery_packets/weak_source_full_20260511T150913Z/doi__10.3390_ijms23010015",
      "paper_id": "doi__10.3390_ijms23010015",
      "pdf_file_count": 0,
      "xml_file_count": 2
    },
    {
      "analysis_status": "analysis_blocked_until_material_handoff",
      "error_count": 0,
      "locator_count": 316,
      "material_status": "material_extracted_with_gaps",
      "open_rework_ticket_count": 1,
      "packet_root": "source_recovery_packets/weak_source_full_20260511T150913Z/doi__10.3390_ijms23052789",
      "paper_id": "doi__10.3390_ijms23052789",
      "pdf_file_count": 0,
      "xml_file_count": 2
    },
    {
      "analysis_status": "analysis_blocked_until_material_handoff",
      "error_count": 0,
      "locator_count": 264,
      "material_status": "material_extracted_with_gaps",
      "open_rework_ticket_count": 1,
      "packet_root": "source_recovery_packets/weak_source_full_20260511T150913Z/doi__10.3390_ijms24054800",
      "paper_id": "doi__10.3390_ijms24054800",
      "pdf_file_count": 0,
      "xml_file_count": 2
    },
    {
      "analysis_status": "analysis_blocked_until_material_handoff",
      "error_count": 0,
      "locator_count": 346,
      "material_status": "material_extracted_with_gaps",
      "open_rework_ticket_count": 1,
      "packet_root": "source_recovery_packets/weak_source_full_20260511T150913Z/doi__10.3390_ijms24076813",
      "paper_id": "doi__10.3390_ijms24076813",
      "pdf_file_count": 0,
      "xml_file_count": 2
    },
    {
      "analysis_status": "analysis_blocked_until_material_handoff",
      "error_count": 0,
      "locator_count": 218,
      "material_status": "material_extracted_with_gaps",
      "open_rework_ticket_count": 1,
      "packet_root": "source_recovery_packets/weak_source_full_20260511T150913Z/doi__10.3390_ijms25010604",
      "paper_id": "doi__10.3390_ijms25010604",
      "pdf_file_count": 0,
      "xml_file_count": 2
    },
    {
      "analysis_status": "analysis_blocked_until_material_handoff",
      "error_count": 0,
      "locator_count": 266,
      "material_status": "material_extracted_with_gaps",
      "open_rework_ticket_count": 1,
      "packet_root": "source_recovery_packets/weak_source_full_20260511T150913Z/doi__10.3390_ijms252111776",
      "paper_id": "doi__10.3390_ijms252111776",
      "pdf_file_count": 0,
      "xml_file_count": 2
    },
    {
      "analysis_status": "analysis_blocked_until_material_handoff",
      "error_count": 0,
      "locator_count": 226,
      "material_status": "material_extracted_with_gaps",
      "open_rework_ticket_count": 1,
      "packet_root": "source_recovery_packets/weak_source_full_20260511T150913Z/doi__10.3390_insects13100958",
      "paper_id": "doi__10.3390_insects13100958",
      "pdf_file_count": 0,
      "xml_file_count": 2
    },
    {
      "analysis_status": "analysis_blocked_until_material_handoff",
      "error_count": 0,
      "locator_count": 342,
      "material_status": "material_extracted_with_gaps",
      "open_rework_ticket_count": 1,
      "packet_root": "source_recovery_packets/weak_source_full_20260511T150913Z/doi__10.3390_jof7020153",
      "paper_id": "doi__10.3390_jof7020153",
      "pdf_file_count": 0,
      "xml_file_count": 2
    },
    {
      "analysis_status": "analysis_blocked_until_material_handoff",
      "error_count": 0,
      "locator_count": 216,
      "material_status": "material_extracted_with_gaps",
      "open_rework_ticket_count": 1,
      "packet_root": "source_recovery_packets/weak_source_full_20260511T150913Z/doi__10.3390_md16100381",
      "paper_id": "doi__10.3390_md16100381",
      "pdf_file_count": 0,
      "xml_file_count": 2
    },
    {
      "analysis_status": "analysis_blocked_until_material_handoff",
      "error_count": 0,
      "locator_count": 312,
      "material_status": "material_extracted_with_gaps",
      "open_rework_ticket_count": 1,
      "packet_root": "source_recovery_packets/weak_source_full_20260511T150913Z/doi__10.3390_md20120745",
      "paper_id": "doi__10.3390_md20120745",
      "pdf_file_count": 0,
      "xml_file_count": 2
    },
    {
      "analysis_status": "analysis_blocked_until_material_handoff",
      "error_count": 0,
      "locator_count": 342,
      "material_status": "material_extracted_with_gaps",
      "open_rework_ticket_count": 1,
      "packet_root": "source_recovery_packets/weak_source_full_20260511T150913Z/doi__10.3390_md24010045",
      "paper_id": "doi__10.3390_md24010045",
      "pdf_file_count": 0,
      "xml_file_count": 2
    },
    {
      "analysis_status": "analysis_blocked_until_material_handoff",
      "error_count": 0,
      "locator_count": 262,
      "material_status": "material_extracted_with_gaps",
      "open_rework_ticket_count": 1,
      "packet_root": "source_recovery_packets/weak_source_full_20260511T150913Z/doi__10.3390_membranes13010051",
      "paper_id": "doi__10.3390_membranes13010051",
      "pdf_file_count": 0,
      "xml_file_count": 2
    },
    {
      "analysis_status": "analysis_blocked_until_material_handoff",
      "error_count": 0,
      "locator_count": 290,
      "material_status": "material_extracted_with_gaps",
      "open_rework_ticket_count": 1,
      "packet_root": "source_recovery_packets/weak_source_full_20260511T150913Z/doi__10.3390_microorganisms11020427",
      "paper_id": "doi__10.3390_microorganisms11020427",
      "pdf_file_count": 0,
      "xml_file_count": 2
    },
    {
      "analysis_status": "analysis_blocked_until_material_handoff",
      "error_count": 0,
      "locator_count": 330,
      "material_status": "material_extracted_with_gaps",
      "open_rework_ticket_count": 1,
      "packet_root": "source_recovery_packets/weak_source_full_20260511T150913Z/doi__10.3390_molecules26195909",
      "paper_id": "doi__10.3390_molecules26195909",
      "pdf_file_count": 0,
      "xml_file_count": 2
    },
    {
      "analysis_status": "analysis_blocked_until_material_handoff",
      "error_count": 0,
      "locator_count": 304,
      "material_status": "material_extracted_with_gaps",
      "open_rework_ticket_count": 1,
      "packet_root": "source_recovery_packets/weak_source_full_20260511T150913Z/doi__10.3390_pharmaceutics16111445",
      "paper_id": "doi__10.3390_pharmaceutics16111445",
      "pdf_file_count": 0,
      "xml_file_count": 2
    },
    {
      "analysis_status": "analysis_blocked_until_material_handoff",
      "error_count": 0,
      "locator_count": 205,
      "material_status": "material_extracted_with_gaps",
      "open_rework_ticket_count": 1,
      "packet_root": "source_recovery_packets/weak_source_full_20260511T150913Z/doi__10.3390_toxins10080320",
      "paper_id": "doi__10.3390_toxins10080320",
      "pdf_file_count": 0,
      "xml_file_count": 2
    },
    {
      "analysis_status": "analysis_blocked_until_material_handoff",
      "error_count": 0,
      "locator_count": 372,
      "material_status": "material_extracted_with_gaps",
      "open_rework_ticket_count": 1,
      "packet_root": "source_recovery_packets/weak_source_full_20260511T150913Z/doi__10.3390_vaccines10071105",
      "paper_id": "doi__10.3390_vaccines10071105",
      "pdf_file_count": 0,
      "xml_file_count": 2
    },
    {
      "analysis_status": "analysis_blocked_until_material_handoff",
      "error_count": 0,
      "locator_count": 21,
      "material_status": "material_extracted_with_gaps",
      "open_rework_ticket_count": 1,
      "packet_root": "source_recovery_packets/weak_source_full_20260511T150913Z/doi__10.3858_emm.2008.40.4.370",
      "paper_id": "doi__10.3858_emm.2008.40.4.370",
      "pdf_file_count": 3,
      "xml_file_count": 0
    },
    {
      "analysis_status": "analysis_blocked_until_material_handoff",
      "error_count": 0,
      "locator_count": 0,
      "material_status": "material_extracted_with_gaps",
      "open_rework_ticket_count": 1,
      "packet_root": "source_recovery_packets/weak_source_full_20260511T150913Z/doi__10.3891_acta.chem.scand.25-2048",
      "paper_id": "doi__10.3891_acta.chem.scand.25-2048",
      "pdf_file_count": 1,
      "xml_file_count": 0
    },
    {
      "analysis_status": "analysis_blocked_until_material_handoff",
      "error_count": 0,
      "locator_count": 14,
      "material_status": "material_extracted_with_gaps",
      "open_rework_ticket_count": 1,
      "packet_root": "source_recovery_packets/weak_source_full_20260511T150913Z/doi__10.3892_etm.2016.3578",
      "paper_id": "doi__10.3892_etm.2016.3578",
      "pdf_file_count": 2,
      "xml_file_count": 0
    },
    {
      "analysis_status": "analysis_blocked_until_material_handoff",
      "error_count": 0,
      "locator_count": 22,
      "material_status": "material_extracted_with_gaps",
      "open_rework_ticket_count": 1,
      "packet_root": "source_recovery_packets/weak_source_full_20260511T150913Z/doi__10.3892_ijmm_00000311",
      "paper_id": "doi__10.3892_ijmm_00000311",
      "pdf_file_count": 2,
      "xml_file_count": 0
    },
    {
      "analysis_status": "analysis_blocked_until_material_handoff",
      "error_count": 0,
      "locator_count": 18,
      "material_status": "material_extracted_with_gaps",
      "open_rework_ticket_count": 1,
      "packet_root": "source_recovery_packets/weak_source_full_20260511T150913Z/doi__10.3892_or.2014.3644",
      "paper_id": "doi__10.3892_or.2014.3644",
      "pdf_file_count": 2,
      "xml_file_count": 0
    },
    {
      "analysis_status": "analysis_blocked_until_material_handoff",
      "error_count": 0,
      "locator_count": 5,
      "material_status": "material_extracted_with_gaps",
      "open_rework_ticket_count": 1,
      "packet_root": "source_recovery_packets/weak_source_full_20260511T150913Z/doi__10.4172_2155-6113.s2-003",
      "paper_id": "doi__10.4172_2155-6113.s2-003",
      "pdf_file_count": 1,
      "xml_file_count": 0
    },
    {
      "analysis_status": "analysis_blocked_until_material_handoff",
      "error_count": 0,
      "locator_count": 6,
      "material_status": "material_extracted_with_gaps",
      "open_rework_ticket_count": 1,
      "packet_root": "source_recovery_packets/weak_source_full_20260511T150913Z/doi__10.4172_2327-5073.1000291",
      "paper_id": "doi__10.4172_2327-5073.1000291",
      "pdf_file_count": 1,
      "xml_file_count": 0
    },
    {
      "analysis_status": "analysis_blocked_until_material_handoff",
      "error_count": 0,
      "locator_count": 6,
      "material_status": "material_extracted_with_gaps",
      "open_rework_ticket_count": 1,
      "packet_root": "source_recovery_packets/weak_source_full_20260511T150913Z/doi__10.5483_bmbrep.2002.35.3.291",
      "paper_id": "doi__10.5483_bmbrep.2002.35.3.291",
      "pdf_file_count": 1,
      "xml_file_count": 0
    },
    {
      "analysis_status": "analysis_blocked_until_material_handoff",
      "error_count": 0,
      "locator_count": 0,
      "material_status": "material_extracted_with_gaps",
      "open_rework_ticket_count": 1,
      "packet_root": "source_recovery_packets/weak_source_full_20260511T150913Z/doi__10.5483_bmbrep.2003.36.6.603",
      "paper_id": "doi__10.5483_bmbrep.2003.36.6.603",
      "pdf_file_count": 1,
      "xml_file_count": 0
    },
    {
      "analysis_status": "analysis_blocked_until_material_handoff",
      "error_count": 0,
      "locator_count": 22,
      "material_status": "material_extracted_with_gaps",
      "open_rework_ticket_count": 1,
      "packet_root": "source_recovery_packets/weak_source_full_20260511T150913Z/doi__10.5603_fhc.a2014.0035",
      "paper_id": "doi__10.5603_fhc.a2014.0035",
      "pdf_file_count": 2,
      "xml_file_count": 0
    },
    {
      "analysis_status": "analysis_blocked_until_material_handoff",
      "error_count": 0,
      "locator_count": 10,
      "material_status": "material_extracted_with_gaps",
      "open_rework_ticket_count": 1,
      "packet_root": "source_recovery_packets/weak_source_full_20260511T150913Z/doi__10.5772_25209",
      "paper_id": "doi__10.5772_25209",
      "pdf_file_count": 1,
      "xml_file_count": 0
    },
    {
      "analysis_status": "analysis_blocked_until_material_handoff",
      "error_count": 0,
      "locator_count": 14,
      "material_status": "material_extracted_with_gaps",
      "open_rework_ticket_count": 1,
      "packet_root": "source_recovery_packets/weak_source_full_20260511T150913Z/doi__10.5897_ajpp10.384",
      "paper_id": "doi__10.5897_ajpp10.384",
      "pdf_file_count": 2,
      "xml_file_count": 0
    },
    {
      "analysis_status": "analysis_blocked_until_material_handoff",
      "error_count": 0,
      "locator_count": 24,
      "material_status": "material_extracted_with_gaps",
      "open_rework_ticket_count": 1,
      "packet_root": "source_recovery_packets/weak_source_full_20260511T150913Z/doi__10.5897_jcreo2013.0102",
      "paper_id": "doi__10.5897_jcreo2013.0102",
      "pdf_file_count": 2,
      "xml_file_count": 0
    },
    {
      "analysis_status": "analysis_blocked_until_material_handoff",
      "error_count": 0,
      "locator_count": 20,
      "material_status": "material_extracted_with_gaps",
      "open_rework_ticket_count": 1,
      "packet_root": "source_recovery_packets/weak_source_full_20260511T150913Z/doi__10.5943_mycosphere_8_1_10",
      "paper_id": "doi__10.5943_mycosphere_8_1_10",
      "pdf_file_count": 2,
      "xml_file_count": 0
    },
    {
      "analysis_status": "analysis_blocked_until_material_handoff",
      "error_count": 0,
      "locator_count": 18,
      "material_status": "material_extracted_with_gaps",
      "open_rework_ticket_count": 1,
      "packet_root": "source_recovery_packets/weak_source_full_20260511T150913Z/doi__10.7164_antibiotics.29.366",
      "paper_id": "doi__10.7164_antibiotics.29.366",
      "pdf_file_count": 2,
      "xml_file_count": 0
    },
    {
      "analysis_status": "analysis_blocked_until_material_handoff",
      "error_count": 0,
      "locator_count": 30,
      "material_status": "material_extracted_with_gaps",
      "open_rework_ticket_count": 1,
      "packet_root": "source_recovery_packets/weak_source_full_20260511T150913Z/doi__10.7164_antibiotics.30.917",
      "paper_id": "doi__10.7164_antibiotics.30.917",
      "pdf_file_count": 2,
      "xml_file_count": 0
    },
    {
      "analysis_status": "analysis_blocked_until_material_handoff",
      "error_count": 0,
      "locator_count": 12,
      "material_status": "material_extracted_with_gaps",
      "open_rework_ticket_count": 1,
      "packet_root": "source_recovery_packets/weak_source_full_20260511T150913Z/doi__10.7164_antibiotics.32.828",
      "paper_id": "doi__10.7164_antibiotics.32.828",
      "pdf_file_count": 2,
      "xml_file_count": 0
    },
    {
      "analysis_status": "analysis_blocked_until_material_handoff",
      "error_count": 0,
      "locator_count": 22,
      "material_status": "material_extracted_with_gaps",
      "open_rework_ticket_count": 1,
      "packet_root": "source_recovery_packets/weak_source_full_20260511T150913Z/doi__10.7164_antibiotics.34.1126",
      "paper_id": "doi__10.7164_antibiotics.34.1126",
      "pdf_file_count": 2,
      "xml_file_count": 0
    },
    {
      "analysis_status": "analysis_blocked_until_material_handoff",
      "error_count": 0,
      "locator_count": 28,
      "material_status": "material_extracted_with_gaps",
      "open_rework_ticket_count": 1,
      "packet_root": "source_recovery_packets/weak_source_full_20260511T150913Z/doi__10.7164_antibiotics.39.888",
      "paper_id": "doi__10.7164_antibiotics.39.888",
      "pdf_file_count": 2,
      "xml_file_count": 0
    },
    {
      "analysis_status": "analysis_blocked_until_material_handoff",
      "error_count": 0,
      "locator_count": 12,
      "material_status": "material_extracted_with_gaps",
      "open_rework_ticket_count": 1,
      "packet_root": "source_recovery_packets/weak_source_full_20260511T150913Z/doi__10.7164_antibiotics.40.437",
      "paper_id": "doi__10.7164_antibiotics.40.437",
      "pdf_file_count": 2,
      "xml_file_count": 0
    },
    {
      "analysis_status": "analysis_blocked_until_material_handoff",
      "error_count": 0,
      "locator_count": 18,
      "material_status": "material_extracted_with_gaps",
      "open_rework_ticket_count": 1,
      "packet_root": "source_recovery_packets/weak_source_full_20260511T150913Z/doi__10.7164_antibiotics.42.837",
      "paper_id": "doi__10.7164_antibiotics.42.837",
      "pdf_file_count": 2,
      "xml_file_count": 0
    },
    {
      "analysis_status": "analysis_blocked_until_material_handoff",
      "error_count": 0,
      "locator_count": 14,
      "material_status": "material_extracted_with_gaps",
      "open_rework_ticket_count": 1,
      "packet_root": "source_recovery_packets/weak_source_full_20260511T150913Z/doi__10.7164_antibiotics.43.1082",
      "paper_id": "doi__10.7164_antibiotics.43.1082",
      "pdf_file_count": 2,
      "xml_file_count": 0
    },
    {
      "analysis_status": "analysis_blocked_until_material_handoff",
      "error_count": 0,
      "locator_count": 20,
      "material_status": "material_extracted_with_gaps",
      "open_rework_ticket_count": 1,
      "packet_root": "source_recovery_packets/weak_source_full_20260511T150913Z/doi__10.7164_antibiotics.43.1403",
      "paper_id": "doi__10.7164_antibiotics.43.1403",
      "pdf_file_count": 2,
      "xml_file_count": 0
    },
    {
      "analysis_status": "analysis_blocked_until_material_handoff",
      "error_count": 0,
      "locator_count": 10,
      "material_status": "material_extracted_with_gaps",
      "open_rework_ticket_count": 1,
      "packet_root": "source_recovery_packets/weak_source_full_20260511T150913Z/doi__10.7164_antibiotics.43.1421",
      "paper_id": "doi__10.7164_antibiotics.43.1421",
      "pdf_file_count": 1,
      "xml_file_count": 0
    },
    {
      "analysis_status": "analysis_blocked_until_material_handoff",
      "error_count": 0,
      "locator_count": 28,
      "material_status": "material_extracted_with_gaps",
      "open_rework_ticket_count": 1,
      "packet_root": "source_recovery_packets/weak_source_full_20260511T150913Z/doi__10.7164_antibiotics.43.267",
      "paper_id": "doi__10.7164_antibiotics.43.267",
      "pdf_file_count": 2,
      "xml_file_count": 0
    },
    {
      "analysis_status": "analysis_blocked_until_material_handoff",
      "error_count": 0,
      "locator_count": 14,
      "material_status": "material_extracted_with_gaps",
      "open_rework_ticket_count": 1,
      "packet_root": "source_recovery_packets/weak_source_full_20260511T150913Z/doi__10.7164_antibiotics.43.616",
      "paper_id": "doi__10.7164_antibiotics.43.616",
      "pdf_file_count": 2,
      "xml_file_count": 0
    },
    {
      "analysis_status": "analysis_blocked_until_material_handoff",
      "error_count": 0,
      "locator_count": 27,
      "material_status": "material_extracted_with_gaps",
      "open_rework_ticket_count": 1,
      "packet_root": "source_recovery_packets/weak_source_full_20260511T150913Z/doi__10.7164_antibiotics.44.693",
      "paper_id": "doi__10.7164_antibiotics.44.693",
      "pdf_file_count": 3,
      "xml_file_count": 0
    },
    {
      "analysis_status": "analysis_blocked_until_material_handoff",
      "error_count": 0,
      "locator_count": 14,
      "material_status": "material_extracted_with_gaps",
      "open_rework_ticket_count": 1,
      "packet_root": "source_recovery_packets/weak_source_full_20260511T150913Z/doi__10.7164_antibiotics.45.832",
      "paper_id": "doi__10.7164_antibiotics.45.832",
      "pdf_file_count": 2,
      "xml_file_count": 0
    },
    {
      "analysis_status": "analysis_blocked_until_material_handoff",
      "error_count": 0,
      "locator_count": 18,
      "material_status": "material_extracted_with_gaps",
      "open_rework_ticket_count": 1,
      "packet_root": "source_recovery_packets/weak_source_full_20260511T150913Z/doi__10.7164_antibiotics.46.1666",
      "paper_id": "doi__10.7164_antibiotics.46.1666",
      "pdf_file_count": 3,
      "xml_file_count": 0
    },
    {
      "analysis_status": "analysis_blocked_until_material_handoff",
      "error_count": 0,
      "locator_count": 4,
      "material_status": "material_extracted_with_gaps",
      "open_rework_ticket_count": 1,
      "packet_root": "source_recovery_packets/weak_source_full_20260511T150913Z/doi__10.7164_antibiotics.46.1756",
      "paper_id": "doi__10.7164_antibiotics.46.1756",
      "pdf_file_count": 2,
      "xml_file_count": 0
    },
    {
      "analysis_status": "analysis_blocked_until_material_handoff",
      "error_count": 0,
      "locator_count": 21,
      "material_status": "material_extracted_with_gaps",
      "open_rework_ticket_count": 1,
      "packet_root": "source_recovery_packets/weak_source_full_20260511T150913Z/doi__10.7164_antibiotics.47.1153",
      "paper_id": "doi__10.7164_antibiotics.47.1153",
      "pdf_file_count": 3,
      "xml_file_count": 0
    },
    {
      "analysis_status": "analysis_blocked_until_material_handoff",
      "error_count": 0,
      "locator_count": 20,
      "material_status": "material_extracted_with_gaps",
      "open_rework_ticket_count": 1,
      "packet_root": "source_recovery_packets/weak_source_full_20260511T150913Z/doi__10.7164_antibiotics.47.301",
      "paper_id": "doi__10.7164_antibiotics.47.301",
      "pdf_file_count": 2,
      "xml_file_count": 0
    },
    {
      "analysis_status": "analysis_blocked_until_material_handoff",
      "error_count": 0,
      "locator_count": 14,
      "material_status": "material_extracted_with_gaps",
      "open_rework_ticket_count": 1,
      "packet_root": "source_recovery_packets/weak_source_full_20260511T150913Z/doi__10.7164_antibiotics.47.668",
      "paper_id": "doi__10.7164_antibiotics.47.668",
      "pdf_file_count": 2,
      "xml_file_count": 0
    },
    {
      "analysis_status": "analysis_blocked_until_material_handoff",
      "error_count": 0,
      "locator_count": 6,
      "material_status": "material_extracted_with_gaps",
      "open_rework_ticket_count": 1,
      "packet_root": "source_recovery_packets/weak_source_full_20260511T150913Z/doi__10.7164_antibiotics.48.1515",
      "paper_id": "doi__10.7164_antibiotics.48.1515",
      "pdf_file_count": 2,
      "xml_file_count": 0
    },
    {
      "analysis_status": "analysis_blocked_until_material_handoff",
      "error_count": 0,
      "locator_count": 20,
      "material_status": "material_extracted_with_gaps",
      "open_rework_ticket_count": 1,
      "packet_root": "source_recovery_packets/weak_source_full_20260511T150913Z/doi__10.7164_antibiotics.48.233",
      "paper_id": "doi__10.7164_antibiotics.48.233",
      "pdf_file_count": 2,
      "xml_file_count": 0
    },
    {
      "analysis_status": "analysis_blocked_until_material_handoff",
      "error_count": 0,
      "locator_count": 4,
      "material_status": "material_extracted_with_gaps",
      "open_rework_ticket_count": 1,
      "packet_root": "source_recovery_packets/weak_source_full_20260511T150913Z/doi__10.7164_antibiotics.48.433",
      "paper_id": "doi__10.7164_antibiotics.48.433",
      "pdf_file_count": 2,
      "xml_file_count": 0
    },
    {
      "analysis_status": "analysis_blocked_until_material_handoff",
      "error_count": 0,
      "locator_count": 14,
      "material_status": "material_extracted_with_gaps",
      "open_rework_ticket_count": 1,
      "packet_root": "source_recovery_packets/weak_source_full_20260511T150913Z/doi__10.7164_antibiotics.49.129",
      "paper_id": "doi__10.7164_antibiotics.49.129",
      "pdf_file_count": 2,
      "xml_file_count": 0
    },
    {
      "analysis_status": "analysis_blocked_until_material_handoff",
      "error_count": 0,
      "locator_count": 18,
      "material_status": "material_extracted_with_gaps",
      "open_rework_ticket_count": 1,
      "packet_root": "source_recovery_packets/weak_source_full_20260511T150913Z/doi__10.7164_antibiotics.50.220",
      "paper_id": "doi__10.7164_antibiotics.50.220",
      "pdf_file_count": 2,
      "xml_file_count": 0
    },
    {
      "analysis_status": "analysis_blocked_until_material_handoff",
      "error_count": 0,
      "locator_count": 12,
      "material_status": "material_extracted_with_gaps",
      "open_rework_ticket_count": 1,
      "packet_root": "source_recovery_packets/weak_source_full_20260511T150913Z/doi__10.7164_antibiotics.50.373",
      "paper_id": "doi__10.7164_antibiotics.50.373",
      "pdf_file_count": 2,
      "xml_file_count": 0
    },
    {
      "analysis_status": "analysis_blocked_until_material_handoff",
      "error_count": 0,
      "locator_count": 18,
      "material_status": "material_extracted_with_gaps",
      "open_rework_ticket_count": 1,
      "packet_root": "source_recovery_packets/weak_source_full_20260511T150913Z/doi__10.7164_antibiotics.52.374",
      "paper_id": "doi__10.7164_antibiotics.52.374",
      "pdf_file_count": 2,
      "xml_file_count": 0
    },
    {
      "analysis_status": "analysis_blocked_until_material_handoff",
      "error_count": 0,
      "locator_count": 5,
      "material_status": "material_extracted_with_gaps",
      "open_rework_ticket_count": 1,
      "packet_root": "source_recovery_packets/weak_source_full_20260511T150913Z/doi__10.7164_antibiotics.52.695",
      "paper_id": "doi__10.7164_antibiotics.52.695",
      "pdf_file_count": 1,
      "xml_file_count": 0
    },
    {
      "analysis_status": "analysis_blocked_until_material_handoff",
      "error_count": 0,
      "locator_count": 36,
      "material_status": "material_extracted_with_gaps",
      "open_rework_ticket_count": 1,
      "packet_root": "source_recovery_packets/weak_source_full_20260511T150913Z/doi__10.7164_antibiotics.52.730",
      "paper_id": "doi__10.7164_antibiotics.52.730",
      "pdf_file_count": 3,
      "xml_file_count": 0
    },
    {
      "analysis_status": "analysis_blocked_until_material_handoff",
      "error_count": 0,
      "locator_count": 18,
      "material_status": "material_extracted_with_gaps",
      "open_rework_ticket_count": 1,
      "packet_root": "source_recovery_packets/weak_source_full_20260511T150913Z/doi__10.7164_antibiotics.52.998",
      "paper_id": "doi__10.7164_antibiotics.52.998",
      "pdf_file_count": 2,
      "xml_file_count": 0
    },
    {
      "analysis_status": "analysis_blocked_until_material_handoff",
      "error_count": 0,
      "locator_count": 10,
      "material_status": "material_extracted_with_gaps",
      "open_rework_ticket_count": 1,
      "packet_root": "source_recovery_packets/weak_source_full_20260511T150913Z/doi__10.7164_antibiotics.53.728",
      "paper_id": "doi__10.7164_antibiotics.53.728",
      "pdf_file_count": 2,
      "xml_file_count": 0
    },
    {
      "analysis_status": "analysis_blocked_until_material_handoff",
      "error_count": 0,
      "locator_count": 18,
      "material_status": "material_extracted_with_gaps",
      "open_rework_ticket_count": 1,
      "packet_root": "source_recovery_packets/weak_source_full_20260511T150913Z/doi__10.7164_antibiotics.54.1036",
      "paper_id": "doi__10.7164_antibiotics.54.1036",
      "pdf_file_count": 2,
      "xml_file_count": 0
    },
    {
      "analysis_status": "analysis_blocked_until_material_handoff",
      "error_count": 0,
      "locator_count": 12,
      "material_status": "material_extracted_with_gaps",
      "open_rework_ticket_count": 1,
      "packet_root": "source_recovery_packets/weak_source_full_20260511T150913Z/doi__10.7164_antibiotics.54.1054",
      "paper_id": "doi__10.7164_antibiotics.54.1054",
      "pdf_file_count": 2,
      "xml_file_count": 0
    },
    {
      "analysis_status": "analysis_blocked_until_material_handoff",
      "error_count": 0,
      "locator_count": 28,
      "material_status": "material_extracted_with_gaps",
      "open_rework_ticket_count": 1,
      "packet_root": "source_recovery_packets/weak_source_full_20260511T150913Z/doi__10.7164_antibiotics.54.220",
      "paper_id": "doi__10.7164_antibiotics.54.220",
      "pdf_file_count": 2,
      "xml_file_count": 0
    },
    {
      "analysis_status": "analysis_blocked_until_material_handoff",
      "error_count": 0,
      "locator_count": 6,
      "material_status": "material_extracted_with_gaps",
      "open_rework_ticket_count": 1,
      "packet_root": "source_recovery_packets/weak_source_full_20260511T150913Z/doi__10.7164_antibiotics.55.565",
      "paper_id": "doi__10.7164_antibiotics.55.565",
      "pdf_file_count": 1,
      "xml_file_count": 0
    },
    {
      "analysis_status": "analysis_blocked_until_material_handoff",
      "error_count": 0,
      "locator_count": 12,
      "material_status": "material_extracted_with_gaps",
      "open_rework_ticket_count": 1,
      "packet_root": "source_recovery_packets/weak_source_full_20260511T150913Z/doi__10.7324_japs.2016.60211",
      "paper_id": "doi__10.7324_japs.2016.60211",
      "pdf_file_count": 2,
      "xml_file_count": 0
    },
    {
      "analysis_status": "analysis_blocked_until_material_handoff",
      "error_count": 0,
      "locator_count": 12,
      "material_status": "material_extracted_with_gaps",
      "open_rework_ticket_count": 1,
      "packet_root": "source_recovery_packets/weak_source_full_20260511T150913Z/doi__10.7324_japs.2018.8204",
      "paper_id": "doi__10.7324_japs.2018.8204",
      "pdf_file_count": 2,
      "xml_file_count": 0
    },
    {
      "analysis_status": "analysis_blocked_until_material_handoff",
      "error_count": 0,
      "locator_count": 108,
      "material_status": "material_extracted_with_gaps",
      "open_rework_ticket_count": 1,
      "packet_root": "source_recovery_packets/weak_source_full_20260511T150913Z/doi__10.7717_peerj.1987",
      "paper_id": "doi__10.7717_peerj.1987",
      "pdf_file_count": 0,
      "xml_file_count": 1
    },
    {
      "analysis_status": "analysis_blocked_until_material_handoff",
      "error_count": 0,
      "locator_count": 8,
      "material_status": "material_extracted_with_gaps",
      "open_rework_ticket_count": 1,
      "packet_root": "source_recovery_packets/weak_source_full_20260511T150913Z/pmid__18323244",
      "paper_id": "pmid__18323244",
      "pdf_file_count": 1,
      "xml_file_count": 0
    },
    {
      "analysis_status": "analysis_blocked_until_material_handoff",
      "error_count": 0,
      "locator_count": 7,
      "material_status": "material_extracted_with_gaps",
      "open_rework_ticket_count": 1,
      "packet_root": "source_recovery_packets/weak_source_full_20260511T150913Z/pmid__23732481",
      "paper_id": "pmid__23732481",
      "pdf_file_count": 1,
      "xml_file_count": 0
    },
    {
      "analysis_status": "analysis_blocked_until_material_handoff",
      "error_count": 0,
      "locator_count": 9,
      "material_status": "material_extracted_with_gaps",
      "open_rework_ticket_count": 1,
      "packet_root": "source_recovery_packets/weak_source_full_20260511T150913Z/pmid__24779193",
      "paper_id": "pmid__24779193",
      "pdf_file_count": 1,
      "xml_file_count": 0
    },
    {
      "analysis_status": "analysis_blocked_until_material_handoff",
      "error_count": 0,
      "locator_count": 8,
      "material_status": "material_extracted_with_gaps",
      "open_rework_ticket_count": 1,
      "packet_root": "source_recovery_packets/weak_source_full_20260511T150913Z/title_evaluation-of-the-antitumor-and-antiproliferative-effects-of-the-inkki-peptide-o-2020",
      "paper_id": "title_evaluation-of-the-antitumor-and-antiproliferative-effects-of-the-inkki-peptide-o-2020",
      "pdf_file_count": 1,
      "xml_file_count": 0
    }
  ],
  "total_locator_count": 20045
}
