paper_id,doi,review_status,publication_grade,source_reviewed,public_v1_included,exclusion_reason,database_audit_records,activity_records,mechanism_claims,database_final_exists,activity_final_exists,mechanism_final_exists,review_report_exists
doi__10.1002_advs.202205301,,accepted_with_cautions,True,True,True,,5,160,9,True,True,True,True
doi__10.1002_advs.202401793,,accepted_with_cautions,True,True,True,,123,89,4,True,True,True,True
doi__10.1002_advs.202507457,10.1002/advs.202507457,accepted_with_cautions,True,True,True,,78,30,3,True,True,True,True
doi__10.1002_advs.202516470,,accepted_with_cautions,True,True,True,,119,98,4,True,True,True,True
doi__10.1002_anie.201901589,10.1002/anie.201901589,accepted_with_cautions,True,True,True,,110,34,4,True,True,True,True
doi__10.1002_cbic.202100151,10.1002/cbic.202100151,accepted_with_cautions,True,True,True,,43,19,4,True,True,True,True
doi__10.1002_cbic.202100609,,needs_targeted_rework,False,True,False,needs_targeted_rework,554,376,3,True,True,True,True
doi__10.1002_cmdc.201600498,,accepted_with_cautions,True,True,True,,36,17,3,True,True,True,True
doi__10.1002_cmdc.201900465,10.1002/cmdc.201900465,accepted_with_cautions,True,True,True,,453,323,4,True,True,True,True
doi__10.1002_cmdc.202200291,,accepted_with_cautions,True,True,True,,396,205,3,True,True,True,True
doi__10.1002_gch2.202200213,,accepted_with_cautions,True,True,True,,3,5,3,True,True,True,True
doi__10.1002_mbo3.606,10.1002/mbo3.606,accepted_with_cautions,True,True,True,,22,12,3,True,True,True,True
doi__10.1002_mlf2.12123,,accepted_with_cautions,True,True,True,,151,87,5,True,True,True,True
doi__10.1002_open.201800130,10.1002/open.201800130,accepted_with_cautions,True,True,True,,8,3,1,True,True,True,True
doi__10.1002_pep2.24269,,accepted_with_cautions,True,True,True,,111,55,4,True,True,True,True
doi__10.1002_pld3.42,10.1002/pld3.42,accepted_with_cautions,True,True,True,,26,15,2,True,True,True,True
doi__10.1002_pro.5088,,accepted_with_cautions,True,True,True,,489,290,2,True,True,True,True
doi__10.1007_s00018-020-03755-w,10.1007/s00018-020-03755-w,blocked_missing_primary_material,False,True,False,blocked_missing_primary_material,141,56,3,True,True,True,True
doi__10.1007_s00018-022-04440-w,10.1007/s00018-022-04440-w,accepted_with_cautions,True,True,True,,25,30,3,True,True,True,True
doi__10.1007_s00018-023-04795-8,,accepted_with_cautions,True,True,True,,2,15,3,True,True,True,True
doi__10.1007_s00253-012-4578-y,10.1007/s00253-012-4578-y,accepted_with_cautions,True,True,True,,13,23,2,True,True,True,True
doi__10.1007_s00253-016-7400-4,10.1007/s00253-016-7400-4,accepted_with_cautions,True,True,True,,3,4,3,True,True,True,True
doi__10.1007_s00253-020-10685-x,,blocked_missing_primary_material,False,True,False,blocked_missing_primary_material,10,34,4,True,True,True,True
doi__10.1007_s00253-023-12887-5,10.1007/s00253-023-12887-5,accepted_with_cautions,True,True,True,,11,12,3,True,True,True,True
doi__10.1007_s00253-023-12947-w,,accepted_with_cautions,True,True,True,,3,134,3,True,True,True,True
doi__10.1007_s00262-014-1540-0,10.1007/s00262-014-1540-0,accepted_with_cautions,True,True,True,,3,12,3,True,True,True,True
doi__10.1007_s00438-026-02390-7,,accepted_with_cautions,True,True,True,,2,3,3,True,True,True,True
doi__10.1007_s00726-012-1388-6,10.1007/s00726-012-1388-6,accepted_with_cautions,True,True,True,,220,72,5,True,True,True,True
doi__10.1007_s00726-017-2449-7,,accepted_with_cautions,True,True,True,,26,11,3,True,True,True,True
doi__10.1007_s00726-017-2473-7,,accepted_with_cautions,True,True,True,,269,132,3,True,True,True,True
doi__10.1007_s00726-018-2575-x,,accepted_with_cautions,True,True,True,,135,63,3,True,True,True,True
doi__10.1007_s10295-013-1259-5,,accepted_with_cautions,True,True,True,,47,54,3,True,True,True,True
doi__10.1007_s10526-022-10132-y,,accepted_with_cautions,True,True,True,,64,122,2,True,True,True,True
doi__10.1007_s10989-014-9423-y,,accepted_with_cautions,True,True,True,,97,45,3,True,True,True,True
doi__10.1007_s10989-015-9494-4,,accepted_with_cautions,True,True,True,,145,72,4,True,True,True,True
doi__10.1007_s11274-016-2171-8,,accepted_with_cautions,True,True,True,,140,66,3,True,True,True,True
doi__10.1007_s12539-016-0163-x,,accepted_with_cautions,True,True,True,,73,30,2,True,True,True,True
doi__10.1007_s12602-018-9444-5,,accepted_with_cautions,True,True,True,,76,63,3,True,True,True,True
doi__10.1007_s12602-018-9501-0,,accepted_with_cautions,True,True,True,,246,312,2,True,True,True,True
doi__10.1007_s12602-022-10036-4,,blocked_missing_primary_material,False,True,False,blocked_missing_primary_material,82,14,3,True,True,True,True
doi__10.1007_s12602-025-10542-1,,accepted_with_cautions,True,True,True,,341,295,4,True,True,True,True
doi__10.1007_s13238-014-0061-0,10.1007/s13238-014-0061-0,accepted_with_cautions,True,True,True,,141,90,3,True,True,True,True
doi__10.1007_s13659-014-0037-z,,accepted_with_cautions,True,True,True,,2,4,1,True,True,True,True
doi__10.1016_j.antiviral.2005.10.005,,accepted_with_cautions,True,True,True,,12,8,2,True,True,True,True
doi__10.1016_j.antiviral.2008.10.001,,accepted_with_cautions,True,True,True,,56,10,3,True,True,True,True
doi__10.1016_j.antiviral.2013.11.013,10.1016/j.antiviral.2013.11.013,accepted_with_cautions,True,True,True,,73,16,3,True,True,True,True
doi__10.1016_j.antiviral.2017.11.021,,accepted_with_cautions,True,True,True,,24,12,3,True,True,True,True
doi__10.1016_j.antiviral.2022.105270,,accepted_with_cautions,True,True,True,,16,3,3,True,True,True,True
doi__10.1016_j.apsb.2021.07.026,,accepted_with_cautions,True,True,True,,108,96,2,True,True,True,True
doi__10.1016_j.bbrc.2004.04.141,10.1016/j.bbrc.2004.04.141,accepted_with_cautions,True,True,True,,7,4,3,True,True,True,True
doi__10.1016_j.bbrc.2004.05.046,,needs_targeted_rework,False,True,False,needs_targeted_rework,15,0,1,True,True,True,True
doi__10.1016_j.bbrep.2024.101747,10.1016/j.bbrep.2024.101747,accepted_with_cautions,True,True,True,,23,9,3,True,True,True,True
doi__10.1016_j.biomaterials.2013.01.075,,accepted_with_cautions,True,True,True,,160,9,3,True,True,True,True
doi__10.1016_j.biomaterials.2013.12.049,10.1016/j.biomaterials.2013.12.049,accepted_with_cautions,True,True,True,,22,12,3,True,True,True,True
doi__10.1016_j.btre.2020.e00583,,accepted_with_cautions,True,True,True,,63,164,4,True,True,True,True
doi__10.1016_j.cell.2024.07.027,,blocked_missing_primary_material,False,True,False,blocked_missing_primary_material,410,200,3,True,True,True,True
doi__10.1016_j.celrep.2020.108254,,needs_targeted_rework,False,True,False,needs_targeted_rework,15,0,3,True,True,True,True
doi__10.1016_j.celrep.2021.108959,,needs_targeted_rework,False,True,False,needs_targeted_rework,9,0,3,True,True,True,True
doi__10.1016_j.csbj.2021.08.039,,accepted_with_cautions,True,True,True,,386,340,3,True,True,True,True
doi__10.1016_j.csbj.2023.05.006,,accepted_with_cautions,True,True,True,,120,88,3,True,True,True,True
doi__10.1016_j.csbj.2023.11.031,,accepted_with_cautions,True,True,True,,412,502,3,True,True,True,True
doi__10.1016_j.csbj.2024.05.020,,accepted_with_cautions,True,True,True,,115,72,4,True,True,True,True
doi__10.1016_j.csbj.2024.09.006,10.1016/j.csbj.2024.09.006,accepted_with_cautions,True,True,True,,309,266,4,True,True,True,True
doi__10.1016_j.dib.2019.104538,,accepted_with_cautions,True,True,True,,12,5,3,True,True,True,True
doi__10.1016_j.ebiom.2020.102775,,accepted_with_cautions,True,True,True,,141,197,4,True,True,True,True
doi__10.1016_j.fob.2014.01.007,,accepted_with_cautions,True,True,True,,6,9,4,True,True,True,True
doi__10.1016_j.heliyon.2021.e07980,,accepted_with_cautions,True,True,True,,9,16,1,True,True,True,True
doi__10.1016_j.isci.2020.100999,,needs_targeted_rework,False,True,False,needs_targeted_rework,51,0,2,True,True,True,True
doi__10.1016_j.isci.2020.101785,10.1016/j.isci.2020.101785,accepted_with_cautions,True,True,True,,66,6,5,True,True,True,True
doi__10.1016_j.isci.2021.102480,,blocked_missing_primary_material,False,True,False,blocked_missing_primary_material,9,17,3,True,True,True,True
doi__10.1016_j.isci.2024.110404,10.1016/j.isci.2024.110404,accepted_with_cautions,True,True,True,,4,53,4,True,True,True,True
doi__10.1016_j.isci.2025.113286,10.1016/j.isci.2025.113286,accepted_with_cautions,True,True,True,,3,35,3,True,True,True,True
doi__10.1016_j.jacbts.2020.10.003,,needs_targeted_rework,False,True,False,needs_targeted_rework,13,0,3,True,True,True,True
doi__10.1016_j.jare.2024.01.023,,accepted_with_cautions,True,True,True,,423,280,6,True,True,True,True
doi__10.1016_j.jare.2024.02.016,10.1016/j.jare.2024.02.016,accepted_with_cautions,True,True,True,,133,72,5,True,True,True,True
doi__10.1016_j.jare.2024.09.017,,accepted_with_cautions,True,True,True,,147,725,3,True,True,True,True
doi__10.1016_j.jare.2025.01.005,,accepted_with_cautions,True,True,True,,67,34,2,True,True,True,True
doi__10.1016_j.jare.2025.01.029,,accepted_with_cautions,True,True,True,,338,274,3,True,True,True,True
doi__10.1016_j.jbc.2021.100657,,accepted_with_cautions,True,True,True,,3,21,3,True,True,True,True
doi__10.1016_j.jbc.2022.101822,,accepted_with_cautions,True,True,True,,3,78,3,True,True,True,True
doi__10.1016_j.jbc.2022.102724,,accepted_with_cautions,True,True,True,,30,14,4,True,True,True,True
doi__10.1016_j.jmb.2009.10.032,,needs_targeted_rework,False,True,False,needs_targeted_rework,8,0,1,True,True,True,True
doi__10.1016_j.jsps.2023.04.001,10.1016/j.jsps.2023.04.001,accepted_with_cautions,True,True,True,,6,16,3,True,True,True,True
doi__10.1016_j.omtn.2020.05.006,,accepted_with_cautions,True,True,True,,2,12,3,True,True,True,True
doi__10.1016_j.omto.2019.12.001,10.1016/j.omto.2019.12.001,accepted_with_cautions,True,True,True,,19,16,4,True,True,True,True
doi__10.1016_j.peptides.2003.07.025,,accepted_with_cautions,True,True,True,,76,64,3,True,True,True,True
doi__10.1016_j.peptides.2008.04.022,,accepted_with_cautions,True,True,True,,41,17,2,True,True,True,True
doi__10.1016_j.peptides.2011.05.015,,accepted_with_cautions,True,True,True,,36,13,2,True,True,True,True
doi__10.1016_j.psj.2023.102695,10.1016/j.psj.2023.102695,accepted_with_cautions,True,True,True,,63,53,4,True,True,True,True
doi__10.1016_j.tibtech.2009.07.004,,blocked_missing_primary_material,False,True,False,blocked_missing_primary_material,8,0,3,True,True,True,True
doi__10.1016_j.tibtech.2024.09.008,10.1016/j.tibtech.2024.09.008,accepted_with_cautions,True,True,True,,439,897,3,True,True,True,True
doi__10.1016_j.toxrep.2015.06.011,,accepted_with_cautions,True,True,True,,10,17,3,True,True,True,True
doi__10.1016_j.ultsonch.2021.105676,,accepted_with_cautions,True,True,True,,11,6,4,True,True,True,True
doi__10.1016_j.vetmic.2020.108708,,accepted_with_cautions,True,True,True,,6,30,4,True,True,True,True
doi__10.1016_j.virol.2006.01.029,,needs_targeted_rework,False,True,False,needs_targeted_rework,56,0,2,True,True,True,True
doi__10.1016_j.virol.2010.11.014,,needs_targeted_rework,False,True,False,needs_targeted_rework,12,6,3,True,True,True,True
doi__10.1016_j.virol.2017.07.033,,needs_targeted_rework,False,True,False,needs_targeted_rework,26,0,3,True,True,True,True
doi__10.1016_j.virusres.2006.03.001,,needs_targeted_rework,False,True,False,needs_targeted_rework,94,0,2,True,True,True,True
doi__10.1016_j.yjsbx.2023.100091,,accepted_with_cautions,True,True,True,,11,17,4,True,True,True,True
doi__10.1016_s0140-6736(04)15788-7,,needs_targeted_rework,False,True,False,needs_targeted_rework,21,0,2,True,True,True,True
doi__10.1017_s0031182017000506,,accepted_with_cautions,True,True,True,,5,10,3,True,True,True,True
doi__10.1021_acs.biochem.0c00565,,accepted_with_cautions,True,True,True,,328,149,3,True,True,True,True
doi__10.1021_acs.inorgchem.1c02101,,accepted_with_cautions,True,True,True,,129,135,3,True,True,True,True
doi__10.1021_acs.jafc.1c08139,,accepted_with_cautions,True,True,True,,57,76,3,True,True,True,True
doi__10.1021_acs.jafc.5c02065,,accepted_with_cautions,True,True,True,,140,73,3,True,True,True,True
doi__10.1021_acs.jmedchem.1c00477,,accepted_with_cautions,True,True,True,,64,26,3,True,True,True,True
doi__10.1021_acs.jmedchem.1c00795,,accepted_with_cautions,True,True,True,,207,130,3,True,True,True,True
doi__10.1021_acs.jmedchem.1c01033,,accepted_with_cautions,True,True,True,,266,121,4,True,True,True,True
doi__10.1021_acs.jmedchem.2c00061,,accepted_with_cautions,True,True,True,,102,38,2,True,True,True,True
doi__10.1021_acs.jmedchem.2c00270,,accepted_with_cautions,True,True,True,,24,4,3,True,True,True,True
doi__10.1021_acs.jmedchem.2c01469,,needs_targeted_rework,False,True,False,needs_targeted_rework,427,453,3,True,True,True,True
doi__10.1021_acs.jmedchem.3c00460,,accepted_with_cautions,True,True,True,,442,436,3,True,True,True,True
doi__10.1021_acs.jmedchem.4c00912,,accepted_with_cautions,True,True,True,,423,113,4,True,True,True,True
doi__10.1021_acs.jmedchem.4c01768,,accepted_with_cautions,True,True,True,,23,645,3,True,True,True,True
doi__10.1021_acs.jmedchem.5b01593,,accepted_with_cautions,True,True,True,,200,491,1,True,True,True,True
doi__10.1021_acs.jmedchem.5c01193,,accepted_with_cautions,True,True,True,,62,80,3,True,True,True,True
doi__10.1021_acs.jmedchem.7b01732,,accepted_with_cautions,True,True,True,,195,46,3,True,True,True,True
doi__10.1021_acs.jmedchem.8b00890,,accepted_with_cautions,True,True,True,,180,51,4,True,True,True,True
doi__10.1021_acs.jmedchem.9b01078,,accepted_with_cautions,True,True,True,,86,59,3,True,True,True,True
doi__10.1021_acs.jnatprod.0c01104,,accepted_with_cautions,True,True,True,,27,15,3,True,True,True,True
doi__10.1021_acs.jnatprod.2c00674,,accepted_with_cautions,True,True,True,,44,35,3,True,True,True,True
doi__10.1021_acs.jnatprod.4c00118,,accepted_with_cautions,True,True,True,,65,30,3,True,True,True,True
doi__10.1021_acs.jnatprod.4c00814,,accepted_with_cautions,True,True,True,,55,25,4,True,True,True,True
doi__10.1021_acs.joc.4c01414,,accepted_with_cautions,True,True,True,,110,75,3,True,True,True,True
doi__10.1021_acs.joc.4c02828,,accepted_with_cautions,True,True,True,,47,72,3,True,True,True,True
doi__10.1021_acs.langmuir.0c02135,,accepted_with_cautions,True,True,True,,73,27,3,True,True,True,True
doi__10.1021_acs.langmuir.2c00506,,accepted_with_cautions,True,True,True,,13,18,3,True,True,True,True
doi__10.1021_acsbiomedchemau.4c00119,,accepted_with_cautions,True,True,True,,100,63,3,True,True,True,True
doi__10.1021_acscentsci.0c01135,10.1021/acscentsci.0c01135,accepted_with_cautions,True,True,True,,52,256,4,True,True,True,True
doi__10.1021_acschembio.0c00568,,accepted_with_cautions,True,True,True,,202,122,3,True,True,True,True
doi__10.1021_acschembio.1c00641,,accepted_with_cautions,True,True,True,,442,268,2,True,True,True,True
doi__10.1021_acschembio.3c00577,,accepted_with_cautions,True,True,True,,280,26,3,True,True,True,True
doi__10.1021_acsinfecdis.2c00307,,accepted_with_cautions,True,True,True,,60,49,4,True,True,True,True
doi__10.1021_acsinfecdis.2c00456,10.1021/acsinfecdis.2c00456,accepted_with_cautions,True,True,True,,4,27,3,True,True,True,True
doi__10.1021_acsinfecdis.3c00206,,accepted_with_cautions,True,True,True,,128,96,3,True,True,True,True
doi__10.1021_acsinfecdis.3c00421,,accepted_with_cautions,True,True,True,,411,720,2,True,True,True,True
doi__10.1021_acsinfecdis.4c00130,,accepted_with_cautions,True,True,True,,66,42,4,True,True,True,True
doi__10.1021_acsinfecdis.4c00160,,accepted_with_cautions,True,True,True,,33,54,4,True,True,True,True
doi__10.1021_acsinfecdis.6b00045,10.1021/acsinfecdis.6b00045,accepted_with_cautions,True,True,True,,158,120,3,True,True,True,True
doi__10.1021_acsinfecdis.9b00157,,accepted_with_cautions,True,True,True,,140,86,4,True,True,True,True
doi__10.1021_acsomega.0c00189,,accepted_with_cautions,True,True,True,,136,99,4,True,True,True,True
doi__10.1021_acsomega.0c00442,,accepted_with_cautions,True,True,True,,98,42,3,True,True,True,True
doi__10.1021_acsomega.0c01065,,accepted_with_cautions,True,True,True,,63,28,2,True,True,True,True
doi__10.1021_acsomega.0c01462,,accepted_with_cautions,True,True,True,,32,14,3,True,True,True,True
doi__10.1021_acsomega.0c02088,10.1021/acsomega.0c02088,accepted_with_cautions,True,True,True,,40,11,3,True,True,True,True
doi__10.1021_acsomega.1c00020,,accepted_with_cautions,True,True,True,,22,16,3,True,True,True,True
doi__10.1021_acsomega.1c01854,,accepted_with_cautions,True,True,True,,448,256,2,True,True,True,True
doi__10.1021_acsomega.1c07160,,accepted_with_cautions,True,True,True,,12,12,2,True,True,True,True
doi__10.1021_acsomega.2c01089,,accepted_with_cautions,True,True,True,,103,56,3,True,True,True,True
doi__10.1021_acsomega.2c02203,,accepted_with_cautions,True,True,True,,42,6,2,True,True,True,True
doi__10.1021_acsomega.2c02778,10.1021/acsomega.2c02778,accepted_with_cautions,True,True,True,,2,12,3,True,True,True,True
doi__10.1021_acsomega.3c07455,,accepted_with_cautions,True,True,True,,175,84,3,True,True,True,True
doi__10.1021_acsomega.4c01277,,accepted_with_cautions,True,True,True,,445,195,2,True,True,True,True
doi__10.1021_acsomega.4c01577,,accepted_with_cautions,True,True,True,,180,121,3,True,True,True,True
doi__10.1021_acsomega.4c09054,,accepted_with_cautions,True,True,True,,63,80,3,True,True,True,True
doi__10.1021_acsomega.5c07214,,accepted_with_cautions,True,True,True,,24,19,3,True,True,True,True
doi__10.1021_acsomega.8b01876,,accepted_with_cautions,True,True,True,,289,31,3,True,True,True,True
doi__10.1021_acsomega.9b02201,,accepted_with_cautions,True,True,True,,201,106,3,True,True,True,True
doi__10.1021_acsomega.9b02278,,accepted_with_cautions,True,True,True,,7,52,4,True,True,True,True
doi__10.1021_acsomega.9b03307,,accepted_with_cautions,True,True,True,,28,16,3,True,True,True,True
doi__10.1021_acssynbio.1c00161,,accepted_with_cautions,True,True,True,,128,74,3,True,True,True,True
doi__10.1021_acssynbio.3c00612,,accepted_with_cautions,True,True,True,,42,20,3,True,True,True,True
doi__10.1021_bi5004102,,accepted_with_cautions,True,True,True,,24,3,3,True,True,True,True
doi__10.1021_cb500080r,,accepted_with_cautions,True,True,True,,382,357,3,True,True,True,True
doi__10.1021_cb500340w,,accepted_with_cautions,True,True,True,,39,118,3,True,True,True,True
doi__10.1021_cb500475y,,accepted_with_cautions,True,True,True,,109,49,4,True,True,True,True
doi__10.1021_cb900194x,,accepted_with_cautions,True,True,True,,51,24,5,True,True,True,True
doi__10.1021_ja402993u,,accepted_with_cautions,True,True,True,,8,5,3,True,True,True,True
doi__10.1021_ja410385c,,accepted_with_cautions,True,True,True,,49,21,4,True,True,True,True
doi__10.1021_mp400747k,,accepted_with_cautions,True,True,True,,7,16,3,True,True,True,True
doi__10.1021_mp5003027,,accepted_with_cautions,True,True,True,,12,36,3,True,True,True,True
doi__10.1021_nl5002313,,accepted_with_cautions,True,True,True,,3,21,3,True,True,True,True
doi__10.1021_np5003548,,accepted_with_cautions,True,True,True,,10,5,1,True,True,True,True
doi__10.1021_np700718p,,accepted_with_cautions,True,True,True,,3,31,2,True,True,True,True
doi__10.1021_ol3022758,,accepted_with_cautions,True,True,True,,8,2,2,True,True,True,True
doi__10.1038_cddis.2013.401,,accepted_with_cautions,True,True,True,,3,26,4,True,True,True,True
doi__10.1038_cddis.2015.118,,accepted_with_cautions,True,True,True,,6,9,3,True,True,True,True
doi__10.1038_hdy.2016.117,,accepted_with_cautions,True,True,True,,304,204,3,True,True,True,True
doi__10.1038_ja.2010.22,,accepted_with_cautions,True,True,True,,29,14,2,True,True,True,True
doi__10.1038_ki.2012.410,10.1038/ki.2012.410,accepted_with_cautions,True,True,True,,25,14,3,True,True,True,True
doi__10.1038_msb4100049,,blocked_missing_primary_material,False,True,False,blocked_missing_primary_material,8,0,0,True,True,True,True
doi__10.1038_nchembio.215,,accepted_with_cautions,True,True,True,,9,7,1,True,True,True,True
doi__10.1038_ncomms4067,,accepted_with_cautions,True,True,True,,19,8,3,True,True,True,True
doi__10.1038_ncomms6573,,accepted_with_cautions,True,True,True,,27,6,3,True,True,True,True
doi__10.1038_s41392-021-00698-x,,accepted_with_cautions,True,True,True,,81,110,2,True,True,True,True
doi__10.1038_s41396-018-0293-8,,accepted_with_cautions,True,True,True,,38,18,3,True,True,True,True
doi__10.1038_s41421-020-0171-1,,accepted_with_cautions,True,True,True,,12,7,3,True,True,True,True
doi__10.1038_s41422-020-0305-x,,accepted_with_cautions,True,True,True,,251,2,2,True,True,True,True
doi__10.1038_s41422-022-00617-x,,publication_grade,True,True,True,,27,12,1,True,True,True,True
doi__10.1038_s41423-020-0374-2,,publication_grade,True,True,True,,42,5,2,True,True,True,True
doi__10.1038_s41467-017-00419-5,,accepted_with_cautions,True,True,True,,294,112,3,True,True,True,True
doi__10.1038_s41467-018-03746-3,,blocked_missing_primary_material,False,True,False,blocked_missing_primary_material,26,12,4,True,True,True,True
doi__10.1038_s41467-018-05781-6,10.1038/s41467-018-05781-6,accepted_with_cautions,True,True,True,,60,128,3,True,True,True,True
doi__10.1038_s41467-019-10754-4,,blocked_missing_primary_material,False,True,False,blocked_missing_primary_material,432,334,1,True,True,True,True
doi__10.1038_s41467-019-11503-3,,accepted_with_cautions,True,True,True,,31,27,4,True,True,True,True
doi__10.1038_s41467-020-16950-x,,accepted_with_cautions,True,True,True,,355,71,3,True,True,True,True
doi__10.1038_s41467-020-17736-x,,accepted_with_cautions,True,True,True,,12,26,3,True,True,True,True
doi__10.1038_s41467-020-17986-9,,accepted_with_cautions,True,True,True,,50,17,3,True,True,True,True
doi__10.1038_s41467-021-21825-w,,accepted_with_cautions,True,True,True,,9,5,3,True,True,True,True
doi__10.1038_s41467-021-27655-0,,accepted_with_cautions,True,True,True,,14,14,3,True,True,True,True
doi__10.1038_s41467-022-29234-3,,accepted_with_cautions,True,True,True,,430,256,4,True,True,True,True
doi__10.1038_s41467-022-33613-1,,accepted_with_cautions,True,True,True,,14,587,4,True,True,True,True
doi__10.1038_s41467-023-36280-y,,accepted_with_cautions,True,True,True,,15,383,3,True,True,True,True
doi__10.1038_s41467-023-36994-z,10.1038/s41467-023-36994-z,accepted_with_cautions,True,True,True,,430,363,1,True,True,True,True
doi__10.1038_s41467-023-37003-z,,blocked_missing_primary_material,False,True,False,blocked_missing_primary_material,55,29,3,True,True,True,True
doi__10.1038_s41467-023-42387-z,,blocked_missing_primary_material,False,True,False,blocked_missing_primary_material,305,146,3,True,True,True,True
doi__10.1038_s41467-023-42434-9,10.1038/s41467-023-42434-9,accepted_with_cautions,True,True,True,,354,88,4,True,True,True,True
doi__10.1038_s41467-024-49215-y,,accepted_with_cautions,True,True,True,,99,47,3,True,True,True,True
doi__10.1038_s41467-024-51730-x,,accepted_with_cautions,True,True,True,,45,48,3,True,True,True,True
doi__10.1038_s41467-024-51933-2,,needs_targeted_rework,False,True,False,needs_targeted_rework,385,160,3,True,True,True,True
doi__10.1038_s41467-024-53309-y,,blocked_missing_primary_material,False,True,False,blocked_missing_primary_material,287,236,3,True,True,True,True
doi__10.1038_s41467-025-60051-6,,accepted_with_cautions,True,True,True,,487,754,3,True,True,True,True
doi__10.1038_s41467-025-62604-1,,accepted_with_cautions,True,True,True,,2,47,3,True,True,True,True
doi__10.1038_s41467-025-64378-y,,accepted_with_cautions,True,True,True,,23,24,3,True,True,True,True
doi__10.1038_s41467-025-65449-w,10.1038/s41467-025-65449-w,accepted_with_cautions,True,True,True,,99,11,3,True,True,True,True
doi__10.1038_s41522-017-0042-1,,accepted_with_cautions,True,True,True,,442,520,3,True,True,True,True
doi__10.1038_s41522-022-00320-0,,accepted_with_cautions,True,True,True,,94,59,4,True,True,True,True
doi__10.1038_s41522-024-00637-y,,blocked_missing_primary_material,False,True,False,blocked_missing_primary_material,57,12,5,True,True,True,True
doi__10.1038_s41538-021-00109-z,10.1038/s41538-021-00109-z,accepted_with_cautions,True,True,True,,161,88,4,True,True,True,True
doi__10.1038_s41551-024-01201-x,,blocked_missing_primary_material,False,True,False,blocked_missing_primary_material,78,66,3,True,True,True,True
doi__10.1038_s41557-019-0323-9,10.1038/s41557-019-0323-9,accepted_with_cautions,True,True,True,,9,4,3,True,True,True,True
doi__10.1038_s41557-025-01979-6,,accepted_with_cautions,True,True,True,,81,10,2,True,True,True,True
doi__10.1038_s41586-019-1791-1,,accepted_with_cautions,True,True,True,,71,68,5,True,True,True,True
doi__10.1038_s41586-025-08615-w,,accepted_with_cautions,True,True,True,,10,63,3,True,True,True,True
doi__10.1038_s41598-017-01267-5,10.1038/s41598-017-01267-5,blocked_missing_primary_material,False,True,False,blocked_missing_primary_material,1,8,5,True,True,True,True
doi__10.1038_s41598-017-01474-0,,accepted_with_cautions,True,True,True,,211,118,3,True,True,True,True
doi__10.1038_s41598-017-01698-0,10.1038/s41598-017-01698-0,accepted_with_cautions,True,True,True,,236,123,5,True,True,True,True
doi__10.1038_s41598-017-02373-0,,accepted_with_cautions,True,True,True,,118,34,3,True,True,True,True
doi__10.1038_s41598-017-03576-1,,accepted_with_cautions,True,True,True,,324,186,4,True,True,True,True
doi__10.1038_s41598-017-03664-2,,accepted_with_cautions,True,True,True,,302,137,3,True,True,True,True
doi__10.1038_s41598-017-04274-8,,accepted_with_cautions,True,True,True,,36,13,4,True,True,True,True
doi__10.1038_s41598-017-04777-4,10.1038/s41598-017-04777-4,accepted_with_cautions,True,True,True,,4,12,3,True,True,True,True
doi__10.1038_s41598-017-07331-4,,accepted_with_cautions,True,True,True,,60,9,1,True,True,True,True
doi__10.1038_s41598-017-07440-0,,accepted_with_cautions,True,True,True,,315,476,3,True,True,True,True
doi__10.1038_s41598-017-08963-2,10.1038/s41598-017-08963-2,accepted_with_cautions,True,True,True,,3,4,3,True,True,True,True
doi__10.1038_s41598-017-10492-x,10.1038/s41598-017-10492-x,accepted_with_cautions,True,True,True,,44,94,3,True,True,True,True
doi__10.1038_s41598-017-10839-4,,accepted_with_cautions,True,True,True,,77,80,3,True,True,True,True
doi__10.1038_s41598-017-11396-6,,blocked_missing_primary_material,False,True,False,blocked_missing_primary_material,42,21,3,True,True,True,True
doi__10.1038_s41598-017-11832-7,10.1038/s41598-017-11832-7,accepted_with_cautions,True,True,True,,115,81,3,True,True,True,True
doi__10.1038_s41598-017-13685-6,,blocked_missing_primary_material,False,True,False,blocked_missing_primary_material,423,262,3,True,True,True,True
doi__10.1038_s41598-017-15436-z,,blocked_missing_primary_material,False,True,False,blocked_missing_primary_material,39,61,3,True,True,True,True
doi__10.1038_s41598-017-16784-6,,blocked_missing_primary_material,False,True,False,blocked_missing_primary_material,74,161,4,True,True,True,True
doi__10.1038_s41598-018-19434-7,,accepted_with_cautions,True,True,True,,223,281,4,True,True,True,True
doi__10.1038_s41598-018-19669-4,10.1038/s41598-018-19669-4,accepted_with_cautions,True,True,True,,75,20,3,True,True,True,True
doi__10.1038_s41598-018-20002-2,,accepted_with_cautions,True,True,True,,55,43,4,True,True,True,True
doi__10.1038_s41598-018-20912-1,,accepted_with_cautions,True,True,True,,126,49,3,True,True,True,True
doi__10.1038_s41598-018-27225-3,,accepted_with_cautions,True,True,True,,125,54,3,True,True,True,True
doi__10.1038_s41598-018-27231-5,10.1038/s41598-018-27231-5,accepted_with_cautions,True,True,True,,26,42,3,True,True,True,True
doi__10.1038_s41598-018-27417-x,10.1038/s41598-018-27417-x,accepted_with_cautions,True,True,True,,13,6,3,True,True,True,True
doi__10.1038_s41598-018-29444-0,10.1038/s41598-018-29444-0,accepted_with_cautions,True,True,True,,69,33,3,True,True,True,True
doi__10.1038_s41598-018-29566-5,,accepted_with_cautions,True,True,True,,118,48,3,True,True,True,True
doi__10.1038_s41598-018-29826-4,,accepted_with_cautions,True,True,True,,8,65,4,True,True,True,True
doi__10.1038_s41598-018-32947-5,,accepted_with_cautions,True,True,True,,21,11,4,True,True,True,True
doi__10.1038_s41598-018-32981-3,,accepted_with_cautions,True,True,True,,67,26,3,True,True,True,True
doi__10.1038_s41598-018-33133-3,,accepted_with_cautions,True,True,True,,3,9,3,True,True,True,True
doi__10.1038_s41598-018-33289-y,,accepted_with_cautions,True,True,True,,120,94,4,True,True,True,True
doi__10.1038_s41598-018-34087-2,10.1038/s41598-018-34087-2,accepted_with_cautions,True,True,True,,4,347,3,True,True,True,True
doi__10.1038_s41598-018-34467-8,,accepted_with_cautions,True,True,True,,2,12,3,True,True,True,True
doi__10.1038_s41598-018-34684-1,,accepted_with_cautions,True,True,True,,48,15,3,True,True,True,True
doi__10.1038_s41598-018-35530-0,,blocked_missing_primary_material,False,True,False,blocked_missing_primary_material,44,44,3,True,True,True,True
doi__10.1038_s41598-018-37630-3,10.1038/s41598-018-37630-3,accepted_with_cautions,True,True,True,,162,78,3,True,True,True,True
doi__10.1038_s41598-018-38442-1,,accepted_with_cautions,True,True,True,,43,24,3,True,True,True,True
doi__10.1038_s41598-019-39042-3,,accepted_with_cautions,True,True,True,,565,182,3,True,True,True,True
doi__10.1038_s41598-019-39219-w,10.1038/s41598-019-39219-w,blocked_missing_primary_material,False,True,False,blocked_missing_primary_material,457,393,3,True,True,True,True
doi__10.1038_s41598-019-40577-8,,blocked_missing_primary_material,False,True,False,blocked_missing_primary_material,212,110,4,True,True,True,True
doi__10.1038_s41598-019-41005-7,,accepted_with_cautions,True,True,True,,82,24,2,True,True,True,True
doi__10.1038_s41598-019-42440-2,,accepted_with_cautions,True,True,True,,25,20,6,True,True,True,True
doi__10.1038_s41598-019-44256-6,,accepted_with_cautions,True,True,True,,22,14,3,True,True,True,True
doi__10.1038_s41598-019-47108-5,10.1038/s41598-019-47108-5,accepted_with_cautions,True,True,True,,38,52,3,True,True,True,True
doi__10.1038_s41598-019-47327-w,10.1038/s41598-019-47327-w,accepted_with_cautions,True,True,True,,23,26,3,True,True,True,True
doi__10.1038_s41598-019-47568-9,,accepted_with_cautions,True,True,True,,411,175,3,True,True,True,True
doi__10.1038_s41598-019-47955-2,10.1038/s41598-019-47955-2,accepted_with_cautions,True,True,True,,24,8,3,True,True,True,True
doi__10.1038_s41598-019-50061-y,,accepted_with_cautions,True,True,True,,76,76,4,True,True,True,True
doi__10.1038_s41598-019-54716-8,,blocked_missing_primary_material,False,True,False,blocked_missing_primary_material,114,111,3,True,True,True,True
doi__10.1038_s41598-020-58014-6,10.1038/s41598-020-58014-6,accepted_with_cautions,True,True,True,,134,64,3,True,True,True,True
doi__10.1038_s41598-020-59665-1,,accepted_with_cautions,True,True,True,,18,8,4,True,True,True,True
doi__10.1038_s41598-020-60570-w,10.1038/s41598-020-60570-w,blocked_missing_primary_material,False,True,False,blocked_missing_primary_material,245,276,3,True,True,True,True
doi__10.1038_s41598-020-60623-0,,accepted_with_cautions,True,True,True,,54,104,3,True,True,True,True
doi__10.1038_s41598-020-60829-2,,blocked_missing_primary_material,False,True,False,blocked_missing_primary_material,18,13,3,True,True,True,True
doi__10.1038_s41598-020-62746-w,,accepted_with_cautions,True,True,True,,33,28,3,True,True,True,True
doi__10.1038_s41598-020-65688-5,,accepted_with_cautions,True,True,True,,343,244,4,True,True,True,True
doi__10.1038_s41598-020-66164-w,,blocked_missing_primary_material,False,True,False,blocked_missing_primary_material,87,23,3,True,True,True,True
doi__10.1038_s41598-020-67041-2,,accepted_with_cautions,True,True,True,,14,20,3,True,True,True,True
doi__10.1038_s41598-020-69162-0,10.1038/s41598-020-69162-0,accepted_with_cautions,True,True,True,,42,56,3,True,True,True,True
doi__10.1038_s41598-020-69485-y,,accepted_with_cautions,True,True,True,,42,20,4,True,True,True,True
doi__10.1038_s41598-020-69995-9,,accepted_with_cautions,True,True,True,,105,391,3,True,True,True,True
doi__10.1038_s41598-020-70314-5,,accepted_with_cautions,True,True,True,,2,36,3,True,True,True,True
doi__10.1038_s41598-020-70328-z,10.1038/s41598-020-70328-z,accepted_with_cautions,True,True,True,,2,25,3,True,True,True,True
doi__10.1038_s41598-020-71771-8,,accepted_with_cautions,True,True,True,,453,365,3,True,True,True,True
doi__10.1038_s41598-020-80596-4,,accepted_with_cautions,True,True,True,,29,18,3,True,True,True,True
doi__10.1038_s41598-021-02007-6,10.1038/s41598-021-02007-6,accepted_with_cautions,True,True,True,,2,18,3,True,True,True,True
doi__10.1038_s41598-021-81394-2,,blocked_missing_primary_material,False,True,False,blocked_missing_primary_material,88,42,3,True,True,True,True
doi__10.1038_s41598-021-81734-2,10.1038/s41598-021-81734-2,accepted_with_cautions,True,True,True,,52,31,4,True,True,True,True
doi__10.1038_s41598-021-89485-w,,accepted_with_cautions,True,True,True,,63,24,3,True,True,True,True
doi__10.1038_s41598-021-90613-9,,accepted_with_cautions,True,True,True,,12,12,3,True,True,True,True
doi__10.1038_s41598-021-91670-w,,accepted_with_cautions,True,True,True,,34,16,5,True,True,True,True
doi__10.1038_s41598-021-91765-4,,accepted_with_cautions,True,True,True,,66,30,5,True,True,True,True
doi__10.1038_s41598-021-97581-0,10.1038/s41598-021-97581-0,accepted_with_cautions,True,True,True,,13,12,3,True,True,True,True
doi__10.1038_s41598-021-97821-3,,accepted_with_cautions,True,True,True,,162,102,3,True,True,True,True
doi__10.1038_s41598-022-08247-4,,accepted_with_cautions,True,True,True,,103,106,4,True,True,True,True
doi__10.1038_s41598-022-15977-y,10.1038/s41598-022-15977-y,accepted_with_cautions,True,True,True,,3,4,3,True,True,True,True
doi__10.1038_s41598-022-16303-2,,accepted_with_cautions,True,True,True,,48,18,3,True,True,True,True
doi__10.1038_s41598-022-19450-8,,accepted_with_cautions,True,True,True,,21,45,4,True,True,True,True
doi__10.1038_s41598-022-20236-1,,blocked_missing_primary_material,False,True,False,blocked_missing_primary_material,255,203,5,True,True,True,True
doi__10.1038_s41598-022-20427-w,,accepted_with_cautions,True,True,True,,2,8,3,True,True,True,True
doi__10.1038_s41598-022-23613-y,10.1038/s41598-022-23613-y,accepted_with_cautions,True,True,True,,3,9,3,True,True,True,True
doi__10.1038_s41598-023-28386-6,,accepted_with_cautions,True,True,True,,124,57,4,True,True,True,True
doi__10.1038_s41598-023-28502-6,,accepted_with_cautions,True,True,True,,10,13,3,True,True,True,True
doi__10.1038_s41598-023-30427-z,10.1038/s41598-023-30427-z,accepted_with_cautions,True,True,True,,51,80,6,True,True,True,True
doi__10.1038_s41598-023-31185-8,,accepted_with_cautions,True,True,True,,433,259,3,True,True,True,True
doi__10.1038_s41598-023-39785-0,,accepted_with_cautions,True,True,True,,25,10,3,True,True,True,True
doi__10.1038_s41598-023-41581-9,10.1038/s41598-023-41581-9,accepted_with_cautions,True,True,True,,235,110,3,True,True,True,True
doi__10.1038_s41598-023-41945-1,,accepted_with_cautions,True,True,True,,150,64,3,True,True,True,True
doi__10.1038_s41598-023-43274-9,,blocked_missing_primary_material,False,True,False,blocked_missing_primary_material,245,44,3,True,True,True,True
doi__10.1038_s41598-023-45875-w,,accepted_with_cautions,True,True,True,,11,4,3,True,True,True,True
doi__10.1038_s41598-024-52721-0,,accepted_with_cautions,True,True,True,,50,114,4,True,True,True,True
doi__10.1038_s41598-024-53662-4,,accepted_with_cautions,True,True,True,,2,7,4,True,True,True,True
doi__10.1038_s41598-024-60246-9,,accepted_with_cautions,True,True,True,,56,32,3,True,True,True,True
doi__10.1038_s41598-024-63552-4,10.1038/s41598-024-63552-4,accepted_with_cautions,True,True,True,,16,24,3,True,True,True,True
doi__10.1038_s41598-024-67777-1,,accepted_with_cautions,True,True,True,,368,391,3,True,True,True,True
doi__10.1038_s41598-024-76553-0,10.1038/s41598-024-76553-0,accepted_with_cautions,True,True,True,,15,12,3,True,True,True,True
doi__10.1038_s41598-025-18026-6,,accepted_with_cautions,True,True,True,,10,8,1,True,True,True,True
doi__10.1038_s42003-020-01420-3,,accepted_with_cautions,True,True,True,,12,99,6,True,True,True,True
doi__10.1038_s42003-020-01511-1,,accepted_with_cautions,True,True,True,,418,568,3,True,True,True,True
doi__10.1038_s42003-020-0761-3,,blocked_missing_primary_material,False,True,False,blocked_missing_primary_material,192,160,3,True,True,True,True
doi__10.1038_s42003-021-01736-8,,accepted_with_cautions,True,True,True,,63,18,2,True,True,True,True
doi__10.1038_s42003-022-03899-4,10.1038/s42003-022-03899-4,needs_targeted_rework,False,True,False,needs_targeted_rework,324,165,3,True,True,True,True
doi__10.1038_s42003-022-04164-4,,blocked_missing_primary_material,False,True,False,blocked_missing_primary_material,477,291,4,True,True,True,True
doi__10.1038_s42003-022-04385-7,10.1038/s42003-022-04385-7,accepted_with_cautions,True,True,True,,9,40,4,True,True,True,True
doi__10.1038_s42003-023-05560-0,10.1038/s42003-023-05560-0,accepted_with_cautions,True,True,True,,427,24,3,True,True,True,True
doi__10.1038_s42003-024-07216-z,10.1038/s42003-024-07216-z,accepted_with_cautions,True,True,True,,160,189,4,True,True,True,True
doi__10.1038_s42256-025-01119-2,10.1038/s42256-025-01119-2,accepted_with_cautions,True,True,True,,138,138,4,True,True,True,True
doi__10.1038_s44259-025-00121-3,10.1038/s44259-025-00121-3,blocked_missing_primary_material,False,True,False,blocked_missing_primary_material,465,117,4,True,True,True,True
doi__10.1038_s44319-024-00277-5,10.1038/s44319-024-00277-5,accepted_with_cautions,True,True,True,,165,71,3,True,True,True,True
doi__10.1038_s44320-025-00120-6,,accepted_with_cautions,True,True,True,,282,198,4,True,True,True,True
doi__10.1038_srep04900,,accepted_with_cautions,True,True,True,,63,67,3,True,True,True,True
doi__10.1038_srep09127,10.1038/srep09127,accepted_with_cautions,True,True,True,,54,34,4,True,True,True,True
doi__10.1038_srep09216,10.1038/srep09216,accepted_with_cautions,True,True,True,,28,120,4,True,True,True,True
doi__10.1038_srep09388,,accepted_with_cautions,True,True,True,,160,161,3,True,True,True,True
doi__10.1038_srep09657,,accepted_with_cautions,True,True,True,,166,251,4,True,True,True,True
doi__10.1038_srep09761,,accepted_with_cautions,True,True,True,,190,195,3,True,True,True,True
doi__10.1038_srep10558,,accepted_with_cautions,True,True,True,,364,242,4,True,True,True,True
doi__10.1038_srep11082,,accepted_with_cautions,True,True,True,,36,23,5,True,True,True,True
doi__10.1038_srep11951,10.1038/srep11951,accepted_with_cautions,True,True,True,,59,26,4,True,True,True,True
doi__10.1038_srep12048,,accepted_with_cautions,True,True,True,,236,125,4,True,True,True,True
doi__10.1038_srep13412,,accepted_with_cautions,True,True,True,,5,10,4,True,True,True,True
doi__10.1038_srep13595,,accepted_with_cautions,True,True,True,,6,40,4,True,True,True,True
doi__10.1038_srep14569,,accepted_with_cautions,True,True,True,,11,27,4,True,True,True,True
doi__10.1038_srep15963,10.1038/srep15963,accepted_with_cautions,True,True,True,,235,228,3,True,True,True,True
doi__10.1038_srep17260,10.1038/srep17260,accepted_with_cautions,True,True,True,,26,11,5,True,True,True,True
doi__10.1038_srep18355,10.1038/srep18355,accepted_with_cautions,True,True,True,,13,10,4,True,True,True,True
doi__10.1038_srep20823,10.1038/srep20823,accepted_with_cautions,True,True,True,,9,19,3,True,True,True,True
doi__10.1038_srep20832,,accepted_with_cautions,True,True,True,,44,210,3,True,True,True,True
doi__10.1038_srep21385,,accepted_with_cautions,True,True,True,,25,13,4,True,True,True,True
doi__10.1038_srep22008,,accepted_with_cautions,True,True,True,,14,11,3,True,True,True,True
doi__10.1038_srep22875,,accepted_with_cautions,True,True,True,,14,12,3,True,True,True,True
doi__10.1038_srep24000,,accepted_with_cautions,True,True,True,,227,42,3,True,True,True,True
doi__10.1038_srep24684,,accepted_with_cautions,True,True,True,,35,12,2,True,True,True,True
doi__10.1038_srep26077,,accepted_with_cautions,True,True,True,,9,19,3,True,True,True,True
doi__10.1038_srep27258,,accepted_with_cautions,True,True,True,,29,190,3,True,True,True,True
doi__10.1038_srep27394,,accepted_with_cautions,True,True,True,,299,109,4,True,True,True,True
doi__10.1038_srep29145,,accepted_with_cautions,True,True,True,,15,108,2,True,True,True,True
doi__10.1038_srep29707,,accepted_with_cautions,True,True,True,,53,445,3,True,True,True,True
doi__10.1038_srep32121,,accepted_with_cautions,True,True,True,,27,31,3,True,True,True,True
doi__10.1038_srep35019,,accepted_with_cautions,True,True,True,,334,105,2,True,True,True,True
doi__10.1038_srep35347,,accepted_with_cautions,True,True,True,,54,84,3,True,True,True,True
doi__10.1038_srep35465,,accepted_with_cautions,True,True,True,,2,34,4,True,True,True,True
doi__10.1038_srep39925,,accepted_with_cautions,True,True,True,,68,65,5,True,True,True,True
doi__10.1038_srep40228,,accepted_with_cautions,True,True,True,,57,24,3,True,True,True,True
doi__10.1038_srep40854,,accepted_with_cautions,True,True,True,,18,14,3,True,True,True,True
doi__10.1038_srep41772,,accepted_with_cautions,True,True,True,,10,14,4,True,True,True,True
doi__10.1038_srep42994,,accepted_with_cautions,True,True,True,,142,104,3,True,True,True,True
doi__10.1038_srep43384,,accepted_with_cautions,True,True,True,,39,14,3,True,True,True,True
doi__10.1038_srep43610,,accepted_with_cautions,True,True,True,,60,30,3,True,True,True,True
doi__10.1038_srep44278,,accepted_with_cautions,True,True,True,,200,182,5,True,True,True,True
doi__10.1038_srep45282,10.1038/srep45282,accepted_with_cautions,True,True,True,,3,1,3,True,True,True,True
doi__10.1038_srep46541,,accepted_with_cautions,True,True,True,,18,12,3,True,True,True,True
doi__10.1039_c7sc01599b,,accepted_with_cautions,True,True,True,,241,112,5,True,True,True,True
doi__10.1039_c8cc05790g,,accepted_with_cautions,True,True,True,,29,28,3,True,True,True,True
doi__10.1039_c8ra08065h,10.1039/c8ra08065h,accepted_with_cautions,True,True,True,,8,140,3,True,True,True,True
doi__10.1039_c9md00031c,10.1039/c9md00031c,accepted_with_cautions,True,True,True,,129,96,3,True,True,True,True
doi__10.1039_c9ra00708c,10.1039/c9ra00708c,accepted_with_cautions,True,True,True,,266,154,3,True,True,True,True
doi__10.1039_d1cb00124h,10.1039/d1cb00124h,accepted_with_cautions,True,True,True,,76,76,5,True,True,True,True
doi__10.1039_d1ra04882a,10.1039/d1ra04882a,accepted_with_cautions,True,True,True,,57,72,6,True,True,True,True
doi__10.1039_d1sc01713f,10.1039/d1sc01713f,accepted_with_cautions,True,True,True,,344,166,3,True,True,True,True
doi__10.1039_d1sc03628a,,accepted_with_cautions,True,True,True,,12,4,3,True,True,True,True
doi__10.1039_d1sc05662j,10.1039/d1sc05662j,accepted_with_cautions,True,True,True,,80,46,5,True,True,True,True
doi__10.1039_d1sc06998e,10.1039/d1sc06998e,accepted_with_cautions,True,True,True,,105,54,4,True,True,True,True
doi__10.1039_d1sc07190d,10.1039/d1sc07190d,accepted_with_cautions,True,True,True,,101,174,3,True,True,True,True
doi__10.1039_d3ra02473c,,accepted_with_cautions,True,True,True,,39,26,3,True,True,True,True
doi__10.1039_d3ra04100j,,accepted_with_cautions,True,True,True,,10,66,3,True,True,True,True
doi__10.1039_d3ra08313f,,accepted_with_cautions,True,True,True,,78,36,3,True,True,True,True
doi__10.1039_d4md00383g,,accepted_with_cautions,True,True,True,,183,192,3,True,True,True,True
doi__10.1039_d4sc06689h,,accepted_with_cautions,True,True,True,,60,50,3,True,True,True,True
doi__10.1042_bsr20150060,,accepted_with_cautions,True,True,True,,4,4,3,True,True,True,True
doi__10.1042_bsr20170967,,accepted_with_cautions,True,True,True,,76,63,4,True,True,True,True
doi__10.1042_bsr20180710,,accepted_with_cautions,True,True,True,,163,57,3,True,True,True,True
doi__10.1042_bsr20200019,,accepted_with_cautions,True,True,True,,51,21,5,True,True,True,True
doi__10.1073_pnas.1500553112,10.1073/pnas.1500553112,accepted_with_cautions,True,True,True,,16,3,3,True,True,True,True
doi__10.1073_pnas.1817376116,10.1073/pnas.1817376116,accepted_with_cautions,True,True,True,,197,180,4,True,True,True,True
doi__10.1073_pnas.1909585117,,accepted_with_cautions,True,True,True,,83,58,3,True,True,True,True
doi__10.1073_pnas.2007036117,10.1073/pnas.2007036117,accepted_with_cautions,True,True,True,,182,95,5,True,True,True,True
doi__10.1073_pnas.2123379119,,accepted_with_cautions,True,True,True,,17,27,2,True,True,True,True
doi__10.1073_pnas.2210990119,,accepted_with_cautions,True,True,True,,27,12,3,True,True,True,True
doi__10.1073_pnas.2219392120,,accepted_with_cautions,True,True,True,,38,32,3,True,True,True,True
doi__10.1073_pnas.2219679120,,accepted_with_cautions,True,True,True,,142,74,4,True,True,True,True
doi__10.1074_jbc.m109.036459,,blocked_missing_primary_material,False,True,False,blocked_missing_primary_material,10,1,3,True,True,True,True
doi__10.1074_jbc.m113.459560,,accepted_with_cautions,True,True,True,,68,30,3,True,True,True,True
doi__10.1080_14756366.2020.1819258,,accepted_with_cautions,True,True,True,,109,65,3,True,True,True,True
doi__10.1080_19490976.2024.2387139,,accepted_with_cautions,True,True,True,,27,26,3,True,True,True,True
doi__10.1080_19490976.2025.2523811,,accepted_with_cautions,True,True,True,,65,107,4,True,True,True,True
doi__10.1080_22221751.2021.1937329,,publication_grade_ready,True,True,True,,72,94,2,True,True,True,True
doi__10.1080_22221751.2022.2051753,10.1080/22221751.2022.2051753,accepted_with_cautions,True,True,True,,40,10,4,True,True,True,True
doi__10.1083_jcb.118.4.929,,accepted_with_cautions,True,True,True,,11,2,3,True,True,True,True
doi__10.1084_jem.143.6.1540,,accepted_with_cautions,True,True,True,,2,1,1,True,True,True,True
doi__10.1084_jem.176.1.59,,accepted_with_cautions,True,True,True,,6,16,4,True,True,True,True
doi__10.1084_jem.70.1.1,,accepted_with_cautions,True,True,True,,9,11,2,True,True,True,True
doi__10.1084_jem.70.3.249,,accepted_with_cautions,True,True,True,,2,9,2,True,True,True,True
doi__10.1085_jgp.115.5.583,,accepted_with_cautions,True,True,True,,12,6,3,True,True,True,True
doi__10.1093_bib_bbag115,,accepted_with_cautions,True,True,True,,42,55,3,True,True,True,True
doi__10.1093_ecam_neh033,10.1093/ecam/neh033,accepted_with_cautions,True,True,True,,46,23,2,True,True,True,True
doi__10.1093_gerona_glq129,10.1093/gerona/glq129,accepted_with_cautions,True,True,True,,6,6,3,True,True,True,True
doi__10.1093_infdis_jiv325,,accepted_with_cautions,True,True,True,,5,2,2,True,True,True,True
doi__10.1093_jac_dkq165,,accepted_with_cautions,True,True,True,,17,8,3,True,True,True,True
doi__10.1093_jac_dkx395,10.1093/jac/dkx395,accepted_with_cautions,True,True,True,,51,450,4,True,True,True,True
doi__10.1093_jac_dky386,,accepted_with_cautions,True,True,True,,127,226,2,True,True,True,True
doi__10.1093_jambio_lxaf031,,accepted_with_cautions,True,True,True,,143,771,4,True,True,True,True
doi__10.1093_mmy_myaa015,,accepted_with_cautions,True,True,True,,1,6,3,True,True,True,True
doi__10.1093_molbev_msn208,,blocked_missing_primary_material,False,True,False,blocked_missing_primary_material,9,0,2,True,True,True,True
doi__10.1093_nar_gkaa278,,accepted_with_cautions,True,True,True,,64,25,4,True,True,True,True
doi__10.1093_nar_gkae567,,accepted_with_cautions,True,True,True,,185,99,2,True,True,True,True
doi__10.1093_nar_gkn823,,accepted_with_cautions,True,True,True,,22,9,3,True,True,True,True
doi__10.1093_pnasnexus_pgae419,,accepted_with_cautions,True,True,True,,2,18,3,True,True,True,True
doi__10.1093_protein_gzs104,10.1093/protein/gzs104,accepted_with_cautions,True,True,True,,3,4,3,True,True,True,True
doi__10.1096_fj.202001885rr,10.1096/fj.202001885rr,accepted_with_cautions,True,True,True,,13,11,4,True,True,True,True
doi__10.1097_md.0000000000012832,,accepted_with_cautions,True,True,True,,33,61,5,True,True,True,True
doi__10.1098_rsob.240286,,accepted_with_cautions,True,True,True,,15,10,4,True,True,True,True
doi__10.1098_rsos.201822,10.1098/rsos.201822,accepted_with_cautions,True,True,True,,144,72,1,True,True,True,True
doi__10.1099_jgv.0.001453,,accepted_with_cautions,True,True,True,,14,10,3,True,True,True,True
doi__10.1101_gr.171264.113,,blocked_missing_primary_material,False,True,False,blocked_missing_primary_material,6,31,3,True,True,True,True
doi__10.1111_1462-2920.15145,10.1111/1462-2920.15145,accepted_with_cautions,True,True,True,,62,55,4,True,True,True,True
doi__10.1111_1751-7915.13484,10.1111/1751-7915.13484,accepted_with_cautions,True,True,True,,1,13,3,True,True,True,True
doi__10.1111_cbdd.70193,10.1111/cbdd.70193,accepted_with_cautions,True,True,True,,39,9,4,True,True,True,True
doi__10.1111_j.1582-4934.2008.00129.x,,accepted_with_cautions,True,True,True,,26,14,3,True,True,True,True
doi__10.1111_j.1582-4934.2008.00341.x,,accepted_with_cautions,True,True,True,,11,9,3,True,True,True,True
doi__10.1111_jcmm.14032,10.1111/jcmm.14032,accepted_with_cautions,True,True,True,,26,11,4,True,True,True,True
doi__10.1111_mpp.13458,10.1111/mpp.13458,accepted_with_cautions,True,True,True,,75,29,3,True,True,True,True
doi__10.1126_sciadv.aav4580,,accepted_with_cautions,True,True,True,,204,22,3,True,True,True,True
doi__10.1126_sciadv.aax1946,,accepted_with_cautions,True,True,True,,219,46,3,True,True,True,True
doi__10.1126_sciadv.ade0008,,accepted_with_cautions,True,True,True,,463,200,3,True,True,True,True
doi__10.1126_sciadv.adf8782,,accepted_with_cautions,True,True,True,,10,90,3,True,True,True,True
doi__10.1126_sciadv.adg3683,,accepted_with_cautions,True,True,True,,9,122,3,True,True,True,True
doi__10.1126_sciadv.adp7171,,accepted_with_cautions,True,True,True,,360,428,4,True,True,True,True
doi__10.1126_science.abd9909,,accepted_with_cautions,True,True,True,,52,4,1,True,True,True,True
doi__10.1126_science.abf4058,,accepted_with_cautions,True,True,True,,34,12,3,True,True,True,True
doi__10.1126_science.abf4896,,blocked_missing_primary_material,False,True,False,blocked_missing_primary_material,9,3,1,True,True,True,True
doi__10.1128_aac.00311-24,,accepted_with_cautions,True,True,True,,57,40,3,True,True,True,True
doi__10.1128_aac.00338-19,,accepted_with_cautions,True,True,True,,44,121,3,True,True,True,True
doi__10.1128_aac.00424-24,10.1128/aac.00424-24,accepted_with_cautions,True,True,True,,63,45,3,True,True,True,True
doi__10.1128_aac.00876-20,,accepted_with_cautions,True,True,True,,14,4,3,True,True,True,True
doi__10.1128_aac.00904-21,,accepted_with_cautions,True,True,True,,42,22,4,True,True,True,True
doi__10.1128_aac.01016-18,,accepted_with_cautions,True,True,True,,65,414,3,True,True,True,True
doi__10.1128_aac.01343-25,,accepted_with_cautions,True,True,True,,12,170,5,True,True,True,True
doi__10.1128_aac.02204-18,,accepted_with_cautions,True,True,True,,51,268,3,True,True,True,True
doi__10.1128_aac.02241-16,10.1128/AAC.02241-16,accepted_with_cautions,True,True,True,,192,32,4,True,True,True,True
doi__10.1128_aac.02367-17,10.1128/aac.02367-17,accepted_with_cautions,True,True,True,,9,12,2,True,True,True,True
doi__10.1128_aac.02690-18,,accepted_with_cautions,True,True,True,,105,80,3,True,True,True,True
doi__10.1128_iai.00361-22,,accepted_with_cautions,True,True,True,,280,160,3,True,True,True,True
doi__10.1128_jb.00529-19,,accepted_with_cautions,True,True,True,,16,8,4,True,True,True,True
doi__10.1128_jvi.00635-20,,accepted_with_cautions,True,True,True,,171,36,3,True,True,True,True
doi__10.1128_mbio.00226-19,,accepted_with_cautions,True,True,True,,40,77,5,True,True,True,True
doi__10.1128_mbio.00498-13,,accepted_with_cautions,True,True,True,,40,13,3,True,True,True,True
doi__10.1128_mbio.00802-18,10.1128/mbio.00802-18,accepted_with_cautions,True,True,True,,18,9,4,True,True,True,True
doi__10.1128_mbio.01821-19,,accepted_with_cautions,True,True,True,,130,161,3,True,True,True,True
doi__10.1128_mbio.01935-20,,needs_targeted_rework,False,True,False,needs_targeted_rework,131,13,3,True,True,True,True
doi__10.1128_mbio.02021-19,10.1128/mBio.02021-19,accepted_with_cautions,True,True,True,,81,101,3,True,True,True,True
doi__10.1128_mbio.02451-20,,needs_targeted_rework,False,True,False,needs_targeted_rework,83,10,1,True,True,True,True
doi__10.1128_mbio.03258-19,,accepted_with_cautions,True,True,True,,140,49,2,True,True,True,True
doi__10.1128_msphere.00390-17,10.1128/msphere.00390-17,accepted_with_cautions,True,True,True,,21,46,4,True,True,True,True
doi__10.1128_msystems.00047-20,,accepted_with_cautions,True,True,True,,56,62,4,True,True,True,True
doi__10.1128_msystems.01358-23,,accepted_with_cautions,True,True,True,,105,45,2,True,True,True,True
doi__10.1128_spectrum.01050-24,,accepted_with_cautions,True,True,True,,17,73,3,True,True,True,True
doi__10.1128_spectrum.01312-22,,accepted_with_cautions,True,True,True,,75,48,3,True,True,True,True
doi__10.1128_spectrum.01318-21,,accepted_with_cautions,True,True,True,,58,33,3,True,True,True,True
doi__10.1128_spectrum.01535-21,,accepted_with_cautions,True,True,True,,95,148,3,True,True,True,True
doi__10.1128_spectrum.01583-22,10.1128/spectrum.01583-22,accepted_with_cautions,True,True,True,,15,117,5,True,True,True,True
doi__10.1128_spectrum.01584-21,,accepted_with_cautions,True,True,True,,450,207,3,True,True,True,True
doi__10.1128_spectrum.01664-21,,accepted_with_cautions,True,True,True,,426,544,3,True,True,True,True
doi__10.1128_spectrum.01827-23,,accepted_with_cautions,True,True,True,,106,60,4,True,True,True,True
doi__10.1128_spectrum.02013-21,,needs_targeted_rework,False,True,False,needs_targeted_rework,94,48,3,True,True,True,True
doi__10.1128_spectrum.02306-23,,accepted_with_cautions,True,True,True,,14,40,3,True,True,True,True
doi__10.1128_spectrum.02515-21,,accepted_with_cautions,True,True,True,,165,105,4,True,True,True,True
doi__10.1128_spectrum.02523-24,,accepted_with_cautions,True,True,True,,127,126,4,True,True,True,True
doi__10.1128_spectrum.03089-22,,accepted_with_cautions,True,True,True,,23,26,3,True,True,True,True
doi__10.1128_spectrum.03206-22,,accepted_with_cautions,True,True,True,,61,32,4,True,True,True,True
doi__10.1128_spectrum.03339-23,10.1128/spectrum.03339-23,accepted_with_cautions,True,True,True,,66,40,2,True,True,True,True
doi__10.1128_spectrum.03853-22,,accepted_with_cautions,True,True,True,,12,444,3,True,True,True,True
doi__10.1128_spectrum.05210-22,,accepted_with_cautions,True,True,True,,11,14,3,True,True,True,True
doi__10.1128_spectrum.05319-22,,accepted_with_cautions,True,True,True,,79,37,3,True,True,True,True
doi__10.1136_jitc-2021-004129,10.1136/jitc-2021-004129,accepted_with_cautions,True,True,True,,1,5,3,True,True,True,True
doi__10.1155_2009_136284,,accepted_with_cautions,True,True,True,,42,10,1,True,True,True,True
doi__10.1155_2012_349427,10.1155/2012/349427,accepted_with_cautions,True,True,True,,34,9,3,True,True,True,True
doi__10.1155_2012_738503,,accepted_with_cautions,True,True,True,,12,13,2,True,True,True,True
doi__10.1155_2012_764834,10.1155/2012/764834,accepted_with_cautions,True,True,True,,413,63,1,True,True,True,True
doi__10.1155_2013_251398,,accepted_with_cautions,True,True,True,,27,12,4,True,True,True,True
doi__10.1155_2013_939804,,accepted_with_cautions,True,True,True,,12,12,4,True,True,True,True
doi__10.1155_2013_986273,,accepted_with_cautions,True,True,True,,5,81,3,True,True,True,True
doi__10.1155_2014_156060,,accepted_with_cautions,True,True,True,,39,24,1,True,True,True,True
doi__10.1155_2014_158546,,accepted_with_cautions,True,True,True,,10,6,3,True,True,True,True
doi__10.1155_2014_176214,,accepted_with_cautions,True,True,True,,24,14,2,True,True,True,True
doi__10.1155_2014_320796,10.1155/2014/320796,accepted_with_cautions,True,True,True,,30,56,3,True,True,True,True
doi__10.1155_2014_671362,10.1155/2014/671362,accepted_with_cautions,True,True,True,,74,24,3,True,True,True,True
doi__10.1155_2015_197608,,accepted_with_cautions,True,True,True,,17,12,2,True,True,True,True
doi__10.1155_2015_453826,,accepted_with_cautions,True,True,True,,202,92,2,True,True,True,True
doi__10.1155_2015_578764,10.1155/2015/578764,accepted_with_cautions,True,True,True,,100,43,3,True,True,True,True
doi__10.1155_2015_909870,,accepted_with_cautions,True,True,True,,39,25,3,True,True,True,True
doi__10.1155_2018_4353580,10.1155/2018/4353580,accepted_with_cautions,True,True,True,,5,12,3,True,True,True,True
doi__10.1155_2018_5252891,10.1155/2018/5252891,accepted_with_cautions,True,True,True,,117,45,3,True,True,True,True
doi__10.1155_2020_2131535,,accepted_with_cautions,True,True,True,,50,24,2,True,True,True,True
doi__10.1155_2024_2205864,,accepted_with_cautions,True,True,True,,184,100,4,True,True,True,True
doi__10.1167_iovs.17-22243,,accepted_with_cautions,True,True,True,,203,104,4,True,True,True,True
doi__10.1177_11779322251315291,,accepted_with_cautions,True,True,True,,25,15,3,True,True,True,True
doi__10.1177_1178636120933635,,accepted_with_cautions,True,True,True,,4,124,3,True,True,True,True
doi__10.1186_1297-9716-45-40,10.1186/1297-9716-45-40,accepted_with_cautions,True,True,True,,2,51,3,True,True,True,True
doi__10.1186_1471-2091-11-6,,accepted_with_cautions,True,True,True,,16,2,3,True,True,True,True
doi__10.1186_1471-2164-11-187,,accepted_with_cautions,True,True,True,,28,9,3,True,True,True,True
doi__10.1186_1471-2164-11-239,10.1186/1471-2164-11-239,accepted_with_cautions,True,True,True,,20,25,3,True,True,True,True
doi__10.1186_1471-2164-11-452,,blocked_missing_primary_material,False,True,False,blocked_missing_primary_material,80,0,2,True,True,True,True
doi__10.1186_1471-2164-5-56,,blocked_missing_primary_material,False,True,False,blocked_missing_primary_material,95,0,3,True,True,True,True
doi__10.1186_1471-2164-8-119,,blocked_missing_primary_material,False,True,False,blocked_missing_primary_material,39,0,3,True,True,True,True
doi__10.1186_1471-2164-8-18,10.1186/1471-2164-8-18,blocked_missing_primary_material,False,True,False,blocked_missing_primary_material,20,0,1,True,True,True,True
doi__10.1186_1471-2164-8-326,,accepted_with_cautions,True,True,True,,6,2,3,True,True,True,True
doi__10.1186_1471-2164-9-15,,blocked_missing_primary_material,False,True,False,blocked_missing_primary_material,6,0,3,True,True,True,True
doi__10.1186_1471-2172-11-12,10.1186/1471-2172-11-12,accepted_with_cautions,True,True,True,,8,3,3,True,True,True,True
doi__10.1186_1471-2172-13-61,10.1186/1471-2172-13-61,accepted_with_cautions,True,True,True,,26,40,3,True,True,True,True
doi__10.1186_1471-2180-12-24,,accepted_with_cautions,True,True,True,,20,200,3,True,True,True,True
doi__10.1186_1471-2180-13-212,10.1186/1471-2180-13-212,accepted_with_cautions,True,True,True,,71,56,3,True,True,True,True
doi__10.1186_1471-2180-13-87,10.1186/1471-2180-13-87,accepted_with_cautions,True,True,True,,50,24,2,True,True,True,True
doi__10.1186_1471-2180-14-140,10.1186/1471-2180-14-140,accepted_with_cautions,True,True,True,,5,10,3,True,True,True,True
doi__10.1186_1471-2180-6-36,10.1186/1471-2180-6-36,accepted_with_cautions,True,True,True,,15,11,3,True,True,True,True
doi__10.1186_1471-2180-9-187,10.1186/1471-2180-9-187,accepted_with_cautions,True,True,True,,5,6,4,True,True,True,True
doi__10.1186_1471-2199-12-47,10.1186/1471-2199-12-47,accepted_with_cautions,True,True,True,,2,20,3,True,True,True,True
doi__10.1186_1471-2229-12-180,10.1186/1471-2229-12-180,accepted_with_cautions,True,True,True,,2,7,2,True,True,True,True
doi__10.1186_1471-2229-8-75,10.1186/1471-2229-8-75,accepted_with_cautions,True,True,True,,22,7,3,True,True,True,True
doi__10.1186_1471-2407-11-116,,accepted_with_cautions,True,True,True,,12,45,4,True,True,True,True
doi__10.1186_1475-2867-5-21,,accepted_with_cautions,True,True,True,,113,79,4,True,True,True,True
doi__10.1186_1476-0711-10-11,,accepted_with_cautions,True,True,True,,164,71,3,True,True,True,True
doi__10.1186_1476-0711-6-14,,accepted_with_cautions,True,True,True,,43,20,3,True,True,True,True
doi__10.1186_1477-7827-4-7,10.1186/1477-7827-4-7,accepted_with_cautions,True,True,True,,25,2,2,True,True,True,True
doi__10.1186_1741-7007-3-20,,blocked_missing_primary_material,False,True,False,blocked_missing_primary_material,9,0,3,True,True,True,True
doi__10.1186_1741-7007-6-43,,accepted_with_cautions,True,True,True,,6,14,3,True,True,True,True
doi__10.1186_1742-4690-5-70,,accepted_with_cautions,True,True,True,,18,11,3,True,True,True,True
doi__10.1186_1743-422x-2-49,,accepted_with_cautions,True,True,True,,14,17,3,True,True,True,True
doi__10.1186_1743-422x-6-187,,blocked_missing_primary_material,False,True,False,blocked_missing_primary_material,19,28,3,True,True,True,True
doi__10.1186_1743-422x-8-76,,accepted_with_cautions,True,True,True,,33,11,3,True,True,True,True
doi__10.1186_1756-0500-4-459,,accepted_with_cautions,True,True,True,,78,8,3,True,True,True,True
doi__10.1186_1756-3305-4-63,,accepted_with_cautions,True,True,True,,76,26,3,True,True,True,True
doi__10.1186_2191-0855-2-67,,accepted_with_cautions,True,True,True,,122,68,4,True,True,True,True
doi__10.1186_2191-0855-3-2,,accepted_with_cautions,True,True,True,,2,52,3,True,True,True,True
doi__10.1186_2191-0855-3-35,,accepted_with_cautions,True,True,True,,67,30,3,True,True,True,True
doi__10.1186_gb-2003-4-12-r79,,blocked_missing_primary_material,False,True,False,blocked_missing_primary_material,9,0,3,True,True,True,True
doi__10.1186_gb-2003-4-5-r31,,blocked_missing_primary_material,False,True,False,blocked_missing_primary_material,16,0,3,True,True,True,True
doi__10.1186_gb-2004-6-1-r6,,blocked_missing_primary_material,False,True,False,blocked_missing_primary_material,12,3,0,True,True,True,True
doi__10.1186_s12864-018-5225-5,,accepted_with_cautions,True,True,True,,8,6,2,True,True,True,True
doi__10.1186_s12864-022-08310-4,10.1186/s12864-022-08310-4,accepted_with_cautions,True,True,True,,86,144,1,True,True,True,True
doi__10.1186_s12866-014-0226-2,,accepted_with_cautions,True,True,True,,20,30,3,True,True,True,True
doi__10.1186_s12866-015-0473-x,,accepted_with_cautions,True,True,True,,72,73,3,True,True,True,True
doi__10.1186_s12866-016-0626-6,,blocked_missing_primary_material,False,True,False,blocked_missing_primary_material,9,30,4,True,True,True,True
doi__10.1186_s12866-016-0799-z,,needs_targeted_rework,False,True,False,needs_targeted_rework,120,100,3,True,True,True,True
doi__10.1186_s12866-016-0828-y,,accepted_with_cautions,True,True,True,,48,25,5,True,True,True,True
doi__10.1186_s12866-017-0959-9,10.1186/s12866-017-0959-9,accepted_with_cautions,True,True,True,,233,88,4,True,True,True,True
doi__10.1186_s12866-018-1190-z,,accepted_with_cautions,True,True,True,,93,143,4,True,True,True,True
doi__10.1186_s12866-020-01925-1,10.1186/s12866-020-01925-1,accepted_with_cautions,True,True,True,,26,12,3,True,True,True,True
doi__10.1186_s12866-022-02621-y,,blocked_missing_primary_material,False,True,False,blocked_missing_primary_material,21,4,3,True,True,True,True
doi__10.1186_s12866-023-03131-1,10.1186/s12866-023-03131-1,accepted_with_cautions,True,True,True,,2,8,3,True,True,True,True
doi__10.1186_s12866-024-03325-1,10.1186/s12866-024-03325-1,accepted_with_cautions,True,True,True,,2,4,2,True,True,True,True
doi__10.1186_s12866-025-04160-8,,accepted_with_cautions,True,True,True,,122,115,3,True,True,True,True
doi__10.1186_s12866-025-04343-3,,accepted_with_cautions,True,True,True,,39,54,4,True,True,True,True
doi__10.1186_s12870-014-0248-9,,accepted_with_cautions,True,True,True,,2,15,3,True,True,True,True
doi__10.1186_s12870-018-1611-z,,accepted_with_cautions,True,True,True,,26,4,3,True,True,True,True
doi__10.1186_s12885-023-11045-4,10.1186/s12885-023-11045-4,accepted_with_cautions,True,True,True,,3,9,3,True,True,True,True
doi__10.1186_s12906-015-0940-9,,accepted_with_cautions,True,True,True,,3,5,3,True,True,True,True
doi__10.1186_s12915-022-01304-4,,accepted_with_cautions,True,True,True,,47,20,4,True,True,True,True
doi__10.1186_s12917-020-02620-z,10.1186/s12917-020-02620-z,accepted_with_cautions,True,True,True,,58,27,3,True,True,True,True
doi__10.1186_s12917-020-02630-x,,accepted_with_cautions,True,True,True,,24,38,3,True,True,True,True
doi__10.1186_s12917-024-04202-9,,accepted_with_cautions,True,True,True,,23,10,3,True,True,True,True
doi__10.1186_s12929-024-01007-8,10.1186/s12929-024-01007-8,accepted_with_cautions,True,True,True,,106,76,3,True,True,True,True
doi__10.1186_s12934-015-0302-9,,accepted_with_cautions,True,True,True,,19,7,4,True,True,True,True
doi__10.1186_s12941-017-0193-1,,accepted_with_cautions,True,True,True,,9,53,3,True,True,True,True
doi__10.1186_s12941-024-00701-7,,accepted_with_cautions,True,True,True,,144,116,3,True,True,True,True
doi__10.1186_s12951-024-02896-5,10.1186/s12951-024-02896-5,accepted_with_cautions,True,True,True,,214,126,4,True,True,True,True
doi__10.1186_s12985-019-1199-4,10.1186/s12985-019-1199-4,accepted_with_cautions,True,True,True,,15,21,4,True,True,True,True
doi__10.1186_s13046-018-0682-x,,accepted_with_cautions,True,True,True,,3,39,4,True,True,True,True
doi__10.1186_s13071-014-0554-y,10.1186/s13071-014-0554-y,accepted_with_cautions,True,True,True,,63,26,3,True,True,True,True
doi__10.1186_s13071-014-0625-0,10.1186/s13071-014-0625-0,accepted_with_cautions,True,True,True,,35,16,1,True,True,True,True
doi__10.1186_s13071-015-0669-9,10.1186/s13071-015-0669-9,accepted_with_cautions,True,True,True,,19,6,3,True,True,True,True
doi__10.1186_s13071-015-1176-8,10.1186/s13071-015-1176-8,accepted_with_cautions,True,True,True,,25,12,6,True,True,True,True
doi__10.1186_s13071-016-1344-5,10.1186/s13071-016-1344-5,accepted_with_cautions,True,True,True,,1,17,3,True,True,True,True
doi__10.1186_s13071-016-1360-5,10.1186/s13071-016-1360-5,accepted_with_cautions,True,True,True,,11,39,4,True,True,True,True
doi__10.1186_s13071-017-2397-9,10.1186/s13071-017-2397-9,accepted_with_cautions,True,True,True,,128,94,3,True,True,True,True
doi__10.1186_s13567-024-01402-x,,accepted_with_cautions,True,True,True,,209,251,3,True,True,True,True
doi__10.1186_s13568-014-0050-y,,accepted_with_cautions,True,True,True,,12,15,3,True,True,True,True
doi__10.1186_s13568-014-0078-z,,accepted_with_cautions,True,True,True,,31,17,4,True,True,True,True
doi__10.1186_s13568-016-0295-8,,accepted_with_cautions,True,True,True,,153,81,3,True,True,True,True
doi__10.1186_s13568-016-0315-8,,accepted_with_cautions,True,True,True,,36,16,4,True,True,True,True
doi__10.1186_s13568-017-0345-x,,accepted_with_cautions,True,True,True,,16,182,4,True,True,True,True
doi__10.1186_s13568-017-0409-y,,accepted_with_cautions,True,True,True,,4,9,3,True,True,True,True
doi__10.1186_s13568-017-0430-1,,accepted_with_cautions,True,True,True,,91,80,5,True,True,True,True
doi__10.1186_s13568-017-0497-8,,accepted_with_cautions,True,True,True,,62,22,2,True,True,True,True
doi__10.1186_s13568-018-0710-4,,blocked_missing_primary_material,False,True,False,blocked_missing_primary_material,21,10,2,True,True,True,True
doi__10.1186_s13568-019-0739-z,,accepted_with_cautions,True,True,True,,9,10,2,True,True,True,True
doi__10.1186_s13568-019-0843-0,10.1186/s13568-019-0843-0,accepted_with_cautions,True,True,True,,146,180,4,True,True,True,True
doi__10.1186_s13568-020-01139-8,,accepted_with_cautions,True,True,True,,57,21,3,True,True,True,True
doi__10.1186_s13568-021-01272-y,10.1186/s13568-021-01272-y,accepted_with_cautions,True,True,True,,38,64,3,True,True,True,True
doi__10.1186_s40064-016-1854-9,10.1186/s40064-016-1854-9,blocked_missing_primary_material,False,True,False,blocked_missing_primary_material,3,0,2,True,True,True,True
doi__10.1186_s40104-019-0367-0,,accepted_with_cautions,True,True,True,,3,7,3,True,True,True,True
doi__10.1186_s40168-023-01521-1,,accepted_with_cautions,True,True,True,,13,11,2,True,True,True,True
doi__10.1186_s40168-024-01985-9,10.1186/s40168-024-01985-9,accepted_with_cautions,True,True,True,,2,10,3,True,True,True,True
doi__10.1186_s40168-025-02145-3,,accepted_with_cautions,True,True,True,,262,41,3,True,True,True,True
doi__10.1186_s40360-019-0309-7,,accepted_with_cautions,True,True,True,,4,66,3,True,True,True,True
doi__10.1186_s40409-016-0058-7,10.1186/s40409-016-0058-7,accepted_with_cautions,True,True,True,,29,13,3,True,True,True,True
doi__10.1186_s40409-016-0070-y,10.1186/s40409-016-0070-y,accepted_with_cautions,True,True,True,,5,6,3,True,True,True,True
doi__10.1186_s40409-017-0094-y,10.1186/s40409-017-0094-y,accepted_with_cautions,True,True,True,,55,21,2,True,True,True,True
doi__10.1186_s40409-017-0119-6,10.1186/s40409-017-0119-6,accepted_with_cautions,True,True,True,,40,20,4,True,True,True,True
doi__10.1186_s40409-017-0130-y,,accepted_with_cautions,True,True,True,,55,19,3,True,True,True,True
doi__10.1186_s43141-022-00366-9,,accepted_with_cautions,True,True,True,,3,130,4,True,True,True,True
doi__10.1242_dmm.007310,10.1242/dmm.007310,accepted_with_cautions,True,True,True,,285,253,3,True,True,True,True
doi__10.1371_journal.pbio.0030038,,blocked_missing_primary_material,False,True,False,blocked_missing_primary_material,8,0,1,True,True,True,True
doi__10.1371_journal.pbio.3000337,,accepted_with_cautions,True,True,True,,45,22,3,True,True,True,True
doi__10.1371_journal.pcbi.1003212,10.1371/journal.pcbi.1003212,accepted_with_cautions,True,True,True,,49,16,2,True,True,True,True
doi__10.1371_journal.pcbi.1004074,10.1371/journal.pcbi.1004074,accepted_with_cautions,True,True,True,,49,14,2,True,True,True,True
doi__10.1371_journal.pgen.1000740,,blocked_missing_primary_material,False,True,False,blocked_missing_primary_material,8,0,2,True,True,True,True
doi__10.1371_journal.pgen.1003662,,accepted_with_cautions,True,True,True,,283,104,3,True,True,True,True
doi__10.1371_journal.pgen.1007440,,accepted_with_cautions,True,True,True,,2,3,3,True,True,True,True
doi__10.1371_journal.pntd.0000721,,accepted_with_cautions,True,True,True,,44,8,4,True,True,True,True
doi__10.1371_journal.pntd.0001141,,accepted_with_cautions,True,True,True,,10,24,4,True,True,True,True
doi__10.1371_journal.pntd.0002307,10.1371/journal.pntd.0002307,accepted_with_cautions,True,True,True,,86,100,4,True,True,True,True
doi__10.1371_journal.pntd.0007217,10.1371/journal.pntd.0007217,accepted_with_cautions,True,True,True,,31,35,5,True,True,True,True
doi__10.1371_journal.pone.0000201,,accepted_with_cautions,True,True,True,,3,18,4,True,True,True,True
doi__10.1371_journal.pone.0003217,,accepted_with_cautions,True,True,True,,161,172,3,True,True,True,True
doi__10.1371_journal.pone.0007191,,accepted_with_cautions,True,True,True,,58,27,3,True,True,True,True
doi__10.1371_journal.pone.0007517,,accepted_with_cautions,True,True,True,,120,42,3,True,True,True,True
doi__10.1371_journal.pone.0008926,,blocked_missing_primary_material,False,True,False,blocked_missing_primary_material,8,3,3,True,True,True,True
doi__10.1371_journal.pone.0009505,,accepted_with_cautions,True,True,True,,109,72,3,True,True,True,True
doi__10.1371_journal.pone.0012684,,accepted_with_cautions,True,True,True,,207,71,3,True,True,True,True
doi__10.1371_journal.pone.0013480,10.1371/journal.pone.0013480,accepted_with_cautions,True,True,True,,15,9,3,True,True,True,True
doi__10.1371_journal.pone.0016400,,accepted_with_cautions,True,True,True,,220,56,3,True,True,True,True
doi__10.1371_journal.pone.0017898,,accepted_with_cautions,True,True,True,,39,15,5,True,True,True,True
doi__10.1371_journal.pone.0018550,,accepted_with_cautions,True,True,True,,95,28,4,True,True,True,True
doi__10.1371_journal.pone.0018756,10.1371/journal.pone.0018756,accepted_with_cautions,True,True,True,,12,8,3,True,True,True,True
doi__10.1371_journal.pone.0023417,,accepted_with_cautions,True,True,True,,26,12,3,True,True,True,True
doi__10.1371_journal.pone.0024030,,accepted_with_cautions,True,True,True,,130,84,5,True,True,True,True
doi__10.1371_journal.pone.0030478,,blocked_missing_primary_material,False,True,False,blocked_missing_primary_material,24,12,2,True,True,True,True
doi__10.1371_journal.pone.0031498,,accepted_with_cautions,True,True,True,,40,6,4,True,True,True,True
doi__10.1371_journal.pone.0033351,,accepted_with_cautions,True,True,True,,4,7,3,True,True,True,True
doi__10.1371_journal.pone.0033639,,accepted_with_cautions,True,True,True,,88,90,3,True,True,True,True
doi__10.1371_journal.pone.0034947,,accepted_with_cautions,True,True,True,,11,10,3,True,True,True,True
doi__10.1371_journal.pone.0040125,,accepted_with_cautions,True,True,True,,5,26,3,True,True,True,True
doi__10.1371_journal.pone.0040135,,accepted_with_cautions,True,True,True,,109,57,3,True,True,True,True
doi__10.1371_journal.pone.0044351,,accepted_with_cautions,True,True,True,,22,17,4,True,True,True,True
doi__10.1371_journal.pone.0045848,,accepted_with_cautions,True,True,True,,288,51,3,True,True,True,True
doi__10.1371_journal.pone.0047047,,accepted_with_cautions,True,True,True,,29,13,3,True,True,True,True
doi__10.1371_journal.pone.0047642,,accepted_with_cautions,True,True,True,,42,28,4,True,True,True,True
doi__10.1371_journal.pone.0047743,,accepted_with_cautions,True,True,True,,21,80,5,True,True,True,True
doi__10.1371_journal.pone.0048721,10.1371/journal.pone.0048721,accepted_with_cautions,True,True,True,,69,26,4,True,True,True,True
doi__10.1371_journal.pone.0050003,,blocked_missing_primary_material,False,True,False,blocked_missing_primary_material,48,3,4,True,True,True,True
doi__10.1371_journal.pone.0050263,10.1371/journal.pone.0050263,accepted_with_cautions,True,True,True,,150,59,4,True,True,True,True
doi__10.1371_journal.pone.0050995,,accepted_with_cautions,True,True,True,,27,13,3,True,True,True,True
doi__10.1371_journal.pone.0053326,10.1371/journal.pone.0053326,accepted_with_cautions,True,True,True,,110,106,4,True,True,True,True
doi__10.1371_journal.pone.0053491,10.1371/journal.pone.0053491,accepted_with_cautions,True,True,True,,15,10,4,True,True,True,True
doi__10.1371_journal.pone.0053686,10.1371/journal.pone.0053686,accepted_with_cautions,True,True,True,,4,7,3,True,True,True,True
doi__10.1371_journal.pone.0056081,,accepted_with_cautions,True,True,True,,27,15,4,True,True,True,True
doi__10.1371_journal.pone.0057318,,accepted_with_cautions,True,True,True,,39,33,5,True,True,True,True
doi__10.1371_journal.pone.0057991,,accepted_with_cautions,True,True,True,,10,6,3,True,True,True,True
doi__10.1371_journal.pone.0058709,10.1371/journal.pone.0058709,accepted_with_cautions,True,True,True,,22,6,3,True,True,True,True
doi__10.1371_journal.pone.0058866,10.1371/journal.pone.0058866,accepted_with_cautions,True,True,True,,6,6,3,True,True,True,True
doi__10.1371_journal.pone.0058997,,accepted_with_cautions,True,True,True,,70,72,3,True,True,True,True
doi__10.1371_journal.pone.0059119,,accepted_with_cautions,True,True,True,,28,18,3,True,True,True,True
doi__10.1371_journal.pone.0059255,,accepted_with_cautions,True,True,True,,9,8,3,True,True,True,True
doi__10.1371_journal.pone.0060462,10.1371/journal.pone.0060462,accepted_with_cautions,True,True,True,,4,4,3,True,True,True,True
doi__10.1371_journal.pone.0061614,,accepted_with_cautions,True,True,True,,311,294,2,True,True,True,True
doi__10.1371_journal.pone.0061964,,accepted_with_cautions,True,True,True,,30,159,4,True,True,True,True
doi__10.1371_journal.pone.0062302,,accepted_with_cautions,True,True,True,,14,4,4,True,True,True,True
doi__10.1371_journal.pone.0064010,,accepted_with_cautions,True,True,True,,33,56,4,True,True,True,True
doi__10.1371_journal.pone.0066084,,accepted_with_cautions,True,True,True,,66,10,2,True,True,True,True
doi__10.1371_journal.pone.0066279,,accepted_with_cautions,True,True,True,,30,5,3,True,True,True,True
doi__10.1371_journal.pone.0067597,,accepted_with_cautions,True,True,True,,24,71,5,True,True,True,True
doi__10.1371_journal.pone.0067937,,accepted_with_cautions,True,True,True,,189,88,3,True,True,True,True
doi__10.1371_journal.pone.0070484,10.1371/journal.pone.0070484,accepted_with_cautions,True,True,True,,58,44,3,True,True,True,True
doi__10.1371_journal.pone.0070782,,accepted_with_cautions,True,True,True,,187,86,3,True,True,True,True
doi__10.1371_journal.pone.0071687,,accepted_with_cautions,True,True,True,,471,600,3,True,True,True,True
doi__10.1371_journal.pone.0072923,,accepted_with_cautions,True,True,True,,18,13,4,True,True,True,True
doi__10.1371_journal.pone.0073136,10.1371/journal.pone.0073136,accepted_with_cautions,True,True,True,,6,8,4,True,True,True,True
doi__10.1371_journal.pone.0075582,,accepted_with_cautions,True,True,True,,103,4,4,True,True,True,True
doi__10.1371_journal.pone.0076981,,accepted_with_cautions,True,True,True,,20,36,3,True,True,True,True
doi__10.1371_journal.pone.0077031,10.1371/journal.pone.0077031,accepted_with_cautions,True,True,True,,47,18,3,True,True,True,True
doi__10.1371_journal.pone.0077751,,accepted_with_cautions,True,True,True,,2,7,4,True,True,True,True
doi__10.1371_journal.pone.0080025,,accepted_with_cautions,True,True,True,,115,73,3,True,True,True,True
doi__10.1371_journal.pone.0080050,,needs_targeted_rework,False,True,False,needs_targeted_rework,3,0,3,True,True,True,True
doi__10.1371_journal.pone.0082081,10.1371/journal.pone.0082081,accepted_with_cautions,True,True,True,,45,13,2,True,True,True,True
doi__10.1371_journal.pone.0083044,,accepted_with_cautions,True,True,True,,17,6,1,True,True,True,True
doi__10.1371_journal.pone.0085515,,accepted_with_cautions,True,True,True,,443,258,1,True,True,True,True
doi__10.1371_journal.pone.0086339,10.1371/journal.pone.0086339,accepted_with_cautions,True,True,True,,46,19,3,True,True,True,True
doi__10.1371_journal.pone.0086364,10.1371/journal.pone.0086364,accepted_with_cautions,True,True,True,,157,92,5,True,True,True,True
doi__10.1371_journal.pone.0087730,,accepted_with_cautions,True,True,True,,42,80,4,True,True,True,True
doi__10.1371_journal.pone.0090397,,accepted_with_cautions,True,True,True,,146,79,4,True,True,True,True
doi__10.1371_journal.pone.0091007,,accepted_with_cautions,True,True,True,,171,27,2,True,True,True,True
doi__10.1371_journal.pone.0093216,,accepted_with_cautions,True,True,True,,163,243,3,True,True,True,True
doi__10.1371_journal.pone.0095737,10.1371/journal.pone.0095737,accepted_with_cautions,True,True,True,,19,20,3,True,True,True,True
doi__10.1371_journal.pone.0095939,,accepted_with_cautions,True,True,True,,138,157,3,True,True,True,True
doi__10.1371_journal.pone.0096222,,accepted_with_cautions,True,True,True,,12,7,3,True,True,True,True
doi__10.1371_journal.pone.0097539,,accepted_with_cautions,True,True,True,,45,45,4,True,True,True,True
doi__10.1371_journal.pone.0098935,,blocked_missing_primary_material,False,True,False,blocked_missing_primary_material,86,74,3,True,True,True,True
doi__10.1371_journal.pone.0100670,,needs_targeted_rework,False,True,False,needs_targeted_rework,3,0,3,True,True,True,True
doi__10.1371_journal.pone.0101742,,accepted_with_cautions,True,True,True,,75,45,3,True,True,True,True
doi__10.1371_journal.pone.0102577,10.1371/journal.pone.0102577,accepted_with_cautions,True,True,True,,23,75,3,True,True,True,True
doi__10.1371_journal.pone.0105441,,accepted_with_cautions,True,True,True,,83,72,3,True,True,True,True
doi__10.1371_journal.pone.0105549,,accepted_with_cautions,True,True,True,,58,23,3,True,True,True,True
doi__10.1371_journal.pone.0106543,10.1371/journal.pone.0106543,accepted_with_cautions,True,True,True,,29,17,5,True,True,True,True
doi__10.1371_journal.pone.0110221,10.1371/journal.pone.0110221,accepted_with_cautions,True,True,True,,37,23,3,True,True,True,True
doi__10.1371_journal.pone.0110735,10.1371/journal.pone.0110735,accepted_with_cautions,True,True,True,,1,8,2,True,True,True,True
doi__10.1371_journal.pone.0110809,,blocked_missing_primary_material,False,True,False,blocked_missing_primary_material,3,0,1,True,True,True,True
doi__10.1371_journal.pone.0114453,10.1371/journal.pone.0114453,accepted_with_cautions,True,True,True,,214,434,3,True,True,True,True
doi__10.1371_journal.pone.0114605,,accepted_with_cautions,True,True,True,,244,103,4,True,True,True,True
doi__10.1371_journal.pone.0116259,,accepted_with_cautions,True,True,True,,85,341,3,True,True,True,True
doi__10.1371_journal.pone.0116379,10.1371/journal.pone.0116379,accepted_with_cautions,True,True,True,,32,34,3,True,True,True,True
doi__10.1371_journal.pone.0117394,,accepted_with_cautions,True,True,True,,88,36,3,True,True,True,True
doi__10.1371_journal.pone.0117913,,accepted_with_cautions,True,True,True,,152,86,2,True,True,True,True
doi__10.1371_journal.pone.0118170,,accepted_with_cautions,True,True,True,,16,3,4,True,True,True,True
doi__10.1371_journal.pone.0119525,,accepted_with_cautions,True,True,True,,18,22,3,True,True,True,True
doi__10.1371_journal.pone.0124210,10.1371/journal.pone.0124210,accepted_with_cautions,True,True,True,,392,181,4,True,True,True,True
doi__10.1371_journal.pone.0126390,,accepted_with_cautions,True,True,True,,132,59,3,True,True,True,True
doi__10.1371_journal.pone.0128532,,accepted_with_cautions,True,True,True,,415,135,3,True,True,True,True
doi__10.1371_journal.pone.0128576,,accepted_with_cautions,True,True,True,,38,26,3,True,True,True,True
doi__10.1371_journal.pone.0132701,10.1371/journal.pone.0132701,blocked_missing_primary_material,False,True,False,blocked_missing_primary_material,19,68,4,True,True,True,True
doi__10.1371_journal.pone.0135961,,accepted_with_cautions,True,True,True,,347,601,3,True,True,True,True
doi__10.1371_journal.pone.0137414,10.1371/journal.pone.0137414,accepted_with_cautions,True,True,True,,24,2,3,True,True,True,True
doi__10.1371_journal.pone.0138911,10.1371/journal.pone.0138911,accepted_with_cautions,True,True,True,,32,12,3,True,True,True,True
doi__10.1371_journal.pone.0139578,,accepted_with_cautions,True,True,True,,17,5,3,True,True,True,True
doi__10.1371_journal.pone.0140377,,accepted_with_cautions,True,True,True,,387,180,3,True,True,True,True
doi__10.1371_journal.pone.0142451,10.1371/journal.pone.0142451,accepted_with_cautions,True,True,True,,73,36,3,True,True,True,True
doi__10.1371_journal.pone.0144611,,accepted_with_cautions,True,True,True,,141,405,3,True,True,True,True
doi__10.1371_journal.pone.0144741,,accepted_with_cautions,True,True,True,,179,51,3,True,True,True,True
doi__10.1371_journal.pone.0145854,10.1371/journal.pone.0145854,accepted_with_cautions,True,True,True,,2,16,3,True,True,True,True
doi__10.1371_journal.pone.0149729,10.1371/journal.pone.0149729,accepted_with_cautions,True,True,True,,8,5,3,True,True,True,True
doi__10.1371_journal.pone.0150196,10.1371/journal.pone.0150196,accepted_with_cautions,True,True,True,,212,133,7,True,True,True,True
doi__10.1371_journal.pone.0151639,10.1371/journal.pone.0151639,accepted_with_cautions,True,True,True,,446,312,3,True,True,True,True
doi__10.1371_journal.pone.0151694,,accepted_with_cautions,True,True,True,,228,192,4,True,True,True,True
doi__10.1371_journal.pone.0151820,10.1371/journal.pone.0151820,accepted_with_cautions,True,True,True,,147,70,3,True,True,True,True
doi__10.1371_journal.pone.0155304,,accepted_with_cautions,True,True,True,,149,36,3,True,True,True,True
doi__10.1371_journal.pone.0159423,,accepted_with_cautions,True,True,True,,293,180,3,True,True,True,True
doi__10.1371_journal.pone.0161573,,accepted_with_cautions,True,True,True,,24,12,3,True,True,True,True
doi__10.1371_journal.pone.0162007,,accepted_with_cautions,True,True,True,,27,17,3,True,True,True,True
doi__10.1371_journal.pone.0162537,10.1371/journal.pone.0162537,accepted_with_cautions,True,True,True,,83,20,3,True,True,True,True
doi__10.1371_journal.pone.0167953,,accepted_with_cautions,True,True,True,,45,17,3,True,True,True,True
doi__10.1371_journal.pone.0169582,,accepted_with_cautions,True,True,True,,2,4,3,True,True,True,True
doi__10.1371_journal.pone.0169678,10.1371/journal.pone.0169678,accepted_with_cautions,True,True,True,,34,76,4,True,True,True,True
doi__10.1371_journal.pone.0170821,,accepted_with_cautions,True,True,True,,129,120,4,True,True,True,True
doi__10.1371_journal.pone.0173783,10.1371/journal.pone.0173783,accepted_with_cautions,True,True,True,,44,28,3,True,True,True,True
doi__10.1371_journal.pone.0174024,,accepted_with_cautions,True,True,True,,73,95,3,True,True,True,True
doi__10.1371_journal.pone.0176088,,accepted_with_cautions,True,True,True,,225,47,3,True,True,True,True
doi__10.1371_journal.pone.0178785,,accepted_with_cautions,True,True,True,,34,28,3,True,True,True,True
doi__10.1371_journal.pone.0186442,,accepted_with_cautions,True,True,True,,492,144,4,True,True,True,True
doi__10.1371_journal.pone.0187914,,accepted_with_cautions,True,True,True,,125,43,3,True,True,True,True
doi__10.1371_journal.pone.0190778,,accepted_with_cautions,True,True,True,,266,162,3,True,True,True,True
doi__10.1371_journal.pone.0196295,,accepted_with_cautions,True,True,True,,9,162,3,True,True,True,True
doi__10.1371_journal.pone.0197742,,accepted_with_cautions,True,True,True,,451,551,1,True,True,True,True
doi__10.1371_journal.pone.0201571,10.1371/journal.pone.0201571,accepted_with_cautions,True,True,True,,200,375,3,True,True,True,True
doi__10.1371_journal.pone.0201668,10.1371/journal.pone.0201668,accepted_with_cautions,True,True,True,,27,13,3,True,True,True,True
doi__10.1371_journal.pone.0203451,,accepted_with_cautions,True,True,True,,114,130,3,True,True,True,True
doi__10.1371_journal.pone.0204042,,accepted_with_cautions,True,True,True,,9,6,3,True,True,True,True
doi__10.1371_journal.pone.0205509,,accepted_with_cautions,True,True,True,,47,27,3,True,True,True,True
doi__10.1371_journal.pone.0205727,10.1371/journal.pone.0205727,accepted_with_cautions,True,True,True,,120,58,4,True,True,True,True
doi__10.1371_journal.pone.0206578,,accepted_with_cautions,True,True,True,,40,38,5,True,True,True,True
doi__10.1371_journal.pone.0212447,,accepted_with_cautions,True,True,True,,413,198,3,True,True,True,True
doi__10.1371_journal.pone.0215227,,accepted_with_cautions,True,True,True,,64,22,3,True,True,True,True
doi__10.1371_journal.pone.0215703,10.1371/journal.pone.0215703,accepted_with_cautions,True,True,True,,37,18,5,True,True,True,True
doi__10.1371_journal.pone.0216669,,accepted_with_cautions,True,True,True,,68,27,4,True,True,True,True
doi__10.1371_journal.pone.0218479,,accepted_with_cautions,True,True,True,,12,50,4,True,True,True,True
doi__10.1371_journal.pone.0220656,,accepted_with_cautions,True,True,True,,78,27,3,True,True,True,True
doi__10.1371_journal.pone.0222438,,accepted_with_cautions,True,True,True,,114,84,3,True,True,True,True
doi__10.1371_journal.pone.0223541,10.1371/journal.pone.0223541,accepted_with_cautions,True,True,True,,20,7,3,True,True,True,True
doi__10.1371_journal.pone.0228740,,accepted_with_cautions,True,True,True,,21,25,3,True,True,True,True
doi__10.1371_journal.pone.0229417,,accepted_with_cautions,True,True,True,,2,34,3,True,True,True,True
doi__10.1371_journal.pone.0235892,,accepted_with_cautions,True,True,True,,98,129,4,True,True,True,True
doi__10.1371_journal.pone.0249658,10.1371/journal.pone.0249658,accepted_with_cautions,True,True,True,,59,30,4,True,True,True,True
doi__10.1371_journal.pone.0257431,,accepted_with_cautions,True,True,True,,17,7,3,True,True,True,True
doi__10.1371_journal.pone.0260003,,accepted_with_cautions,True,True,True,,137,675,3,True,True,True,True
doi__10.1371_journal.pone.0278419,,accepted_with_cautions,True,True,True,,23,17,3,True,True,True,True
doi__10.1371_journal.ppat.1000144,,accepted_with_cautions,True,True,True,,8,6,4,True,True,True,True
doi__10.1371_journal.ppat.1000509,10.1371/journal.ppat.1000509,accepted_with_cautions,True,True,True,,32,15,3,True,True,True,True
doi__10.1371_journal.ppat.1000698,10.1371/journal.ppat.1000698,accepted_with_cautions,True,True,True,,2,10,3,True,True,True,True
doi__10.1371_journal.ppat.1000857,,accepted_with_cautions,True,True,True,,44,25,3,True,True,True,True
doi__10.1371_journal.ppat.1002331,10.1371/journal.ppat.1002331,accepted_with_cautions,True,True,True,,32,15,3,True,True,True,True
doi__10.1371_journal.ppat.1002891,,accepted_with_cautions,True,True,True,,26,42,3,True,True,True,True
doi__10.1371_journal.ppat.1003425,10.1371/journal.ppat.1003425,accepted_with_cautions,True,True,True,,353,160,6,True,True,True,True
doi__10.1371_journal.ppat.1004071,,accepted_with_cautions,True,True,True,,6,45,4,True,True,True,True
doi__10.1371_journal.ppat.1004152,,accepted_with_cautions,True,True,True,,15,23,4,True,True,True,True
doi__10.1371_journal.ppat.1005159,,accepted_with_cautions,True,True,True,,76,48,3,True,True,True,True
doi__10.1371_journal.ppat.1007552,,accepted_with_cautions,True,True,True,,166,296,3,True,True,True,True
doi__10.1371_journal.ppat.1008082,,accepted_with_cautions,True,True,True,,99,125,3,True,True,True,True
doi__10.1371_journal.ppat.1011508,,accepted_with_cautions,True,True,True,,141,131,3,True,True,True,True
doi__10.13918_j.issn.2095-8137.2016.6.347,10.13918/j.issn.2095-8137.2016.6.347,accepted_with_cautions,True,True,True,,23,14,3,True,True,True,True
doi__10.14202_vetworld.2023.1284-1288,,accepted_with_cautions,True,True,True,,15,27,3,True,True,True,True
doi__10.15252_emmm.202114499,,accepted_with_cautions,True,True,True,,76,44,3,True,True,True,True
doi__10.1590_s1517-83822014000300043,,accepted_with_cautions,True,True,True,,14,14,3,True,True,True,True
doi__10.18632_oncotarget.11841,,accepted_with_cautions,True,True,True,,14,92,3,True,True,True,True
doi__10.18632_oncotarget.18124,10.18632/oncotarget.18124,accepted_with_cautions,True,True,True,,22,24,3,True,True,True,True
doi__10.18632_oncotarget.2039,,accepted_with_cautions,True,True,True,,11,17,4,True,True,True,True
doi__10.18632_oncotarget.22797,,accepted_with_cautions,True,True,True,,28,12,3,True,True,True,True
doi__10.18632_oncotarget.24582,,accepted_with_cautions,True,True,True,,207,180,3,True,True,True,True
doi__10.18632_oncotarget.2754,,accepted_with_cautions,True,True,True,,8,8,3,True,True,True,True
doi__10.18632_oncotarget.4101,10.18632/oncotarget.4101,accepted_with_cautions,True,True,True,,36,27,3,True,True,True,True
doi__10.18632_oncotarget.6794,10.18632/oncotarget.6794,blocked_missing_primary_material,False,True,False,blocked_missing_primary_material,173,57,3,True,True,True,True
doi__10.18725_oparu-34849,,accepted_with_cautions,True,True,True,,2,26,4,True,True,True,True
doi__10.18725_oparu-38134,10.18725/oparu-38134,accepted_with_cautions,True,True,True,,43,50,3,True,True,True,True
doi__10.21203_rs.3.rs-1856348_v1,,accepted_with_cautions,True,True,True,,2,8,2,True,True,True,True
doi__10.21203_rs.3.rs-2194162_v1,,accepted_with_cautions,True,True,True,,1,5,4,True,True,True,True
doi__10.21203_rs.3.rs-3457760_v1,,needs_targeted_rework,False,True,False,needs_targeted_rework,3,0,1,True,True,True,True
doi__10.21203_rs.3.rs-3491947_v1,,needs_targeted_rework,False,True,False,needs_targeted_rework,1,0,1,True,True,True,True
doi__10.21203_rs.3.rs-3535234_v1,,accepted_with_cautions,True,True,True,,76,107,3,True,True,True,True
doi__10.21203_rs.3.rs-3789296_v1,,accepted_with_cautions,True,True,True,,3,15,3,True,True,True,True
doi__10.21203_rs.3.rs-571433_v1,10.21203/rs.3.rs-571433/v1,accepted_with_cautions,True,True,True,,2,10,3,True,True,True,True
doi__10.21203_rs.3.rs-578319_v1,,blocked_missing_primary_material,False,True,False,blocked_missing_primary_material,19,36,3,True,True,True,True
doi__10.2144_fsoa-2022-0013,10.2144/fsoa-2022-0013,accepted_with_cautions,True,True,True,,3,10,2,True,True,True,True
doi__10.2147_dddt.s101212,,accepted_with_cautions,True,True,True,,5,26,2,True,True,True,True
doi__10.2147_dddt.s107195,,accepted_with_cautions,True,True,True,,218,304,3,True,True,True,True
doi__10.2147_dddt.s121283,,accepted_with_cautions,True,True,True,,2,31,2,True,True,True,True
doi__10.2147_dddt.s181188,,accepted_with_cautions,True,True,True,,19,9,4,True,True,True,True
doi__10.2147_dddt.s191072,10.2147/dddt.s191072,accepted_with_cautions,True,True,True,,275,150,3,True,True,True,True
doi__10.2147_idr.s118877,,accepted_with_cautions,True,True,True,,60,61,3,True,True,True,True
doi__10.2147_idr.s165179,,accepted_with_cautions,True,True,True,,44,28,4,True,True,True,True
doi__10.2147_idr.s166236,,accepted_with_cautions,True,True,True,,86,46,3,True,True,True,True
doi__10.2147_idr.s195872,,accepted_with_cautions,True,True,True,,98,141,4,True,True,True,True
doi__10.2147_idr.s199473,,accepted_with_cautions,True,True,True,,38,59,3,True,True,True,True
doi__10.2147_idr.s204626,10.2147/idr.s204626,accepted_with_cautions,True,True,True,,55,72,3,True,True,True,True
doi__10.2147_idr.s214057,10.2147/idr.s214057,accepted_with_cautions,True,True,True,,32,22,6,True,True,True,True
doi__10.2147_idr.s218778,10.2147/idr.s218778,accepted_with_cautions,True,True,True,,95,142,4,True,True,True,True
doi__10.2147_ijn.s139625,,accepted_with_cautions,True,True,True,,11,62,3,True,True,True,True
doi__10.2147_ijn.s155245,,accepted_with_cautions,True,True,True,,11,4,4,True,True,True,True
doi__10.2147_ijn.s180040,,accepted_with_cautions,True,True,True,,13,4,3,True,True,True,True
doi__10.2147_ijn.s187957,,accepted_with_cautions,True,True,True,,37,12,4,True,True,True,True
doi__10.2147_ijn.s39491,10.2147/ijn.s39491,accepted_with_cautions,True,True,True,,3,11,2,True,True,True,True
doi__10.2147_ijn.s424932,10.2147/ijn.s424932,accepted_with_cautions,True,True,True,,5,28,4,True,True,True,True
doi__10.2174_1381612822666161027120518,10.2174/1381612822666161027120518,needs_targeted_rework,False,True,False,needs_targeted_rework,158,120,4,True,True,True,True
doi__10.2174_187152010794728639,10.2174/187152010794728639,accepted_with_cautions,True,True,True,,6,51,3,True,True,True,True
doi__10.24272_j.issn.2095-8137.2018.062,10.24272/j.issn.2095-8137.2018.062,accepted_with_cautions,True,True,True,,42,51,4,True,True,True,True
doi__10.24272_j.issn.2095-8137.2018.070,10.24272/j.issn.2095-8137.2018.070,accepted_with_cautions,True,True,True,,79,40,3,True,True,True,True
doi__10.26181_13211579.v3,,accepted_with_cautions,True,True,True,,95,36,3,True,True,True,True
doi__10.3204_pubdb-2020-00345,,accepted_with_cautions,True,True,True,,74,36,3,True,True,True,True
doi__10.32607_20758251-2014-6-4-99-109,,accepted_with_cautions,True,True,True,,122,33,3,True,True,True,True
doi__10.32607_20758251-2016-8-3-136-146,,accepted_with_cautions,True,True,True,,34,43,4,True,True,True,True
doi__10.3389_fbioe.2020.00450,,accepted_with_cautions,True,True,True,,2,147,4,True,True,True,True
doi__10.3389_fbioe.2020.552035,10.3389/fbioe.2020.552035,accepted_with_cautions,True,True,True,,11,130,3,True,True,True,True
doi__10.3389_fcell.2016.00039,,accepted_with_cautions,True,True,True,,263,112,4,True,True,True,True
doi__10.3389_fcell.2016.00086,,accepted_with_cautions,True,True,True,,21,20,4,True,True,True,True
doi__10.3389_fchem.2017.00001,,accepted_with_cautions,True,True,True,,46,24,2,True,True,True,True
doi__10.3389_fchem.2017.00024,,accepted_with_cautions,True,True,True,,95,47,3,True,True,True,True
doi__10.3389_fchem.2017.00051,,accepted_with_cautions,True,True,True,,2,26,4,True,True,True,True
doi__10.3389_fchem.2018.00309,,accepted_with_cautions,True,True,True,,17,57,4,True,True,True,True
doi__10.3389_fchem.2018.00359,10.3389/fchem.2018.00359,accepted_with_cautions,True,True,True,,31,12,4,True,True,True,True
doi__10.3389_fchem.2018.00394,,accepted_with_cautions,True,True,True,,60,30,3,True,True,True,True
doi__10.3389_fchem.2020.00476,,accepted_with_cautions,True,True,True,,5,22,4,True,True,True,True
doi__10.3389_fchem.2020.616147,,accepted_with_cautions,True,True,True,,121,32,3,True,True,True,True
doi__10.3389_fchem.2021.741290,,accepted_with_cautions,True,True,True,,13,9,2,True,True,True,True
doi__10.3389_fchem.2022.1000765,,accepted_with_cautions,True,True,True,,35,21,5,True,True,True,True
doi__10.3389_fchem.2022.840131,,accepted_with_cautions,True,True,True,,21,36,3,True,True,True,True
doi__10.3389_fchem.2023.1233938,,accepted_with_cautions,True,True,True,,48,24,3,True,True,True,True
doi__10.3389_fchem.2025.1579097,10.3389/fchem.2025.1579097,accepted_with_cautions,True,True,True,,117,90,4,True,True,True,True
doi__10.3389_fcimb.2018.00242,10.3389/fcimb.2018.00242,accepted_with_cautions,True,True,True,,5,7,3,True,True,True,True
doi__10.3389_fcimb.2018.00354,10.3389/fcimb.2018.00354,accepted_with_cautions,True,True,True,,38,19,3,True,True,True,True
doi__10.3389_fcimb.2019.00048,,accepted_with_cautions,True,True,True,,23,15,4,True,True,True,True
doi__10.3389_fcimb.2019.00128,,accepted_with_cautions,True,True,True,,341,481,3,True,True,True,True
doi__10.3389_fcimb.2019.00174,,accepted_with_cautions,True,True,True,,4,13,3,True,True,True,True
doi__10.3389_fcimb.2019.00419,,accepted_with_cautions,True,True,True,,26,18,4,True,True,True,True
doi__10.3389_fcimb.2020.00450,,accepted_with_cautions,True,True,True,,63,70,3,True,True,True,True
doi__10.3389_fcimb.2020.552905,,accepted_with_cautions,True,True,True,,417,215,4,True,True,True,True
doi__10.3389_fcimb.2021.752637,10.3389/fcimb.2021.752637,accepted_with_cautions,True,True,True,,152,132,4,True,True,True,True
doi__10.3389_fcimb.2022.928220,10.3389/fcimb.2022.928220,accepted_with_cautions,True,True,True,,59,41,4,True,True,True,True
doi__10.3389_fcimb.2024.1334378,,accepted_with_cautions,True,True,True,,35,89,5,True,True,True,True
doi__10.3389_fcimb.2024.1389020,,accepted_with_cautions,True,True,True,,23,27,3,True,True,True,True
doi__10.3389_fcimb.2024.1390934,,accepted_with_cautions,True,True,True,,118,144,4,True,True,True,True
doi__10.3389_fcimb.2024.1450353,,accepted_with_cautions,True,True,True,,30,14,3,True,True,True,True
doi__10.3389_fimmu.2016.00664,,accepted_with_cautions,True,True,True,,39,21,3,True,True,True,True
doi__10.3389_fimmu.2017.01111,,accepted_with_cautions,True,True,True,,3,8,3,True,True,True,True
doi__10.3389_fimmu.2019.00872,,accepted_with_cautions,True,True,True,,74,40,3,True,True,True,True
doi__10.3389_fimmu.2020.00347,,accepted_with_cautions,True,True,True,,9,89,8,True,True,True,True
doi__10.3389_fimmu.2021.740620,,accepted_with_cautions,True,True,True,,12,6,4,True,True,True,True
doi__10.3389_fimmu.2022.794779,10.3389/fimmu.2022.794779,accepted_with_cautions,True,True,True,,4,13,4,True,True,True,True
doi__10.3389_fimmu.2022.811378,,accepted_with_cautions,True,True,True,,57,64,3,True,True,True,True
doi__10.3389_fimmu.2022.821070,,accepted_with_cautions,True,True,True,,48,17,3,True,True,True,True
doi__10.3389_fimmu.2022.851642,10.3389/fimmu.2022.851642,accepted_with_cautions,True,True,True,,52,26,4,True,True,True,True
doi__10.3389_fimmu.2025.1629256,10.3389/fimmu.2025.1629256,accepted_with_cautions,True,True,True,,4,11,4,True,True,True,True
doi__10.3389_fimmu.2026.1745714,,accepted_with_cautions,True,True,True,,6,21,3,True,True,True,True
doi__10.3389_fmicb.2012.00324,,accepted_with_cautions,True,True,True,,43,18,3,True,True,True,True
doi__10.3389_fmicb.2013.00332,,accepted_with_cautions,True,True,True,,32,8,2,True,True,True,True
doi__10.3389_fmicb.2015.00876,,accepted_with_cautions,True,True,True,,243,150,6,True,True,True,True
doi__10.3389_fmicb.2016.01115,,accepted_with_cautions,True,True,True,,155,76,5,True,True,True,True
doi__10.3389_fmicb.2016.01140,10.3389/fmicb.2016.01140,accepted_with_cautions,True,True,True,,38,88,5,True,True,True,True
doi__10.3389_fmicb.2016.01484,10.3389/fmicb.2016.01484,accepted_with_cautions,True,True,True,,122,65,4,True,True,True,True
doi__10.3389_fmicb.2016.01682,10.3389/fmicb.2016.01682,accepted_with_cautions,True,True,True,,90,140,3,True,True,True,True
doi__10.3389_fmicb.2016.01801,,accepted_with_cautions,True,True,True,,51,21,2,True,True,True,True
doi__10.3389_fmicb.2016.01844,10.3389/fmicb.2016.01844,accepted_with_cautions,True,True,True,,163,67,4,True,True,True,True
doi__10.3389_fmicb.2016.02006,,accepted_with_cautions,True,True,True,,18,6,3,True,True,True,True
doi__10.3389_fmicb.2017.00051,,accepted_with_cautions,True,True,True,,32,12,3,True,True,True,True
doi__10.3389_fmicb.2017.00123,,accepted_with_cautions,True,True,True,,433,945,3,True,True,True,True
doi__10.3389_fmicb.2017.00273,,accepted_with_cautions,True,True,True,,9,6,3,True,True,True,True
doi__10.3389_fmicb.2017.00544,,accepted_with_cautions,True,True,True,,47,12,3,True,True,True,True
doi__10.3389_fmicb.2017.00628,10.3389/fmicb.2017.00628,accepted_with_cautions,True,True,True,,129,60,3,True,True,True,True
doi__10.3389_fmicb.2017.00761,,accepted_with_cautions,True,True,True,,40,30,3,True,True,True,True
doi__10.3389_fmicb.2017.00774,10.3389/fmicb.2017.00774,accepted_with_cautions,True,True,True,,86,60,4,True,True,True,True
doi__10.3389_fmicb.2017.00775,,accepted_with_cautions,True,True,True,,89,38,3,True,True,True,True
doi__10.3389_fmicb.2017.00984,,accepted_with_cautions,True,True,True,,4,20,4,True,True,True,True
doi__10.3389_fmicb.2017.00994,10.3389/fmicb.2017.00994,accepted_with_cautions,True,True,True,,77,52,4,True,True,True,True
doi__10.3389_fmicb.2018.00320,10.3389/fmicb.2018.00320,accepted_with_cautions,True,True,True,,200,461,4,True,True,True,True
doi__10.3389_fmicb.2018.00325,,accepted_with_cautions,True,True,True,,59,38,4,True,True,True,True
doi__10.3389_fmicb.2018.00329,,accepted_with_cautions,True,True,True,,121,210,3,True,True,True,True
doi__10.3389_fmicb.2018.00393,,accepted_with_cautions,True,True,True,,138,76,3,True,True,True,True
doi__10.3389_fmicb.2018.00541,,accepted_with_cautions,True,True,True,,104,63,3,True,True,True,True
doi__10.3389_fmicb.2018.00667,,accepted_with_cautions,True,True,True,,31,16,4,True,True,True,True
doi__10.3389_fmicb.2018.01030,,accepted_with_cautions,True,True,True,,31,15,3,True,True,True,True
doi__10.3389_fmicb.2018.01148,10.3389/fmicb.2018.01148,accepted_with_cautions,True,True,True,,3,5,3,True,True,True,True
doi__10.3389_fmicb.2018.01159,10.3389/fmicb.2018.01159,accepted_with_cautions,True,True,True,,142,88,4,True,True,True,True
doi__10.3389_fmicb.2018.01440,,accepted_with_cautions,True,True,True,,73,106,2,True,True,True,True
doi__10.3389_fmicb.2018.01567,10.3389/fmicb.2018.01567,accepted_with_cautions,True,True,True,,24,232,3,True,True,True,True
doi__10.3389_fmicb.2018.01655,,accepted_with_cautions,True,True,True,,96,33,4,True,True,True,True
doi__10.3389_fmicb.2018.02153,,accepted_with_cautions,True,True,True,,306,276,4,True,True,True,True
doi__10.3389_fmicb.2018.02249,,accepted_with_cautions,True,True,True,,21,9,3,True,True,True,True
doi__10.3389_fmicb.2018.02276,,accepted_with_cautions,True,True,True,,42,40,3,True,True,True,True
doi__10.3389_fmicb.2018.02300,,accepted_with_cautions,True,True,True,,5,14,3,True,True,True,True
doi__10.3389_fmicb.2018.02600,,accepted_with_cautions,True,True,True,,75,84,3,True,True,True,True
doi__10.3389_fmicb.2018.02832,,accepted_with_cautions,True,True,True,,251,162,3,True,True,True,True
doi__10.3389_fmicb.2018.02846,,accepted_with_cautions,True,True,True,,80,70,5,True,True,True,True
doi__10.3389_fmicb.2018.02983,,accepted_with_cautions,True,True,True,,193,150,3,True,True,True,True
doi__10.3389_fmicb.2019.00203,,accepted_with_cautions,True,True,True,,217,104,4,True,True,True,True
doi__10.3389_fmicb.2019.00484,,accepted_with_cautions,True,True,True,,2,23,4,True,True,True,True
doi__10.3389_fmicb.2019.01688,,accepted_with_cautions,True,True,True,,86,108,4,True,True,True,True
doi__10.3389_fmicb.2019.02190,,accepted_with_cautions,True,True,True,,44,11,3,True,True,True,True
doi__10.3389_fmicb.2019.02211,10.3389/fmicb.2019.02211,accepted_with_cautions,True,True,True,,92,92,3,True,True,True,True
doi__10.3389_fmicb.2019.02327,10.3389/fmicb.2019.02327,accepted_with_cautions,True,True,True,,14,32,3,True,True,True,True
doi__10.3389_fmicb.2019.02377,,accepted_with_cautions,True,True,True,,2,15,4,True,True,True,True
doi__10.3389_fmicb.2019.02593,,accepted_with_cautions,True,True,True,,267,175,5,True,True,True,True
doi__10.3389_fmicb.2019.02719,,accepted_with_cautions,True,True,True,,80,36,6,True,True,True,True
doi__10.3389_fmicb.2019.02740,,accepted_with_cautions,True,True,True,,431,584,3,True,True,True,True
doi__10.3389_fmicb.2019.02854,,accepted_with_cautions,True,True,True,,30,16,3,True,True,True,True
doi__10.3389_fmicb.2020.00168,,accepted_with_cautions,True,True,True,,168,92,3,True,True,True,True
doi__10.3389_fmicb.2020.00174,,accepted_with_cautions,True,True,True,,33,48,4,True,True,True,True
doi__10.3389_fmicb.2020.00270,10.3389/fmicb.2020.00270,accepted_with_cautions,True,True,True,,339,186,4,True,True,True,True
doi__10.3389_fmicb.2020.00417,10.3389/fmicb.2020.00417,accepted_with_cautions,True,True,True,,57,21,4,True,True,True,True
doi__10.3389_fmicb.2020.00537,,accepted_with_cautions,True,True,True,,256,130,4,True,True,True,True
doi__10.3389_fmicb.2020.00820,10.3389/fmicb.2020.00820,accepted_with_cautions,True,True,True,,90,68,4,True,True,True,True
doi__10.3389_fmicb.2020.01057,,accepted_with_cautions,True,True,True,,22,62,4,True,True,True,True
doi__10.3389_fmicb.2020.01146,,accepted_with_cautions,True,True,True,,20,126,6,True,True,True,True
doi__10.3389_fmicb.2020.01353,,accepted_with_cautions,True,True,True,,36,26,4,True,True,True,True
doi__10.3389_fmicb.2020.01589,,accepted_with_cautions,True,True,True,,1,125,6,True,True,True,True
doi__10.3389_fmicb.2020.01767,,accepted_with_cautions,True,True,True,,323,208,4,True,True,True,True
doi__10.3389_fmicb.2020.548620,,accepted_with_cautions,True,True,True,,152,297,5,True,True,True,True
doi__10.3389_fmicb.2020.561060,,accepted_with_cautions,True,True,True,,96,152,3,True,True,True,True
doi__10.3389_fmicb.2020.563030,10.3389/fmicb.2020.563030,accepted_with_cautions,True,True,True,,376,176,3,True,True,True,True
doi__10.3389_fmicb.2020.565158,,accepted_with_cautions,True,True,True,,79,64,4,True,True,True,True
doi__10.3389_fmicb.2020.569118,,accepted_with_cautions,True,True,True,,424,1090,3,True,True,True,True
doi__10.3389_fmicb.2020.573614,10.3389/fmicb.2020.573614,accepted_with_cautions,True,True,True,,42,36,3,True,True,True,True
doi__10.3389_fmicb.2020.589666,,accepted_with_cautions,True,True,True,,446,401,4,True,True,True,True
doi__10.3389_fmicb.2020.598789,10.3389/fmicb.2020.598789,accepted_with_cautions,True,True,True,,52,52,4,True,True,True,True
doi__10.3389_fmicb.2021.624465,10.3389/fmicb.2021.624465,accepted_with_cautions,True,True,True,,35,38,3,True,True,True,True
doi__10.3389_fmicb.2021.632008,,accepted_with_cautions,True,True,True,,7,4,3,True,True,True,True
doi__10.3389_fmicb.2021.662462,,accepted_with_cautions,True,True,True,,26,41,2,True,True,True,True
doi__10.3389_fmicb.2021.663151,,accepted_with_cautions,True,True,True,,130,42,2,True,True,True,True
doi__10.3389_fmicb.2021.678330,,blocked_missing_primary_material,False,True,False,blocked_missing_primary_material,162,72,4,True,True,True,True
doi__10.3389_fmicb.2021.682437,,accepted_with_cautions,True,True,True,,6,18,3,True,True,True,True
doi__10.3389_fmicb.2021.684591,10.3389/fmicb.2021.684591,accepted_with_cautions,True,True,True,,316,161,3,True,True,True,True
doi__10.3389_fmicb.2021.684650,10.3389/fmicb.2021.684650,accepted_with_cautions,True,True,True,,278,262,3,True,True,True,True
doi__10.3389_fmicb.2021.693117,,accepted_with_cautions,True,True,True,,66,30,3,True,True,True,True
doi__10.3389_fmicb.2021.693725,,accepted_with_cautions,True,True,True,,236,101,3,True,True,True,True
doi__10.3389_fmicb.2021.708904,,accepted_with_cautions,True,True,True,,12,6,3,True,True,True,True
doi__10.3389_fmicb.2021.715246,,accepted_with_cautions,True,True,True,,132,70,1,True,True,True,True
doi__10.3389_fmicb.2021.720381,,accepted_with_cautions,True,True,True,,286,106,3,True,True,True,True
doi__10.3389_fmicb.2021.725526,10.3389/fmicb.2021.725526,accepted_with_cautions,True,True,True,,41,25,4,True,True,True,True
doi__10.3389_fmicb.2021.729026,,accepted_with_cautions,True,True,True,,82,40,3,True,True,True,True
doi__10.3389_fmicb.2021.732771,,accepted_with_cautions,True,True,True,,27,20,4,True,True,True,True
doi__10.3389_fmicb.2021.733441,10.3389/fmicb.2021.733441,accepted_with_cautions,True,True,True,,306,253,3,True,True,True,True
doi__10.3389_fmicb.2021.746006,,accepted_with_cautions,True,True,True,,4,53,4,True,True,True,True
doi__10.3389_fmicb.2021.747760,,accepted_with_cautions,True,True,True,,152,28,3,True,True,True,True
doi__10.3389_fmicb.2021.772038,,accepted_with_cautions,True,True,True,,75,90,3,True,True,True,True
doi__10.3389_fmicb.2021.773076,10.3389/fmicb.2021.773076,accepted_with_cautions,True,True,True,,85,63,4,True,True,True,True
doi__10.3389_fmicb.2021.779315,,accepted_with_cautions,True,True,True,,9,9,4,True,True,True,True
doi__10.3389_fmicb.2021.794631,,accepted_with_cautions,True,True,True,,2,14,3,True,True,True,True
doi__10.3389_fmicb.2021.815980,,accepted_with_cautions,True,True,True,,340,242,4,True,True,True,True
doi__10.3389_fmicb.2022.1029366,,accepted_with_cautions,True,True,True,,17,17,3,True,True,True,True
doi__10.3389_fmicb.2022.1045984,10.3389/fmicb.2022.1045984,accepted_with_cautions,True,True,True,,34,26,5,True,True,True,True
doi__10.3389_fmicb.2022.1074359,10.3389/fmicb.2022.1074359,accepted_with_cautions,True,True,True,,188,98,4,True,True,True,True
doi__10.3389_fmicb.2022.806654,,accepted_with_cautions,True,True,True,,71,66,4,True,True,True,True
doi__10.3389_fmicb.2022.862834,,accepted_with_cautions,True,True,True,,33,46,5,True,True,True,True
doi__10.3389_fmicb.2022.864374,,accepted_with_cautions,True,True,True,,440,292,3,True,True,True,True
doi__10.3389_fmicb.2022.888525,,accepted_with_cautions,True,True,True,,120,83,4,True,True,True,True
doi__10.3389_fmicb.2022.963292,10.3389/fmicb.2022.963292,accepted_with_cautions,True,True,True,,11,5,4,True,True,True,True
doi__10.3389_fmicb.2022.965621,,accepted_with_cautions,True,True,True,,153,52,3,True,True,True,True
doi__10.3389_fmicb.2022.971503,,accepted_with_cautions,True,True,True,,45,38,4,True,True,True,True
doi__10.3389_fmicb.2023.1102789,,accepted_with_cautions,True,True,True,,45,30,3,True,True,True,True
doi__10.3389_fmicb.2023.1201505,,accepted_with_cautions,True,True,True,,11,7,3,True,True,True,True
doi__10.3389_fmicb.2023.1207367,10.3389/fmicb.2023.1207367,accepted_with_cautions,True,True,True,,43,45,3,True,True,True,True
doi__10.3389_fmicb.2023.1244325,10.3389/fmicb.2023.1244325,accepted_with_cautions,True,True,True,,26,16,3,True,True,True,True
doi__10.3389_fmicb.2023.1249175,10.3389/fmicb.2023.1249175,accepted_with_cautions,True,True,True,,48,28,4,True,True,True,True
doi__10.3389_fmicb.2023.1304825,10.3389/fmicb.2023.1304825,accepted_with_cautions,True,True,True,,79,50,3,True,True,True,True
doi__10.3389_fmicb.2024.1409359,,accepted_with_cautions,True,True,True,,2,34,3,True,True,True,True
doi__10.3389_fmicb.2025.1669022,,accepted_with_cautions,True,True,True,,3,4,3,True,True,True,True
doi__10.3389_fmicb.2026.1770133,,accepted_with_cautions,True,True,True,,12,9,3,True,True,True,True
doi__10.3389_fmolb.2021.707013,,accepted_with_cautions,True,True,True,,111,57,4,True,True,True,True
doi__10.3389_fmolb.2022.870460,,accepted_with_cautions,True,True,True,,435,812,4,True,True,True,True
doi__10.3389_fnut.2022.1111880,10.3389/fnut.2022.1111880,accepted_with_cautions,True,True,True,,2,64,3,True,True,True,True
doi__10.3389_fphar.2018.01501,10.3389/fphar.2018.01501,accepted_with_cautions,True,True,True,,19,19,3,True,True,True,True
doi__10.3389_fphar.2021.731056,10.3389/fphar.2021.731056,accepted_with_cautions,True,True,True,,40,14,4,True,True,True,True
doi__10.3389_fphar.2021.731499,,accepted_with_cautions,True,True,True,,23,14,4,True,True,True,True
doi__10.3389_fphar.2021.769739,,accepted_with_cautions,True,True,True,,132,52,3,True,True,True,True
doi__10.3389_fphar.2021.783108,,accepted_with_cautions,True,True,True,,44,43,5,True,True,True,True
doi__10.3389_fphar.2024.1334419,,blocked_missing_primary_material,False,True,False,blocked_missing_primary_material,14,40,3,True,True,True,True
doi__10.3389_fphar.2024.1443497,,accepted_with_cautions,True,True,True,,77,118,3,True,True,True,True
doi__10.3389_fphar.2024.1487338,,accepted_with_cautions,True,True,True,,52,43,3,True,True,True,True
doi__10.3389_fpls.2021.753217,,accepted_with_cautions,True,True,True,,261,167,3,True,True,True,True
doi__10.3389_fpls.2021.756357,,accepted_with_cautions,True,True,True,,24,9,3,True,True,True,True
doi__10.3389_fpls.2022.899740,,accepted_with_cautions,True,True,True,,11,4,3,True,True,True,True
doi__10.3389_fpls.2023.1250906,,accepted_with_cautions,True,True,True,,21,10,3,True,True,True,True
doi__10.3389_fvets.2025.1689589,,accepted_with_cautions,True,True,True,,64,28,3,True,True,True,True
doi__10.3390_antibiotics10010036,,accepted_with_cautions,True,True,True,,432,223,5,True,True,True,True
doi__10.3390_antibiotics10060712,,accepted_with_cautions,True,True,True,,87,111,1,True,True,True,True
doi__10.3390_antibiotics10080895,,accepted_with_cautions,True,True,True,,265,184,4,True,True,True,True
doi__10.3390_antibiotics10080896,10.3390/antibiotics10080896,accepted_with_cautions,True,True,True,,19,7,1,True,True,True,True
doi__10.3390_antibiotics10080956,,accepted_with_cautions,True,True,True,,46,110,3,True,True,True,True
doi__10.3390_antibiotics10101208,,accepted_with_cautions,True,True,True,,97,61,4,True,True,True,True
doi__10.3390_antibiotics10121529,,accepted_with_cautions,True,True,True,,242,165,4,True,True,True,True
doi__10.3390_antibiotics11010076,,accepted_with_cautions,True,True,True,,76,299,3,True,True,True,True
doi__10.3390_antibiotics11020166,10.3390/antibiotics11020166,accepted_with_cautions,True,True,True,,24,17,4,True,True,True,True
doi__10.3390_antibiotics11020243,,accepted_with_cautions,True,True,True,,291,213,4,True,True,True,True
doi__10.3390_antibiotics11030411,,accepted_with_cautions,True,True,True,,14,108,3,True,True,True,True
doi__10.3390_antibiotics11040430,,accepted_with_cautions,True,True,True,,70,40,3,True,True,True,True
doi__10.3390_antibiotics11060754,,accepted_with_cautions,True,True,True,,16,6,3,True,True,True,True
doi__10.3390_antibiotics11070952,10.3390/antibiotics11070952,accepted_with_cautions,True,True,True,,105,48,3,True,True,True,True
doi__10.3390_antibiotics11080989,,accepted_with_cautions,True,True,True,,46,66,3,True,True,True,True
doi__10.3390_antibiotics11081048,,accepted_with_cautions,True,True,True,,260,185,4,True,True,True,True
doi__10.3390_antibiotics11081080,,accepted_with_cautions,True,True,True,,234,58,3,True,True,True,True
doi__10.3390_antibiotics11081085,,accepted_with_cautions,True,True,True,,144,142,4,True,True,True,True
doi__10.3390_antibiotics11101285,10.3390/antibiotics11101285,blocked_missing_primary_material,False,True,False,blocked_missing_primary_material,21,20,3,True,True,True,True
doi__10.3390_antibiotics11111491,10.3390/antibiotics11111491,accepted_with_cautions,True,True,True,,75,58,3,True,True,True,True
doi__10.3390_antibiotics11111501,10.3390/antibiotics11111501,accepted_with_cautions,True,True,True,,8,9,4,True,True,True,True
doi__10.3390_antibiotics11111588,,accepted_with_cautions,True,True,True,,226,114,3,True,True,True,True
doi__10.3390_antibiotics11111603,,accepted_with_cautions,True,True,True,,150,90,4,True,True,True,True
doi__10.3390_antibiotics11111619,10.3390/antibiotics11111619,accepted_with_cautions,True,True,True,,232,110,6,True,True,True,True
doi__10.3390_antibiotics11121710,10.3390/antibiotics11121710,accepted_with_cautions,True,True,True,,490,280,3,True,True,True,True
doi__10.3390_antibiotics11121792,,accepted_with_cautions,True,True,True,,75,51,4,True,True,True,True
doi__10.3390_antibiotics12010019,10.3390/antibiotics12010019,accepted_with_cautions,True,True,True,,44,30,3,True,True,True,True
doi__10.3390_antibiotics12030551,,accepted_with_cautions,True,True,True,,139,160,4,True,True,True,True
doi__10.3390_antibiotics12050821,10.3390/antibiotics12050821,accepted_with_cautions,True,True,True,,147,81,3,True,True,True,True
doi__10.3390_antibiotics12071102,10.3390/antibiotics12071102,accepted_with_cautions,True,True,True,,61,26,3,True,True,True,True
doi__10.3390_antibiotics12081283,10.3390/antibiotics12081283,accepted_with_cautions,True,True,True,,135,60,3,True,True,True,True
doi__10.3390_antibiotics12091396,,accepted_with_cautions,True,True,True,,87,41,5,True,True,True,True
doi__10.3390_antibiotics12091404,,accepted_with_cautions,True,True,True,,73,44,3,True,True,True,True
doi__10.3390_antibiotics12121708,,accepted_with_cautions,True,True,True,,17,19,5,True,True,True,True
doi__10.3390_antibiotics13010005,10.3390/antibiotics13010005,accepted_with_cautions,True,True,True,,322,197,4,True,True,True,True
doi__10.3390_antibiotics13010006,,accepted_with_cautions,True,True,True,,237,108,3,True,True,True,True
doi__10.3390_antibiotics13010019,10.3390/antibiotics13010019,accepted_with_cautions,True,True,True,,13,7,4,True,True,True,True
doi__10.3390_antibiotics13010074,,accepted_with_cautions,True,True,True,,79,36,3,True,True,True,True
doi__10.3390_antibiotics13070574,,accepted_with_cautions,True,True,True,,390,380,4,True,True,True,True
doi__10.3390_antibiotics13070615,,accepted_with_cautions,True,True,True,,130,29,3,True,True,True,True
doi__10.3390_antibiotics13080758,,accepted_with_cautions,True,True,True,,199,124,3,True,True,True,True
doi__10.3390_antibiotics13121213,10.3390/antibiotics13121213,accepted_with_cautions,True,True,True,,84,88,3,True,True,True,True
doi__10.3390_antibiotics3040595,,accepted_with_cautions,True,True,True,,84,30,3,True,True,True,True
doi__10.3390_antibiotics4030358,10.3390/antibiotics4030358,accepted_with_cautions,True,True,True,,47,26,3,True,True,True,True
doi__10.3390_antibiotics6030013,,accepted_with_cautions,True,True,True,,171,45,2,True,True,True,True
doi__10.3390_antibiotics6030015,,accepted_with_cautions,True,True,True,,409,1080,3,True,True,True,True
doi__10.3390_antibiotics8010020,,accepted_with_cautions,True,True,True,,64,25,4,True,True,True,True
doi__10.3390_antibiotics8010031,10.3390/antibiotics8010031,needs_targeted_rework,False,True,False,needs_targeted_rework,1,0,2,True,True,True,True
doi__10.3390_antibiotics8020060,,accepted_with_cautions,True,True,True,,31,28,3,True,True,True,True
doi__10.3390_antibiotics8040238,,accepted_with_cautions,True,True,True,,42,22,4,True,True,True,True
doi__10.3390_antibiotics9010023,,accepted_with_cautions,True,True,True,,65,119,5,True,True,True,True
doi__10.3390_antibiotics9010033,,accepted_with_cautions,True,True,True,,8,8,4,True,True,True,True
doi__10.3390_antibiotics9020066,,accepted_with_cautions,True,True,True,,28,12,3,True,True,True,True
doi__10.3390_antibiotics9020085,,accepted_with_cautions,True,True,True,,208,94,3,True,True,True,True
doi__10.3390_antibiotics9020092,,accepted_with_cautions,True,True,True,,13,27,3,True,True,True,True
doi__10.3390_antibiotics9050243,10.3390/antibiotics9050243,accepted_with_cautions,True,True,True,,104,51,4,True,True,True,True
doi__10.3390_antibiotics9060354,,accepted_with_cautions,True,True,True,,160,389,3,True,True,True,True
doi__10.3390_antibiotics9070366,,accepted_with_cautions,True,True,True,,220,95,3,True,True,True,True
doi__10.3390_antibiotics9070384,10.3390/antibiotics9070384,accepted_with_cautions,True,True,True,,13,24,2,True,True,True,True
doi__10.3390_antibiotics9080448,,accepted_with_cautions,True,True,True,,10,16,3,True,True,True,True
doi__10.3390_antibiotics9080454,10.3390/antibiotics9080454,accepted_with_cautions,True,True,True,,37,33,4,True,True,True,True
doi__10.3390_antibiotics9080457,,accepted_with_cautions,True,True,True,,93,32,4,True,True,True,True
doi__10.3390_antibiotics9090566,10.3390/antibiotics9090566,accepted_with_cautions,True,True,True,,60,70,3,True,True,True,True
doi__10.3390_antibiotics9090625,10.3390/antibiotics9090625,accepted_with_cautions,True,True,True,,37,15,4,True,True,True,True
doi__10.3390_antibiotics9090627,10.3390/antibiotics9090627,accepted_with_cautions,True,True,True,,100,85,4,True,True,True,True
doi__10.3390_antibiotics9100661,10.3390/antibiotics9100661,accepted_with_cautions,True,True,True,,9,14,3,True,True,True,True
doi__10.3390_antibiotics9100718,,accepted_with_cautions,True,True,True,,92,38,2,True,True,True,True
doi__10.3390_antibiotics9110831,10.3390/antibiotics9110831,accepted_with_cautions,True,True,True,,21,13,3,True,True,True,True
doi__10.3390_antibiotics9120840,,accepted_with_cautions,True,True,True,,13,53,4,True,True,True,True
doi__10.3390_antibiotics9120844,10.3390/antibiotics9120844,accepted_with_cautions,True,True,True,,94,58,3,True,True,True,True
doi__10.3390_antibiotics9120870,,accepted_with_cautions,True,True,True,,31,179,2,True,True,True,True
doi__10.3390_antibiotics9120921,,accepted_with_cautions,True,True,True,,233,75,3,True,True,True,True
doi__10.3390_biology11091263,,accepted_with_cautions,True,True,True,,239,147,4,True,True,True,True
doi__10.3390_biology12091218,10.3390/biology12091218,accepted_with_cautions,True,True,True,,17,14,4,True,True,True,True
doi__10.3390_biology9070148,10.3390/biology9070148,accepted_with_cautions,True,True,True,,45,55,4,True,True,True,True
doi__10.3390_biology9080209,10.3390/biology9080209,accepted_with_cautions,True,True,True,,288,135,3,True,True,True,True
doi__10.3390_biom10050790,,accepted_with_cautions,True,True,True,,47,24,3,True,True,True,True
doi__10.3390_biom10071014,,blocked_missing_primary_material,False,True,False,blocked_missing_primary_material,38,12,3,True,True,True,True
doi__10.3390_biom11030421,,accepted_with_cautions,True,True,True,,86,41,4,True,True,True,True
doi__10.3390_biom11050761,,accepted_with_cautions,True,True,True,,305,334,5,True,True,True,True
doi__10.3390_biom12060759,,accepted_with_cautions,True,True,True,,407,402,3,True,True,True,True
doi__10.3390_biom13010172,,accepted_with_cautions,True,True,True,,341,192,3,True,True,True,True
doi__10.3390_biom13030576,10.3390/biom13030576,accepted_with_cautions,True,True,True,,42,18,3,True,True,True,True
doi__10.3390_biom13101453,,accepted_with_cautions,True,True,True,,87,42,5,True,True,True,True
doi__10.3390_biom14060659,,accepted_with_cautions,True,True,True,,107,49,3,True,True,True,True
doi__10.3390_biom15060776,,accepted_with_cautions,True,True,True,,255,126,3,True,True,True,True
doi__10.3390_biom8020019,10.3390/biom8020019,accepted_with_cautions,True,True,True,,67,20,3,True,True,True,True
doi__10.3390_biom8040122,,accepted_with_cautions,True,True,True,,25,57,3,True,True,True,True
doi__10.3390_biom9060242,,accepted_with_cautions,True,True,True,,34,7,6,True,True,True,True
doi__10.3390_biom9060249,10.3390/biom9060249,accepted_with_cautions,True,True,True,,158,63,5,True,True,True,True
doi__10.3390_biom9070280,,accepted_with_cautions,True,True,True,,176,56,3,True,True,True,True
doi__10.3390_biom9100598,,accepted_with_cautions,True,True,True,,101,54,2,True,True,True,True
doi__10.3390_biom9100628,,accepted_with_cautions,True,True,True,,90,46,3,True,True,True,True
doi__10.3390_biom9110646,,accepted_with_cautions,True,True,True,,177,132,3,True,True,True,True
doi__10.3390_biom9110667,,accepted_with_cautions,True,True,True,,54,36,3,True,True,True,True
doi__10.3390_biomedicines10092071,,accepted_with_cautions,True,True,True,,187,280,2,True,True,True,True
doi__10.3390_biomedicines8070185,,accepted_with_cautions,True,True,True,,82,74,3,True,True,True,True
doi__10.3390_cancers12092448,,accepted_with_cautions,True,True,True,,15,46,5,True,True,True,True
doi__10.3390_cells9091989,,accepted_with_cautions,True,True,True,,3,15,3,True,True,True,True
doi__10.3390_cimb43030087,10.3390/cimb43030087,accepted_with_cautions,True,True,True,,57,21,2,True,True,True,True
doi__10.3390_cimb47080673,,accepted_with_cautions,True,True,True,,31,20,2,True,True,True,True
doi__10.3390_foods14010008,10.3390/foods14010008,accepted_with_cautions,True,True,True,,117,116,3,True,True,True,True
doi__10.3390_ijms13066849,10.3390/ijms13066849,accepted_with_cautions,True,True,True,,196,72,3,True,True,True,True
doi__10.3390_ijms131115042,,accepted_with_cautions,True,True,True,,76,28,2,True,True,True,True
doi__10.3390_ijms15045680,10.3390/ijms15045680,accepted_with_cautions,True,True,True,,9,9,4,True,True,True,True
doi__10.3390_ijms17040552,,accepted_with_cautions,True,True,True,,88,115,4,True,True,True,True
doi__10.3390_ijms17070983,,accepted_with_cautions,True,True,True,,39,61,3,True,True,True,True
doi__10.3390_ijms18020339,,accepted_with_cautions,True,True,True,,297,190,4,True,True,True,True
doi__10.3390_ijms18030544,10.3390/ijms18030544,accepted_with_cautions,True,True,True,,81,28,3,True,True,True,True
doi__10.3390_ijms19010067,,accepted_with_cautions,True,True,True,,184,81,4,True,True,True,True
doi__10.3390_ijms19020487,,accepted_with_cautions,True,True,True,,26,14,3,True,True,True,True
doi__10.3390_ijms19061685,,accepted_with_cautions,True,True,True,,10,26,4,True,True,True,True
doi__10.3390_ijms19082170,10.3390/ijms19082170,accepted_with_cautions,True,True,True,,55,25,13,True,True,True,True
doi__10.3390_ijms19102951,,accepted_with_cautions,True,True,True,,158,131,3,True,True,True,True
doi__10.3390_ijms19103041,,accepted_with_cautions,True,True,True,,20,71,2,True,True,True,True
doi__10.3390_ijms19123781,,accepted_with_cautions,True,True,True,,234,124,3,True,True,True,True
doi__10.3390_ijms20030623,,accepted_with_cautions,True,True,True,,101,46,3,True,True,True,True
doi__10.3390_ijms20061417,,accepted_with_cautions,True,True,True,,153,68,4,True,True,True,True
doi__10.3390_ijms20143604,,accepted_with_cautions,True,True,True,,39,42,4,True,True,True,True
doi__10.3390_ijms20163954,,accepted_with_cautions,True,True,True,,123,90,5,True,True,True,True
doi__10.3390_ijms20174184,,accepted_with_cautions,True,True,True,,141,78,3,True,True,True,True
doi__10.3390_ijms20184558,,accepted_with_cautions,True,True,True,,105,80,5,True,True,True,True
doi__10.3390_ijms20215426,,accepted_with_cautions,True,True,True,,149,210,4,True,True,True,True
doi__10.3390_ijms20235904,,accepted_with_cautions,True,True,True,,235,185,3,True,True,True,True
doi__10.3390_ijms21030887,10.3390/ijms21030887,accepted_with_cautions,True,True,True,,264,170,3,True,True,True,True
doi__10.3390_ijms21031140,10.3390/ijms21031140,accepted_with_cautions,True,True,True,,220,250,6,True,True,True,True
doi__10.3390_ijms21041470,,accepted_with_cautions,True,True,True,,172,156,3,True,True,True,True
doi__10.3390_ijms21134578,10.3390/ijms21134578,accepted_with_cautions,True,True,True,,125,128,4,True,True,True,True
doi__10.3390_ijms21155460,,accepted_with_cautions,True,True,True,,336,186,4,True,True,True,True
doi__10.3390_ijms21165632,10.3390/ijms21165632,accepted_with_cautions,True,True,True,,189,128,4,True,True,True,True
doi__10.3390_ijms21165829,,accepted_with_cautions,True,True,True,,248,114,3,True,True,True,True
doi__10.3390_ijms21186713,10.3390/ijms21186713,accepted_with_cautions,True,True,True,,55,24,3,True,True,True,True
doi__10.3390_ijms21186810,,accepted_with_cautions,True,True,True,,190,98,5,True,True,True,True
doi__10.3390_ijms21186908,,accepted_with_cautions,True,True,True,,23,16,3,True,True,True,True
doi__10.3390_ijms21186952,,accepted_with_cautions,True,True,True,,68,29,3,True,True,True,True
doi__10.3390_ijms21197141,,accepted_with_cautions,True,True,True,,72,35,4,True,True,True,True
doi__10.3390_ijms21197208,,accepted_with_cautions,True,True,True,,356,378,7,True,True,True,True
doi__10.3390_ijms21197367,,accepted_with_cautions,True,True,True,,334,168,3,True,True,True,True
doi__10.3390_ijms21217912,10.3390/ijms21217912,accepted_with_cautions,True,True,True,,104,73,4,True,True,True,True
doi__10.3390_ijms21228624,,accepted_with_cautions,True,True,True,,296,238,3,True,True,True,True
doi__10.3390_ijms21228722,,accepted_with_cautions,True,True,True,,34,28,4,True,True,True,True
doi__10.3390_ijms21239104,,accepted_with_cautions,True,True,True,,9,5,3,True,True,True,True
doi__10.3390_ijms21239134,,accepted_with_cautions,True,True,True,,75,214,4,True,True,True,True
doi__10.3390_ijms21249637,,accepted_with_cautions,True,True,True,,383,388,4,True,True,True,True
doi__10.3390_ijms22052377,10.3390/ijms22052377,accepted_with_cautions,True,True,True,,88,33,3,True,True,True,True
doi__10.3390_ijms22052643,,accepted_with_cautions,True,True,True,,61,31,3,True,True,True,True
doi__10.3390_ijms22073666,,accepted_with_cautions,True,True,True,,295,145,4,True,True,True,True
doi__10.3390_ijms22083926,,accepted_with_cautions,True,True,True,,57,37,4,True,True,True,True
doi__10.3390_ijms22094509,,accepted_with_cautions,True,True,True,,124,68,3,True,True,True,True
doi__10.3390_ijms22115540,,accepted_with_cautions,True,True,True,,209,184,5,True,True,True,True
doi__10.3390_ijms22115617,10.3390/ijms22115617,accepted_with_cautions,True,True,True,,160,124,3,True,True,True,True
doi__10.3390_ijms22115630,10.3390/ijms22115630,accepted_with_cautions,True,True,True,,65,30,2,True,True,True,True
doi__10.3390_ijms22136679,,accepted_with_cautions,True,True,True,,383,244,3,True,True,True,True
doi__10.3390_ijms22137041,,accepted_with_cautions,True,True,True,,111,270,1,True,True,True,True
doi__10.3390_ijms22157959,10.3390/ijms22157959,accepted_with_cautions,True,True,True,,207,128,5,True,True,True,True
doi__10.3390_ijms22158231,10.3390/ijms22158231,accepted_with_cautions,True,True,True,,138,176,4,True,True,True,True
doi__10.3390_ijms22158243,,accepted_with_cautions,True,True,True,,318,141,3,True,True,True,True
doi__10.3390_ijms22179427,,accepted_with_cautions,True,True,True,,23,98,3,True,True,True,True
doi__10.3390_ijms221810156,,accepted_with_cautions,True,True,True,,77,42,3,True,True,True,True
doi__10.3390_ijms222111681,10.3390/ijms222111681,accepted_with_cautions,True,True,True,,194,75,3,True,True,True,True
doi__10.3390_ijms222111869,,needs_targeted_rework,False,True,False,needs_targeted_rework,36,0,1,True,True,True,True
doi__10.3390_ijms222312718,,accepted_with_cautions,True,True,True,,36,17,2,True,True,True,True
doi__10.3390_ijms23020883,,accepted_with_cautions,True,True,True,,14,17,3,True,True,True,True
doi__10.3390_ijms23042060,,accepted_with_cautions,True,True,True,,461,467,3,True,True,True,True
doi__10.3390_ijms23116345,,accepted_with_cautions,True,True,True,,47,130,4,True,True,True,True
doi__10.3390_ijms23137173,10.3390/ijms23137173,accepted_with_cautions,True,True,True,,27,9,4,True,True,True,True
doi__10.3390_ijms23147979,,accepted_with_cautions,True,True,True,,200,117,3,True,True,True,True
doi__10.3390_ijms23148029,,accepted_with_cautions,True,True,True,,83,89,5,True,True,True,True
doi__10.3390_ijms23158269,,accepted_with_cautions,True,True,True,,30,119,3,True,True,True,True
doi__10.3390_ijms231810558,,accepted_with_cautions,True,True,True,,1,5,3,True,True,True,True
doi__10.3390_ijms232113316,,accepted_with_cautions,True,True,True,,120,66,4,True,True,True,True
doi__10.3390_ijms232213844,10.3390/ijms232213844,accepted_with_cautions,True,True,True,,424,297,4,True,True,True,True
doi__10.3390_ijms232214151,,accepted_with_cautions,True,True,True,,416,120,4,True,True,True,True
doi__10.3390_ijms232415594,,accepted_with_cautions,True,True,True,,6,23,4,True,True,True,True
doi__10.3390_ijms24010267,,accepted_with_cautions,True,True,True,,48,41,5,True,True,True,True
doi__10.3390_ijms24010779,10.3390/ijms24010779,accepted_with_cautions,True,True,True,,49,83,3,True,True,True,True
doi__10.3390_ijms24043951,,accepted_with_cautions,True,True,True,,360,177,4,True,True,True,True
doi__10.3390_ijms24086901,,accepted_with_cautions,True,True,True,,25,16,3,True,True,True,True
doi__10.3390_ijms24119251,10.3390/ijms24119251,accepted_with_cautions,True,True,True,,28,24,4,True,True,True,True
doi__10.3390_ijms241814053,,accepted_with_cautions,True,True,True,,27,15,5,True,True,True,True
doi__10.3390_ijms241814268,,accepted_with_cautions,True,True,True,,30,18,3,True,True,True,True
doi__10.3390_ijms241914472,10.3390/ijms241914472,accepted_with_cautions,True,True,True,,408,227,4,True,True,True,True
doi__10.3390_ijms242216423,,accepted_with_cautions,True,True,True,,15,23,4,True,True,True,True
doi__10.3390_ijms252413688,,accepted_with_cautions,True,True,True,,60,36,2,True,True,True,True
doi__10.3390_ijms26010051,,accepted_with_cautions,True,True,True,,24,10,5,True,True,True,True
doi__10.3390_ijms26041702,,accepted_with_cautions,True,True,True,,388,309,4,True,True,True,True
doi__10.3390_insects10020042,,accepted_with_cautions,True,True,True,,20,13,2,True,True,True,True
doi__10.3390_insects12050466,10.3390/insects12050466,accepted_with_cautions,True,True,True,,27,9,3,True,True,True,True
doi__10.3390_insects14100794,,accepted_with_cautions,True,True,True,,36,48,2,True,True,True,True
doi__10.3390_jof6030184,,accepted_with_cautions,True,True,True,,247,237,2,True,True,True,True
doi__10.3390_jof7020129,,accepted_with_cautions,True,True,True,,130,60,4,True,True,True,True
doi__10.3390_jof7060439,,accepted_with_cautions,True,True,True,,43,24,4,True,True,True,True
doi__10.3390_jof7060457,,accepted_with_cautions,True,True,True,,42,88,3,True,True,True,True
doi__10.3390_jof7110941,,accepted_with_cautions,True,True,True,,13,5,3,True,True,True,True
doi__10.3390_jof8020174,10.3390/jof8020174,accepted_with_cautions,True,True,True,,30,14,4,True,True,True,True
doi__10.3390_jof9111115,,accepted_with_cautions,True,True,True,,25,14,3,True,True,True,True
doi__10.3390_life15020242,,accepted_with_cautions,True,True,True,,217,109,5,True,True,True,True
doi__10.3390_life15101568,,accepted_with_cautions,True,True,True,,19,10,3,True,True,True,True
doi__10.3390_md10122912,10.3390/md10122912,accepted_with_cautions,True,True,True,,9,17,3,True,True,True,True
doi__10.3390_md11030944,10.3390/md11030944,accepted_with_cautions,True,True,True,,47,104,4,True,True,True,True
doi__10.3390_md11061836,,accepted_with_cautions,True,True,True,,63,123,3,True,True,True,True
doi__10.3390_md11061878,,accepted_with_cautions,True,True,True,,5,51,5,True,True,True,True
doi__10.3390_md11124761,,accepted_with_cautions,True,True,True,,18,10,3,True,True,True,True
doi__10.3390_md11124834,,accepted_with_cautions,True,True,True,,21,9,2,True,True,True,True
doi__10.3390_md12020871,,accepted_with_cautions,True,True,True,,181,52,2,True,True,True,True
doi__10.3390_md12063203,,accepted_with_cautions,True,True,True,,13,7,2,True,True,True,True
doi__10.3390_md12105240,,accepted_with_cautions,True,True,True,,165,75,5,True,True,True,True
doi__10.3390_md12115657,,accepted_with_cautions,True,True,True,,24,46,2,True,True,True,True
doi__10.3390_md13031432,,accepted_with_cautions,True,True,True,,13,9,1,True,True,True,True
doi__10.3390_md13052602,,accepted_with_cautions,True,True,True,,72,28,4,True,True,True,True
doi__10.3390_md13053029,,accepted_with_cautions,True,True,True,,14,35,3,True,True,True,True
doi__10.3390_md14040072,,accepted_with_cautions,True,True,True,,90,48,2,True,True,True,True
doi__10.3390_md14050096,,accepted_with_cautions,True,True,True,,59,48,5,True,True,True,True
doi__10.3390_md14070136,10.3390/md14070136,accepted_with_cautions,True,True,True,,22,40,2,True,True,True,True
doi__10.3390_md14120227,,accepted_with_cautions,True,True,True,,56,50,3,True,True,True,True
doi__10.3390_md14120228,,accepted_with_cautions,True,True,True,,46,40,3,True,True,True,True
doi__10.3390_md15030078,,accepted_with_cautions,True,True,True,,18,25,3,True,True,True,True
doi__10.3390_md15070205,,accepted_with_cautions,True,True,True,,46,56,4,True,True,True,True
doi__10.3390_md15080261,,accepted_with_cautions,True,True,True,,155,42,3,True,True,True,True
doi__10.3390_md15090287,10.3390/md15090287,accepted_with_cautions,True,True,True,,3,7,4,True,True,True,True
doi__10.3390_md15110364,,accepted_with_cautions,True,True,True,,25,8,3,True,True,True,True
doi__10.3390_md16090290,,accepted_with_cautions,True,True,True,,10,3,2,True,True,True,True
doi__10.3390_md16090305,,accepted_with_cautions,True,True,True,,42,78,3,True,True,True,True
doi__10.3390_md16100366,10.3390/md16100366,accepted_with_cautions,True,True,True,,11,4,3,True,True,True,True
doi__10.3390_md16110401,,accepted_with_cautions,True,True,True,,138,81,3,True,True,True,True
doi__10.3390_md16120466,,accepted_with_cautions,True,True,True,,192,90,4,True,True,True,True
doi__10.3390_md17020127,,accepted_with_cautions,True,True,True,,44,89,3,True,True,True,True
doi__10.3390_md17030159,,accepted_with_cautions,True,True,True,,66,42,3,True,True,True,True
doi__10.3390_md17060376,,accepted_with_cautions,True,True,True,,365,150,2,True,True,True,True
doi__10.3390_md17070413,,accepted_with_cautions,True,True,True,,30,15,3,True,True,True,True
doi__10.3390_md17090488,,accepted_with_cautions,True,True,True,,63,48,3,True,True,True,True
doi__10.3390_md18010051,,accepted_with_cautions,True,True,True,,11,65,9,True,True,True,True
doi__10.3390_md18010056,,accepted_with_cautions,True,True,True,,10,6,3,True,True,True,True
doi__10.3390_md18080380,10.3390/md18080380,accepted_with_cautions,True,True,True,,40,54,3,True,True,True,True
doi__10.3390_md18110532,,accepted_with_cautions,True,True,True,,180,62,2,True,True,True,True
doi__10.3390_md18120620,,accepted_with_cautions,True,True,True,,73,70,3,True,True,True,True
doi__10.3390_md18120631,10.3390/md18120631,accepted_with_cautions,True,True,True,,9,21,5,True,True,True,True
doi__10.3390_md19040232,10.3390/md19040232,accepted_with_cautions,True,True,True,,102,153,2,True,True,True,True
doi__10.3390_md19060303,,accepted_with_cautions,True,True,True,,210,206,3,True,True,True,True
doi__10.3390_md19080451,,accepted_with_cautions,True,True,True,,139,67,5,True,True,True,True
doi__10.3390_md19100528,,accepted_with_cautions,True,True,True,,3,4,2,True,True,True,True
doi__10.3390_md20010077,,accepted_with_cautions,True,True,True,,27,12,3,True,True,True,True
doi__10.3390_md20020085,10.3390/md20020085,accepted_with_cautions,True,True,True,,128,53,3,True,True,True,True
doi__10.3390_md20030158,,accepted_with_cautions,True,True,True,,138,54,3,True,True,True,True
doi__10.3390_md20030167,,accepted_with_cautions,True,True,True,,148,110,4,True,True,True,True
doi__10.3390_md20070451,,accepted_with_cautions,True,True,True,,26,36,3,True,True,True,True
doi__10.3390_md20080517,,accepted_with_cautions,True,True,True,,414,241,4,True,True,True,True
doi__10.3390_md20100591,10.3390/md20100591,accepted_with_cautions,True,True,True,,11,2,2,True,True,True,True
doi__10.3390_md20100651,,accepted_with_cautions,True,True,True,,79,79,4,True,True,True,True
doi__10.3390_md21020074,,accepted_with_cautions,True,True,True,,29,20,3,True,True,True,True
doi__10.3390_md22100463,10.3390/md22100463,accepted_with_cautions,True,True,True,,94,51,6,True,True,True,True
doi__10.3390_md23080330,,accepted_with_cautions,True,True,True,,37,19,3,True,True,True,True
doi__10.3390_md8082384,,accepted_with_cautions,True,True,True,,35,30,1,True,True,True,True
doi__10.3390_md9010071,10.3390/md9010071,accepted_with_cautions,True,True,True,,48,38,1,True,True,True,True
doi__10.3390_md9101969,,accepted_with_cautions,True,True,True,,22,19,3,True,True,True,True
doi__10.3390_md9112469,10.3390/md9112469,accepted_with_cautions,True,True,True,,14,40,1,True,True,True,True
doi__10.3390_membranes11010048,10.3390/membranes11010048,accepted_with_cautions,True,True,True,,36,16,5,True,True,True,True
doi__10.3390_microorganisms10050881,,accepted_with_cautions,True,True,True,,22,100,4,True,True,True,True
doi__10.3390_microorganisms10081538,,accepted_with_cautions,True,True,True,,14,6,2,True,True,True,True
doi__10.3390_microorganisms11112778,,accepted_with_cautions,True,True,True,,50,32,3,True,True,True,True
doi__10.3390_microorganisms12010177,10.3390/microorganisms12010177,accepted_with_cautions,True,True,True,,25,68,3,True,True,True,True
doi__10.3390_microorganisms12122648,,accepted_with_cautions,True,True,True,,26,15,3,True,True,True,True
doi__10.3390_microorganisms13051091,,accepted_with_cautions,True,True,True,,53,16,3,True,True,True,True
doi__10.3390_microorganisms13061381,,accepted_with_cautions,True,True,True,,37,17,3,True,True,True,True
doi__10.3390_microorganisms6040106,,accepted_with_cautions,True,True,True,,38,16,3,True,True,True,True
doi__10.3390_microorganisms8040582,10.3390/microorganisms8040582,accepted_with_cautions,True,True,True,,50,32,3,True,True,True,True
doi__10.3390_microorganisms8050626,,accepted_with_cautions,True,True,True,,372,428,4,True,True,True,True
doi__10.3390_microorganisms8050758,,accepted_with_cautions,True,True,True,,33,46,3,True,True,True,True
doi__10.3390_microorganisms8060867,10.3390/microorganisms8060867,accepted_with_cautions,True,True,True,,240,140,4,True,True,True,True
doi__10.3390_microorganisms8101627,,accepted_with_cautions,True,True,True,,44,70,5,True,True,True,True
doi__10.3390_microorganisms9020222,10.3390/microorganisms9020222,accepted_with_cautions,True,True,True,,26,12,4,True,True,True,True
doi__10.3390_molecules18010859,,accepted_with_cautions,True,True,True,,364,121,3,True,True,True,True
doi__10.3390_molecules18067058,,accepted_with_cautions,True,True,True,,13,15,1,True,True,True,True
doi__10.3390_molecules190810803,,accepted_with_cautions,True,True,True,,97,49,3,True,True,True,True
doi__10.3390_molecules20022775,10.3390/molecules20022775,accepted_with_cautions,True,True,True,,10,20,3,True,True,True,True
doi__10.3390_molecules20033972,,accepted_with_cautions,True,True,True,,6,26,3,True,True,True,True
doi__10.3390_molecules200916278,,accepted_with_cautions,True,True,True,,19,9,2,True,True,True,True
doi__10.3390_molecules21020225,10.3390/molecules21020225,accepted_with_cautions,True,True,True,,29,32,3,True,True,True,True
doi__10.3390_molecules21040512,,accepted_with_cautions,True,True,True,,29,8,3,True,True,True,True
doi__10.3390_molecules21091223,,accepted_with_cautions,True,True,True,,15,21,3,True,True,True,True
doi__10.3390_molecules21111429,,accepted_with_cautions,True,True,True,,47,18,2,True,True,True,True
doi__10.3390_molecules21121667,10.3390/molecules21121667,accepted_with_cautions,True,True,True,,79,30,3,True,True,True,True
doi__10.3390_molecules22030452,,accepted_with_cautions,True,True,True,,82,48,3,True,True,True,True
doi__10.3390_molecules22060682,,accepted_with_cautions,True,True,True,,48,20,3,True,True,True,True
doi__10.3390_molecules22060957,,accepted_with_cautions,True,True,True,,9,22,4,True,True,True,True
doi__10.3390_molecules22071054,,accepted_with_cautions,True,True,True,,138,51,2,True,True,True,True
doi__10.3390_molecules22091428,,accepted_with_cautions,True,True,True,,42,46,4,True,True,True,True
doi__10.3390_molecules22101641,10.3390/molecules22101641,accepted_with_cautions,True,True,True,,30,72,3,True,True,True,True
doi__10.3390_molecules22101805,,accepted_with_cautions,True,True,True,,57,27,4,True,True,True,True
doi__10.3390_molecules22111896,10.3390/molecules22111896,accepted_with_cautions,True,True,True,,47,43,5,True,True,True,True
doi__10.3390_molecules22122173,,accepted_with_cautions,True,True,True,,94,56,3,True,True,True,True
doi__10.3390_molecules23010214,,accepted_with_cautions,True,True,True,,12,8,3,True,True,True,True
doi__10.3390_molecules23020329,,accepted_with_cautions,True,True,True,,107,51,4,True,True,True,True
doi__10.3390_molecules23020394,,accepted_with_cautions,True,True,True,,24,18,1,True,True,True,True
doi__10.3390_molecules23040801,,accepted_with_cautions,True,True,True,,8,3,3,True,True,True,True
doi__10.3390_molecules23040952,,accepted_with_cautions,True,True,True,,13,5,3,True,True,True,True
doi__10.3390_molecules23051220,10.3390/molecules23051220,accepted_with_cautions,True,True,True,,46,48,5,True,True,True,True
doi__10.3390_molecules23061491,,accepted_with_cautions,True,True,True,,36,16,2,True,True,True,True
doi__10.3390_molecules23071603,,accepted_with_cautions,True,True,True,,96,101,3,True,True,True,True
doi__10.3390_molecules23082026,,accepted_with_cautions,True,True,True,,32,8,4,True,True,True,True
doi__10.3390_molecules23092179,,accepted_with_cautions,True,True,True,,6,8,5,True,True,True,True
doi__10.3390_molecules23092245,,accepted_with_cautions,True,True,True,,10,94,3,True,True,True,True
doi__10.3390_molecules23092246,,accepted_with_cautions,True,True,True,,69,17,3,True,True,True,True
doi__10.3390_molecules23102722,,accepted_with_cautions,True,True,True,,217,43,2,True,True,True,True
doi__10.3390_molecules23112785,10.3390/molecules23112785,accepted_with_cautions,True,True,True,,35,19,3,True,True,True,True
doi__10.3390_molecules23112943,,accepted_with_cautions,True,True,True,,76,18,3,True,True,True,True
doi__10.3390_molecules23113003,10.3390/molecules23113003,accepted_with_cautions,True,True,True,,33,22,3,True,True,True,True
doi__10.3390_molecules23123314,,accepted_with_cautions,True,True,True,,25,15,2,True,True,True,True
doi__10.3390_molecules24061121,,accepted_with_cautions,True,True,True,,289,178,4,True,True,True,True
doi__10.3390_molecules24061134,,accepted_with_cautions,True,True,True,,63,76,4,True,True,True,True
doi__10.3390_molecules24112077,,accepted_with_cautions,True,True,True,,22,9,4,True,True,True,True
doi__10.3390_molecules24162974,,accepted_with_cautions,True,True,True,,46,60,3,True,True,True,True
doi__10.3390_molecules24162987,,accepted_with_cautions,True,True,True,,79,42,1,True,True,True,True
doi__10.3390_molecules24224173,,accepted_with_cautions,True,True,True,,216,112,3,True,True,True,True
doi__10.3390_molecules24244560,,accepted_with_cautions,True,True,True,,92,34,4,True,True,True,True
doi__10.3390_molecules24244571,,accepted_with_cautions,True,True,True,,420,185,3,True,True,True,True
doi__10.3390_molecules25020257,,blocked_missing_primary_material,False,True,False,blocked_missing_primary_material,446,568,2,True,True,True,True
doi__10.3390_molecules25030485,,accepted_with_cautions,True,True,True,,26,21,3,True,True,True,True
doi__10.3390_molecules25092027,,accepted_with_cautions,True,True,True,,24,38,4,True,True,True,True
doi__10.3390_molecules25163676,,accepted_with_cautions,True,True,True,,424,304,3,True,True,True,True
doi__10.3390_molecules25215035,,accepted_with_cautions,True,True,True,,14,14,2,True,True,True,True
doi__10.3390_molecules26010165,,accepted_with_cautions,True,True,True,,19,13,4,True,True,True,True
doi__10.3390_molecules26020444,,accepted_with_cautions,True,True,True,,211,70,2,True,True,True,True
doi__10.3390_molecules26071954,,accepted_with_cautions,True,True,True,,335,626,3,True,True,True,True
doi__10.3390_molecules26072059,10.3390/molecules26072059,accepted_with_cautions,True,True,True,,3,10,4,True,True,True,True
doi__10.3390_molecules26123624,,accepted_with_cautions,True,True,True,,7,5,3,True,True,True,True
doi__10.3390_molecules26154654,,accepted_with_cautions,True,True,True,,83,402,4,True,True,True,True
doi__10.3390_molecules26195767,10.3390/molecules26195767,accepted_with_cautions,True,True,True,,3,8,2,True,True,True,True
doi__10.3390_molecules26195872,,accepted_with_cautions,True,True,True,,125,56,4,True,True,True,True
doi__10.3390_molecules26237275,10.3390/molecules26237275,accepted_with_cautions,True,True,True,,3,9,2,True,True,True,True
doi__10.3390_molecules27020561,,accepted_with_cautions,True,True,True,,119,42,4,True,True,True,True
doi__10.3390_molecules27113552,,accepted_with_cautions,True,True,True,,9,12,3,True,True,True,True
doi__10.3390_molecules27113554,,accepted_with_cautions,True,True,True,,77,42,3,True,True,True,True
doi__10.3390_molecules27238452,,accepted_with_cautions,True,True,True,,61,59,5,True,True,True,True
doi__10.3390_molecules28041993,10.3390/molecules28041993,accepted_with_cautions,True,True,True,,121,63,2,True,True,True,True
doi__10.3390_molecules28124779,,accepted_with_cautions,True,True,True,,14,9,2,True,True,True,True
doi__10.3390_molecules28186558,10.3390/molecules28186558,accepted_with_cautions,True,True,True,,267,181,3,True,True,True,True
doi__10.3390_molecules29051181,10.3390/molecules29051181,accepted_with_cautions,True,True,True,,102,66,3,True,True,True,True
doi__10.3390_molecules29071534,10.3390/molecules29071534,accepted_with_cautions,True,True,True,,79,55,3,True,True,True,True
doi__10.3390_nano12203691,,accepted_with_cautions,True,True,True,,50,97,3,True,True,True,True
doi__10.3390_ph11010003,,accepted_with_cautions,True,True,True,,99,61,4,True,True,True,True
doi__10.3390_ph11010020,,accepted_with_cautions,True,True,True,,172,210,4,True,True,True,True
doi__10.3390_ph12020082,,accepted_with_cautions,True,True,True,,445,115,3,True,True,True,True
doi__10.3390_ph14040304,,accepted_with_cautions,True,True,True,,15,9,3,True,True,True,True
doi__10.3390_ph14100956,,accepted_with_cautions,True,True,True,,17,14,2,True,True,True,True
doi__10.3390_ph14121245,10.3390/ph14121245,accepted_with_cautions,True,True,True,,110,51,4,True,True,True,True
doi__10.3390_ph16101356,,accepted_with_cautions,True,True,True,,36,16,4,True,True,True,True
doi__10.3390_ph17020171,,accepted_with_cautions,True,True,True,,41,15,3,True,True,True,True
doi__10.3390_ph2020049,10.3390/ph2020049,accepted_with_cautions,True,True,True,,46,15,3,True,True,True,True
doi__10.3390_ph3123594,10.3390/ph3123594,accepted_with_cautions,True,True,True,,3,13,3,True,True,True,True
doi__10.3390_ph7010058,,accepted_with_cautions,True,True,True,,32,35,3,True,True,True,True
doi__10.3390_ph7040366,,accepted_with_cautions,True,True,True,,175,175,3,True,True,True,True
doi__10.3390_ph7040482,,accepted_with_cautions,True,True,True,,80,36,5,True,True,True,True
doi__10.3390_ph7050502,,accepted_with_cautions,True,True,True,,38,27,4,True,True,True,True
doi__10.3390_ph8030483,,accepted_with_cautions,True,True,True,,122,126,3,True,True,True,True
doi__10.3390_pharmaceutics11100506,,accepted_with_cautions,True,True,True,,122,270,2,True,True,True,True
doi__10.3390_pharmaceutics12111071,10.3390/pharmaceutics12111071,accepted_with_cautions,True,True,True,,11,6,3,True,True,True,True
doi__10.3390_pharmaceutics13040578,10.3390/pharmaceutics13040578,accepted_with_cautions,True,True,True,,80,32,3,True,True,True,True
doi__10.3390_pharmaceutics14020454,10.3390/pharmaceutics14020454,accepted_with_cautions,True,True,True,,229,74,4,True,True,True,True
doi__10.3390_pharmaceutics14030604,,accepted_with_cautions,True,True,True,,338,285,4,True,True,True,True
doi__10.3390_pharmaceutics14040693,,needs_targeted_rework,False,True,False,needs_targeted_rework,215,340,3,True,True,True,True
doi__10.3390_pharmaceutics14102081,,accepted_with_cautions,True,True,True,,78,62,3,True,True,True,True
doi__10.3390_pharmaceutics14112540,,accepted_with_cautions,True,True,True,,100,180,4,True,True,True,True
doi__10.3390_pharmaceutics14122579,,accepted_with_cautions,True,True,True,,27,11,4,True,True,True,True
doi__10.3390_pharmaceutics15010291,,accepted_with_cautions,True,True,True,,133,230,4,True,True,True,True
doi__10.3390_pharmaceutics15020436,,accepted_with_cautions,True,True,True,,161,112,4,True,True,True,True
doi__10.3390_pharmaceutics15051433,,accepted_with_cautions,True,True,True,,47,42,4,True,True,True,True
doi__10.3390_pharmaceutics15061777,,accepted_with_cautions,True,True,True,,56,42,2,True,True,True,True
doi__10.3390_pharmaceutics15082047,,accepted_with_cautions,True,True,True,,406,195,3,True,True,True,True
doi__10.3390_pharmaceutics16010129,,accepted_with_cautions,True,True,True,,55,36,3,True,True,True,True
doi__10.3390_pharmaceutics16020190,,accepted_with_cautions,True,True,True,,12,5,3,True,True,True,True
doi__10.3390_pharmaceutics16050597,10.3390/pharmaceutics16050597,accepted_with_cautions,True,True,True,,215,119,4,True,True,True,True
doi__10.3390_pharmaceutics16070850,10.3390/pharmaceutics16070850,accepted_with_cautions,True,True,True,,7,3,3,True,True,True,True
doi__10.3390_pharmaceutics16081098,,accepted_with_cautions,True,True,True,,414,599,5,True,True,True,True
doi__10.3390_pharmaceutics16111453,,accepted_with_cautions,True,True,True,,175,86,3,True,True,True,True
doi__10.3390_plants9010047,,accepted_with_cautions,True,True,True,,15,7,2,True,True,True,True
doi__10.3390_toxics12060387,10.3390/toxics12060387,accepted_with_cautions,True,True,True,,36,25,4,True,True,True,True
doi__10.3390_toxins10010021,,accepted_with_cautions,True,True,True,,10,6,2,True,True,True,True
doi__10.3390_toxins10040161,10.3390/toxins10040161,accepted_with_cautions,True,True,True,,135,24,1,True,True,True,True
doi__10.3390_toxins10060219,,accepted_with_cautions,True,True,True,,7,7,4,True,True,True,True
doi__10.3390_toxins10060227,10.3390/toxins10060227,accepted_with_cautions,True,True,True,,47,21,3,True,True,True,True
doi__10.3390_toxins10100413,,accepted_with_cautions,True,True,True,,101,51,4,True,True,True,True
doi__10.3390_toxins10120522,,accepted_with_cautions,True,True,True,,29,13,4,True,True,True,True
doi__10.3390_toxins11030155,,accepted_with_cautions,True,True,True,,66,32,3,True,True,True,True
doi__10.3390_toxins11090517,,accepted_with_cautions,True,True,True,,16,6,3,True,True,True,True
doi__10.3390_toxins11100562,,accepted_with_cautions,True,True,True,,38,46,3,True,True,True,True
doi__10.3390_toxins11100584,,accepted_with_cautions,True,True,True,,20,11,3,True,True,True,True
doi__10.3390_toxins12080484,,accepted_with_cautions,True,True,True,,368,483,4,True,True,True,True
doi__10.3390_toxins12120771,,accepted_with_cautions,True,True,True,,49,35,4,True,True,True,True
doi__10.3390_toxins13120867,,accepted_with_cautions,True,True,True,,36,26,1,True,True,True,True
doi__10.3390_toxins14010001,,accepted_with_cautions,True,True,True,,361,184,2,True,True,True,True
doi__10.3390_toxins14010058,,accepted_with_cautions,True,True,True,,78,44,3,True,True,True,True
doi__10.3390_toxins15010042,,accepted_with_cautions,True,True,True,,63,36,3,True,True,True,True
doi__10.3390_toxins16030156,10.3390/toxins16030156,accepted_with_cautions,True,True,True,,198,111,3,True,True,True,True
doi__10.3390_toxins16070308,,accepted_with_cautions,True,True,True,,156,72,2,True,True,True,True
doi__10.3390_toxins16110466,,accepted_with_cautions,True,True,True,,17,16,3,True,True,True,True
doi__10.3390_toxins7020219,,accepted_with_cautions,True,True,True,,152,42,3,True,True,True,True
doi__10.3390_toxins7124878,,accepted_with_cautions,True,True,True,,36,21,3,True,True,True,True
doi__10.3390_toxins8050119,10.3390/toxins8050119,accepted_with_cautions,True,True,True,,26,12,3,True,True,True,True
doi__10.3390_toxins8050124,10.3390/toxins8050124,accepted_with_cautions,True,True,True,,17,10,3,True,True,True,True
doi__10.3390_toxins8050144,,accepted_with_cautions,True,True,True,,64,28,3,True,True,True,True
doi__10.3390_toxins8090255,,accepted_with_cautions,True,True,True,,70,20,3,True,True,True,True
doi__10.3390_toxins9010022,,accepted_with_cautions,True,True,True,,401,288,3,True,True,True,True
doi__10.3390_v11010031,,publication_grade_with_cautions,True,True,True,,43,55,1,True,True,True,True
doi__10.3390_v11010056,,accepted_with_cautions,True,True,True,,59,7,1,True,True,True,True
doi__10.3390_v11010077,,accepted_with_cautions,True,True,True,,18,11,4,True,True,True,True
doi__10.3390_v11070609,,needs_targeted_rework,False,True,False,needs_targeted_rework,336,0,2,True,True,True,True
doi__10.3390_v11111011,,accepted_with_cautions,True,True,True,,17,5,3,True,True,True,True
doi__10.3390_v12111267,,accepted_with_cautions,True,True,True,,9,11,4,True,True,True,True
doi__10.3390_v13071246,,needs_targeted_rework,False,True,False,needs_targeted_rework,102,0,2,True,True,True,True
doi__10.3390_v13122382,,accepted_with_cautions,True,True,True,,12,8,4,True,True,True,True
doi__10.3390_v14030549,10.3390/v14030549,accepted_with_cautions,True,True,True,,9,18,3,True,True,True,True
doi__10.3390_v14102103,,accepted_with_cautions,True,True,True,,68,28,5,True,True,True,True
doi__10.3762_bjoc.14.144,,accepted_with_cautions,True,True,True,,83,18,2,True,True,True,True
doi__10.3762_bjoc.8.130,10.3762/bjoc.8.130,accepted_with_cautions,True,True,True,,61,20,3,True,True,True,True
doi__10.3762_bjoc.8.200,,accepted_with_cautions,True,True,True,,185,88,2,True,True,True,True
doi__10.3762_bjoc.8.204,10.3762/bjoc.8.204,accepted_with_cautions,True,True,True,,6,9,4,True,True,True,True
doi__10.3892_etm.2017.5631,,accepted_with_cautions,True,True,True,,110,44,3,True,True,True,True
doi__10.3892_mmr.2017.7418,,accepted_with_cautions,True,True,True,,16,20,3,True,True,True,True
doi__10.3892_ol.2012.1042,,accepted_with_cautions,True,True,True,,36,17,3,True,True,True,True
doi__10.4014_jmb.2003.03009,,accepted_with_cautions,True,True,True,,48,40,2,True,True,True,True
doi__10.4103_0973-1296.141781,,accepted_with_cautions,True,True,True,,26,10,2,True,True,True,True
doi__10.4103_1735-5362.359429,,accepted_with_cautions,True,True,True,,83,48,3,True,True,True,True
doi__10.4142_jvs.2020.21.e80,10.4142/jvs.2020.21.e80,accepted_with_cautions,True,True,True,,13,10,3,True,True,True,True
doi__10.5423_ppj.oa.02.2014.0011,,accepted_with_cautions,True,True,True,,19,14,4,True,True,True,True
doi__10.5483_bmbrep.2014.47.11.262,,accepted_with_cautions,True,True,True,,423,259,4,True,True,True,True
doi__10.5713_ajas.18.0571,10.5713/ajas.18.0571,blocked_missing_primary_material,False,True,False,blocked_missing_primary_material,2,17,3,True,True,True,True
doi__10.7150_ijbs.23419,,accepted_with_cautions,True,True,True,,169,69,4,True,True,True,True
doi__10.7150_ijbs.76148,10.7150/ijbs.76148,blocked_missing_primary_material,False,True,False,blocked_missing_primary_material,9,22,3,True,True,True,True
doi__10.7150_ijbs.9859,10.7150/ijbs.9859,accepted_with_cautions,True,True,True,,97,40,3,True,True,True,True
doi__10.7150_ijms.5037,10.7150/ijms.5037,accepted_with_cautions,True,True,True,,24,13,3,True,True,True,True
doi__10.7150_thno.21425,10.7150/thno.21425,accepted_with_cautions,True,True,True,,98,38,3,True,True,True,True
doi__10.7150_thno.39157,,accepted_with_cautions,True,True,True,,10,267,4,True,True,True,True
doi__10.7150_thno.40971,10.7150/thno.40971,accepted_with_cautions,True,True,True,,3,8,4,True,True,True,True
doi__10.7150_thno.75444,,accepted_with_cautions,True,True,True,,87,23,3,True,True,True,True
doi__10.7150_thno.87916,,accepted_with_cautions,True,True,True,,199,119,3,True,True,True,True
doi__10.7554_elife.37689,,accepted_with_cautions,True,True,True,,12,103,3,True,True,True,True
doi__10.7554_elife.64411,10.7554/elife.64411,accepted_with_cautions,True,True,True,,19,10,4,True,True,True,True
doi__10.7717_peerj.10176,,needs_targeted_rework,False,True,False,needs_targeted_rework,120,22,3,True,True,True,True
doi__10.7717_peerj.16143,,accepted_with_cautions,True,True,True,,55,86,4,True,True,True,True
doi__10.7717_peerj.5369,,accepted_with_cautions,True,True,True,,66,30,3,True,True,True,True
doi__10.7717_peerj.5635,,accepted_with_cautions,True,True,True,,190,102,3,True,True,True,True
pmid__23401744,,accepted_with_cautions,True,True,True,,28,12,3,True,True,True,True
pmid__24781647,,accepted_with_cautions,True,True,True,,12,7,3,True,True,True,True
pmid__24930129,10.1038/nmeth.2998,accepted_with_cautions,True,True,True,,24,8,2,True,True,True,True
pmid__30192822,10.1371/journal.pone.0203451,accepted_with_cautions,True,True,True,,114,82,3,True,True,True,True
pmid__34681184,,accepted_with_cautions,True,True,True,,11,71,4,True,True,True,True
pmid__36151303,10.1038/s41598-022-20236-1,accepted_with_cautions,True,True,True,,255,316,4,True,True,True,True
