paper_id,run_base,lane,terminal_status,result_status,result_category,result_reason_code,refined_status,refined_category,refined_reason_code,recommended_next_action,attempt_count,worker_infra_retry_count,worker_infra_retry_exhausted,gap_codes,worker_infra_reason_codes,lane_generated_at,lane_summary
doi__10.3389_fmicb.2016.01682,next100_10lane_20260506T153312Z,1,accepted_after_rework,accepted_after_rework,accepted,strict_gates_passed,accepted_after_rework_attempt1_with_infra_retry,accepted_after_rework_with_infra_noise,strict_gates_passed_after_single_rework_with_infra_retry,sample_audit_plus_infra_log_check,1,4,False,,,2026-05-06T21:43:06Z,/root/work/抗菌肽/数据库/batch/4-team/reports/true_rework_queue_next100_10lane_20260506T153312Z_lane01_latest.json
doi__10.3389_fmicb.2016.01801,next100_10lane_20260506T153312Z,1,accepted_after_rework,accepted_after_rework,accepted,strict_gates_passed,accepted_after_rework_attempt1,accepted_after_rework,strict_gates_passed_after_single_rework,sample_audit_only,1,0,False,,,2026-05-06T21:43:06Z,/root/work/抗菌肽/数据库/batch/4-team/reports/true_rework_queue_next100_10lane_20260506T153312Z_lane01_latest.json
doi__10.3389_fmicb.2016.01844,next100_10lane_20260506T153312Z,1,accepted_after_rework,accepted_after_rework,accepted,strict_gates_passed,accepted_after_rework_attempt1,accepted_after_rework,strict_gates_passed_after_single_rework,sample_audit_only,1,0,False,exact_figure_point_values_not_text_recoverable;landing_bin_files_are_publisher_html_not_extra_tables,,2026-05-06T21:43:06Z,/root/work/抗菌肽/数据库/batch/4-team/reports/true_rework_queue_next100_10lane_20260506T153312Z_lane01_latest.json
doi__10.3389_fmicb.2016.02006,next100_10lane_20260506T153312Z,1,accepted_after_rework,accepted_after_rework,accepted,strict_gates_passed,accepted_after_rework_attempt1,accepted_after_rework,strict_gates_passed_after_single_rework,sample_audit_only,1,0,False,,,2026-05-06T21:43:06Z,/root/work/抗菌肽/数据库/batch/4-team/reports/true_rework_queue_next100_10lane_20260506T153312Z_lane01_latest.json
doi__10.3389_fmicb.2017.00051,next100_10lane_20260506T153312Z,1,accepted_after_rework,accepted_after_rework,accepted,strict_gates_passed,accepted_after_rework_attempt1,accepted_after_rework,strict_gates_passed_after_single_rework,sample_audit_only,1,0,False,database_external_activity_values_not_in_primary_paper;supplementary_assets_html_landing_pages_only,,2026-05-06T21:43:06Z,/root/work/抗菌肽/数据库/batch/4-team/reports/true_rework_queue_next100_10lane_20260506T153312Z_lane01_latest.json
doi__10.3389_fmicb.2017.00123,next100_10lane_20260506T153312Z,1,accepted_after_rework,accepted_after_rework,accepted,strict_gates_passed,accepted_after_rework_attempt1,accepted_after_rework,strict_gates_passed_after_single_rework,sample_audit_only,1,0,False,,,2026-05-06T21:43:06Z,/root/work/抗菌肽/数据库/batch/4-team/reports/true_rework_queue_next100_10lane_20260506T153312Z_lane01_latest.json
doi__10.3389_fmicb.2017.00273,next100_10lane_20260506T153312Z,1,accepted_after_rework,accepted_after_rework,accepted,strict_gates_passed,accepted_after_rework_attempt1,accepted_after_rework,strict_gates_passed_after_single_rework,sample_audit_only,1,0,False,supplementary_captures_no_structured_assay_tables,,2026-05-06T21:43:06Z,/root/work/抗菌肽/数据库/batch/4-team/reports/true_rework_queue_next100_10lane_20260506T153312Z_lane01_latest.json
doi__10.3389_fmicb.2017.00544,next100_10lane_20260506T153312Z,1,accepted_after_rework,accepted_after_rework,accepted,strict_gates_passed,accepted_after_rework_attempt1,accepted_after_rework,strict_gates_passed_after_single_rework,sample_audit_only,1,0,False,,,2026-05-06T21:43:06Z,/root/work/抗菌肽/数据库/batch/4-team/reports/true_rework_queue_next100_10lane_20260506T153312Z_lane01_latest.json
doi__10.3389_fmicb.2017.00628,next100_10lane_20260506T153312Z,1,accepted_after_rework,accepted_after_rework,accepted,strict_gates_passed,accepted_after_rework_attempt1,accepted_after_rework,strict_gates_passed_after_single_rework,sample_audit_only,1,0,False,,,2026-05-06T21:43:06Z,/root/work/抗菌肽/数据库/batch/4-team/reports/true_rework_queue_next100_10lane_20260506T153312Z_lane01_latest.json
doi__10.3389_fmicb.2017.00761,next100_10lane_20260506T153312Z,1,accepted_after_rework,accepted_after_rework,accepted,strict_gates_passed,accepted_after_rework_attempt1,accepted_after_rework,strict_gates_passed_after_single_rework,sample_audit_only,1,0,False,,,2026-05-06T21:43:06Z,/root/work/抗菌肽/数据库/batch/4-team/reports/true_rework_queue_next100_10lane_20260506T153312Z_lane01_latest.json
doi__10.3389_fmicb.2017.00774,next100_10lane_20260506T153312Z,2,accepted_after_rework,accepted_after_rework,accepted,strict_gates_passed,accepted_after_rework_attempt1_with_infra_retry,accepted_after_rework_with_infra_noise,strict_gates_passed_after_single_rework_with_infra_retry,sample_audit_plus_infra_log_check,1,4,False,comparator_exact_sequences_not_printed_as_current_article_text;html_landing_supplement_assets_not_extra_data_tables;no_current_paper_host_toxicity_assay,,2026-05-06T22:16:11Z,/root/work/抗菌肽/数据库/batch/4-team/reports/true_rework_queue_next100_10lane_20260506T153312Z_lane02_latest.json
doi__10.3389_fmicb.2017.00775,next100_10lane_20260506T153312Z,2,accepted_after_rework,accepted_after_rework,accepted,strict_gates_passed,accepted_after_rework_attempt1,accepted_after_rework,strict_gates_passed_after_single_rework,sample_audit_only,1,0,False,,,2026-05-06T22:16:11Z,/root/work/抗菌肽/数据库/batch/4-team/reports/true_rework_queue_next100_10lane_20260506T153312Z_lane02_latest.json
doi__10.3389_fmicb.2017.00984,next100_10lane_20260506T153312Z,2,accepted_after_rework,accepted_after_rework,accepted,strict_gates_passed,accepted_after_rework_attempt1,accepted_after_rework,strict_gates_passed_after_single_rework,sample_audit_only,1,0,False,,,2026-05-06T22:16:11Z,/root/work/抗菌肽/数据库/batch/4-team/reports/true_rework_queue_next100_10lane_20260506T153312Z_lane02_latest.json
doi__10.3389_fmicb.2017.00994,next100_10lane_20260506T153312Z,2,accepted_after_rework,accepted_after_rework,accepted,strict_gates_passed,accepted_after_rework_attempt1,accepted_after_rework,strict_gates_passed_after_single_rework,sample_audit_only,1,0,False,,,2026-05-06T22:16:11Z,/root/work/抗菌肽/数据库/batch/4-team/reports/true_rework_queue_next100_10lane_20260506T153312Z_lane02_latest.json
doi__10.3389_fmicb.2018.00320,next100_10lane_20260506T153312Z,2,accepted_after_rework,accepted_after_rework,accepted,strict_gates_passed,accepted_after_rework_attempt1,accepted_after_rework,strict_gates_passed_after_single_rework,sample_audit_only,1,0,False,,,2026-05-06T22:16:11Z,/root/work/抗菌肽/数据库/batch/4-team/reports/true_rework_queue_next100_10lane_20260506T153312Z_lane02_latest.json
doi__10.3389_fmicb.2018.00325,next100_10lane_20260506T153312Z,2,accepted_after_rework,accepted_after_rework,accepted,strict_gates_passed,accepted_after_rework_attempt1,accepted_after_rework,strict_gates_passed_after_single_rework,sample_audit_only,1,0,False,bmap28_exact_primary_sequence_not_printed_in_current_article;figure4_exact_hemolysis_percent_not_numeric_table_recoverable,,2026-05-06T22:16:11Z,/root/work/抗菌肽/数据库/batch/4-team/reports/true_rework_queue_next100_10lane_20260506T153312Z_lane02_latest.json
doi__10.3389_fmicb.2018.00329,next100_10lane_20260506T153312Z,2,accepted_after_rework,accepted_after_rework,accepted,strict_gates_passed,accepted_after_rework_attempt1,accepted_after_rework,strict_gates_passed_after_single_rework,sample_audit_only,1,0,False,,,2026-05-06T22:16:11Z,/root/work/抗菌肽/数据库/batch/4-team/reports/true_rework_queue_next100_10lane_20260506T153312Z_lane02_latest.json
doi__10.3389_fmicb.2018.00393,next100_10lane_20260506T153312Z,2,accepted_after_rework,accepted_after_rework,accepted,strict_gates_passed,accepted_after_rework_attempt1,accepted_after_rework,strict_gates_passed_after_single_rework,sample_audit_only,1,0,False,,,2026-05-06T22:16:11Z,/root/work/抗菌肽/数据库/batch/4-team/reports/true_rework_queue_next100_10lane_20260506T153312Z_lane02_latest.json
doi__10.3389_fmicb.2018.00541,next100_10lane_20260506T153312Z,2,accepted_after_rework,accepted_after_rework,accepted,strict_gates_passed,accepted_after_rework_attempt1_with_infra_retry,accepted_after_rework_with_infra_noise,strict_gates_passed_after_single_rework_with_infra_retry,sample_audit_plus_infra_log_check,1,1,False,,,2026-05-06T22:16:11Z,/root/work/抗菌肽/数据库/batch/4-team/reports/true_rework_queue_next100_10lane_20260506T153312Z_lane02_latest.json
doi__10.3389_fmicb.2018.00667,next100_10lane_20260506T153312Z,2,accepted_after_rework,accepted_after_rework,accepted,strict_gates_passed,accepted_after_rework_attempt1,accepted_after_rework,strict_gates_passed_after_single_rework,sample_audit_only,1,0,False,,,2026-05-06T22:16:11Z,/root/work/抗菌肽/数据库/batch/4-team/reports/true_rework_queue_next100_10lane_20260506T153312Z_lane02_latest.json
doi__10.3389_fmicb.2018.01030,next100_10lane_20260506T153312Z,3,accepted_after_rework,accepted_after_rework,accepted,strict_gates_passed,accepted_after_rework_attempt1_with_infra_retry,accepted_after_rework_with_infra_noise,strict_gates_passed_after_single_rework_with_infra_retry,sample_audit_plus_infra_log_check,1,2,False,,,2026-05-06T22:16:36Z,/root/work/抗菌肽/数据库/batch/4-team/reports/true_rework_queue_next100_10lane_20260506T153312Z_lane03_latest.json
doi__10.3389_fmicb.2018.01148,next100_10lane_20260506T153312Z,3,accepted_after_rework,accepted_after_rework,accepted,strict_gates_passed,accepted_after_rework_attempt1_with_infra_retry,accepted_after_rework_with_infra_noise,strict_gates_passed_after_single_rework_with_infra_retry,sample_audit_plus_infra_log_check,1,1,False,,,2026-05-06T22:16:36Z,/root/work/抗菌肽/数据库/batch/4-team/reports/true_rework_queue_next100_10lane_20260506T153312Z_lane03_latest.json
doi__10.3389_fmicb.2018.01159,next100_10lane_20260506T153312Z,3,accepted_after_rework,accepted_after_rework,accepted,strict_gates_passed,accepted_after_rework_attempt1,accepted_after_rework,strict_gates_passed_after_single_rework,sample_audit_only,1,0,False,,,2026-05-06T22:16:36Z,/root/work/抗菌肽/数据库/batch/4-team/reports/true_rework_queue_next100_10lane_20260506T153312Z_lane03_latest.json
doi__10.3389_fmicb.2018.01440,next100_10lane_20260506T153312Z,3,accepted_after_rework,accepted_after_rework,accepted,strict_gates_passed,accepted_after_rework_attempt1_with_infra_retry,accepted_after_rework_with_infra_noise,strict_gates_passed_after_single_rework_with_infra_retry,sample_audit_plus_infra_log_check,1,2,False,,,2026-05-06T22:16:36Z,/root/work/抗菌肽/数据库/batch/4-team/reports/true_rework_queue_next100_10lane_20260506T153312Z_lane03_latest.json
doi__10.3389_fmicb.2018.01567,next100_10lane_20260506T153312Z,3,accepted_after_rework,accepted_after_rework,accepted,strict_gates_passed,accepted_after_rework_attempt1,accepted_after_rework,strict_gates_passed_after_single_rework,sample_audit_only,1,0,False,,,2026-05-06T22:16:36Z,/root/work/抗菌肽/数据库/batch/4-team/reports/true_rework_queue_next100_10lane_20260506T153312Z_lane03_latest.json
doi__10.3389_fmicb.2018.01655,next100_10lane_20260506T153312Z,3,accepted_after_rework,accepted_after_rework,accepted,strict_gates_passed,accepted_after_rework_attempt1,accepted_after_rework,strict_gates_passed_after_single_rework,sample_audit_only,1,0,False,,,2026-05-06T22:16:36Z,/root/work/抗菌肽/数据库/batch/4-team/reports/true_rework_queue_next100_10lane_20260506T153312Z_lane03_latest.json
doi__10.3389_fmicb.2018.02153,next100_10lane_20260506T153312Z,3,accepted_after_rework,accepted_after_rework,accepted,strict_gates_passed,accepted_after_rework_attempt1,accepted_after_rework,strict_gates_passed_after_single_rework,sample_audit_only,1,0,False,,,2026-05-06T22:16:36Z,/root/work/抗菌肽/数据库/batch/4-team/reports/true_rework_queue_next100_10lane_20260506T153312Z_lane03_latest.json
doi__10.3389_fmicb.2018.02249,next100_10lane_20260506T153312Z,3,accepted_after_rework,accepted_after_rework,accepted,strict_gates_passed,accepted_after_rework_attempt1,accepted_after_rework,strict_gates_passed_after_single_rework,sample_audit_only,1,0,False,,,2026-05-06T22:16:36Z,/root/work/抗菌肽/数据库/batch/4-team/reports/true_rework_queue_next100_10lane_20260506T153312Z_lane03_latest.json
doi__10.3389_fmicb.2018.02276,next100_10lane_20260506T153312Z,3,accepted_after_rework,accepted_after_rework,accepted,strict_gates_passed,accepted_after_rework_attempt1,accepted_after_rework,strict_gates_passed_after_single_rework,sample_audit_only,1,0,False,,,2026-05-06T22:16:36Z,/root/work/抗菌肽/数据库/batch/4-team/reports/true_rework_queue_next100_10lane_20260506T153312Z_lane03_latest.json
doi__10.3389_fmicb.2018.02300,next100_10lane_20260506T153312Z,3,accepted_after_rework,accepted_after_rework,accepted,strict_gates_passed,accepted_after_rework_attempt1,accepted_after_rework,strict_gates_passed_after_single_rework,sample_audit_only,1,0,False,,,2026-05-06T22:16:36Z,/root/work/抗菌肽/数据库/batch/4-team/reports/true_rework_queue_next100_10lane_20260506T153312Z_lane03_latest.json
doi__10.3389_fmicb.2018.02600,next100_10lane_20260506T153312Z,4,accepted_after_rework,accepted_after_rework,accepted,strict_gates_passed,accepted_after_rework_attempt1_with_infra_retry,accepted_after_rework_with_infra_noise,strict_gates_passed_after_single_rework_with_infra_retry,sample_audit_plus_infra_log_check,1,1,False,supplementary_growth_curve_exact_points_not_structured_nonblocking,,2026-05-06T22:02:03Z,/root/work/抗菌肽/数据库/batch/4-team/reports/true_rework_queue_next100_10lane_20260506T153312Z_lane04_latest.json
doi__10.3389_fmicb.2018.02832,next100_10lane_20260506T153312Z,4,accepted_after_rework,accepted_after_rework,accepted,strict_gates_passed,accepted_after_rework_attempt1_with_infra_retry,accepted_after_rework_with_infra_noise,strict_gates_passed_after_single_rework_with_infra_retry,sample_audit_plus_infra_log_check,1,1,False,,,2026-05-06T22:02:03Z,/root/work/抗菌肽/数据库/batch/4-team/reports/true_rework_queue_next100_10lane_20260506T153312Z_lane04_latest.json
doi__10.3389_fmicb.2018.02846,next100_10lane_20260506T153312Z,4,accepted_after_rework,accepted_after_rework,accepted,strict_gates_passed,accepted_after_rework_attempt1_with_infra_retry,accepted_after_rework_with_infra_noise,strict_gates_passed_after_single_rework_with_infra_retry,sample_audit_plus_infra_log_check,1,2,False,,,2026-05-06T22:02:03Z,/root/work/抗菌肽/数据库/batch/4-team/reports/true_rework_queue_next100_10lane_20260506T153312Z_lane04_latest.json
doi__10.3389_fmicb.2018.02983,next100_10lane_20260506T153312Z,4,accepted_after_rework,accepted_after_rework,accepted,strict_gates_passed,accepted_after_rework_attempt1,accepted_after_rework,strict_gates_passed_after_single_rework,sample_audit_only,1,0,False,,,2026-05-06T22:02:03Z,/root/work/抗菌肽/数据库/batch/4-team/reports/true_rework_queue_next100_10lane_20260506T153312Z_lane04_latest.json
doi__10.3389_fmicb.2019.00203,next100_10lane_20260506T153312Z,4,accepted_after_rework,accepted_after_rework,accepted,strict_gates_passed,accepted_after_rework_attempt1,accepted_after_rework,strict_gates_passed_after_single_rework,sample_audit_only,1,0,False,,,2026-05-06T22:02:03Z,/root/work/抗菌肽/数据库/batch/4-team/reports/true_rework_queue_next100_10lane_20260506T153312Z_lane04_latest.json
doi__10.3389_fmicb.2019.00484,next100_10lane_20260506T153312Z,4,accepted_after_rework,accepted_after_rework,accepted,strict_gates_passed,accepted_after_rework_attempt1,accepted_after_rework,strict_gates_passed_after_single_rework,sample_audit_only,1,0,False,,,2026-05-06T22:02:03Z,/root/work/抗菌肽/数据库/batch/4-team/reports/true_rework_queue_next100_10lane_20260506T153312Z_lane04_latest.json
doi__10.3389_fmicb.2019.01688,next100_10lane_20260506T153312Z,4,accepted_after_rework,accepted_after_rework,accepted,strict_gates_passed,accepted_after_rework_attempt1,accepted_after_rework,strict_gates_passed_after_single_rework,sample_audit_only,1,0,False,supplementary_assets_are_html_landing_pages,,2026-05-06T22:02:03Z,/root/work/抗菌肽/数据库/batch/4-team/reports/true_rework_queue_next100_10lane_20260506T153312Z_lane04_latest.json
doi__10.3389_fmicb.2019.02190,next100_10lane_20260506T153312Z,4,blocked_after_best_effort,blocked_rework_cap_unresolved,blocked_quality_gate_unresolved,bounded_rework_limit_reached,blocked_quality_gate_rework_cap_unresolved,blocked_quality_gate_unresolved,bounded_rework_limit_reached,retry_only_with_more_specific_owner_context,1,0,False,obtainable_only_source_gap_documented,,2026-05-06T22:02:03Z,/root/work/抗菌肽/数据库/batch/4-team/reports/true_rework_queue_next100_10lane_20260506T153312Z_lane04_latest.json
doi__10.3389_fmicb.2019.02211,next100_10lane_20260506T153312Z,4,accepted_after_rework,accepted_after_rework,accepted,strict_gates_passed,accepted_after_rework_attempt1,accepted_after_rework,strict_gates_passed_after_single_rework,sample_audit_only,1,0,False,supplementary_structure_drawings_not_text_extractable_nonblocking,,2026-05-06T22:02:03Z,/root/work/抗菌肽/数据库/batch/4-team/reports/true_rework_queue_next100_10lane_20260506T153312Z_lane04_latest.json
doi__10.3389_fmicb.2019.02327,next100_10lane_20260506T153312Z,4,accepted_after_rework,accepted_after_rework,accepted,strict_gates_passed,accepted_after_rework_attempt1,accepted_after_rework,strict_gates_passed_after_single_rework,sample_audit_only,1,0,False,primary_source_exact_sequence_absent_for_dbaasp_lipopeptide_ids,,2026-05-06T22:02:03Z,/root/work/抗菌肽/数据库/batch/4-team/reports/true_rework_queue_next100_10lane_20260506T153312Z_lane04_latest.json
doi__10.3389_fmicb.2019.02377,next100_10lane_20260506T153312Z,5,accepted_after_rework,accepted_after_rework,accepted,strict_gates_passed,accepted_after_rework_attempt1_with_infra_retry,accepted_after_rework_with_infra_noise,strict_gates_passed_after_single_rework_with_infra_retry,sample_audit_plus_infra_log_check,1,2,False,,,2026-05-06T22:19:30Z,/root/work/抗菌肽/数据库/batch/4-team/reports/true_rework_queue_next100_10lane_20260506T153312Z_lane05_latest.json
doi__10.3389_fmicb.2019.02593,next100_10lane_20260506T153312Z,5,accepted_after_rework,accepted_after_rework,accepted,strict_gates_passed,accepted_after_rework_attempt1_with_infra_retry,accepted_after_rework_with_infra_noise,strict_gates_passed_after_single_rework_with_infra_retry,sample_audit_plus_infra_log_check,1,2,False,,,2026-05-06T22:19:30Z,/root/work/抗菌肽/数据库/batch/4-team/reports/true_rework_queue_next100_10lane_20260506T153312Z_lane05_latest.json
doi__10.3389_fmicb.2019.02719,next100_10lane_20260506T153312Z,5,accepted_after_rework,accepted_after_rework,accepted,strict_gates_passed,accepted_after_rework_attempt1,accepted_after_rework,strict_gates_passed_after_single_rework,sample_audit_only,1,0,False,,,2026-05-06T22:19:30Z,/root/work/抗菌肽/数据库/batch/4-team/reports/true_rework_queue_next100_10lane_20260506T153312Z_lane05_latest.json
doi__10.3389_fmicb.2019.02740,next100_10lane_20260506T153312Z,5,accepted_after_rework,accepted_after_rework,accepted,strict_gates_passed,accepted_after_rework_attempt1,accepted_after_rework,strict_gates_passed_after_single_rework,sample_audit_only,1,0,False,,,2026-05-06T22:19:30Z,/root/work/抗菌肽/数据库/batch/4-team/reports/true_rework_queue_next100_10lane_20260506T153312Z_lane05_latest.json
doi__10.3389_fmicb.2019.02854,next100_10lane_20260506T153312Z,5,accepted_after_rework,accepted_after_rework,accepted,strict_gates_passed,accepted_after_rework_attempt1,accepted_after_rework,strict_gates_passed_after_single_rework,sample_audit_only,1,0,False,,,2026-05-06T22:19:30Z,/root/work/抗菌肽/数据库/batch/4-team/reports/true_rework_queue_next100_10lane_20260506T153312Z_lane05_latest.json
doi__10.3389_fmicb.2020.00168,next100_10lane_20260506T153312Z,5,accepted_after_rework,accepted_after_rework,accepted,strict_gates_passed,accepted_after_rework_attempt1,accepted_after_rework,strict_gates_passed_after_single_rework,sample_audit_only,1,0,False,,,2026-05-06T22:19:30Z,/root/work/抗菌肽/数据库/batch/4-team/reports/true_rework_queue_next100_10lane_20260506T153312Z_lane05_latest.json
doi__10.3389_fmicb.2020.00174,next100_10lane_20260506T153312Z,5,accepted_after_rework,accepted_after_rework,accepted,strict_gates_passed,accepted_after_rework_attempt1_with_infra_retry,accepted_after_rework_with_infra_noise,strict_gates_passed_after_single_rework_with_infra_retry,sample_audit_plus_infra_log_check,1,1,False,figure_curve_exact_point_values_not_text_recoverable;no_direct_intracellular_target_binding_assay;no_structured_supplementary_tables_local,,2026-05-06T22:19:30Z,/root/work/抗菌肽/数据库/batch/4-team/reports/true_rework_queue_next100_10lane_20260506T153312Z_lane05_latest.json
doi__10.3389_fmicb.2020.00270,next100_10lane_20260506T153312Z,5,accepted_after_rework,accepted_after_rework,accepted,strict_gates_passed,accepted_after_rework_attempt1,accepted_after_rework,strict_gates_passed_after_single_rework,sample_audit_only,1,0,False,,,2026-05-06T22:19:30Z,/root/work/抗菌肽/数据库/batch/4-team/reports/true_rework_queue_next100_10lane_20260506T153312Z_lane05_latest.json
doi__10.3389_fmicb.2020.00417,next100_10lane_20260506T153312Z,5,accepted_after_rework,accepted_after_rework,accepted,strict_gates_passed,accepted_after_rework_attempt1,accepted_after_rework,strict_gates_passed_after_single_rework,sample_audit_only,1,0,False,,,2026-05-06T22:19:30Z,/root/work/抗菌肽/数据库/batch/4-team/reports/true_rework_queue_next100_10lane_20260506T153312Z_lane05_latest.json
doi__10.3389_fmicb.2020.00537,next100_10lane_20260506T153312Z,5,accepted_after_rework,accepted_after_rework,accepted,strict_gates_passed,accepted_after_rework_attempt1,accepted_after_rework,strict_gates_passed_after_single_rework,sample_audit_only,1,0,False,figure_only_exact_toxicity_values_not_recoverable;no_distinct_structured_supplement_available_locally,,2026-05-06T22:19:30Z,/root/work/抗菌肽/数据库/batch/4-team/reports/true_rework_queue_next100_10lane_20260506T153312Z_lane05_latest.json
doi__10.3389_fmicb.2020.00820,next100_10lane_20260506T153312Z,6,accepted_after_rework,accepted_after_rework,accepted,strict_gates_passed,accepted_after_rework_attempt1_with_infra_retry,accepted_after_rework_with_infra_noise,strict_gates_passed_after_single_rework_with_infra_retry,sample_audit_plus_infra_log_check,1,3,False,,,2026-05-06T23:07:27Z,/root/work/抗菌肽/数据库/batch/4-team/reports/true_rework_queue_next100_10lane_20260506T153312Z_lane06_latest.json
doi__10.3389_fmicb.2020.01057,next100_10lane_20260506T153312Z,6,accepted_after_rework,accepted_after_rework,accepted,strict_gates_passed,accepted_after_rework_attempt1_with_infra_retry,accepted_after_rework_with_infra_noise,strict_gates_passed_after_single_rework_with_infra_retry,sample_audit_plus_infra_log_check,1,1,False,,,2026-05-06T23:07:27Z,/root/work/抗菌肽/数据库/batch/4-team/reports/true_rework_queue_next100_10lane_20260506T153312Z_lane06_latest.json
doi__10.3389_fmicb.2020.01146,next100_10lane_20260506T153312Z,6,accepted_after_rework,accepted_after_rework,accepted,strict_gates_passed,accepted_after_rework_attempt1,accepted_after_rework,strict_gates_passed_after_single_rework,sample_audit_only,1,0,False,,,2026-05-06T23:07:27Z,/root/work/抗菌肽/数据库/batch/4-team/reports/true_rework_queue_next100_10lane_20260506T153312Z_lane06_latest.json
doi__10.3389_fmicb.2020.01353,next100_10lane_20260506T153312Z,6,accepted_after_rework,accepted_after_rework,accepted,strict_gates_passed,accepted_after_rework_attempt1,accepted_after_rework,strict_gates_passed_after_single_rework,sample_audit_only,1,0,False,toxicity_assay_not_reported_in_local_material,,2026-05-06T23:07:27Z,/root/work/抗菌肽/数据库/batch/4-team/reports/true_rework_queue_next100_10lane_20260506T153312Z_lane06_latest.json
doi__10.3389_fmicb.2020.01589,next100_10lane_20260506T153312Z,6,accepted_after_rework,accepted_after_rework,accepted,strict_gates_passed,accepted_after_rework_attempt1_with_infra_retry,accepted_after_rework_with_infra_noise,strict_gates_passed_after_single_rework_with_infra_retry,sample_audit_plus_infra_log_check,1,1,False,figure_only_exact_curve_values_not_digitized;supplementary_landing_bins_are_duplicate_html,,2026-05-06T23:07:27Z,/root/work/抗菌肽/数据库/batch/4-team/reports/true_rework_queue_next100_10lane_20260506T153312Z_lane06_latest.json
doi__10.3389_fmicb.2020.01767,next100_10lane_20260506T153312Z,6,accepted_after_rework,accepted_after_rework,accepted,strict_gates_passed,accepted_after_rework_attempt1_with_infra_retry,accepted_after_rework_with_infra_noise,strict_gates_passed_after_single_rework_with_infra_retry,sample_audit_plus_infra_log_check,1,1,False,,,2026-05-06T23:07:27Z,/root/work/抗菌肽/数据库/batch/4-team/reports/true_rework_queue_next100_10lane_20260506T153312Z_lane06_latest.json
doi__10.3389_fmicb.2020.548620,next100_10lane_20260506T153312Z,6,accepted_after_rework,accepted_after_rework,accepted,strict_gates_passed,accepted_after_rework_attempt1,accepted_after_rework,strict_gates_passed_after_single_rework,sample_audit_only,1,0,False,,,2026-05-06T23:07:27Z,/root/work/抗菌肽/数据库/batch/4-team/reports/true_rework_queue_next100_10lane_20260506T153312Z_lane06_latest.json
doi__10.3389_fmicb.2020.561060,next100_10lane_20260506T153312Z,6,accepted_after_rework,accepted_after_rework,accepted,strict_gates_passed,accepted_after_rework_attempt1,accepted_after_rework,strict_gates_passed_after_single_rework,sample_audit_only,1,0,False,,,2026-05-06T23:07:27Z,/root/work/抗菌肽/数据库/batch/4-team/reports/true_rework_queue_next100_10lane_20260506T153312Z_lane06_latest.json
doi__10.3389_fmicb.2020.563030,next100_10lane_20260506T153312Z,6,accepted_after_rework,accepted_after_rework,accepted,strict_gates_passed,accepted_after_rework_attempt1_with_infra_retry,accepted_after_rework_with_infra_noise,strict_gates_passed_after_single_rework_with_infra_retry,sample_audit_plus_infra_log_check,1,1,False,,,2026-05-06T23:07:27Z,/root/work/抗菌肽/数据库/batch/4-team/reports/true_rework_queue_next100_10lane_20260506T153312Z_lane06_latest.json
doi__10.3389_fmicb.2020.565158,next100_10lane_20260506T153312Z,6,accepted_after_rework,accepted_after_rework,accepted,strict_gates_passed,accepted_after_rework_attempt1,accepted_after_rework,strict_gates_passed_after_single_rework,sample_audit_only,1,0,False,,,2026-05-06T23:07:27Z,/root/work/抗菌肽/数据库/batch/4-team/reports/true_rework_queue_next100_10lane_20260506T153312Z_lane06_latest.json
doi__10.3389_fmicb.2020.569118,next100_10lane_20260506T153312Z,7,accepted_after_rework,accepted_after_rework,accepted,strict_gates_passed,accepted_after_rework_attempt1_with_infra_retry,accepted_after_rework_with_infra_noise,strict_gates_passed_after_single_rework_with_infra_retry,sample_audit_plus_infra_log_check,1,4,False,,,2026-05-06T22:29:40Z,/root/work/抗菌肽/数据库/batch/4-team/reports/true_rework_queue_next100_10lane_20260506T153312Z_lane07_latest.json
doi__10.3389_fmicb.2020.573614,next100_10lane_20260506T153312Z,7,accepted_after_rework,accepted_after_rework,accepted,strict_gates_passed,accepted_after_rework_attempt1,accepted_after_rework,strict_gates_passed_after_single_rework,sample_audit_only,1,0,False,,,2026-05-06T22:29:40Z,/root/work/抗菌肽/数据库/batch/4-team/reports/true_rework_queue_next100_10lane_20260506T153312Z_lane07_latest.json
doi__10.3389_fmicb.2020.589666,next100_10lane_20260506T153312Z,7,accepted_after_rework,accepted_after_rework,accepted,strict_gates_passed,accepted_after_rework_attempt1_with_infra_retry,accepted_after_rework_with_infra_noise,strict_gates_passed_after_single_rework_with_infra_retry,sample_audit_plus_infra_log_check,1,1,False,,,2026-05-06T22:29:40Z,/root/work/抗菌肽/数据库/batch/4-team/reports/true_rework_queue_next100_10lane_20260506T153312Z_lane07_latest.json
doi__10.3389_fmicb.2020.598789,next100_10lane_20260506T153312Z,7,accepted_after_rework,accepted_after_rework,accepted,strict_gates_passed,accepted_after_rework_attempt1_with_infra_retry,accepted_after_rework_with_infra_noise,strict_gates_passed_after_single_rework_with_infra_retry,sample_audit_plus_infra_log_check,1,1,False,,,2026-05-06T22:29:40Z,/root/work/抗菌肽/数据库/batch/4-team/reports/true_rework_queue_next100_10lane_20260506T153312Z_lane07_latest.json
doi__10.3389_fmicb.2021.624465,next100_10lane_20260506T153312Z,7,accepted_after_rework,accepted_after_rework,accepted,strict_gates_passed,accepted_after_rework_attempt1,accepted_after_rework,strict_gates_passed_after_single_rework,sample_audit_only,1,0,False,figure_quantitation_not_exported_as_tables;supplementary_landing_bins_are_html,,2026-05-06T22:29:40Z,/root/work/抗菌肽/数据库/batch/4-team/reports/true_rework_queue_next100_10lane_20260506T153312Z_lane07_latest.json
doi__10.3389_fmicb.2021.632008,next100_10lane_20260506T153312Z,7,accepted_after_rework,accepted_after_rework,accepted,strict_gates_passed,accepted_after_rework_attempt1,accepted_after_rework,strict_gates_passed_after_single_rework,sample_audit_only,1,0,False,,,2026-05-06T22:29:40Z,/root/work/抗菌肽/数据库/batch/4-team/reports/true_rework_queue_next100_10lane_20260506T153312Z_lane07_latest.json
doi__10.3389_fmicb.2021.662462,next100_10lane_20260506T153312Z,7,accepted_after_rework,accepted_after_rework,accepted,strict_gates_passed,accepted_after_rework_attempt1,accepted_after_rework,strict_gates_passed_after_single_rework,sample_audit_only,1,0,False,,,2026-05-06T22:29:40Z,/root/work/抗菌肽/数据库/batch/4-team/reports/true_rework_queue_next100_10lane_20260506T153312Z_lane07_latest.json
doi__10.3389_fmicb.2021.663151,next100_10lane_20260506T153312Z,7,accepted_after_rework,accepted_after_rework,accepted,strict_gates_passed,accepted_after_rework_attempt1,accepted_after_rework,strict_gates_passed_after_single_rework,sample_audit_only,1,0,False,,,2026-05-06T22:29:40Z,/root/work/抗菌肽/数据库/batch/4-team/reports/true_rework_queue_next100_10lane_20260506T153312Z_lane07_latest.json
doi__10.3389_fmicb.2021.678330,next100_10lane_20260506T153312Z,7,blocked_after_best_effort,blocked_figure_chart_value_gap,blocked_source_gap,figure_or_chart_exact_value_unrecoverable,blocked_source_gap_figure_chart_exact_value,blocked_source_gap,figure_or_chart_exact_value_unrecoverable,retry_only_with_digitization_or_external_source,1,0,False,figure_only_or_conflicting_database_values_not_publication_grade;obtainable_only_source_gap_documented,,2026-05-06T22:29:40Z,/root/work/抗菌肽/数据库/batch/4-team/reports/true_rework_queue_next100_10lane_20260506T153312Z_lane07_latest.json
doi__10.3389_fmicb.2021.682437,next100_10lane_20260506T153312Z,7,accepted_after_rework,accepted_after_rework,accepted,strict_gates_passed,accepted_after_rework_attempt1,accepted_after_rework,strict_gates_passed_after_single_rework,sample_audit_only,1,0,False,,,2026-05-06T22:29:40Z,/root/work/抗菌肽/数据库/batch/4-team/reports/true_rework_queue_next100_10lane_20260506T153312Z_lane07_latest.json
doi__10.3389_fmicb.2021.684591,next100_10lane_20260506T153312Z,8,accepted_after_rework,accepted_after_rework,accepted,strict_gates_passed,accepted_after_rework_attempt1_with_infra_retry,accepted_after_rework_with_infra_noise,strict_gates_passed_after_single_rework_with_infra_retry,sample_audit_plus_infra_log_check,1,3,False,,,2026-05-06T23:26:02Z,/root/work/抗菌肽/数据库/batch/4-team/reports/true_rework_queue_next100_10lane_20260506T153312Z_lane08_latest.json
doi__10.3389_fmicb.2021.684650,next100_10lane_20260506T153312Z,8,accepted_after_rework,accepted_after_rework,accepted,strict_gates_passed,accepted_after_rework_attempt1_with_infra_retry,accepted_after_rework_with_infra_noise,strict_gates_passed_after_single_rework_with_infra_retry,sample_audit_plus_infra_log_check,1,1,False,,,2026-05-06T23:26:02Z,/root/work/抗菌肽/数据库/batch/4-team/reports/true_rework_queue_next100_10lane_20260506T153312Z_lane08_latest.json
doi__10.3389_fmicb.2021.693117,next100_10lane_20260506T153312Z,8,accepted_after_rework,accepted_after_rework,accepted,strict_gates_passed,accepted_after_rework_attempt1,accepted_after_rework,strict_gates_passed_after_single_rework,sample_audit_only,1,0,False,,,2026-05-06T23:26:02Z,/root/work/抗菌肽/数据库/batch/4-team/reports/true_rework_queue_next100_10lane_20260506T153312Z_lane08_latest.json
doi__10.3389_fmicb.2021.693725,next100_10lane_20260506T153312Z,8,accepted_after_rework,accepted_after_rework,accepted,strict_gates_passed,accepted_after_rework_attempt1_with_infra_retry,accepted_after_rework_with_infra_noise,strict_gates_passed_after_single_rework_with_infra_retry,sample_audit_plus_infra_log_check,1,2,False,figure3_non_2v_exact_cc50_values_not_text_recoverable;supplementary_table3_brevibacillin_mic_grid_partially_text_recovered,,2026-05-06T23:26:02Z,/root/work/抗菌肽/数据库/batch/4-team/reports/true_rework_queue_next100_10lane_20260506T153312Z_lane08_latest.json
doi__10.3389_fmicb.2021.708904,next100_10lane_20260506T153312Z,8,accepted_after_rework,accepted_after_rework,accepted,strict_gates_passed,accepted_after_rework_attempt1,accepted_after_rework,strict_gates_passed_after_single_rework,sample_audit_only,1,0,False,,,2026-05-06T23:26:02Z,/root/work/抗菌肽/数据库/batch/4-team/reports/true_rework_queue_next100_10lane_20260506T153312Z_lane08_latest.json
doi__10.3389_fmicb.2021.715246,next100_10lane_20260506T153312Z,8,accepted_after_rework,accepted_after_rework,accepted,strict_gates_passed,accepted_after_rework_attempt1,accepted_after_rework,strict_gates_passed_after_single_rework,sample_audit_only,1,0,False,,,2026-05-06T23:26:02Z,/root/work/抗菌肽/数据库/batch/4-team/reports/true_rework_queue_next100_10lane_20260506T153312Z_lane08_latest.json
doi__10.3389_fmicb.2021.720381,next100_10lane_20260506T153312Z,8,accepted_after_rework,accepted_after_rework,accepted,strict_gates_passed,accepted_after_rework_attempt1,accepted_after_rework,strict_gates_passed_after_single_rework,sample_audit_only,1,0,False,,,2026-05-06T23:26:02Z,/root/work/抗菌肽/数据库/batch/4-team/reports/true_rework_queue_next100_10lane_20260506T153312Z_lane08_latest.json
doi__10.3389_fmicb.2021.725526,next100_10lane_20260506T153312Z,8,accepted_after_rework,accepted_after_rework,accepted,strict_gates_passed,accepted_after_rework_attempt1,accepted_after_rework,strict_gates_passed_after_single_rework,sample_audit_only,1,0,False,,,2026-05-06T23:26:02Z,/root/work/抗菌肽/数据库/batch/4-team/reports/true_rework_queue_next100_10lane_20260506T153312Z_lane08_latest.json
doi__10.3389_fmicb.2021.729026,next100_10lane_20260506T153312Z,8,accepted_after_rework,accepted_after_rework,accepted,strict_gates_passed,accepted_after_rework_attempt1_with_infra_retry,accepted_after_rework_with_infra_noise,strict_gates_passed_after_single_rework_with_infra_retry,sample_audit_plus_infra_log_check,1,1,False,,,2026-05-06T23:26:02Z,/root/work/抗菌肽/数据库/batch/4-team/reports/true_rework_queue_next100_10lane_20260506T153312Z_lane08_latest.json
doi__10.3389_fmicb.2021.732771,next100_10lane_20260506T153312Z,8,accepted_after_rework,accepted_after_rework,accepted,strict_gates_passed,accepted_after_rework_attempt1,accepted_after_rework,strict_gates_passed_after_single_rework,sample_audit_only,1,0,False,,,2026-05-06T23:26:02Z,/root/work/抗菌肽/数据库/batch/4-team/reports/true_rework_queue_next100_10lane_20260506T153312Z_lane08_latest.json
doi__10.3389_fmicb.2021.733441,next100_10lane_20260506T153312Z,9,accepted_after_rework,accepted_after_rework,accepted,strict_gates_passed,accepted_after_rework_attempt1_with_infra_retry,accepted_after_rework_with_infra_noise,strict_gates_passed_after_single_rework_with_infra_retry,sample_audit_plus_infra_log_check,1,5,False,,,2026-05-06T21:56:01Z,/root/work/抗菌肽/数据库/batch/4-team/reports/true_rework_queue_next100_10lane_20260506T153312Z_lane09_latest.json
doi__10.3389_fmicb.2021.746006,next100_10lane_20260506T153312Z,9,accepted_after_rework,accepted_after_rework,accepted,strict_gates_passed,accepted_after_rework_attempt1,accepted_after_rework,strict_gates_passed_after_single_rework,sample_audit_only,1,0,False,,,2026-05-06T21:56:01Z,/root/work/抗菌肽/数据库/batch/4-team/reports/true_rework_queue_next100_10lane_20260506T153312Z_lane09_latest.json
doi__10.3389_fmicb.2021.747760,next100_10lane_20260506T153312Z,9,blocked_after_best_effort,blocked_missing_external_supplement,blocked_source_gap,missing_external_supplement,blocked_source_gap_missing_external_supplement,blocked_source_gap,missing_external_supplement,retry_only_after_source_staging,1,0,False,obtainable_only_source_gap_documented,,2026-05-06T21:56:01Z,/root/work/抗菌肽/数据库/batch/4-team/reports/true_rework_queue_next100_10lane_20260506T153312Z_lane09_latest.json
doi__10.3389_fmicb.2021.772038,next100_10lane_20260506T153312Z,9,accepted_after_rework,accepted_after_rework,accepted,strict_gates_passed,accepted_after_rework_attempt1,accepted_after_rework,strict_gates_passed_after_single_rework,sample_audit_only,1,0,False,,,2026-05-06T21:56:01Z,/root/work/抗菌肽/数据库/batch/4-team/reports/true_rework_queue_next100_10lane_20260506T153312Z_lane09_latest.json
doi__10.3389_fmicb.2021.773076,next100_10lane_20260506T153312Z,9,accepted_after_rework,accepted_after_rework,accepted,strict_gates_passed,accepted_after_rework_attempt1,accepted_after_rework,strict_gates_passed_after_single_rework,sample_audit_only,1,0,False,,,2026-05-06T21:56:01Z,/root/work/抗菌肽/数据库/batch/4-team/reports/true_rework_queue_next100_10lane_20260506T153312Z_lane09_latest.json
doi__10.3389_fmicb.2021.779315,next100_10lane_20260506T153312Z,9,accepted_after_rework,accepted_after_rework,accepted,strict_gates_passed,accepted_after_rework_attempt1,accepted_after_rework,strict_gates_passed_after_single_rework,sample_audit_only,1,0,False,,,2026-05-06T21:56:01Z,/root/work/抗菌肽/数据库/batch/4-team/reports/true_rework_queue_next100_10lane_20260506T153312Z_lane09_latest.json
doi__10.3389_fmicb.2021.794631,next100_10lane_20260506T153312Z,9,accepted_after_rework,accepted_after_rework,accepted,strict_gates_passed,accepted_after_rework_attempt1,accepted_after_rework,strict_gates_passed_after_single_rework,sample_audit_only,1,0,False,,,2026-05-06T21:56:01Z,/root/work/抗菌肽/数据库/batch/4-team/reports/true_rework_queue_next100_10lane_20260506T153312Z_lane09_latest.json
doi__10.3389_fmicb.2021.815980,next100_10lane_20260506T153312Z,9,accepted_after_rework,accepted_after_rework,accepted,strict_gates_passed,accepted_after_rework_attempt1,accepted_after_rework,strict_gates_passed_after_single_rework,sample_audit_only,1,0,False,,,2026-05-06T21:56:01Z,/root/work/抗菌肽/数据库/batch/4-team/reports/true_rework_queue_next100_10lane_20260506T153312Z_lane09_latest.json
doi__10.3389_fmicb.2022.1029366,next100_10lane_20260506T153312Z,9,accepted_after_rework,accepted_after_rework,accepted,strict_gates_passed,accepted_after_rework_attempt1,accepted_after_rework,strict_gates_passed_after_single_rework,sample_audit_only,1,0,False,,,2026-05-06T21:56:01Z,/root/work/抗菌肽/数据库/batch/4-team/reports/true_rework_queue_next100_10lane_20260506T153312Z_lane09_latest.json
doi__10.3389_fmicb.2022.1045984,next100_10lane_20260506T153312Z,9,accepted_after_rework,accepted_after_rework,accepted,strict_gates_passed,accepted_after_rework_attempt1,accepted_after_rework,strict_gates_passed_after_single_rework,sample_audit_only,1,0,False,,,2026-05-06T21:56:01Z,/root/work/抗菌肽/数据库/batch/4-team/reports/true_rework_queue_next100_10lane_20260506T153312Z_lane09_latest.json
doi__10.3389_fmicb.2022.1074359,next100_10lane_20260506T153312Z,10,accepted_after_rework,accepted_after_rework,accepted,strict_gates_passed,accepted_after_rework_attempt1_with_infra_retry,accepted_after_rework_with_infra_noise,strict_gates_passed_after_single_rework_with_infra_retry,sample_audit_plus_infra_log_check,1,4,False,,,2026-05-06T22:53:19Z,/root/work/抗菌肽/数据库/batch/4-team/reports/true_rework_queue_next100_10lane_20260506T153312Z_lane10_latest.json
doi__10.3389_fmicb.2022.806654,next100_10lane_20260506T153312Z,10,accepted_after_rework,accepted_after_rework,accepted,strict_gates_passed,accepted_after_rework_attempt1_with_infra_retry,accepted_after_rework_with_infra_noise,strict_gates_passed_after_single_rework_with_infra_retry,sample_audit_plus_infra_log_check,1,1,False,,,2026-05-06T22:53:19Z,/root/work/抗菌肽/数据库/batch/4-team/reports/true_rework_queue_next100_10lane_20260506T153312Z_lane10_latest.json
doi__10.3389_fmicb.2022.862834,next100_10lane_20260506T153312Z,10,accepted_after_rework,accepted_after_rework,accepted,strict_gates_passed,accepted_after_rework_attempt1,accepted_after_rework,strict_gates_passed_after_single_rework,sample_audit_only,1,0,False,,,2026-05-06T22:53:19Z,/root/work/抗菌肽/数据库/batch/4-team/reports/true_rework_queue_next100_10lane_20260506T153312Z_lane10_latest.json
doi__10.3389_fmicb.2022.864374,next100_10lane_20260506T153312Z,10,accepted_after_rework,accepted_after_rework,accepted,strict_gates_passed,accepted_after_rework_attempt1,accepted_after_rework,strict_gates_passed_after_single_rework,sample_audit_only,1,0,False,,,2026-05-06T22:53:19Z,/root/work/抗菌肽/数据库/batch/4-team/reports/true_rework_queue_next100_10lane_20260506T153312Z_lane10_latest.json
doi__10.3389_fmicb.2022.888525,next100_10lane_20260506T153312Z,10,accepted_after_rework,accepted_after_rework,accepted,strict_gates_passed,accepted_after_rework_attempt1,accepted_after_rework,strict_gates_passed_after_single_rework,sample_audit_only,1,0,False,,,2026-05-06T22:53:19Z,/root/work/抗菌肽/数据库/batch/4-team/reports/true_rework_queue_next100_10lane_20260506T153312Z_lane10_latest.json
doi__10.3389_fmicb.2022.963292,next100_10lane_20260506T153312Z,10,accepted_after_rework,accepted_after_rework,accepted,strict_gates_passed,accepted_after_rework_attempt1,accepted_after_rework,strict_gates_passed_after_single_rework,sample_audit_only,1,0,False,,,2026-05-06T22:53:19Z,/root/work/抗菌肽/数据库/batch/4-team/reports/true_rework_queue_next100_10lane_20260506T153312Z_lane10_latest.json
doi__10.3389_fmicb.2022.965621,next100_10lane_20260506T153312Z,10,accepted_after_rework,accepted_after_rework,accepted,strict_gates_passed,accepted_after_rework_attempt1_with_infra_retry,accepted_after_rework_with_infra_noise,strict_gates_passed_after_single_rework_with_infra_retry,sample_audit_plus_infra_log_check,1,1,False,figure_only_exact_cytotoxicity_values_not_text_recoverable;requested_table3_not_present_in_local_article_or_docx,,2026-05-06T22:53:19Z,/root/work/抗菌肽/数据库/batch/4-team/reports/true_rework_queue_next100_10lane_20260506T153312Z_lane10_latest.json
doi__10.3389_fmicb.2022.971503,next100_10lane_20260506T153312Z,10,accepted_after_rework,accepted_after_rework,accepted,strict_gates_passed,accepted_after_rework_attempt1,accepted_after_rework,strict_gates_passed_after_single_rework,sample_audit_only,1,0,False,,,2026-05-06T22:53:19Z,/root/work/抗菌肽/数据库/batch/4-team/reports/true_rework_queue_next100_10lane_20260506T153312Z_lane10_latest.json
doi__10.3389_fmicb.2023.1102789,next100_10lane_20260506T153312Z,10,accepted_after_rework,accepted_after_rework,accepted,strict_gates_passed,accepted_after_rework_attempt1,accepted_after_rework,strict_gates_passed_after_single_rework,sample_audit_only,1,0,False,,,2026-05-06T22:53:19Z,/root/work/抗菌肽/数据库/batch/4-team/reports/true_rework_queue_next100_10lane_20260506T153312Z_lane10_latest.json
doi__10.3389_fmicb.2023.1201505,next100_10lane_20260506T153312Z,10,accepted_after_rework,accepted_after_rework,accepted,strict_gates_passed,accepted_after_rework_attempt1,accepted_after_rework,strict_gates_passed_after_single_rework,sample_audit_only,1,0,False,exact_figure_panel_values_not_locally_digitized;supplementary_assets_are_html_landing_pages_no_structured_tables,,2026-05-06T22:53:19Z,/root/work/抗菌肽/数据库/batch/4-team/reports/true_rework_queue_next100_10lane_20260506T153312Z_lane10_latest.json
doi__10.3389_fmicb.2023.1207367,next100_10lane_20260507T144551Z,1,accepted_after_rework,accepted_after_rework,accepted,strict_gates_passed,accepted_after_rework_attempt1,accepted_after_rework,strict_gates_passed_after_single_rework,sample_audit_only,1,0,False,,,2026-05-07T18:37:25Z,/root/work/抗菌肽/数据库/batch/4-team/reports/true_rework_queue_next100_10lane_20260507T144551Z_lane01_latest.json
doi__10.3389_fmicb.2023.1244325,next100_10lane_20260507T144551Z,1,accepted_after_rework,accepted_after_rework,accepted,strict_gates_passed,accepted_after_rework_attempt1,accepted_after_rework,strict_gates_passed_after_single_rework,sample_audit_only,1,0,False,,,2026-05-07T18:37:25Z,/root/work/抗菌肽/数据库/batch/4-team/reports/true_rework_queue_next100_10lane_20260507T144551Z_lane01_latest.json
doi__10.3389_fmicb.2023.1249175,next100_10lane_20260507T144551Z,1,accepted_after_rework,accepted_after_rework,accepted,strict_gates_passed,accepted_after_rework_attempt1,accepted_after_rework,strict_gates_passed_after_single_rework,sample_audit_only,1,0,False,figure_only_exact_dbaasp_values_not_primary_table,,2026-05-07T18:37:25Z,/root/work/抗菌肽/数据库/batch/4-team/reports/true_rework_queue_next100_10lane_20260507T144551Z_lane01_latest.json
doi__10.3389_fmicb.2023.1304825,next100_10lane_20260507T144551Z,1,accepted_after_rework,accepted_after_rework,accepted,strict_gates_passed,accepted_after_rework_attempt1,accepted_after_rework,strict_gates_passed_after_single_rework,sample_audit_only,1,0,False,,,2026-05-07T18:37:25Z,/root/work/抗菌肽/数据库/batch/4-team/reports/true_rework_queue_next100_10lane_20260507T144551Z_lane01_latest.json
doi__10.3389_fmicb.2024.1409359,next100_10lane_20260507T144551Z,1,accepted_after_rework,accepted_after_rework,accepted,strict_gates_passed,accepted_after_rework_attempt1,accepted_after_rework,strict_gates_passed_after_single_rework,sample_audit_only,1,0,False,exact_inhibition_zone_diameters_not_reported;packet_lacks_structured_apd6_sequence_row,,2026-05-07T18:37:25Z,/root/work/抗菌肽/数据库/batch/4-team/reports/true_rework_queue_next100_10lane_20260507T144551Z_lane01_latest.json
doi__10.3389_fmicb.2025.1669022,next100_10lane_20260507T144551Z,1,accepted_after_rework,accepted_after_rework,accepted,strict_gates_passed,accepted_after_rework_attempt1,accepted_after_rework,strict_gates_passed_after_single_rework,sample_audit_only,1,0,False,,,2026-05-07T18:37:25Z,/root/work/抗菌肽/数据库/batch/4-team/reports/true_rework_queue_next100_10lane_20260507T144551Z_lane01_latest.json
doi__10.3389_fmicb.2026.1770133,next100_10lane_20260507T144551Z,1,accepted_after_rework,accepted_after_rework,accepted,strict_gates_passed,accepted_after_rework_attempt1,accepted_after_rework,strict_gates_passed_after_single_rework,sample_audit_only,1,0,False,,,2026-05-07T18:37:25Z,/root/work/抗菌肽/数据库/batch/4-team/reports/true_rework_queue_next100_10lane_20260507T144551Z_lane01_latest.json
doi__10.3389_fmolb.2021.707013,next100_10lane_20260507T144551Z,1,accepted_after_rework,accepted_after_rework,accepted,strict_gates_passed,accepted_after_rework_attempt1,accepted_after_rework,strict_gates_passed_after_single_rework,sample_audit_only,1,0,False,,,2026-05-07T18:37:25Z,/root/work/抗菌肽/数据库/batch/4-team/reports/true_rework_queue_next100_10lane_20260507T144551Z_lane01_latest.json
doi__10.3389_fmolb.2022.870460,next100_10lane_20260507T144551Z,1,accepted_after_rework,accepted_after_rework,accepted,strict_gates_passed,accepted_after_rework_attempt1,accepted_after_rework,strict_gates_passed_after_single_rework,sample_audit_only,1,0,False,,,2026-05-07T18:37:25Z,/root/work/抗菌肽/数据库/batch/4-team/reports/true_rework_queue_next100_10lane_20260507T144551Z_lane01_latest.json
doi__10.3389_fnut.2022.1111880,next100_10lane_20260507T144551Z,1,accepted_after_rework,accepted_after_rework,accepted,strict_gates_passed,accepted_after_rework_attempt1,accepted_after_rework,strict_gates_passed_after_single_rework,sample_audit_only,1,0,False,,,2026-05-07T18:37:25Z,/root/work/抗菌肽/数据库/batch/4-team/reports/true_rework_queue_next100_10lane_20260507T144551Z_lane01_latest.json
doi__10.3389_fphar.2018.01501,next100_10lane_20260507T144551Z,2,accepted_after_rework,accepted_after_rework,accepted,strict_gates_passed,accepted_after_rework_attempt1,accepted_after_rework,strict_gates_passed_after_single_rework,sample_audit_only,1,0,False,,,2026-05-07T18:44:55Z,/root/work/抗菌肽/数据库/batch/4-team/reports/true_rework_queue_next100_10lane_20260507T144551Z_lane02_latest.json
doi__10.3389_fphar.2021.731056,next100_10lane_20260507T144551Z,2,accepted_after_rework,accepted_after_rework,accepted,strict_gates_passed,accepted_after_rework_attempt1,accepted_after_rework,strict_gates_passed_after_single_rework,sample_audit_only,1,0,False,,,2026-05-07T18:44:55Z,/root/work/抗菌肽/数据库/batch/4-team/reports/true_rework_queue_next100_10lane_20260507T144551Z_lane02_latest.json
doi__10.3389_fphar.2021.731499,next100_10lane_20260507T144551Z,2,accepted_after_rework,accepted_after_rework,accepted,strict_gates_passed,accepted_after_rework_attempt1,accepted_after_rework,strict_gates_passed_after_single_rework,sample_audit_only,1,0,False,,,2026-05-07T18:44:55Z,/root/work/抗菌肽/数据库/batch/4-team/reports/true_rework_queue_next100_10lane_20260507T144551Z_lane02_latest.json
doi__10.3389_fphar.2021.769739,next100_10lane_20260507T144551Z,2,accepted_after_rework,accepted_after_rework,accepted,strict_gates_passed,accepted_after_rework_attempt1,accepted_after_rework,strict_gates_passed_after_single_rework,sample_audit_only,1,0,False,,,2026-05-07T18:44:55Z,/root/work/抗菌肽/数据库/batch/4-team/reports/true_rework_queue_next100_10lane_20260507T144551Z_lane02_latest.json
doi__10.3389_fphar.2021.783108,next100_10lane_20260507T144551Z,2,accepted_after_rework,accepted_after_rework,accepted,strict_gates_passed,accepted_after_rework_attempt1,accepted_after_rework,strict_gates_passed_after_single_rework,sample_audit_only,1,0,False,,,2026-05-07T18:44:55Z,/root/work/抗菌肽/数据库/batch/4-team/reports/true_rework_queue_next100_10lane_20260507T144551Z_lane02_latest.json
doi__10.3389_fphar.2024.1334419,next100_10lane_20260507T144551Z,2,blocked_after_best_effort,blocked_missing_external_supplement,blocked_source_gap,missing_external_supplement,blocked_source_gap_missing_external_supplement,blocked_source_gap,missing_external_supplement,retry_only_after_source_staging,1,0,False,missing_primary_sequence_identity_for_dbaasp_af4_af5;obtainable_only_source_gap_documented,,2026-05-07T18:44:55Z,/root/work/抗菌肽/数据库/batch/4-team/reports/true_rework_queue_next100_10lane_20260507T144551Z_lane02_latest.json
doi__10.3389_fphar.2024.1443497,next100_10lane_20260507T144551Z,2,accepted_after_rework,accepted_after_rework,accepted,strict_gates_passed,accepted_after_rework_attempt1,accepted_after_rework,strict_gates_passed_after_single_rework,sample_audit_only,1,0,False,,,2026-05-07T18:44:55Z,/root/work/抗菌肽/数据库/batch/4-team/reports/true_rework_queue_next100_10lane_20260507T144551Z_lane02_latest.json
doi__10.3389_fphar.2024.1487338,next100_10lane_20260507T144551Z,2,accepted_after_rework,accepted_after_rework,accepted,strict_gates_passed,accepted_after_rework_attempt1,accepted_after_rework,strict_gates_passed_after_single_rework,sample_audit_only,1,0,False,,,2026-05-07T18:44:55Z,/root/work/抗菌肽/数据库/batch/4-team/reports/true_rework_queue_next100_10lane_20260507T144551Z_lane02_latest.json
doi__10.3389_fpls.2021.753217,next100_10lane_20260507T144551Z,2,accepted_after_rework,accepted_after_rework,accepted,strict_gates_passed,accepted_after_rework_attempt1,accepted_after_rework,strict_gates_passed_after_single_rework,sample_audit_only,1,0,False,,,2026-05-07T18:44:55Z,/root/work/抗菌肽/数据库/batch/4-team/reports/true_rework_queue_next100_10lane_20260507T144551Z_lane02_latest.json
doi__10.3389_fpls.2021.756357,next100_10lane_20260507T144551Z,2,accepted_after_rework,accepted_after_rework,accepted,strict_gates_passed,accepted_after_rework_attempt1,accepted_after_rework,strict_gates_passed_after_single_rework,sample_audit_only,1,0,False,toxicity_assay_not_reported_in_local_primary_article,,2026-05-07T18:44:55Z,/root/work/抗菌肽/数据库/batch/4-team/reports/true_rework_queue_next100_10lane_20260507T144551Z_lane02_latest.json
doi__10.3389_fpls.2022.899740,next100_10lane_20260507T144551Z,3,accepted_after_rework,accepted_after_rework,accepted,strict_gates_passed,accepted_after_rework_attempt1,accepted_after_rework,strict_gates_passed_after_single_rework,sample_audit_only,1,0,False,,,2026-05-07T18:34:13Z,/root/work/抗菌肽/数据库/batch/4-team/reports/true_rework_queue_next100_10lane_20260507T144551Z_lane03_latest.json
doi__10.3389_fpls.2023.1250906,next100_10lane_20260507T144551Z,3,accepted_after_rework,accepted_after_rework,accepted,strict_gates_passed,accepted_after_rework_attempt1,accepted_after_rework,strict_gates_passed_after_single_rework,sample_audit_only,1,0,False,,,2026-05-07T18:34:13Z,/root/work/抗菌肽/数据库/batch/4-team/reports/true_rework_queue_next100_10lane_20260507T144551Z_lane03_latest.json
doi__10.3389_fvets.2025.1689589,next100_10lane_20260507T144551Z,3,accepted_after_rework,accepted_after_rework,accepted,strict_gates_passed,accepted_after_rework_attempt1,accepted_after_rework,strict_gates_passed_after_single_rework,sample_audit_only,1,0,False,,,2026-05-07T18:34:13Z,/root/work/抗菌肽/数据库/batch/4-team/reports/true_rework_queue_next100_10lane_20260507T144551Z_lane03_latest.json
doi__10.3390_antibiotics10010036,next100_10lane_20260507T144551Z,3,accepted_after_rework,accepted_after_rework,accepted,strict_gates_passed,accepted_after_rework_attempt1,accepted_after_rework,strict_gates_passed_after_single_rework,sample_audit_only,1,0,False,,,2026-05-07T18:34:13Z,/root/work/抗菌肽/数据库/batch/4-team/reports/true_rework_queue_next100_10lane_20260507T144551Z_lane03_latest.json
doi__10.3390_antibiotics10060712,next100_10lane_20260507T144551Z,3,accepted_after_rework,accepted_after_rework,accepted,strict_gates_passed,accepted_after_rework_attempt1,accepted_after_rework,strict_gates_passed_after_single_rework,sample_audit_only,1,0,False,,,2026-05-07T18:34:13Z,/root/work/抗菌肽/数据库/batch/4-team/reports/true_rework_queue_next100_10lane_20260507T144551Z_lane03_latest.json
doi__10.3390_antibiotics10080895,next100_10lane_20260507T144551Z,3,accepted_after_rework,accepted_after_rework,accepted,strict_gates_passed,accepted_after_rework_attempt1,accepted_after_rework,strict_gates_passed_after_single_rework,sample_audit_only,1,0,False,,,2026-05-07T18:34:13Z,/root/work/抗菌肽/数据库/batch/4-team/reports/true_rework_queue_next100_10lane_20260507T144551Z_lane03_latest.json
doi__10.3390_antibiotics10080896,next100_10lane_20260507T144551Z,3,accepted_after_rework,accepted_after_rework,accepted,strict_gates_passed,accepted_after_rework_attempt1,accepted_after_rework,strict_gates_passed_after_single_rework,sample_audit_only,1,0,False,,,2026-05-07T18:34:13Z,/root/work/抗菌肽/数据库/batch/4-team/reports/true_rework_queue_next100_10lane_20260507T144551Z_lane03_latest.json
doi__10.3390_antibiotics10080956,next100_10lane_20260507T144551Z,3,accepted_after_rework,accepted_after_rework,accepted,strict_gates_passed,accepted_after_rework_attempt1,accepted_after_rework,strict_gates_passed_after_single_rework,sample_audit_only,1,0,False,,,2026-05-07T18:34:13Z,/root/work/抗菌肽/数据库/batch/4-team/reports/true_rework_queue_next100_10lane_20260507T144551Z_lane03_latest.json
doi__10.3390_antibiotics10101208,next100_10lane_20260507T144551Z,3,accepted_after_rework,accepted_after_rework,accepted,strict_gates_passed,accepted_after_rework_attempt1,accepted_after_rework,strict_gates_passed_after_single_rework,sample_audit_only,1,0,False,,,2026-05-07T18:34:13Z,/root/work/抗菌肽/数据库/batch/4-team/reports/true_rework_queue_next100_10lane_20260507T144551Z_lane03_latest.json
doi__10.3390_antibiotics10121529,next100_10lane_20260507T144551Z,3,accepted_after_rework,accepted_after_rework,accepted,strict_gates_passed,accepted_after_rework_attempt1,accepted_after_rework,strict_gates_passed_after_single_rework,sample_audit_only,1,0,False,,,2026-05-07T18:34:13Z,/root/work/抗菌肽/数据库/batch/4-team/reports/true_rework_queue_next100_10lane_20260507T144551Z_lane03_latest.json
doi__10.3390_antibiotics11010076,next100_10lane_20260507T144551Z,4,accepted_after_rework,accepted_after_rework,accepted,strict_gates_passed,accepted_after_rework_attempt1,accepted_after_rework,strict_gates_passed_after_single_rework,sample_audit_only,1,0,False,,,2026-05-07T18:17:12Z,/root/work/抗菌肽/数据库/batch/4-team/reports/true_rework_queue_next100_10lane_20260507T144551Z_lane04_latest.json
doi__10.3390_antibiotics11020166,next100_10lane_20260507T144551Z,4,accepted_after_rework,accepted_after_rework,accepted,strict_gates_passed,accepted_after_rework_attempt1,accepted_after_rework,strict_gates_passed_after_single_rework,sample_audit_only,1,0,False,,,2026-05-07T18:17:12Z,/root/work/抗菌肽/数据库/batch/4-team/reports/true_rework_queue_next100_10lane_20260507T144551Z_lane04_latest.json
doi__10.3390_antibiotics11020243,next100_10lane_20260507T144551Z,4,accepted_after_rework,accepted_after_rework,accepted,strict_gates_passed,accepted_after_rework_attempt1,accepted_after_rework,strict_gates_passed_after_single_rework,sample_audit_only,1,0,False,,,2026-05-07T18:17:12Z,/root/work/抗菌肽/数据库/batch/4-team/reports/true_rework_queue_next100_10lane_20260507T144551Z_lane04_latest.json
doi__10.3390_antibiotics11030411,next100_10lane_20260507T144551Z,4,accepted_after_rework,accepted_after_rework,accepted,strict_gates_passed,accepted_after_rework_attempt1,accepted_after_rework,strict_gates_passed_after_single_rework,sample_audit_only,1,0,False,,,2026-05-07T18:17:12Z,/root/work/抗菌肽/数据库/batch/4-team/reports/true_rework_queue_next100_10lane_20260507T144551Z_lane04_latest.json
doi__10.3390_antibiotics11040430,next100_10lane_20260507T144551Z,4,accepted_after_rework,accepted_after_rework,accepted,strict_gates_passed,accepted_after_rework_attempt1,accepted_after_rework,strict_gates_passed_after_single_rework,sample_audit_only,1,0,False,supplementary_figure_raw_curve_values_not_tabulated_nonblocking,,2026-05-07T18:17:12Z,/root/work/抗菌肽/数据库/batch/4-team/reports/true_rework_queue_next100_10lane_20260507T144551Z_lane04_latest.json
doi__10.3390_antibiotics11060754,next100_10lane_20260507T144551Z,4,accepted_after_rework,accepted_after_rework,accepted,strict_gates_passed,accepted_after_rework_attempt1,accepted_after_rework,strict_gates_passed_after_single_rework,sample_audit_only,1,0,False,,,2026-05-07T18:17:12Z,/root/work/抗菌肽/数据库/batch/4-team/reports/true_rework_queue_next100_10lane_20260507T144551Z_lane04_latest.json
doi__10.3390_antibiotics11070952,next100_10lane_20260507T144551Z,4,accepted_after_rework,accepted_after_rework,accepted,strict_gates_passed,accepted_after_rework_attempt1,accepted_after_rework,strict_gates_passed_after_single_rework,sample_audit_only,1,0,False,apd6_s_enteritidis_values_not_in_local_primary_material;supplementary_figure_s5_values_are_chart_ranges_not_data_table,,2026-05-07T18:17:12Z,/root/work/抗菌肽/数据库/batch/4-team/reports/true_rework_queue_next100_10lane_20260507T144551Z_lane04_latest.json
doi__10.3390_antibiotics11080989,next100_10lane_20260507T144551Z,4,accepted_after_rework,accepted_after_rework,accepted,strict_gates_passed,accepted_after_rework_attempt1,accepted_after_rework,strict_gates_passed_after_single_rework,sample_audit_only,1,0,False,,,2026-05-07T18:17:12Z,/root/work/抗菌肽/数据库/batch/4-team/reports/true_rework_queue_next100_10lane_20260507T144551Z_lane04_latest.json
doi__10.3390_antibiotics11081048,next100_10lane_20260507T144551Z,4,accepted_after_rework,accepted_after_rework,accepted,strict_gates_passed,accepted_after_rework_attempt1,accepted_after_rework,strict_gates_passed_after_single_rework,sample_audit_only,1,0,False,,,2026-05-07T18:17:12Z,/root/work/抗菌肽/数据库/batch/4-team/reports/true_rework_queue_next100_10lane_20260507T144551Z_lane04_latest.json
doi__10.3390_antibiotics11081080,next100_10lane_20260507T144551Z,4,blocked_after_best_effort,blocked_figure_chart_value_gap,blocked_source_gap,figure_or_chart_exact_value_unrecoverable,blocked_source_gap_figure_chart_exact_value,blocked_source_gap,figure_or_chart_exact_value_unrecoverable,retry_only_with_digitization_or_external_source,1,0,False,figure_only_time_kill_exact_cfu_values_not_machine_readable;obtainable_only_source_gap_documented;supplement_hemolysis_curve_points_not_machine_readable,,2026-05-07T18:17:12Z,/root/work/抗菌肽/数据库/batch/4-team/reports/true_rework_queue_next100_10lane_20260507T144551Z_lane04_latest.json
doi__10.3390_antibiotics11081085,next100_10lane_20260507T144551Z,5,accepted_after_rework,accepted_after_rework,accepted,strict_gates_passed,accepted_after_rework_attempt1,accepted_after_rework,strict_gates_passed_after_single_rework,sample_audit_only,1,0,False,,,2026-05-07T18:36:43Z,/root/work/抗菌肽/数据库/batch/4-team/reports/true_rework_queue_next100_10lane_20260507T144551Z_lane05_latest.json
doi__10.3390_antibiotics11101285,next100_10lane_20260507T144551Z,5,blocked_after_best_effort,blocked_figure_chart_value_gap,blocked_source_gap,figure_or_chart_exact_value_unrecoverable,blocked_source_gap_figure_chart_exact_value,blocked_source_gap,figure_or_chart_exact_value_unrecoverable,retry_only_with_digitization_or_external_source,1,0,False,figure_only_exact_toxicity_database_values_unrecoverable;obtainable_only_source_gap_documented,,2026-05-07T18:36:43Z,/root/work/抗菌肽/数据库/batch/4-team/reports/true_rework_queue_next100_10lane_20260507T144551Z_lane05_latest.json
doi__10.3390_antibiotics11111491,next100_10lane_20260507T144551Z,5,accepted_after_rework,accepted_after_rework,accepted,strict_gates_passed,accepted_after_rework_attempt1,accepted_after_rework,strict_gates_passed_after_single_rework,sample_audit_only,1,0,False,,,2026-05-07T18:36:43Z,/root/work/抗菌肽/数据库/batch/4-team/reports/true_rework_queue_next100_10lane_20260507T144551Z_lane05_latest.json
doi__10.3390_antibiotics11111501,next100_10lane_20260507T144551Z,5,accepted_after_rework,accepted_after_rework,accepted,strict_gates_passed,accepted_after_rework_attempt1,accepted_after_rework,strict_gates_passed_after_single_rework,sample_audit_only,1,0,False,,,2026-05-07T18:36:43Z,/root/work/抗菌肽/数据库/batch/4-team/reports/true_rework_queue_next100_10lane_20260507T144551Z_lane05_latest.json
doi__10.3390_antibiotics11111588,next100_10lane_20260507T144551Z,5,accepted_after_rework,accepted_after_rework,accepted,strict_gates_passed,accepted_after_rework_attempt1,accepted_after_rework,strict_gates_passed_after_single_rework,sample_audit_only,1,0,False,,,2026-05-07T18:36:43Z,/root/work/抗菌肽/数据库/batch/4-team/reports/true_rework_queue_next100_10lane_20260507T144551Z_lane05_latest.json
doi__10.3390_antibiotics11111603,next100_10lane_20260507T144551Z,5,accepted_after_rework,accepted_after_rework,accepted,strict_gates_passed,accepted_after_rework_attempt1,accepted_after_rework,strict_gates_passed_after_single_rework,sample_audit_only,1,0,False,,,2026-05-07T18:36:43Z,/root/work/抗菌肽/数据库/batch/4-team/reports/true_rework_queue_next100_10lane_20260507T144551Z_lane05_latest.json
doi__10.3390_antibiotics11111619,next100_10lane_20260507T144551Z,5,accepted_after_rework,accepted_after_rework,accepted,strict_gates_passed,accepted_after_rework_attempt1,accepted_after_rework,strict_gates_passed_after_single_rework,sample_audit_only,1,0,False,figure_only_exact_values_not_digitized_nonblocking,,2026-05-07T18:36:43Z,/root/work/抗菌肽/数据库/batch/4-team/reports/true_rework_queue_next100_10lane_20260507T144551Z_lane05_latest.json
doi__10.3390_antibiotics11121710,next100_10lane_20260507T144551Z,5,accepted_after_rework,accepted_after_rework,accepted,strict_gates_passed,accepted_after_rework_attempt1,accepted_after_rework,strict_gates_passed_after_single_rework,sample_audit_only,1,0,False,,,2026-05-07T18:36:43Z,/root/work/抗菌肽/数据库/batch/4-team/reports/true_rework_queue_next100_10lane_20260507T144551Z_lane05_latest.json
doi__10.3390_antibiotics11121792,next100_10lane_20260507T144551Z,5,accepted_after_rework,accepted_after_rework,accepted,strict_gates_passed,accepted_after_rework_attempt1,accepted_after_rework,strict_gates_passed_after_single_rework,sample_audit_only,1,0,False,,,2026-05-07T18:36:43Z,/root/work/抗菌肽/数据库/batch/4-team/reports/true_rework_queue_next100_10lane_20260507T144551Z_lane05_latest.json
doi__10.3390_antibiotics12010019,next100_10lane_20260507T144551Z,5,accepted_after_rework,accepted_after_rework,accepted,strict_gates_passed,accepted_after_rework_attempt1,accepted_after_rework,strict_gates_passed_after_single_rework,sample_audit_only,1,0,False,figure_values_not_digitized_into_extra_rows;linked_sequence_records_absent;supplement_pdf_contains_characterization_not_activity_table,,2026-05-07T18:36:43Z,/root/work/抗菌肽/数据库/batch/4-team/reports/true_rework_queue_next100_10lane_20260507T144551Z_lane05_latest.json
doi__10.3390_antibiotics12030551,next100_10lane_20260507T144551Z,6,accepted_after_rework,accepted_after_rework,accepted,strict_gates_passed,accepted_after_rework_attempt1,accepted_after_rework,strict_gates_passed_after_single_rework,sample_audit_only,1,0,False,,,2026-05-07T18:40:49Z,/root/work/抗菌肽/数据库/batch/4-team/reports/true_rework_queue_next100_10lane_20260507T144551Z_lane06_latest.json
doi__10.3390_antibiotics12050821,next100_10lane_20260507T144551Z,6,accepted_after_rework,accepted_after_rework,accepted,strict_gates_passed,accepted_after_rework_attempt1,accepted_after_rework,strict_gates_passed_after_single_rework,sample_audit_only,1,0,False,figure_percent_hemolysis_exact_points_not_tabulated;supplementary_zip_contains_figures_not_extra_activity_tables,,2026-05-07T18:40:49Z,/root/work/抗菌肽/数据库/batch/4-team/reports/true_rework_queue_next100_10lane_20260507T144551Z_lane06_latest.json
doi__10.3390_antibiotics12071102,next100_10lane_20260507T144551Z,6,accepted_after_rework,accepted_after_rework,accepted,strict_gates_passed,accepted_after_rework_attempt1,accepted_after_rework,strict_gates_passed_after_single_rework,sample_audit_only,1,0,False,database_pseudomonas_atcc_9027_not_primary_supported;supplementary_zip_contains_methods_pdf_not_extra_activity_tables,,2026-05-07T18:40:49Z,/root/work/抗菌肽/数据库/batch/4-team/reports/true_rework_queue_next100_10lane_20260507T144551Z_lane06_latest.json
doi__10.3390_antibiotics12081283,next100_10lane_20260507T144551Z,6,accepted_after_rework,accepted_after_rework,accepted,strict_gates_passed,accepted_after_rework_attempt1_with_infra_retry,accepted_after_rework_with_infra_noise,strict_gates_passed_after_single_rework_with_infra_retry,sample_audit_plus_infra_log_check,1,1,False,,,2026-05-07T18:40:49Z,/root/work/抗菌肽/数据库/batch/4-team/reports/true_rework_queue_next100_10lane_20260507T144551Z_lane06_latest.json
doi__10.3390_antibiotics12091396,next100_10lane_20260507T144551Z,6,accepted_after_rework,accepted_after_rework,accepted,strict_gates_passed,accepted_after_rework_attempt1,accepted_after_rework,strict_gates_passed_after_single_rework,sample_audit_only,1,0,False,figure_plot_numeric_series_not_tabulated,,2026-05-07T18:40:49Z,/root/work/抗菌肽/数据库/batch/4-team/reports/true_rework_queue_next100_10lane_20260507T144551Z_lane06_latest.json
doi__10.3390_antibiotics12091404,next100_10lane_20260507T144551Z,6,accepted_after_rework,accepted_after_rework,accepted,strict_gates_passed,accepted_after_rework_attempt1,accepted_after_rework,strict_gates_passed_after_single_rework,sample_audit_only,1,0,False,,,2026-05-07T18:40:49Z,/root/work/抗菌肽/数据库/batch/4-team/reports/true_rework_queue_next100_10lane_20260507T144551Z_lane06_latest.json
doi__10.3390_antibiotics12121708,next100_10lane_20260507T144551Z,6,accepted_after_rework,accepted_after_rework,accepted,strict_gates_passed,accepted_after_rework_attempt1,accepted_after_rework,strict_gates_passed_after_single_rework,sample_audit_only,1,0,False,,,2026-05-07T18:40:49Z,/root/work/抗菌肽/数据库/batch/4-team/reports/true_rework_queue_next100_10lane_20260507T144551Z_lane06_latest.json
doi__10.3390_antibiotics13010005,next100_10lane_20260507T144551Z,6,accepted_after_rework,accepted_after_rework,accepted,strict_gates_passed,accepted_after_rework_attempt1,accepted_after_rework,strict_gates_passed_after_single_rework,sample_audit_only,1,0,False,exact_figure_series_not_tabulated_locally,,2026-05-07T18:40:49Z,/root/work/抗菌肽/数据库/batch/4-team/reports/true_rework_queue_next100_10lane_20260507T144551Z_lane06_latest.json
doi__10.3390_antibiotics13010006,next100_10lane_20260507T144551Z,6,accepted_after_rework,accepted_after_rework,accepted,strict_gates_passed,accepted_after_rework_attempt1,accepted_after_rework,strict_gates_passed_after_single_rework,sample_audit_only,1,0,False,,,2026-05-07T18:40:49Z,/root/work/抗菌肽/数据库/batch/4-team/reports/true_rework_queue_next100_10lane_20260507T144551Z_lane06_latest.json
doi__10.3390_antibiotics13010019,next100_10lane_20260507T144551Z,6,accepted_after_rework,accepted_after_rework,accepted,strict_gates_passed,accepted_after_rework_attempt1,accepted_after_rework,strict_gates_passed_after_single_rework,sample_audit_only,1,0,False,,,2026-05-07T18:40:49Z,/root/work/抗菌肽/数据库/batch/4-team/reports/true_rework_queue_next100_10lane_20260507T144551Z_lane06_latest.json
doi__10.3390_antibiotics13010074,next100_10lane_20260507T144551Z,7,accepted_after_rework,accepted_after_rework,accepted,strict_gates_passed,accepted_after_rework_attempt1,accepted_after_rework,strict_gates_passed_after_single_rework,sample_audit_only,1,0,False,,,2026-05-07T18:39:21Z,/root/work/抗菌肽/数据库/batch/4-team/reports/true_rework_queue_next100_10lane_20260507T144551Z_lane07_latest.json
doi__10.3390_antibiotics13070574,next100_10lane_20260507T144551Z,7,accepted_after_rework,accepted_after_rework,accepted,strict_gates_passed,accepted_after_rework_attempt1,accepted_after_rework,strict_gates_passed_after_single_rework,sample_audit_only,1,0,False,,,2026-05-07T18:39:21Z,/root/work/抗菌肽/数据库/batch/4-team/reports/true_rework_queue_next100_10lane_20260507T144551Z_lane07_latest.json
doi__10.3390_antibiotics13070615,next100_10lane_20260507T144551Z,7,accepted_after_rework,accepted_after_rework,accepted,strict_gates_passed,accepted_after_rework_attempt1,accepted_after_rework,strict_gates_passed_after_single_rework,sample_audit_only,1,0,False,,,2026-05-07T18:39:21Z,/root/work/抗菌肽/数据库/batch/4-team/reports/true_rework_queue_next100_10lane_20260507T144551Z_lane07_latest.json
doi__10.3390_antibiotics13080758,next100_10lane_20260507T144551Z,7,accepted_after_rework,accepted_after_rework,accepted,strict_gates_passed,accepted_after_rework_attempt1,accepted_after_rework,strict_gates_passed_after_single_rework,sample_audit_only,1,0,False,,,2026-05-07T18:39:21Z,/root/work/抗菌肽/数据库/batch/4-team/reports/true_rework_queue_next100_10lane_20260507T144551Z_lane07_latest.json
doi__10.3390_antibiotics13121213,next100_10lane_20260507T144551Z,7,accepted_after_rework,accepted_after_rework,accepted,strict_gates_passed,accepted_after_rework_attempt1,accepted_after_rework,strict_gates_passed_after_single_rework,sample_audit_only,1,0,False,,,2026-05-07T18:39:21Z,/root/work/抗菌肽/数据库/batch/4-team/reports/true_rework_queue_next100_10lane_20260507T144551Z_lane07_latest.json
doi__10.3390_antibiotics3040595,next100_10lane_20260507T144551Z,7,accepted_after_rework,accepted_after_rework,accepted,strict_gates_passed,accepted_after_rework_attempt1,accepted_after_rework,strict_gates_passed_after_single_rework,sample_audit_only,1,0,False,,,2026-05-07T18:39:21Z,/root/work/抗菌肽/数据库/batch/4-team/reports/true_rework_queue_next100_10lane_20260507T144551Z_lane07_latest.json
doi__10.3390_antibiotics4030358,next100_10lane_20260507T144551Z,7,accepted_after_rework,accepted_after_rework,accepted,strict_gates_passed,accepted_after_rework_attempt1,accepted_after_rework,strict_gates_passed_after_single_rework,sample_audit_only,1,0,False,,,2026-05-07T18:39:21Z,/root/work/抗菌肽/数据库/batch/4-team/reports/true_rework_queue_next100_10lane_20260507T144551Z_lane07_latest.json
doi__10.3390_antibiotics6030013,next100_10lane_20260507T144551Z,7,accepted_after_rework,accepted_after_rework,accepted,strict_gates_passed,accepted_after_rework_attempt1,accepted_after_rework,strict_gates_passed_after_single_rework,sample_audit_only,1,0,False,,,2026-05-07T18:39:21Z,/root/work/抗菌肽/数据库/batch/4-team/reports/true_rework_queue_next100_10lane_20260507T144551Z_lane07_latest.json
doi__10.3390_antibiotics6030015,next100_10lane_20260507T144551Z,7,accepted_after_rework,accepted_after_rework,accepted,strict_gates_passed,accepted_after_rework_attempt1,accepted_after_rework,strict_gates_passed_after_single_rework,sample_audit_only,1,0,False,,,2026-05-07T18:39:21Z,/root/work/抗菌肽/数据库/batch/4-team/reports/true_rework_queue_next100_10lane_20260507T144551Z_lane07_latest.json
doi__10.3390_antibiotics8010020,next100_10lane_20260507T144551Z,7,accepted_after_rework,accepted_after_rework,accepted,strict_gates_passed,accepted_after_rework_attempt1,accepted_after_rework,strict_gates_passed_after_single_rework,sample_audit_only,1,0,False,,,2026-05-07T18:39:21Z,/root/work/抗菌肽/数据库/batch/4-team/reports/true_rework_queue_next100_10lane_20260507T144551Z_lane07_latest.json
doi__10.3390_antibiotics8010031,next100_10lane_20260507T144551Z,8,blocked_after_best_effort,blocked_figure_chart_value_gap,blocked_source_gap,figure_or_chart_exact_value_unrecoverable,blocked_source_gap_figure_chart_exact_value,blocked_source_gap,figure_or_chart_exact_value_unrecoverable,retry_only_with_digitization_or_external_source,1,0,False,activity_toxicity_rows_not_locally_supported;dramp29328_sequence_and_activity_snapshot_absent;obtainable_only_source_gap_documented,,2026-05-07T18:58:37Z,/root/work/抗菌肽/数据库/batch/4-team/reports/true_rework_queue_next100_10lane_20260507T144551Z_lane08_latest.json
doi__10.3390_antibiotics8020060,next100_10lane_20260507T144551Z,8,accepted_after_rework,accepted_after_rework,accepted,strict_gates_passed,accepted_after_rework_attempt1,accepted_after_rework,strict_gates_passed_after_single_rework,sample_audit_only,1,0,False,,,2026-05-07T18:58:37Z,/root/work/抗菌肽/数据库/batch/4-team/reports/true_rework_queue_next100_10lane_20260507T144551Z_lane08_latest.json
doi__10.3390_antibiotics8040238,next100_10lane_20260507T144551Z,8,accepted_after_rework,accepted_after_rework,accepted,strict_gates_passed,accepted_after_rework_attempt1,accepted_after_rework,strict_gates_passed_after_single_rework,sample_audit_only,1,0,False,,,2026-05-07T18:58:37Z,/root/work/抗菌肽/数据库/batch/4-team/reports/true_rework_queue_next100_10lane_20260507T144551Z_lane08_latest.json
doi__10.3390_antibiotics9010023,next100_10lane_20260507T144551Z,8,accepted_after_rework,accepted_after_rework,accepted,strict_gates_passed,accepted_after_rework_multi_attempt,accepted_after_rework,strict_gates_passed_after_multi_rework,targeted_sample_audit,2,0,False,,,2026-05-07T18:58:37Z,/root/work/抗菌肽/数据库/batch/4-team/reports/true_rework_queue_next100_10lane_20260507T144551Z_lane08_latest.json
doi__10.3390_antibiotics9010033,next100_10lane_20260507T144551Z,8,accepted_after_rework,accepted_after_rework,accepted,strict_gates_passed,accepted_after_rework_attempt1_with_infra_retry,accepted_after_rework_with_infra_noise,strict_gates_passed_after_single_rework_with_infra_retry,sample_audit_plus_infra_log_check,1,1,False,,,2026-05-07T18:58:37Z,/root/work/抗菌肽/数据库/batch/4-team/reports/true_rework_queue_next100_10lane_20260507T144551Z_lane08_latest.json
doi__10.3390_antibiotics9020066,next100_10lane_20260507T144551Z,8,accepted_after_rework,accepted_after_rework,accepted,strict_gates_passed,accepted_after_rework_attempt1,accepted_after_rework,strict_gates_passed_after_single_rework,sample_audit_only,1,0,False,exact_toxicity_graph_points_not_tabulated;no_separate_supplementary_assets_in_local_packet,,2026-05-07T18:58:37Z,/root/work/抗菌肽/数据库/batch/4-team/reports/true_rework_queue_next100_10lane_20260507T144551Z_lane08_latest.json
doi__10.3390_antibiotics9020085,next100_10lane_20260507T144551Z,8,accepted_after_rework,accepted_after_rework,accepted,strict_gates_passed,accepted_after_rework_attempt1,accepted_after_rework,strict_gates_passed_after_single_rework,sample_audit_only,1,0,False,,,2026-05-07T18:58:37Z,/root/work/抗菌肽/数据库/batch/4-team/reports/true_rework_queue_next100_10lane_20260507T144551Z_lane08_latest.json
doi__10.3390_antibiotics9020092,next100_10lane_20260507T144551Z,8,accepted_after_rework,accepted_after_rework,accepted,strict_gates_passed,accepted_after_rework_attempt1,accepted_after_rework,strict_gates_passed_after_single_rework,sample_audit_only,1,0,False,,,2026-05-07T18:58:37Z,/root/work/抗菌肽/数据库/batch/4-team/reports/true_rework_queue_next100_10lane_20260507T144551Z_lane08_latest.json
doi__10.3390_antibiotics9050243,next100_10lane_20260507T144551Z,8,accepted_after_rework,accepted_after_rework,accepted,strict_gates_passed,accepted_after_rework_attempt1,accepted_after_rework,strict_gates_passed_after_single_rework,sample_audit_only,1,0,False,,,2026-05-07T18:58:37Z,/root/work/抗菌肽/数据库/batch/4-team/reports/true_rework_queue_next100_10lane_20260507T144551Z_lane08_latest.json
doi__10.3390_antibiotics9060354,next100_10lane_20260507T144551Z,8,accepted_after_rework,accepted_after_rework,accepted,strict_gates_passed,accepted_after_rework_attempt1,accepted_after_rework,strict_gates_passed_after_single_rework,sample_audit_only,1,0,False,,,2026-05-07T18:58:37Z,/root/work/抗菌肽/数据库/batch/4-team/reports/true_rework_queue_next100_10lane_20260507T144551Z_lane08_latest.json
doi__10.3390_antibiotics9070366,next100_10lane_20260507T144551Z,9,accepted_after_rework,accepted_after_rework,accepted,strict_gates_passed,accepted_after_rework_attempt1,accepted_after_rework,strict_gates_passed_after_single_rework,sample_audit_only,1,0,False,,,2026-05-07T18:27:13Z,/root/work/抗菌肽/数据库/batch/4-team/reports/true_rework_queue_next100_10lane_20260507T144551Z_lane09_latest.json
doi__10.3390_antibiotics9070384,next100_10lane_20260507T144551Z,9,accepted_after_rework,accepted_after_rework,accepted,strict_gates_passed,accepted_after_rework_attempt1,accepted_after_rework,strict_gates_passed_after_single_rework,sample_audit_only,1,0,False,supplementary_cd_curve_numeric_values_not_tabulated_nonblocking,,2026-05-07T18:27:13Z,/root/work/抗菌肽/数据库/batch/4-team/reports/true_rework_queue_next100_10lane_20260507T144551Z_lane09_latest.json
doi__10.3390_antibiotics9080448,next100_10lane_20260507T144551Z,9,accepted_after_rework,accepted_after_rework,accepted,strict_gates_passed,accepted_after_rework_attempt1,accepted_after_rework,strict_gates_passed_after_single_rework,sample_audit_only,1,0,False,,,2026-05-07T18:27:13Z,/root/work/抗菌肽/数据库/batch/4-team/reports/true_rework_queue_next100_10lane_20260507T144551Z_lane09_latest.json
doi__10.3390_antibiotics9080454,next100_10lane_20260507T144551Z,9,accepted_after_rework,accepted_after_rework,accepted,strict_gates_passed,accepted_after_rework_attempt1,accepted_after_rework,strict_gates_passed_after_single_rework,sample_audit_only,1,0,False,,,2026-05-07T18:27:13Z,/root/work/抗菌肽/数据库/batch/4-team/reports/true_rework_queue_next100_10lane_20260507T144551Z_lane09_latest.json
doi__10.3390_antibiotics9080457,next100_10lane_20260507T144551Z,9,accepted_after_rework,accepted_after_rework,accepted,strict_gates_passed,accepted_after_rework_attempt1,accepted_after_rework,strict_gates_passed_after_single_rework,sample_audit_only,1,0,False,figure_curve_exact_antimicrobial_values_not_tabulated;granuliberin_cpae_exact_32ugml_value_not_text_tabulated,,2026-05-07T18:27:13Z,/root/work/抗菌肽/数据库/batch/4-team/reports/true_rework_queue_next100_10lane_20260507T144551Z_lane09_latest.json
doi__10.3390_antibiotics9090566,next100_10lane_20260507T144551Z,9,accepted_after_rework,accepted_after_rework,accepted,strict_gates_passed,accepted_after_rework_attempt1,accepted_after_rework,strict_gates_passed_after_single_rework,sample_audit_only,1,0,False,supplementary_assets_absent_locally;temporin_a_exact_sequence_not_embedded_in_local_primary_source,,2026-05-07T18:27:13Z,/root/work/抗菌肽/数据库/batch/4-team/reports/true_rework_queue_next100_10lane_20260507T144551Z_lane09_latest.json
doi__10.3390_antibiotics9090625,next100_10lane_20260507T144551Z,9,accepted_after_rework,accepted_after_rework,accepted,strict_gates_passed,accepted_after_rework_attempt1,accepted_after_rework,strict_gates_passed_after_single_rework,sample_audit_only,1,0,False,,,2026-05-07T18:27:13Z,/root/work/抗菌肽/数据库/batch/4-team/reports/true_rework_queue_next100_10lane_20260507T144551Z_lane09_latest.json
doi__10.3390_antibiotics9090627,next100_10lane_20260507T144551Z,9,accepted_after_rework,accepted_after_rework,accepted,strict_gates_passed,accepted_after_rework_attempt1,accepted_after_rework,strict_gates_passed_after_single_rework,sample_audit_only,1,0,False,,,2026-05-07T18:27:13Z,/root/work/抗菌肽/数据库/batch/4-team/reports/true_rework_queue_next100_10lane_20260507T144551Z_lane09_latest.json
doi__10.3390_antibiotics9100661,next100_10lane_20260507T144551Z,9,accepted_after_rework,accepted_after_rework,accepted,strict_gates_passed,accepted_after_rework_attempt1,accepted_after_rework,strict_gates_passed_after_single_rework,sample_audit_only,1,0,False,figure_curve_exact_y_values_not_machine_readable;no_local_supplementary_assets;no_new_primary_toxicity_values_in_2020_source,,2026-05-07T18:27:13Z,/root/work/抗菌肽/数据库/batch/4-team/reports/true_rework_queue_next100_10lane_20260507T144551Z_lane09_latest.json
doi__10.3390_antibiotics9100718,next100_10lane_20260507T144551Z,9,accepted_after_rework,accepted_after_rework,accepted,strict_gates_passed,accepted_after_rework_attempt1,accepted_after_rework,strict_gates_passed_after_single_rework,sample_audit_only,1,0,False,,,2026-05-07T18:27:13Z,/root/work/抗菌肽/数据库/batch/4-team/reports/true_rework_queue_next100_10lane_20260507T144551Z_lane09_latest.json
doi__10.3390_antibiotics9110831,next100_10lane_20260507T144551Z,10,accepted_after_rework,accepted_after_rework,accepted,strict_gates_passed,accepted_after_rework_attempt1,accepted_after_rework,strict_gates_passed_after_single_rework,sample_audit_only,1,0,False,,,2026-05-07T19:30:32Z,/root/work/抗菌肽/数据库/batch/4-team/reports/true_rework_queue_next100_10lane_20260507T144551Z_lane10_latest.json
doi__10.3390_antibiotics9120840,next100_10lane_20260507T144551Z,10,accepted_after_rework,accepted_after_rework,accepted,strict_gates_passed,accepted_after_rework_attempt1,accepted_after_rework,strict_gates_passed_after_single_rework,sample_audit_only,1,0,False,,,2026-05-07T19:30:32Z,/root/work/抗菌肽/数据库/batch/4-team/reports/true_rework_queue_next100_10lane_20260507T144551Z_lane10_latest.json
doi__10.3390_antibiotics9120844,next100_10lane_20260507T144551Z,10,accepted_after_rework,accepted_after_rework,accepted,strict_gates_passed,accepted_after_rework_attempt1_with_infra_retry,accepted_after_rework_with_infra_noise,strict_gates_passed_after_single_rework_with_infra_retry,sample_audit_plus_infra_log_check,1,1,False,,,2026-05-07T19:30:32Z,/root/work/抗菌肽/数据库/batch/4-team/reports/true_rework_queue_next100_10lane_20260507T144551Z_lane10_latest.json
doi__10.3390_antibiotics9120870,next100_10lane_20260507T144551Z,10,accepted_after_rework,accepted_after_rework,accepted,strict_gates_passed,accepted_after_rework_attempt1,accepted_after_rework,strict_gates_passed_after_single_rework,sample_audit_only,1,0,False,,,2026-05-07T19:30:32Z,/root/work/抗菌肽/数据库/batch/4-team/reports/true_rework_queue_next100_10lane_20260507T144551Z_lane10_latest.json
doi__10.3390_antibiotics9120921,next100_10lane_20260507T144551Z,10,accepted_after_rework,accepted_after_rework,accepted,strict_gates_passed,accepted_after_rework_attempt1,accepted_after_rework,strict_gates_passed_after_single_rework,sample_audit_only,1,0,False,,,2026-05-07T19:30:32Z,/root/work/抗菌肽/数据库/batch/4-team/reports/true_rework_queue_next100_10lane_20260507T144551Z_lane10_latest.json
doi__10.3390_biology11091263,next100_10lane_20260507T144551Z,10,accepted_after_rework,accepted_after_rework,accepted,strict_gates_passed,accepted_after_rework_multi_attempt,accepted_after_rework,strict_gates_passed_after_multi_rework,targeted_sample_audit,2,0,False,,,2026-05-07T19:30:32Z,/root/work/抗菌肽/数据库/batch/4-team/reports/true_rework_queue_next100_10lane_20260507T144551Z_lane10_latest.json
doi__10.3390_biology12091218,next100_10lane_20260507T144551Z,10,accepted_after_rework,accepted_after_rework,accepted,strict_gates_passed,accepted_after_rework_attempt1,accepted_after_rework,strict_gates_passed_after_single_rework,sample_audit_only,1,0,False,,,2026-05-07T19:30:32Z,/root/work/抗菌肽/数据库/batch/4-team/reports/true_rework_queue_next100_10lane_20260507T144551Z_lane10_latest.json
doi__10.3390_biology9070148,next100_10lane_20260507T144551Z,10,accepted_after_rework,accepted_after_rework,accepted,strict_gates_passed,accepted_after_rework_attempt1,accepted_after_rework,strict_gates_passed_after_single_rework,sample_audit_only,1,0,False,,,2026-05-07T19:30:32Z,/root/work/抗菌肽/数据库/batch/4-team/reports/true_rework_queue_next100_10lane_20260507T144551Z_lane10_latest.json
doi__10.3390_biology9080209,next100_10lane_20260507T144551Z,10,accepted_after_rework,accepted_after_rework,accepted,strict_gates_passed,accepted_after_rework_attempt1,accepted_after_rework,strict_gates_passed_after_single_rework,sample_audit_only,1,0,False,,,2026-05-07T19:30:32Z,/root/work/抗菌肽/数据库/batch/4-team/reports/true_rework_queue_next100_10lane_20260507T144551Z_lane10_latest.json
doi__10.3390_biom10050790,next100_10lane_20260507T144551Z,10,accepted_after_rework,accepted_after_rework,accepted,strict_gates_passed,accepted_after_rework_attempt1,accepted_after_rework,strict_gates_passed_after_single_rework,sample_audit_only,1,0,False,,,2026-05-07T19:30:32Z,/root/work/抗菌肽/数据库/batch/4-team/reports/true_rework_queue_next100_10lane_20260507T144551Z_lane10_latest.json
doi__10.3390_biom10071014,next100_10lane_20260508T121022Z,1,blocked_after_best_effort,blocked_figure_chart_value_gap,blocked_source_gap,figure_or_chart_exact_value_unrecoverable,blocked_source_gap_figure_chart_exact_value,blocked_source_gap,figure_or_chart_exact_value_unrecoverable,retry_only_with_digitization_or_external_source,1,0,False,dramp_synpg1_stereochemistry_and_unit_claim_not_primary_supported;figure5_exact_antibiofilm_percent_not_tabulated;figure8_exact_ipec_j2_cell_death_percent_not_tabulated;obtainable_only_source_gap_documented,,2026-05-08T17:05:50Z,/root/work/抗菌肽/数据库/batch/4-team/reports/true_rework_queue_next100_10lane_20260508T121022Z_lane01_latest.json
doi__10.3390_biom11030421,next100_10lane_20260508T121022Z,1,accepted_after_rework,accepted_after_rework,accepted,strict_gates_passed,accepted_after_rework_attempt1,accepted_after_rework,strict_gates_passed_after_single_rework,sample_audit_only,1,0,False,figure_only_cytocompatibility_exact_values_not_tabulated;supplement_s1_is_figure_pdf_not_table_data,,2026-05-08T17:05:50Z,/root/work/抗菌肽/数据库/batch/4-team/reports/true_rework_queue_next100_10lane_20260508T121022Z_lane01_latest.json
doi__10.3390_biom11050761,next100_10lane_20260508T121022Z,1,accepted_after_rework,accepted_after_rework,accepted,strict_gates_passed,accepted_after_rework_attempt1,accepted_after_rework,strict_gates_passed_after_single_rework,sample_audit_only,1,0,False,,,2026-05-08T17:05:50Z,/root/work/抗菌肽/数据库/batch/4-team/reports/true_rework_queue_next100_10lane_20260508T121022Z_lane01_latest.json
doi__10.3390_biom12060759,next100_10lane_20260508T121022Z,1,accepted_after_rework,accepted_after_rework,accepted,strict_gates_passed,accepted_after_rework_attempt1,accepted_after_rework,strict_gates_passed_after_single_rework,sample_audit_only,1,0,False,,,2026-05-08T17:05:50Z,/root/work/抗菌肽/数据库/batch/4-team/reports/true_rework_queue_next100_10lane_20260508T121022Z_lane01_latest.json
doi__10.3390_biom13010172,next100_10lane_20260508T121022Z,1,accepted_after_rework,accepted_after_rework,accepted,strict_gates_passed,accepted_after_rework_attempt1_with_infra_retry,accepted_after_rework_with_infra_noise,strict_gates_passed_after_single_rework_with_infra_retry,sample_audit_plus_infra_log_check,1,1,False,,,2026-05-08T17:05:50Z,/root/work/抗菌肽/数据库/batch/4-team/reports/true_rework_queue_next100_10lane_20260508T121022Z_lane01_latest.json
doi__10.3390_biom13030576,next100_10lane_20260508T121022Z,1,accepted_after_rework,accepted_after_rework,accepted,strict_gates_passed,accepted_after_rework_attempt1,accepted_after_rework,strict_gates_passed_after_single_rework,sample_audit_only,1,0,False,figure8_exact_hemolysis_percent_not_digitized;no_local_supplementary_data_tables,,2026-05-08T17:05:50Z,/root/work/抗菌肽/数据库/batch/4-team/reports/true_rework_queue_next100_10lane_20260508T121022Z_lane01_latest.json
doi__10.3390_biom13101453,next100_10lane_20260508T121022Z,1,accepted_after_rework,accepted_after_rework,accepted,strict_gates_passed,accepted_after_rework_attempt1,accepted_after_rework,strict_gates_passed_after_single_rework,sample_audit_only,1,0,False,,,2026-05-08T17:05:50Z,/root/work/抗菌肽/数据库/batch/4-team/reports/true_rework_queue_next100_10lane_20260508T121022Z_lane01_latest.json
doi__10.3390_biom14060659,next100_10lane_20260508T121022Z,1,accepted_after_rework,accepted_after_rework,accepted,strict_gates_passed,accepted_after_rework_attempt1,accepted_after_rework,strict_gates_passed_after_single_rework,sample_audit_only,1,0,False,,,2026-05-08T17:05:50Z,/root/work/抗菌肽/数据库/batch/4-team/reports/true_rework_queue_next100_10lane_20260508T121022Z_lane01_latest.json
doi__10.3390_biom15060776,next100_10lane_20260508T121022Z,1,accepted_after_rework,accepted_after_rework,accepted,strict_gates_passed,accepted_after_rework_attempt1,accepted_after_rework,strict_gates_passed_after_single_rework,sample_audit_only,1,0,False,,,2026-05-08T17:05:50Z,/root/work/抗菌肽/数据库/batch/4-team/reports/true_rework_queue_next100_10lane_20260508T121022Z_lane01_latest.json
doi__10.3390_biom8020019,next100_10lane_20260508T121022Z,1,accepted_after_rework,accepted_after_rework,accepted,strict_gates_passed,accepted_after_rework_attempt1,accepted_after_rework,strict_gates_passed_after_single_rework,sample_audit_only,1,0,False,,,2026-05-08T17:05:50Z,/root/work/抗菌肽/数据库/batch/4-team/reports/true_rework_queue_next100_10lane_20260508T121022Z_lane01_latest.json
doi__10.3390_biom8040122,next100_10lane_20260508T121022Z,2,accepted_after_rework,accepted_after_rework,accepted,strict_gates_passed,accepted_after_rework_attempt1,accepted_after_rework,strict_gates_passed_after_single_rework,sample_audit_only,1,0,False,exact_dbaasp_sequence_not_embedded_in_local_material;no_local_supplementary_assets_present,,2026-05-08T16:59:49Z,/root/work/抗菌肽/数据库/batch/4-team/reports/true_rework_queue_next100_10lane_20260508T121022Z_lane02_latest.json
doi__10.3390_biom9060242,next100_10lane_20260508T121022Z,2,accepted_after_rework,accepted_after_rework,accepted,strict_gates_passed,accepted_after_rework_attempt1,accepted_after_rework,strict_gates_passed_after_single_rework,sample_audit_only,1,0,False,,,2026-05-08T16:59:49Z,/root/work/抗菌肽/数据库/batch/4-team/reports/true_rework_queue_next100_10lane_20260508T121022Z_lane02_latest.json
doi__10.3390_biom9060249,next100_10lane_20260508T121022Z,2,accepted_after_rework,accepted_after_rework,accepted,strict_gates_passed,accepted_after_rework_attempt1_with_infra_retry,accepted_after_rework_with_infra_noise,strict_gates_passed_after_single_rework_with_infra_retry,sample_audit_plus_infra_log_check,1,1,False,,,2026-05-08T16:59:49Z,/root/work/抗菌肽/数据库/batch/4-team/reports/true_rework_queue_next100_10lane_20260508T121022Z_lane02_latest.json
doi__10.3390_biom9070280,next100_10lane_20260508T121022Z,2,accepted_after_rework,accepted_after_rework,accepted,strict_gates_passed,accepted_after_rework_attempt1,accepted_after_rework,strict_gates_passed_after_single_rework,sample_audit_only,1,0,False,,,2026-05-08T16:59:49Z,/root/work/抗菌肽/数据库/batch/4-team/reports/true_rework_queue_next100_10lane_20260508T121022Z_lane02_latest.json
doi__10.3390_biom9100598,next100_10lane_20260508T121022Z,2,accepted_after_rework,accepted_after_rework,accepted,strict_gates_passed,accepted_after_rework_attempt1_with_infra_retry,accepted_after_rework_with_infra_noise,strict_gates_passed_after_single_rework_with_infra_retry,sample_audit_plus_infra_log_check,1,1,False,figure_curve_exact_point_values_not_tabulated;no_local_supplementary_assets_declared,,2026-05-08T16:59:49Z,/root/work/抗菌肽/数据库/batch/4-team/reports/true_rework_queue_next100_10lane_20260508T121022Z_lane02_latest.json
doi__10.3390_biom9100628,next100_10lane_20260508T121022Z,2,accepted_after_rework,accepted_after_rework,accepted,strict_gates_passed,accepted_after_rework_attempt1,accepted_after_rework,strict_gates_passed_after_single_rework,sample_audit_only,1,0,False,,,2026-05-08T16:59:49Z,/root/work/抗菌肽/数据库/batch/4-team/reports/true_rework_queue_next100_10lane_20260508T121022Z_lane02_latest.json
doi__10.3390_biom9110646,next100_10lane_20260508T121022Z,2,accepted_after_rework,accepted_after_rework,accepted,strict_gates_passed,accepted_after_rework_attempt1,accepted_after_rework,strict_gates_passed_after_single_rework,sample_audit_only,1,0,False,,,2026-05-08T16:59:49Z,/root/work/抗菌肽/数据库/batch/4-team/reports/true_rework_queue_next100_10lane_20260508T121022Z_lane02_latest.json
doi__10.3390_biom9110667,next100_10lane_20260508T121022Z,2,accepted_after_rework,accepted_after_rework,accepted,strict_gates_passed,accepted_after_rework_attempt1,accepted_after_rework,strict_gates_passed_after_single_rework,sample_audit_only,1,0,False,,,2026-05-08T16:59:49Z,/root/work/抗菌肽/数据库/batch/4-team/reports/true_rework_queue_next100_10lane_20260508T121022Z_lane02_latest.json
doi__10.3390_biomedicines10092071,next100_10lane_20260508T121022Z,2,accepted_after_rework,accepted_after_rework,accepted,strict_gates_passed,accepted_after_rework_attempt1,accepted_after_rework,strict_gates_passed_after_single_rework,sample_audit_only,1,0,False,,,2026-05-08T16:59:49Z,/root/work/抗菌肽/数据库/batch/4-team/reports/true_rework_queue_next100_10lane_20260508T121022Z_lane02_latest.json
doi__10.3390_biomedicines8070185,next100_10lane_20260508T121022Z,2,accepted_after_rework,accepted_after_rework,accepted,strict_gates_passed,accepted_after_rework_attempt1,accepted_after_rework,strict_gates_passed_after_single_rework,sample_audit_only,1,0,False,,,2026-05-08T16:59:49Z,/root/work/抗菌肽/数据库/batch/4-team/reports/true_rework_queue_next100_10lane_20260508T121022Z_lane02_latest.json
doi__10.3390_cancers12092448,next100_10lane_20260508T121022Z,3,accepted_after_rework,accepted_after_rework,accepted,strict_gates_passed,accepted_after_rework_attempt1,accepted_after_rework,strict_gates_passed_after_single_rework,sample_audit_only,1,0,False,,,2026-05-08T16:28:03Z,/root/work/抗菌肽/数据库/batch/4-team/reports/true_rework_queue_next100_10lane_20260508T121022Z_lane03_latest.json
doi__10.3390_cells9091989,next100_10lane_20260508T121022Z,3,accepted_after_rework,accepted_after_rework,accepted,strict_gates_passed,accepted_after_rework_attempt1,accepted_after_rework,strict_gates_passed_after_single_rework,sample_audit_only,1,0,False,,,2026-05-08T16:28:03Z,/root/work/抗菌肽/数据库/batch/4-team/reports/true_rework_queue_next100_10lane_20260508T121022Z_lane03_latest.json
doi__10.3390_cimb43030087,next100_10lane_20260508T121022Z,3,accepted_after_rework,accepted_after_rework,accepted,strict_gates_passed,accepted_after_rework_attempt1,accepted_after_rework,strict_gates_passed_after_single_rework,sample_audit_only,1,0,False,,,2026-05-08T16:28:03Z,/root/work/抗菌肽/数据库/batch/4-team/reports/true_rework_queue_next100_10lane_20260508T121022Z_lane03_latest.json
doi__10.3390_cimb47080673,next100_10lane_20260508T121022Z,3,accepted_after_rework,accepted_after_rework,accepted,strict_gates_passed,accepted_after_rework_attempt1,accepted_after_rework,strict_gates_passed_after_single_rework,sample_audit_only,1,0,False,,,2026-05-08T16:28:03Z,/root/work/抗菌肽/数据库/batch/4-team/reports/true_rework_queue_next100_10lane_20260508T121022Z_lane03_latest.json
doi__10.3390_foods14010008,next100_10lane_20260508T121022Z,3,accepted_after_rework,accepted_after_rework,accepted,strict_gates_passed,accepted_after_rework_attempt1,accepted_after_rework,strict_gates_passed_after_single_rework,sample_audit_only,1,0,False,,,2026-05-08T16:28:03Z,/root/work/抗菌肽/数据库/batch/4-team/reports/true_rework_queue_next100_10lane_20260508T121022Z_lane03_latest.json
doi__10.3390_ijms13066849,next100_10lane_20260508T121022Z,3,accepted_after_rework,accepted_after_rework,accepted,strict_gates_passed,accepted_after_rework_attempt1,accepted_after_rework,strict_gates_passed_after_single_rework,sample_audit_only,1,0,False,,,2026-05-08T16:28:03Z,/root/work/抗菌肽/数据库/batch/4-team/reports/true_rework_queue_next100_10lane_20260508T121022Z_lane03_latest.json
doi__10.3390_ijms131115042,next100_10lane_20260508T121022Z,3,accepted_after_rework,accepted_after_rework,accepted,strict_gates_passed,accepted_after_rework_attempt1,accepted_after_rework,strict_gates_passed_after_single_rework,sample_audit_only,1,0,False,figure2_figure4_full_curve_point_matrix_not_text_resolved,,2026-05-08T16:28:03Z,/root/work/抗菌肽/数据库/batch/4-team/reports/true_rework_queue_next100_10lane_20260508T121022Z_lane03_latest.json
doi__10.3390_ijms15045680,next100_10lane_20260508T121022Z,3,accepted_after_rework,accepted_after_rework,accepted,strict_gates_passed,accepted_after_rework_attempt1,accepted_after_rework,strict_gates_passed_after_single_rework,sample_audit_only,1,0,False,,,2026-05-08T16:28:03Z,/root/work/抗菌肽/数据库/batch/4-team/reports/true_rework_queue_next100_10lane_20260508T121022Z_lane03_latest.json
doi__10.3390_ijms17040552,next100_10lane_20260508T121022Z,3,accepted_after_rework,accepted_after_rework,accepted,strict_gates_passed,accepted_after_rework_attempt1,accepted_after_rework,strict_gates_passed_after_single_rework,sample_audit_only,1,0,False,,,2026-05-08T16:28:03Z,/root/work/抗菌肽/数据库/batch/4-team/reports/true_rework_queue_next100_10lane_20260508T121022Z_lane03_latest.json
doi__10.3390_ijms17070983,next100_10lane_20260508T121022Z,3,accepted_after_rework,accepted_after_rework,accepted,strict_gates_passed,accepted_after_rework_attempt1,accepted_after_rework,strict_gates_passed_after_single_rework,sample_audit_only,1,0,False,,,2026-05-08T16:28:03Z,/root/work/抗菌肽/数据库/batch/4-team/reports/true_rework_queue_next100_10lane_20260508T121022Z_lane03_latest.json
doi__10.3390_ijms18020339,next100_10lane_20260508T121022Z,4,accepted_after_rework,accepted_after_rework,accepted,strict_gates_passed,accepted_after_rework_attempt1,accepted_after_rework,strict_gates_passed_after_single_rework,sample_audit_only,1,0,False,,,2026-05-08T17:50:31Z,/root/work/抗菌肽/数据库/batch/4-team/reports/true_rework_queue_next100_10lane_20260508T121022Z_lane04_latest.json
doi__10.3390_ijms18030544,next100_10lane_20260508T121022Z,4,accepted_after_rework,accepted_after_rework,accepted,strict_gates_passed,accepted_after_rework_attempt1_with_infra_retry,accepted_after_rework_with_infra_noise,strict_gates_passed_after_single_rework_with_infra_retry,sample_audit_plus_infra_log_check,1,1,False,,,2026-05-08T17:50:31Z,/root/work/抗菌肽/数据库/batch/4-team/reports/true_rework_queue_next100_10lane_20260508T121022Z_lane04_latest.json
doi__10.3390_ijms19010067,next100_10lane_20260508T121022Z,4,accepted_after_rework,accepted_after_rework,accepted,strict_gates_passed,accepted_after_rework_attempt1,accepted_after_rework,strict_gates_passed_after_single_rework,sample_audit_only,1,0,False,,,2026-05-08T17:50:31Z,/root/work/抗菌肽/数据库/batch/4-team/reports/true_rework_queue_next100_10lane_20260508T121022Z_lane04_latest.json
doi__10.3390_ijms19020487,next100_10lane_20260508T121022Z,4,accepted_after_rework,accepted_after_rework,accepted,strict_gates_passed,accepted_after_rework_attempt1_with_infra_retry,accepted_after_rework_with_infra_noise,strict_gates_passed_after_single_rework_with_infra_retry,sample_audit_plus_infra_log_check,1,1,False,,,2026-05-08T17:50:31Z,/root/work/抗菌肽/数据库/batch/4-team/reports/true_rework_queue_next100_10lane_20260508T121022Z_lane04_latest.json
doi__10.3390_ijms19061685,next100_10lane_20260508T121022Z,4,accepted_after_rework,accepted_after_rework,accepted,strict_gates_passed,accepted_after_rework_attempt1,accepted_after_rework,strict_gates_passed_after_single_rework,sample_audit_only,1,0,False,,,2026-05-08T17:50:31Z,/root/work/抗菌肽/数据库/batch/4-team/reports/true_rework_queue_next100_10lane_20260508T121022Z_lane04_latest.json
doi__10.3390_ijms19082170,next100_10lane_20260508T121022Z,4,accepted_after_rework,accepted_after_rework,accepted,strict_gates_passed,accepted_after_rework_attempt1,accepted_after_rework,strict_gates_passed_after_single_rework,sample_audit_only,1,0,False,,,2026-05-08T17:50:31Z,/root/work/抗菌肽/数据库/batch/4-team/reports/true_rework_queue_next100_10lane_20260508T121022Z_lane04_latest.json
doi__10.3390_ijms19102951,next100_10lane_20260508T121022Z,4,accepted_after_rework,accepted_after_rework,accepted,strict_gates_passed,accepted_after_rework_attempt1,accepted_after_rework,strict_gates_passed_after_single_rework,sample_audit_only,1,0,False,,,2026-05-08T17:50:31Z,/root/work/抗菌肽/数据库/batch/4-team/reports/true_rework_queue_next100_10lane_20260508T121022Z_lane04_latest.json
doi__10.3390_ijms19103041,next100_10lane_20260508T121022Z,4,accepted_after_rework,accepted_after_rework,accepted,strict_gates_passed,accepted_after_rework_attempt1,accepted_after_rework,strict_gates_passed_after_single_rework,sample_audit_only,1,0,False,,,2026-05-08T17:50:31Z,/root/work/抗菌肽/数据库/batch/4-team/reports/true_rework_queue_next100_10lane_20260508T121022Z_lane04_latest.json
doi__10.3390_ijms19123781,next100_10lane_20260508T121022Z,4,accepted_after_rework,accepted_after_rework,accepted,strict_gates_passed,accepted_after_rework_attempt1,accepted_after_rework,strict_gates_passed_after_single_rework,sample_audit_only,1,0,False,,,2026-05-08T17:50:31Z,/root/work/抗菌肽/数据库/batch/4-team/reports/true_rework_queue_next100_10lane_20260508T121022Z_lane04_latest.json
doi__10.3390_ijms20030623,next100_10lane_20260508T121022Z,4,accepted_after_rework,accepted_after_rework,accepted,strict_gates_passed,accepted_after_rework_multi_attempt,accepted_after_rework,strict_gates_passed_after_multi_rework,targeted_sample_audit,2,0,False,,,2026-05-08T17:50:31Z,/root/work/抗菌肽/数据库/batch/4-team/reports/true_rework_queue_next100_10lane_20260508T121022Z_lane04_latest.json
doi__10.3390_ijms20061417,next100_10lane_20260508T121022Z,5,accepted_after_rework,accepted_after_rework,accepted,strict_gates_passed,accepted_after_rework_attempt1,accepted_after_rework,strict_gates_passed_after_single_rework,sample_audit_only,1,0,False,,,2026-05-08T16:33:03Z,/root/work/抗菌肽/数据库/batch/4-team/reports/true_rework_queue_next100_10lane_20260508T121022Z_lane05_latest.json
doi__10.3390_ijms20143604,next100_10lane_20260508T121022Z,5,accepted_after_rework,accepted_after_rework,accepted,strict_gates_passed,accepted_after_rework_attempt1,accepted_after_rework,strict_gates_passed_after_single_rework,sample_audit_only,1,0,False,,,2026-05-08T16:33:03Z,/root/work/抗菌肽/数据库/batch/4-team/reports/true_rework_queue_next100_10lane_20260508T121022Z_lane05_latest.json
doi__10.3390_ijms20163954,next100_10lane_20260508T121022Z,5,accepted_after_rework,accepted_after_rework,accepted,strict_gates_passed,accepted_after_rework_attempt1,accepted_after_rework,strict_gates_passed_after_single_rework,sample_audit_only,1,0,False,,,2026-05-08T16:33:03Z,/root/work/抗菌肽/数据库/batch/4-team/reports/true_rework_queue_next100_10lane_20260508T121022Z_lane05_latest.json
doi__10.3390_ijms20174184,next100_10lane_20260508T121022Z,5,accepted_after_rework,accepted_after_rework,accepted,strict_gates_passed,accepted_after_rework_attempt1,accepted_after_rework,strict_gates_passed_after_single_rework,sample_audit_only,1,0,False,,,2026-05-08T16:33:03Z,/root/work/抗菌肽/数据库/batch/4-team/reports/true_rework_queue_next100_10lane_20260508T121022Z_lane05_latest.json
doi__10.3390_ijms20184558,next100_10lane_20260508T121022Z,5,accepted_after_rework,accepted_after_rework,accepted,strict_gates_passed,accepted_after_rework_attempt1,accepted_after_rework,strict_gates_passed_after_single_rework,sample_audit_only,1,0,False,,,2026-05-08T16:33:03Z,/root/work/抗菌肽/数据库/batch/4-team/reports/true_rework_queue_next100_10lane_20260508T121022Z_lane05_latest.json
doi__10.3390_ijms20215426,next100_10lane_20260508T121022Z,5,accepted_after_rework,accepted_after_rework,accepted,strict_gates_passed,accepted_after_rework_attempt1,accepted_after_rework,strict_gates_passed_after_single_rework,sample_audit_only,1,0,False,,,2026-05-08T16:33:03Z,/root/work/抗菌肽/数据库/batch/4-team/reports/true_rework_queue_next100_10lane_20260508T121022Z_lane05_latest.json
doi__10.3390_ijms20235904,next100_10lane_20260508T121022Z,5,accepted_after_rework,accepted_after_rework,accepted,strict_gates_passed,accepted_after_rework_attempt1,accepted_after_rework,strict_gates_passed_after_single_rework,sample_audit_only,1,0,False,,,2026-05-08T16:33:03Z,/root/work/抗菌肽/数据库/batch/4-team/reports/true_rework_queue_next100_10lane_20260508T121022Z_lane05_latest.json
doi__10.3390_ijms21030887,next100_10lane_20260508T121022Z,5,accepted_after_rework,accepted_after_rework,accepted,strict_gates_passed,accepted_after_rework_attempt1,accepted_after_rework,strict_gates_passed_after_single_rework,sample_audit_only,1,0,False,,,2026-05-08T16:33:03Z,/root/work/抗菌肽/数据库/batch/4-team/reports/true_rework_queue_next100_10lane_20260508T121022Z_lane05_latest.json
doi__10.3390_ijms21031140,next100_10lane_20260508T121022Z,5,accepted_after_rework,accepted_after_rework,accepted,strict_gates_passed,accepted_after_rework_attempt1,accepted_after_rework,strict_gates_passed_after_single_rework,sample_audit_only,1,0,False,,,2026-05-08T16:33:03Z,/root/work/抗菌肽/数据库/batch/4-team/reports/true_rework_queue_next100_10lane_20260508T121022Z_lane05_latest.json
doi__10.3390_ijms21041470,next100_10lane_20260508T121022Z,5,accepted_after_rework,accepted_after_rework,accepted,strict_gates_passed,accepted_after_rework_attempt1,accepted_after_rework,strict_gates_passed_after_single_rework,sample_audit_only,1,0,False,,,2026-05-08T16:33:03Z,/root/work/抗菌肽/数据库/batch/4-team/reports/true_rework_queue_next100_10lane_20260508T121022Z_lane05_latest.json
doi__10.3390_ijms21134578,next100_10lane_20260508T121022Z,6,accepted_after_rework,accepted_after_rework,accepted,strict_gates_passed,accepted_after_rework_attempt1,accepted_after_rework,strict_gates_passed_after_single_rework,sample_audit_only,1,0,False,figure_exact_numeric_values_not_machine_readable;no_supplementary_assets_declared_in_local_packet,,2026-05-08T17:40:24Z,/root/work/抗菌肽/数据库/batch/4-team/reports/true_rework_queue_next100_10lane_20260508T121022Z_lane06_latest.json
doi__10.3390_ijms21155460,next100_10lane_20260508T121022Z,6,accepted_after_rework,accepted_after_rework,accepted,strict_gates_passed,accepted_after_rework_attempt1_with_infra_retry,accepted_after_rework_with_infra_noise,strict_gates_passed_after_single_rework_with_infra_retry,sample_audit_plus_infra_log_check,1,1,False,figure_exact_numeric_values_not_machine_readable;no_additional_supplementary_activity_table,,2026-05-08T17:40:24Z,/root/work/抗菌肽/数据库/batch/4-team/reports/true_rework_queue_next100_10lane_20260508T121022Z_lane06_latest.json
doi__10.3390_ijms21165632,next100_10lane_20260508T121022Z,6,accepted_after_rework,accepted_after_rework,accepted,strict_gates_passed,accepted_after_rework_attempt1_with_infra_retry,accepted_after_rework_with_infra_noise,strict_gates_passed_after_single_rework_with_infra_retry,sample_audit_plus_infra_log_check,1,1,False,,,2026-05-08T17:40:24Z,/root/work/抗菌肽/数据库/batch/4-team/reports/true_rework_queue_next100_10lane_20260508T121022Z_lane06_latest.json
doi__10.3390_ijms21165829,next100_10lane_20260508T121022Z,6,accepted_after_rework,accepted_after_rework,accepted,strict_gates_passed,accepted_after_rework_attempt1,accepted_after_rework,strict_gates_passed_after_single_rework,sample_audit_only,1,0,False,,,2026-05-08T17:40:24Z,/root/work/抗菌肽/数据库/batch/4-team/reports/true_rework_queue_next100_10lane_20260508T121022Z_lane06_latest.json
doi__10.3390_ijms21186713,next100_10lane_20260508T121022Z,6,accepted_after_rework,accepted_after_rework,accepted,strict_gates_passed,accepted_after_rework_attempt1,accepted_after_rework,strict_gates_passed_after_single_rework,sample_audit_only,1,0,False,,,2026-05-08T17:40:24Z,/root/work/抗菌肽/数据库/batch/4-team/reports/true_rework_queue_next100_10lane_20260508T121022Z_lane06_latest.json
doi__10.3390_ijms21186810,next100_10lane_20260508T121022Z,6,accepted_after_rework,accepted_after_rework,accepted,strict_gates_passed,accepted_after_rework_attempt1,accepted_after_rework,strict_gates_passed_after_single_rework,sample_audit_only,1,0,False,figure_exact_numeric_source_tables_not_available;no_supplementary_assets_declared_in_local_packet,,2026-05-08T17:40:24Z,/root/work/抗菌肽/数据库/batch/4-team/reports/true_rework_queue_next100_10lane_20260508T121022Z_lane06_latest.json
doi__10.3390_ijms21186908,next100_10lane_20260508T121022Z,6,accepted_after_rework,accepted_after_rework,accepted,strict_gates_passed,accepted_after_rework_attempt1,accepted_after_rework,strict_gates_passed_after_single_rework,sample_audit_only,1,0,False,,,2026-05-08T17:40:24Z,/root/work/抗菌肽/数据库/batch/4-team/reports/true_rework_queue_next100_10lane_20260508T121022Z_lane06_latest.json
doi__10.3390_ijms21186952,next100_10lane_20260508T121022Z,6,accepted_after_rework,accepted_after_rework,accepted,strict_gates_passed,accepted_after_rework_attempt1,accepted_after_rework,strict_gates_passed_after_single_rework,sample_audit_only,1,0,False,,,2026-05-08T17:40:24Z,/root/work/抗菌肽/数据库/batch/4-team/reports/true_rework_queue_next100_10lane_20260508T121022Z_lane06_latest.json
doi__10.3390_ijms21197141,next100_10lane_20260508T121022Z,6,accepted_after_rework,accepted_after_rework,accepted,strict_gates_passed,accepted_after_rework_attempt1,accepted_after_rework,strict_gates_passed_after_single_rework,sample_audit_only,1,0,False,supplement_figure_exact_values_not_tabulated,,2026-05-08T17:40:24Z,/root/work/抗菌肽/数据库/batch/4-team/reports/true_rework_queue_next100_10lane_20260508T121022Z_lane06_latest.json
doi__10.3390_ijms21197208,next100_10lane_20260508T121022Z,6,accepted_after_rework,accepted_after_rework,accepted,strict_gates_passed,accepted_after_rework_multi_attempt,accepted_after_rework,strict_gates_passed_after_multi_rework,targeted_sample_audit,2,0,False,,,2026-05-08T17:40:24Z,/root/work/抗菌肽/数据库/batch/4-team/reports/true_rework_queue_next100_10lane_20260508T121022Z_lane06_latest.json
doi__10.3390_ijms21197367,next100_10lane_20260508T121022Z,7,accepted_after_rework,accepted_after_rework,accepted,strict_gates_passed,accepted_after_rework_attempt1,accepted_after_rework,strict_gates_passed_after_single_rework,sample_audit_only,1,0,False,figure_only_toxicity_exact_percentages_not_table_recoverable,,2026-05-08T17:59:27Z,/root/work/抗菌肽/数据库/batch/4-team/reports/true_rework_queue_next100_10lane_20260508T121022Z_lane07_latest.json
doi__10.3390_ijms21217912,next100_10lane_20260508T121022Z,7,accepted_after_rework,accepted_after_rework,accepted,strict_gates_passed,accepted_after_rework_attempt1,accepted_after_rework,strict_gates_passed_after_single_rework,sample_audit_only,1,0,False,database_extra_ed50_mfc_rows_not_source_table_recoverable;figure_exact_er_ee_values_not_machine_readable;no_supplementary_assets_declared_in_local_packet,,2026-05-08T17:59:27Z,/root/work/抗菌肽/数据库/batch/4-team/reports/true_rework_queue_next100_10lane_20260508T121022Z_lane07_latest.json
doi__10.3390_ijms21228624,next100_10lane_20260508T121022Z,7,accepted_after_rework,accepted_after_rework,accepted,strict_gates_passed,accepted_after_rework_attempt1_with_infra_retry,accepted_after_rework_with_infra_noise,strict_gates_passed_after_single_rework_with_infra_retry,sample_audit_plus_infra_log_check,1,1,False,,,2026-05-08T17:59:27Z,/root/work/抗菌肽/数据库/batch/4-team/reports/true_rework_queue_next100_10lane_20260508T121022Z_lane07_latest.json
doi__10.3390_ijms21228722,next100_10lane_20260508T121022Z,7,accepted_after_rework,accepted_after_rework,accepted,strict_gates_passed,accepted_after_rework_attempt1,accepted_after_rework,strict_gates_passed_after_single_rework,sample_audit_only,1,0,False,,,2026-05-08T17:59:27Z,/root/work/抗菌肽/数据库/batch/4-team/reports/true_rework_queue_next100_10lane_20260508T121022Z_lane07_latest.json
doi__10.3390_ijms21239104,next100_10lane_20260508T121022Z,7,accepted_after_rework,accepted_after_rework,accepted,strict_gates_passed,accepted_after_rework_attempt1,accepted_after_rework,strict_gates_passed_after_single_rework,sample_audit_only,1,0,False,,,2026-05-08T17:59:27Z,/root/work/抗菌肽/数据库/batch/4-team/reports/true_rework_queue_next100_10lane_20260508T121022Z_lane07_latest.json
doi__10.3390_ijms21239134,next100_10lane_20260508T121022Z,7,accepted_after_rework,accepted_after_rework,accepted,strict_gates_passed,accepted_after_rework_attempt1_with_infra_retry,accepted_after_rework_with_infra_noise,strict_gates_passed_after_single_rework_with_infra_retry,sample_audit_plus_infra_log_check,1,1,False,,,2026-05-08T17:59:27Z,/root/work/抗菌肽/数据库/batch/4-team/reports/true_rework_queue_next100_10lane_20260508T121022Z_lane07_latest.json
doi__10.3390_ijms21249637,next100_10lane_20260508T121022Z,7,accepted_after_rework,accepted_after_rework,accepted,strict_gates_passed,accepted_after_rework_attempt1_with_infra_retry,accepted_after_rework_with_infra_noise,strict_gates_passed_after_single_rework_with_infra_retry,sample_audit_plus_infra_log_check,1,1,False,,,2026-05-08T17:59:27Z,/root/work/抗菌肽/数据库/batch/4-team/reports/true_rework_queue_next100_10lane_20260508T121022Z_lane07_latest.json
doi__10.3390_ijms22052377,next100_10lane_20260508T121022Z,7,accepted_after_rework,accepted_after_rework,accepted,strict_gates_passed,accepted_after_rework_attempt1,accepted_after_rework,strict_gates_passed_after_single_rework,sample_audit_only,1,0,False,,,2026-05-08T17:59:27Z,/root/work/抗菌肽/数据库/batch/4-team/reports/true_rework_queue_next100_10lane_20260508T121022Z_lane07_latest.json
doi__10.3390_ijms22052643,next100_10lane_20260508T121022Z,7,accepted_after_rework,accepted_after_rework,accepted,strict_gates_passed,accepted_after_rework_attempt1,accepted_after_rework,strict_gates_passed_after_single_rework,sample_audit_only,1,0,False,,,2026-05-08T17:59:27Z,/root/work/抗菌肽/数据库/batch/4-team/reports/true_rework_queue_next100_10lane_20260508T121022Z_lane07_latest.json
doi__10.3390_ijms22073666,next100_10lane_20260508T121022Z,7,accepted_after_rework,accepted_after_rework,accepted,strict_gates_passed,accepted_after_rework_attempt1,accepted_after_rework,strict_gates_passed_after_single_rework,sample_audit_only,1,0,False,exact_hacat_percent_killing_not_tabulated_in_primary_text,,2026-05-08T17:59:27Z,/root/work/抗菌肽/数据库/batch/4-team/reports/true_rework_queue_next100_10lane_20260508T121022Z_lane07_latest.json
doi__10.3390_ijms22083926,next100_10lane_20260508T121022Z,8,accepted_after_rework,accepted_after_rework,accepted,strict_gates_passed,accepted_after_rework_attempt1,accepted_after_rework,strict_gates_passed_after_single_rework,sample_audit_only,1,0,False,,,2026-05-08T16:44:56Z,/root/work/抗菌肽/数据库/batch/4-team/reports/true_rework_queue_next100_10lane_20260508T121022Z_lane08_latest.json
doi__10.3390_ijms22094509,next100_10lane_20260508T121022Z,8,accepted_after_rework,accepted_after_rework,accepted,strict_gates_passed,accepted_after_rework_attempt1,accepted_after_rework,strict_gates_passed_after_single_rework,sample_audit_only,1,0,False,hemolysis_exact_percentages_not_machine_recoverable;supplement_pdf_no_activity_table_values,,2026-05-08T16:44:56Z,/root/work/抗菌肽/数据库/batch/4-team/reports/true_rework_queue_next100_10lane_20260508T121022Z_lane08_latest.json
doi__10.3390_ijms22115540,next100_10lane_20260508T121022Z,8,accepted_after_rework,accepted_after_rework,accepted,strict_gates_passed,accepted_after_rework_attempt1,accepted_after_rework,strict_gates_passed_after_single_rework,sample_audit_only,1,0,False,,,2026-05-08T16:44:56Z,/root/work/抗菌肽/数据库/batch/4-team/reports/true_rework_queue_next100_10lane_20260508T121022Z_lane08_latest.json
doi__10.3390_ijms22115617,next100_10lane_20260508T121022Z,8,accepted_after_rework,accepted_after_rework,accepted,strict_gates_passed,accepted_after_rework_attempt1,accepted_after_rework,strict_gates_passed_after_single_rework,sample_audit_only,1,0,False,,,2026-05-08T16:44:56Z,/root/work/抗菌肽/数据库/batch/4-team/reports/true_rework_queue_next100_10lane_20260508T121022Z_lane08_latest.json
doi__10.3390_ijms22115630,next100_10lane_20260508T121022Z,8,accepted_after_rework,accepted_after_rework,accepted,strict_gates_passed,accepted_after_rework_attempt1,accepted_after_rework,strict_gates_passed_after_single_rework,sample_audit_only,1,0,False,,,2026-05-08T16:44:56Z,/root/work/抗菌肽/数据库/batch/4-team/reports/true_rework_queue_next100_10lane_20260508T121022Z_lane08_latest.json
doi__10.3390_ijms22136679,next100_10lane_20260508T121022Z,8,accepted_after_rework,accepted_after_rework,accepted,strict_gates_passed,accepted_after_rework_attempt1,accepted_after_rework,strict_gates_passed_after_single_rework,sample_audit_only,1,0,False,,,2026-05-08T16:44:56Z,/root/work/抗菌肽/数据库/batch/4-team/reports/true_rework_queue_next100_10lane_20260508T121022Z_lane08_latest.json
doi__10.3390_ijms22137041,next100_10lane_20260508T121022Z,8,accepted_after_rework,accepted_after_rework,accepted,strict_gates_passed,accepted_after_rework_attempt1,accepted_after_rework,strict_gates_passed_after_single_rework,sample_audit_only,1,0,False,,,2026-05-08T16:44:56Z,/root/work/抗菌肽/数据库/batch/4-team/reports/true_rework_queue_next100_10lane_20260508T121022Z_lane08_latest.json
doi__10.3390_ijms22157959,next100_10lane_20260508T121022Z,8,accepted_after_rework,accepted_after_rework,accepted,strict_gates_passed,accepted_after_rework_attempt1,accepted_after_rework,strict_gates_passed_after_single_rework,sample_audit_only,1,0,False,,,2026-05-08T16:44:56Z,/root/work/抗菌肽/数据库/batch/4-team/reports/true_rework_queue_next100_10lane_20260508T121022Z_lane08_latest.json
doi__10.3390_ijms22158231,next100_10lane_20260508T121022Z,8,accepted_after_rework,accepted_after_rework,accepted,strict_gates_passed,accepted_after_rework_attempt1_with_infra_retry,accepted_after_rework_with_infra_noise,strict_gates_passed_after_single_rework_with_infra_retry,sample_audit_plus_infra_log_check,1,1,False,,,2026-05-08T16:44:56Z,/root/work/抗菌肽/数据库/batch/4-team/reports/true_rework_queue_next100_10lane_20260508T121022Z_lane08_latest.json
doi__10.3390_ijms22158243,next100_10lane_20260508T121022Z,8,accepted_after_rework,accepted_after_rework,accepted,strict_gates_passed,accepted_after_rework_attempt1,accepted_after_rework,strict_gates_passed_after_single_rework,sample_audit_only,1,0,False,figure3_exact_toxicity_percentages_not_tabulated,,2026-05-08T16:44:56Z,/root/work/抗菌肽/数据库/batch/4-team/reports/true_rework_queue_next100_10lane_20260508T121022Z_lane08_latest.json
doi__10.3390_ijms22179427,next100_10lane_20260508T121022Z,9,accepted_after_rework,accepted_after_rework,accepted,strict_gates_passed,accepted_after_rework_attempt1_with_infra_retry,accepted_after_rework_with_infra_noise,strict_gates_passed_after_single_rework_with_infra_retry,sample_audit_plus_infra_log_check,1,1,False,,,2026-05-08T17:17:29Z,/root/work/抗菌肽/数据库/batch/4-team/reports/true_rework_queue_next100_10lane_20260508T121022Z_lane09_latest.json
doi__10.3390_ijms221810156,next100_10lane_20260508T121022Z,9,accepted_after_rework,accepted_after_rework,accepted,strict_gates_passed,accepted_after_rework_attempt1,accepted_after_rework,strict_gates_passed_after_single_rework,sample_audit_only,1,0,False,,,2026-05-08T17:17:29Z,/root/work/抗菌肽/数据库/batch/4-team/reports/true_rework_queue_next100_10lane_20260508T121022Z_lane09_latest.json
doi__10.3390_ijms222111681,next100_10lane_20260508T121022Z,9,accepted_after_rework,accepted_after_rework,accepted,strict_gates_passed,accepted_after_rework_attempt1,accepted_after_rework,strict_gates_passed_after_single_rework,sample_audit_only,1,0,False,,,2026-05-08T17:17:29Z,/root/work/抗菌肽/数据库/batch/4-team/reports/true_rework_queue_next100_10lane_20260508T121022Z_lane09_latest.json
doi__10.3390_ijms222111869,next100_10lane_20260508T121022Z,9,blocked_after_best_effort,infrastructure_codex_worker_retry_exhausted,infrastructure_retry_exhausted,codex_api_or_network_error,infrastructure_retry_exhausted_api_or_network,infrastructure_retry_exhausted,codex_worker_infra_retry_exhausted,defer_to_infrastructure_recovery_queue,1,5,True,codex_api_or_network_error,codex_api_or_network_error,2026-05-08T17:17:29Z,/root/work/抗菌肽/数据库/batch/4-team/reports/true_rework_queue_next100_10lane_20260508T121022Z_lane09_latest.json
doi__10.3390_ijms222312718,next100_10lane_20260508T121022Z,9,accepted_after_rework,accepted_after_rework,accepted,strict_gates_passed,accepted_after_rework_attempt1,accepted_after_rework,strict_gates_passed_after_single_rework,sample_audit_only,1,0,False,,,2026-05-08T17:17:29Z,/root/work/抗菌肽/数据库/batch/4-team/reports/true_rework_queue_next100_10lane_20260508T121022Z_lane09_latest.json
doi__10.3390_ijms23020883,next100_10lane_20260508T121022Z,9,accepted_after_rework,accepted_after_rework,accepted,strict_gates_passed,accepted_after_rework_attempt1,accepted_after_rework,strict_gates_passed_after_single_rework,sample_audit_only,1,0,False,figure_exact_bar_heights_not_tabulated;no_supplementary_assets_declared_in_local_packet_or_oa_package,,2026-05-08T17:17:29Z,/root/work/抗菌肽/数据库/batch/4-team/reports/true_rework_queue_next100_10lane_20260508T121022Z_lane09_latest.json
doi__10.3390_ijms23042060,next100_10lane_20260508T121022Z,9,accepted_after_rework,accepted_after_rework,accepted,strict_gates_passed,accepted_after_rework_attempt1_with_infra_retry,accepted_after_rework_with_infra_noise,strict_gates_passed_after_single_rework_with_infra_retry,sample_audit_plus_infra_log_check,1,1,False,,,2026-05-08T17:17:29Z,/root/work/抗菌肽/数据库/batch/4-team/reports/true_rework_queue_next100_10lane_20260508T121022Z_lane09_latest.json
doi__10.3390_ijms23116345,next100_10lane_20260508T121022Z,9,accepted_after_rework,accepted_after_rework,accepted,strict_gates_passed,accepted_after_rework_attempt1,accepted_after_rework,strict_gates_passed_after_single_rework,sample_audit_only,1,0,False,,,2026-05-08T17:17:29Z,/root/work/抗菌肽/数据库/batch/4-team/reports/true_rework_queue_next100_10lane_20260508T121022Z_lane09_latest.json
doi__10.3390_ijms23137173,next100_10lane_20260508T121022Z,9,accepted_after_rework,accepted_after_rework,accepted,strict_gates_passed,accepted_after_rework_attempt1,accepted_after_rework,strict_gates_passed_after_single_rework,sample_audit_only,1,0,False,,,2026-05-08T17:17:29Z,/root/work/抗菌肽/数据库/batch/4-team/reports/true_rework_queue_next100_10lane_20260508T121022Z_lane09_latest.json
doi__10.3390_ijms23147979,next100_10lane_20260508T121022Z,9,accepted_after_rework,accepted_after_rework,accepted,strict_gates_passed,accepted_after_rework_attempt1,accepted_after_rework,strict_gates_passed_after_single_rework,sample_audit_only,1,0,False,,,2026-05-08T17:17:29Z,/root/work/抗菌肽/数据库/batch/4-team/reports/true_rework_queue_next100_10lane_20260508T121022Z_lane09_latest.json
doi__10.3390_ijms23148029,next100_10lane_20260508T121022Z,10,accepted_after_rework,accepted_after_rework,accepted,strict_gates_passed,accepted_after_rework_attempt1,accepted_after_rework,strict_gates_passed_after_single_rework,sample_audit_only,1,0,False,,,2026-05-08T17:24:02Z,/root/work/抗菌肽/数据库/batch/4-team/reports/true_rework_queue_next100_10lane_20260508T121022Z_lane10_latest.json
doi__10.3390_ijms23158269,next100_10lane_20260508T121022Z,10,accepted_after_rework,accepted_after_rework,accepted,strict_gates_passed,accepted_after_rework_attempt1,accepted_after_rework,strict_gates_passed_after_single_rework,sample_audit_only,1,0,False,,,2026-05-08T17:24:02Z,/root/work/抗菌肽/数据库/batch/4-team/reports/true_rework_queue_next100_10lane_20260508T121022Z_lane10_latest.json
doi__10.3390_ijms231810558,next100_10lane_20260508T121022Z,10,accepted_after_rework,accepted_after_rework,accepted,strict_gates_passed,accepted_after_rework_attempt1,accepted_after_rework,strict_gates_passed_after_single_rework,sample_audit_only,1,0,False,,,2026-05-08T17:24:02Z,/root/work/抗菌肽/数据库/batch/4-team/reports/true_rework_queue_next100_10lane_20260508T121022Z_lane10_latest.json
doi__10.3390_ijms232113316,next100_10lane_20260508T121022Z,10,accepted_after_rework,accepted_after_rework,accepted,strict_gates_passed,accepted_after_rework_attempt1_with_infra_retry,accepted_after_rework_with_infra_noise,strict_gates_passed_after_single_rework_with_infra_retry,sample_audit_plus_infra_log_check,1,1,False,,,2026-05-08T17:24:02Z,/root/work/抗菌肽/数据库/batch/4-team/reports/true_rework_queue_next100_10lane_20260508T121022Z_lane10_latest.json
doi__10.3390_ijms232213844,next100_10lane_20260508T121022Z,10,accepted_after_rework,accepted_after_rework,accepted,strict_gates_passed,accepted_after_rework_attempt1_with_infra_retry,accepted_after_rework_with_infra_noise,strict_gates_passed_after_single_rework_with_infra_retry,sample_audit_plus_infra_log_check,1,1,False,,,2026-05-08T17:24:02Z,/root/work/抗菌肽/数据库/batch/4-team/reports/true_rework_queue_next100_10lane_20260508T121022Z_lane10_latest.json
doi__10.3390_ijms232214151,next100_10lane_20260508T121022Z,10,accepted_after_rework,accepted_after_rework,accepted,strict_gates_passed,accepted_after_rework_attempt1,accepted_after_rework,strict_gates_passed_after_single_rework,sample_audit_only,1,0,False,,,2026-05-08T17:24:02Z,/root/work/抗菌肽/数据库/batch/4-team/reports/true_rework_queue_next100_10lane_20260508T121022Z_lane10_latest.json
doi__10.3390_ijms232415594,next100_10lane_20260508T121022Z,10,accepted_after_rework,accepted_after_rework,accepted,strict_gates_passed,accepted_after_rework_attempt1,accepted_after_rework,strict_gates_passed_after_single_rework,sample_audit_only,1,0,False,,,2026-05-08T17:24:02Z,/root/work/抗菌肽/数据库/batch/4-team/reports/true_rework_queue_next100_10lane_20260508T121022Z_lane10_latest.json
doi__10.3390_ijms24010267,next100_10lane_20260508T121022Z,10,accepted_after_rework,accepted_after_rework,accepted,strict_gates_passed,accepted_after_rework_attempt1,accepted_after_rework,strict_gates_passed_after_single_rework,sample_audit_only,1,0,False,,,2026-05-08T17:24:02Z,/root/work/抗菌肽/数据库/batch/4-team/reports/true_rework_queue_next100_10lane_20260508T121022Z_lane10_latest.json
doi__10.3390_ijms24010779,next100_10lane_20260508T121022Z,10,accepted_after_rework,accepted_after_rework,accepted,strict_gates_passed,accepted_after_rework_attempt1,accepted_after_rework,strict_gates_passed_after_single_rework,sample_audit_only,1,0,False,,,2026-05-08T17:24:02Z,/root/work/抗菌肽/数据库/batch/4-team/reports/true_rework_queue_next100_10lane_20260508T121022Z_lane10_latest.json
doi__10.3390_ijms24043951,next100_10lane_20260508T121022Z,10,accepted_after_rework,accepted_after_rework,accepted,strict_gates_passed,accepted_after_rework_attempt1,accepted_after_rework,strict_gates_passed_after_single_rework,sample_audit_only,1,0,False,,,2026-05-08T17:24:02Z,/root/work/抗菌肽/数据库/batch/4-team/reports/true_rework_queue_next100_10lane_20260508T121022Z_lane10_latest.json
doi__10.1055_s-0029-1185675,next100_10lane_20260509T075436Z,1,initial_queue_failed,infrastructure_initial_queue_failed,infrastructure_failed,initial_queue_bootstrap_failed,infrastructure_initial_queue_failed,infrastructure_failed,infrastructure_initial_queue_failed,defer_to_infrastructure_recovery_queue,,,,,,2026-05-09T11:32:59Z,/root/work/抗菌肽/数据库/batch/4-team/reports/true_rework_queue_next100_10lane_20260509T075436Z_lane01_latest.json
doi__10.3390_ijms24086901,next100_10lane_20260509T075436Z,1,accepted_after_rework,accepted_after_rework,accepted,strict_gates_passed,accepted_after_rework_attempt1,accepted_after_rework,strict_gates_passed_after_single_rework,sample_audit_only,1,0,False,,,2026-05-09T11:32:59Z,/root/work/抗菌肽/数据库/batch/4-team/reports/true_rework_queue_next100_10lane_20260509T075436Z_lane01_latest.json
doi__10.3390_ijms24119251,next100_10lane_20260509T075436Z,1,accepted_after_rework,accepted_after_rework,accepted,strict_gates_passed,accepted_after_rework_attempt1,accepted_after_rework,strict_gates_passed_after_single_rework,sample_audit_only,1,0,False,,,2026-05-09T11:32:59Z,/root/work/抗菌肽/数据库/batch/4-team/reports/true_rework_queue_next100_10lane_20260509T075436Z_lane01_latest.json
doi__10.3390_ijms241814053,next100_10lane_20260509T075436Z,1,accepted_after_rework,accepted_after_rework,accepted,strict_gates_passed,accepted_after_rework_attempt1,accepted_after_rework,strict_gates_passed_after_single_rework,sample_audit_only,1,0,False,,,2026-05-09T11:32:59Z,/root/work/抗菌肽/数据库/batch/4-team/reports/true_rework_queue_next100_10lane_20260509T075436Z_lane01_latest.json
doi__10.3390_ijms241814268,next100_10lane_20260509T075436Z,1,accepted_after_rework,accepted_after_rework,accepted,strict_gates_passed,accepted_after_rework_attempt1,accepted_after_rework,strict_gates_passed_after_single_rework,sample_audit_only,1,0,False,,,2026-05-09T11:32:59Z,/root/work/抗菌肽/数据库/batch/4-team/reports/true_rework_queue_next100_10lane_20260509T075436Z_lane01_latest.json
doi__10.3390_ijms241914472,next100_10lane_20260509T075436Z,1,accepted_after_rework,accepted_after_rework,accepted,strict_gates_passed,accepted_after_rework_attempt1,accepted_after_rework,strict_gates_passed_after_single_rework,sample_audit_only,1,0,False,table5_dash_values_beyond_statistical_scope,,2026-05-09T11:32:59Z,/root/work/抗菌肽/数据库/batch/4-team/reports/true_rework_queue_next100_10lane_20260509T075436Z_lane01_latest.json
doi__10.3390_ijms242216423,next100_10lane_20260509T075436Z,1,accepted_after_rework,accepted_after_rework,accepted,strict_gates_passed,accepted_after_rework_attempt1,accepted_after_rework,strict_gates_passed_after_single_rework,sample_audit_only,1,0,False,,,2026-05-09T11:32:59Z,/root/work/抗菌肽/数据库/batch/4-team/reports/true_rework_queue_next100_10lane_20260509T075436Z_lane01_latest.json
doi__10.3390_ijms252413688,next100_10lane_20260509T075436Z,1,accepted_after_rework,accepted_after_rework,accepted,strict_gates_passed,accepted_after_rework_attempt1,accepted_after_rework,strict_gates_passed_after_single_rework,sample_audit_only,1,0,False,,,2026-05-09T11:32:59Z,/root/work/抗菌肽/数据库/batch/4-team/reports/true_rework_queue_next100_10lane_20260509T075436Z_lane01_latest.json
doi__10.3390_ijms26010051,next100_10lane_20260509T075436Z,1,accepted_after_rework,accepted_after_rework,accepted,strict_gates_passed,accepted_after_rework_attempt1,accepted_after_rework,strict_gates_passed_after_single_rework,sample_audit_only,1,0,False,,,2026-05-09T11:32:59Z,/root/work/抗菌肽/数据库/batch/4-team/reports/true_rework_queue_next100_10lane_20260509T075436Z_lane01_latest.json
doi__10.3390_ijms26041702,next100_10lane_20260509T075436Z,1,accepted_after_rework,accepted_after_rework,accepted,strict_gates_passed,accepted_after_rework_attempt1,accepted_after_rework,strict_gates_passed_after_single_rework,sample_audit_only,1,0,False,,,2026-05-09T11:32:59Z,/root/work/抗菌肽/数据库/batch/4-team/reports/true_rework_queue_next100_10lane_20260509T075436Z_lane01_latest.json
doi__10.3390_insects10020042,next100_10lane_20260509T075436Z,2,accepted_after_rework,accepted_after_rework,accepted,strict_gates_passed,accepted_after_rework_attempt1,accepted_after_rework,strict_gates_passed_after_single_rework,sample_audit_only,1,0,False,camp_merged_aphid_dose_rows_not_supported_by_this_primary_paper,,2026-05-09T12:12:22Z,/root/work/抗菌肽/数据库/batch/4-team/reports/true_rework_queue_next100_10lane_20260509T075436Z_lane02_latest.json
doi__10.3390_insects12050466,next100_10lane_20260509T075436Z,2,accepted_after_rework,accepted_after_rework,accepted,strict_gates_passed,accepted_after_rework_attempt1,accepted_after_rework,strict_gates_passed_after_single_rework,sample_audit_only,1,0,False,,,2026-05-09T12:12:22Z,/root/work/抗菌肽/数据库/batch/4-team/reports/true_rework_queue_next100_10lane_20260509T075436Z_lane02_latest.json
doi__10.3390_insects14100794,next100_10lane_20260509T075436Z,2,accepted_after_rework,accepted_after_rework,accepted,strict_gates_passed,accepted_after_rework_attempt1_with_infra_retry,accepted_after_rework_with_infra_noise,strict_gates_passed_after_single_rework_with_infra_retry,sample_audit_plus_infra_log_check,1,1,False,,,2026-05-09T12:12:22Z,/root/work/抗菌肽/数据库/batch/4-team/reports/true_rework_queue_next100_10lane_20260509T075436Z_lane02_latest.json
doi__10.3390_jof6030184,next100_10lane_20260509T075436Z,2,accepted_after_rework,accepted_after_rework,accepted,strict_gates_passed,accepted_after_rework_attempt1,accepted_after_rework,strict_gates_passed_after_single_rework,sample_audit_only,1,0,False,figure2_exact_cytotoxicity_values_not_tabulated;no_local_supplementary_assets_or_table3,,2026-05-09T12:12:22Z,/root/work/抗菌肽/数据库/batch/4-team/reports/true_rework_queue_next100_10lane_20260509T075436Z_lane02_latest.json
doi__10.3390_jof7020129,next100_10lane_20260509T075436Z,2,accepted_after_rework,accepted_after_rework,accepted,strict_gates_passed,accepted_after_rework_attempt1,accepted_after_rework,strict_gates_passed_after_single_rework,sample_audit_only,1,0,False,,,2026-05-09T12:12:22Z,/root/work/抗菌肽/数据库/batch/4-team/reports/true_rework_queue_next100_10lane_20260509T075436Z_lane02_latest.json
doi__10.3390_jof7060439,next100_10lane_20260509T075436Z,2,accepted_after_rework,accepted_after_rework,accepted,strict_gates_passed,accepted_after_rework_attempt1,accepted_after_rework,strict_gates_passed_after_single_rework,sample_audit_only,1,0,False,figure_exact_bar_values_not_tabulated;no_supplementary_assets_in_local_material,,2026-05-09T12:12:22Z,/root/work/抗菌肽/数据库/batch/4-team/reports/true_rework_queue_next100_10lane_20260509T075436Z_lane02_latest.json
doi__10.3390_jof7060457,next100_10lane_20260509T075436Z,2,accepted_after_rework,accepted_after_rework,accepted,strict_gates_passed,accepted_after_rework_attempt1,accepted_after_rework,strict_gates_passed_after_single_rework,sample_audit_only,1,0,False,,,2026-05-09T12:12:22Z,/root/work/抗菌肽/数据库/batch/4-team/reports/true_rework_queue_next100_10lane_20260509T075436Z_lane02_latest.json
doi__10.3390_jof7110941,next100_10lane_20260509T075436Z,2,accepted_after_rework,accepted_after_rework,accepted,strict_gates_passed,accepted_after_rework_attempt1,accepted_after_rework,strict_gates_passed_after_single_rework,sample_audit_only,1,0,False,,,2026-05-09T12:12:22Z,/root/work/抗菌肽/数据库/batch/4-team/reports/true_rework_queue_next100_10lane_20260509T075436Z_lane02_latest.json
doi__10.3390_jof8020174,next100_10lane_20260509T075436Z,2,accepted_after_rework,accepted_after_rework,accepted,strict_gates_passed,accepted_after_rework_attempt1,accepted_after_rework,strict_gates_passed_after_single_rework,sample_audit_only,1,0,False,,,2026-05-09T12:12:22Z,/root/work/抗菌肽/数据库/batch/4-team/reports/true_rework_queue_next100_10lane_20260509T075436Z_lane02_latest.json
doi__10.3390_jof9111115,next100_10lane_20260509T075436Z,2,accepted_after_rework,accepted_after_rework,accepted,strict_gates_passed,accepted_after_rework_attempt1,accepted_after_rework,strict_gates_passed_after_single_rework,sample_audit_only,1,0,False,,,2026-05-09T12:12:22Z,/root/work/抗菌肽/数据库/batch/4-team/reports/true_rework_queue_next100_10lane_20260509T075436Z_lane02_latest.json
doi__10.3390_life15020242,next100_10lane_20260509T075436Z,3,accepted_after_rework,accepted_after_rework,accepted,strict_gates_passed,accepted_after_rework_attempt1_with_infra_retry,accepted_after_rework_with_infra_noise,strict_gates_passed_after_single_rework_with_infra_retry,sample_audit_plus_infra_log_check,1,1,False,figure_only_exact_toxicity_curve_values_not_text_recoverable;requested_main_text_tables_2_3_not_present,,2026-05-09T12:13:00Z,/root/work/抗菌肽/数据库/batch/4-team/reports/true_rework_queue_next100_10lane_20260509T075436Z_lane03_latest.json
doi__10.3390_life15101568,next100_10lane_20260509T075436Z,3,accepted_after_rework,accepted_after_rework,accepted,strict_gates_passed,accepted_after_rework_attempt1,accepted_after_rework,strict_gates_passed_after_single_rework,sample_audit_only,1,0,False,,,2026-05-09T12:13:00Z,/root/work/抗菌肽/数据库/batch/4-team/reports/true_rework_queue_next100_10lane_20260509T075436Z_lane03_latest.json
doi__10.3390_md10122912,next100_10lane_20260509T075436Z,3,accepted_after_rework,accepted_after_rework,accepted,strict_gates_passed,accepted_after_rework_attempt1,accepted_after_rework,strict_gates_passed_after_single_rework,sample_audit_only,1,0,False,no_mic_ic50_cc50_table_for_lajollamide_a,,2026-05-09T12:13:00Z,/root/work/抗菌肽/数据库/batch/4-team/reports/true_rework_queue_next100_10lane_20260509T075436Z_lane03_latest.json
doi__10.3390_md11030944,next100_10lane_20260509T075436Z,3,accepted_after_rework,accepted_after_rework,accepted,strict_gates_passed,accepted_after_rework_attempt1,accepted_after_rework,strict_gates_passed_after_single_rework,sample_audit_only,1,0,False,elisidepsin_exact_sequence_not_present_in_local_primary_material_or_linked_sequence_snapshot,,2026-05-09T12:13:00Z,/root/work/抗菌肽/数据库/batch/4-team/reports/true_rework_queue_next100_10lane_20260509T075436Z_lane03_latest.json
doi__10.3390_md11061836,next100_10lane_20260509T075436Z,3,accepted_after_rework,accepted_after_rework,accepted,strict_gates_passed,accepted_after_rework_attempt1,accepted_after_rework,strict_gates_passed_after_single_rework,sample_audit_only,1,0,False,,,2026-05-09T12:13:00Z,/root/work/抗菌肽/数据库/batch/4-team/reports/true_rework_queue_next100_10lane_20260509T075436Z_lane03_latest.json
doi__10.3390_md11061878,next100_10lane_20260509T075436Z,3,accepted_after_rework,accepted_after_rework,accepted,strict_gates_passed,accepted_after_rework_attempt1,accepted_after_rework,strict_gates_passed_after_single_rework,sample_audit_only,1,0,False,dbamp_packet_identity_fields_absent;no_primary_toxicity_assay_values_reported,,2026-05-09T12:13:00Z,/root/work/抗菌肽/数据库/batch/4-team/reports/true_rework_queue_next100_10lane_20260509T075436Z_lane03_latest.json
doi__10.3390_md11124761,next100_10lane_20260509T075436Z,3,accepted_after_rework,accepted_after_rework,accepted,strict_gates_passed,accepted_after_rework_attempt1,accepted_after_rework,strict_gates_passed_after_single_rework,sample_audit_only,1,0,False,,,2026-05-09T12:13:00Z,/root/work/抗菌肽/数据库/batch/4-team/reports/true_rework_queue_next100_10lane_20260509T075436Z_lane03_latest.json
doi__10.3390_md11124834,next100_10lane_20260509T075436Z,3,accepted_after_rework,accepted_after_rework,accepted,strict_gates_passed,accepted_after_rework_attempt1,accepted_after_rework,strict_gates_passed_after_single_rework,sample_audit_only,1,0,False,linked_sequence_snapshot_absent_but_primary_sequence_recovered;no_direct_antimicrobial_mechanism_assay_reported_locally;no_mic_mbc_or_toxicity_values_reported_locally;supplement_contains_structural_spectra_not_activity_tables,,2026-05-09T12:13:00Z,/root/work/抗菌肽/数据库/batch/4-team/reports/true_rework_queue_next100_10lane_20260509T075436Z_lane03_latest.json
doi__10.3390_md12020871,next100_10lane_20260509T075436Z,3,accepted_after_rework,accepted_after_rework,accepted,strict_gates_passed,accepted_after_rework_attempt1,accepted_after_rework,strict_gates_passed_after_single_rework,sample_audit_only,1,0,False,,,2026-05-09T12:13:00Z,/root/work/抗菌肽/数据库/batch/4-team/reports/true_rework_queue_next100_10lane_20260509T075436Z_lane03_latest.json
doi__10.3390_md12063203,next100_10lane_20260509T075436Z,3,accepted_after_rework,accepted_after_rework,accepted,strict_gates_passed,accepted_after_rework_attempt1,accepted_after_rework,strict_gates_passed_after_single_rework,sample_audit_only,1,0,False,hfb_database_exact_10_percent_killing_not_in_local_primary_text_table,,2026-05-09T12:13:00Z,/root/work/抗菌肽/数据库/batch/4-team/reports/true_rework_queue_next100_10lane_20260509T075436Z_lane03_latest.json
doi__10.3390_md12105240,next100_10lane_20260509T075436Z,4,accepted_after_rework,accepted_after_rework,accepted,strict_gates_passed,accepted_after_rework_attempt1,accepted_after_rework,strict_gates_passed_after_single_rework,sample_audit_only,1,0,False,,,2026-05-09T12:00:33Z,/root/work/抗菌肽/数据库/batch/4-team/reports/true_rework_queue_next100_10lane_20260509T075436Z_lane04_latest.json
doi__10.3390_md12115657,next100_10lane_20260509T075436Z,4,accepted_after_rework,accepted_after_rework,accepted,strict_gates_passed,accepted_after_rework_attempt1,accepted_after_rework,strict_gates_passed_after_single_rework,sample_audit_only,1,0,False,dbaasp_small_molecule_rows_have_no_sequence_snapshot,,2026-05-09T12:00:33Z,/root/work/抗菌肽/数据库/batch/4-team/reports/true_rework_queue_next100_10lane_20260509T075436Z_lane04_latest.json
doi__10.3390_md13031432,next100_10lane_20260509T075436Z,4,accepted_after_rework,accepted_after_rework,accepted,strict_gates_passed,accepted_after_rework_attempt1,accepted_after_rework,strict_gates_passed_after_single_rework,sample_audit_only,1,0,False,,,2026-05-09T12:00:33Z,/root/work/抗菌肽/数据库/batch/4-team/reports/true_rework_queue_next100_10lane_20260509T075436Z_lane04_latest.json
doi__10.3390_md13052602,next100_10lane_20260509T075436Z,4,accepted_after_rework,accepted_after_rework,accepted,strict_gates_passed,accepted_after_rework_attempt1,accepted_after_rework,strict_gates_passed_after_single_rework,sample_audit_only,1,0,False,,,2026-05-09T12:00:33Z,/root/work/抗菌肽/数据库/batch/4-team/reports/true_rework_queue_next100_10lane_20260509T075436Z_lane04_latest.json
doi__10.3390_md13053029,next100_10lane_20260509T075436Z,4,accepted_after_rework,accepted_after_rework,accepted,strict_gates_passed,accepted_after_rework_attempt1,accepted_after_rework,strict_gates_passed_after_single_rework,sample_audit_only,1,0,False,inactive_marker_upper_bounds_not_reported;prior_bacillus_exact_mic_primary_source_not_local;pseudomonas_aeruginosa_strain_not_reported,,2026-05-09T12:00:33Z,/root/work/抗菌肽/数据库/batch/4-team/reports/true_rework_queue_next100_10lane_20260509T075436Z_lane04_latest.json
doi__10.3390_md14040072,next100_10lane_20260509T075436Z,4,accepted_after_rework,accepted_after_rework,accepted,strict_gates_passed,accepted_after_rework_attempt1,accepted_after_rework,strict_gates_passed_after_single_rework,sample_audit_only,1,0,False,,,2026-05-09T12:00:33Z,/root/work/抗菌肽/数据库/batch/4-team/reports/true_rework_queue_next100_10lane_20260509T075436Z_lane04_latest.json
doi__10.3390_md14050096,next100_10lane_20260509T075436Z,4,accepted_after_rework,accepted_after_rework,accepted,strict_gates_passed,accepted_after_rework_attempt1,accepted_after_rework,strict_gates_passed_after_single_rework,sample_audit_only,1,0,False,,,2026-05-09T12:00:33Z,/root/work/抗菌肽/数据库/batch/4-team/reports/true_rework_queue_next100_10lane_20260509T075436Z_lane04_latest.json
doi__10.3390_md14070136,next100_10lane_20260509T075436Z,4,accepted_after_rework,accepted_after_rework,accepted,strict_gates_passed,accepted_after_rework_attempt1,accepted_after_rework,strict_gates_passed_after_single_rework,sample_audit_only,1,0,False,no_structured_activity_table_beyond_primary_prose_threshold;no_toxicity_or_hemolysis_assays_reported_locally;supplement_contains_structural_spectra_not_activity_values,,2026-05-09T12:00:33Z,/root/work/抗菌肽/数据库/batch/4-team/reports/true_rework_queue_next100_10lane_20260509T075436Z_lane04_latest.json
doi__10.3390_md14120227,next100_10lane_20260509T075436Z,4,accepted_after_rework,accepted_after_rework,accepted,strict_gates_passed,accepted_after_rework_attempt1,accepted_after_rework,strict_gates_passed_after_single_rework,sample_audit_only,1,0,False,table3_radial_diffusion_exact_zone_values_not_reported,,2026-05-09T12:00:33Z,/root/work/抗菌肽/数据库/batch/4-team/reports/true_rework_queue_next100_10lane_20260509T075436Z_lane04_latest.json
doi__10.3390_md14120228,next100_10lane_20260509T075436Z,4,accepted_after_rework,accepted_after_rework,accepted,strict_gates_passed,accepted_after_rework_attempt1,accepted_after_rework,strict_gates_passed_after_single_rework,sample_audit_only,1,0,False,,,2026-05-09T12:00:33Z,/root/work/抗菌肽/数据库/batch/4-team/reports/true_rework_queue_next100_10lane_20260509T075436Z_lane04_latest.json
doi__10.3390_md15030078,next100_10lane_20260509T075436Z,5,accepted_after_rework,accepted_after_rework,accepted,strict_gates_passed,accepted_after_rework_attempt1,accepted_after_rework,strict_gates_passed_after_single_rework,sample_audit_only,1,0,False,,,2026-05-09T11:46:07Z,/root/work/抗菌肽/数据库/batch/4-team/reports/true_rework_queue_next100_10lane_20260509T075436Z_lane05_latest.json
doi__10.3390_md15070205,next100_10lane_20260509T075436Z,5,accepted_after_rework,accepted_after_rework,accepted,strict_gates_passed,accepted_after_rework_attempt1,accepted_after_rework,strict_gates_passed_after_single_rework,sample_audit_only,1,0,False,figure_numeric_matrix_not_structured,,2026-05-09T11:46:07Z,/root/work/抗菌肽/数据库/batch/4-team/reports/true_rework_queue_next100_10lane_20260509T075436Z_lane05_latest.json
doi__10.3390_md15080261,next100_10lane_20260509T075436Z,5,accepted_after_rework,accepted_after_rework,accepted,strict_gates_passed,accepted_after_rework_attempt1,accepted_after_rework,strict_gates_passed_after_single_rework,sample_audit_only,1,0,False,,,2026-05-09T11:46:07Z,/root/work/抗菌肽/数据库/batch/4-team/reports/true_rework_queue_next100_10lane_20260509T075436Z_lane05_latest.json
doi__10.3390_md15090287,next100_10lane_20260509T075436Z,5,accepted_after_rework,accepted_after_rework,accepted,strict_gates_passed,accepted_after_rework_attempt1,accepted_after_rework,strict_gates_passed_after_single_rework,sample_audit_only,1,0,False,figure_supplement_exact_curve_points_not_tabulated,,2026-05-09T11:46:07Z,/root/work/抗菌肽/数据库/batch/4-team/reports/true_rework_queue_next100_10lane_20260509T075436Z_lane05_latest.json
doi__10.3390_md15110364,next100_10lane_20260509T075436Z,5,accepted_after_rework,accepted_after_rework,accepted,strict_gates_passed,accepted_after_rework_attempt1,accepted_after_rework,strict_gates_passed_after_single_rework,sample_audit_only,1,0,False,,,2026-05-09T11:46:07Z,/root/work/抗菌肽/数据库/batch/4-team/reports/true_rework_queue_next100_10lane_20260509T075436Z_lane05_latest.json
doi__10.3390_md16090290,next100_10lane_20260509T075436Z,5,accepted_after_rework,accepted_after_rework,accepted,strict_gates_passed,accepted_after_rework_attempt1,accepted_after_rework,strict_gates_passed_after_single_rework,sample_audit_only,1,0,False,,,2026-05-09T11:46:07Z,/root/work/抗菌肽/数据库/batch/4-team/reports/true_rework_queue_next100_10lane_20260509T075436Z_lane05_latest.json
doi__10.3390_md16090305,next100_10lane_20260509T075436Z,5,accepted_after_rework,accepted_after_rework,accepted,strict_gates_passed,accepted_after_rework_attempt1,accepted_after_rework,strict_gates_passed_after_single_rework,sample_audit_only,1,0,False,,,2026-05-09T11:46:07Z,/root/work/抗菌肽/数据库/batch/4-team/reports/true_rework_queue_next100_10lane_20260509T075436Z_lane05_latest.json
doi__10.3390_md16100366,next100_10lane_20260509T075436Z,5,accepted_after_rework,accepted_after_rework,accepted,strict_gates_passed,accepted_after_rework_attempt1,accepted_after_rework,strict_gates_passed_after_single_rework,sample_audit_only,1,0,False,,,2026-05-09T11:46:07Z,/root/work/抗菌肽/数据库/batch/4-team/reports/true_rework_queue_next100_10lane_20260509T075436Z_lane05_latest.json
doi__10.3390_md16110401,next100_10lane_20260509T075436Z,5,accepted_after_rework,accepted_after_rework,accepted,strict_gates_passed,accepted_after_rework_attempt1,accepted_after_rework,strict_gates_passed_after_single_rework,sample_audit_only,1,0,False,,,2026-05-09T11:46:07Z,/root/work/抗菌肽/数据库/batch/4-team/reports/true_rework_queue_next100_10lane_20260509T075436Z_lane05_latest.json
doi__10.3390_md16120466,next100_10lane_20260509T075436Z,5,accepted_after_rework,accepted_after_rework,accepted,strict_gates_passed,accepted_after_rework_attempt1,accepted_after_rework,strict_gates_passed_after_single_rework,sample_audit_only,1,0,False,,,2026-05-09T11:46:07Z,/root/work/抗菌肽/数据库/batch/4-team/reports/true_rework_queue_next100_10lane_20260509T075436Z_lane05_latest.json
doi__10.3390_md17020127,next100_10lane_20260509T075436Z,6,accepted_after_rework,accepted_after_rework,accepted,strict_gates_passed,accepted_after_rework_attempt1,accepted_after_rework,strict_gates_passed_after_single_rework,sample_audit_only,1,0,False,,,2026-05-09T13:10:40Z,/root/work/抗菌肽/数据库/batch/4-team/reports/true_rework_queue_next100_10lane_20260509T075436Z_lane06_latest.json
doi__10.3390_md17030159,next100_10lane_20260509T075436Z,6,accepted_after_rework,accepted_after_rework,accepted,strict_gates_passed,accepted_after_rework_attempt1_with_infra_retry,accepted_after_rework_with_infra_noise,strict_gates_passed_after_single_rework_with_infra_retry,sample_audit_plus_infra_log_check,1,1,False,,,2026-05-09T13:10:40Z,/root/work/抗菌肽/数据库/batch/4-team/reports/true_rework_queue_next100_10lane_20260509T075436Z_lane06_latest.json
doi__10.3390_md17060376,next100_10lane_20260509T075436Z,6,accepted_after_rework,accepted_after_rework,accepted,strict_gates_passed,accepted_after_rework_attempt1_with_infra_retry,accepted_after_rework_with_infra_noise,strict_gates_passed_after_single_rework_with_infra_retry,sample_audit_plus_infra_log_check,1,1,False,,,2026-05-09T13:10:40Z,/root/work/抗菌肽/数据库/batch/4-team/reports/true_rework_queue_next100_10lane_20260509T075436Z_lane06_latest.json
doi__10.3390_md17070413,next100_10lane_20260509T075436Z,6,accepted_after_rework,accepted_after_rework,accepted,strict_gates_passed,accepted_after_rework_attempt1,accepted_after_rework,strict_gates_passed_after_single_rework,sample_audit_only,1,0,False,,,2026-05-09T13:10:40Z,/root/work/抗菌肽/数据库/batch/4-team/reports/true_rework_queue_next100_10lane_20260509T075436Z_lane06_latest.json
doi__10.3390_md17090488,next100_10lane_20260509T075436Z,6,accepted_after_rework,accepted_after_rework,accepted,strict_gates_passed,accepted_after_rework_attempt1,accepted_after_rework,strict_gates_passed_after_single_rework,sample_audit_only,1,0,False,,,2026-05-09T13:10:40Z,/root/work/抗菌肽/数据库/batch/4-team/reports/true_rework_queue_next100_10lane_20260509T075436Z_lane06_latest.json
doi__10.3390_md18010051,next100_10lane_20260509T075436Z,6,accepted_after_rework,accepted_after_rework,accepted,strict_gates_passed,accepted_after_rework_attempt1,accepted_after_rework,strict_gates_passed_after_single_rework,sample_audit_only,1,0,False,,,2026-05-09T13:10:40Z,/root/work/抗菌肽/数据库/batch/4-team/reports/true_rework_queue_next100_10lane_20260509T075436Z_lane06_latest.json
doi__10.3390_md18010056,next100_10lane_20260509T075436Z,6,accepted_after_rework,accepted_after_rework,accepted,strict_gates_passed,accepted_after_rework_attempt1,accepted_after_rework,strict_gates_passed_after_single_rework,sample_audit_only,1,0,False,,,2026-05-09T13:10:40Z,/root/work/抗菌肽/数据库/batch/4-team/reports/true_rework_queue_next100_10lane_20260509T075436Z_lane06_latest.json
doi__10.3390_md18080380,next100_10lane_20260509T075436Z,6,accepted_after_rework,accepted_after_rework,accepted,strict_gates_passed,accepted_after_rework_attempt1,accepted_after_rework,strict_gates_passed_after_single_rework,sample_audit_only,1,0,False,,,2026-05-09T13:10:40Z,/root/work/抗菌肽/数据库/batch/4-team/reports/true_rework_queue_next100_10lane_20260509T075436Z_lane06_latest.json
doi__10.3390_md18110532,next100_10lane_20260509T075436Z,6,accepted_after_rework,accepted_after_rework,accepted,strict_gates_passed,accepted_after_rework_attempt1,accepted_after_rework,strict_gates_passed_after_single_rework,sample_audit_only,1,0,False,,,2026-05-09T13:10:40Z,/root/work/抗菌肽/数据库/batch/4-team/reports/true_rework_queue_next100_10lane_20260509T075436Z_lane06_latest.json
doi__10.3390_md18120620,next100_10lane_20260509T075436Z,6,accepted_after_rework,accepted_after_rework,accepted,strict_gates_passed,accepted_after_rework_attempt1,accepted_after_rework,strict_gates_passed_after_single_rework,sample_audit_only,1,0,False,figure_only_exact_capitellacin_toxicity_percentages;supplement_has_no_activity_table,,2026-05-09T13:10:40Z,/root/work/抗菌肽/数据库/batch/4-team/reports/true_rework_queue_next100_10lane_20260509T075436Z_lane06_latest.json
doi__10.3390_md18120631,next100_10lane_20260509T075436Z,7,accepted_after_rework,accepted_after_rework,accepted,strict_gates_passed,accepted_after_rework_attempt1,accepted_after_rework,strict_gates_passed_after_single_rework,sample_audit_only,1,0,False,,,2026-05-09T12:23:26Z,/root/work/抗菌肽/数据库/batch/4-team/reports/true_rework_queue_next100_10lane_20260509T075436Z_lane07_latest.json
doi__10.3390_md19040232,next100_10lane_20260509T075436Z,7,accepted_after_rework,accepted_after_rework,accepted,strict_gates_passed,accepted_after_rework_attempt1,accepted_after_rework,strict_gates_passed_after_single_rework,sample_audit_only,1,0,False,,,2026-05-09T12:23:26Z,/root/work/抗菌肽/数据库/batch/4-team/reports/true_rework_queue_next100_10lane_20260509T075436Z_lane07_latest.json
doi__10.3390_md19060303,next100_10lane_20260509T075436Z,7,accepted_after_rework,accepted_after_rework,accepted,strict_gates_passed,accepted_after_rework_attempt1_with_infra_retry,accepted_after_rework_with_infra_noise,strict_gates_passed_after_single_rework_with_infra_retry,sample_audit_plus_infra_log_check,1,1,False,,,2026-05-09T12:23:26Z,/root/work/抗菌肽/数据库/batch/4-team/reports/true_rework_queue_next100_10lane_20260509T075436Z_lane07_latest.json
doi__10.3390_md19080451,next100_10lane_20260509T075436Z,7,accepted_after_rework,accepted_after_rework,accepted,strict_gates_passed,accepted_after_rework_attempt1,accepted_after_rework,strict_gates_passed_after_single_rework,sample_audit_only,1,0,False,,,2026-05-09T12:23:26Z,/root/work/抗菌肽/数据库/batch/4-team/reports/true_rework_queue_next100_10lane_20260509T075436Z_lane07_latest.json
doi__10.3390_md19100528,next100_10lane_20260509T075436Z,7,accepted_after_rework,accepted_after_rework,accepted,strict_gates_passed,accepted_after_rework_attempt1,accepted_after_rework,strict_gates_passed_after_single_rework,sample_audit_only,1,0,False,,,2026-05-09T12:23:26Z,/root/work/抗菌肽/数据库/batch/4-team/reports/true_rework_queue_next100_10lane_20260509T075436Z_lane07_latest.json
doi__10.3390_md20010077,next100_10lane_20260509T075436Z,7,accepted_after_rework,accepted_after_rework,accepted,strict_gates_passed,accepted_after_rework_attempt1,accepted_after_rework,strict_gates_passed_after_single_rework,sample_audit_only,1,0,False,,,2026-05-09T12:23:26Z,/root/work/抗菌肽/数据库/batch/4-team/reports/true_rework_queue_next100_10lane_20260509T075436Z_lane07_latest.json
doi__10.3390_md20020085,next100_10lane_20260509T075436Z,7,accepted_after_rework,accepted_after_rework,accepted,strict_gates_passed,accepted_after_rework_attempt1,accepted_after_rework,strict_gates_passed_after_single_rework,sample_audit_only,1,0,False,,,2026-05-09T12:23:26Z,/root/work/抗菌肽/数据库/batch/4-team/reports/true_rework_queue_next100_10lane_20260509T075436Z_lane07_latest.json
doi__10.3390_md20030158,next100_10lane_20260509T075436Z,7,accepted_after_rework,accepted_after_rework,accepted,strict_gates_passed,accepted_after_rework_attempt1,accepted_after_rework,strict_gates_passed_after_single_rework,sample_audit_only,1,0,False,,,2026-05-09T12:23:26Z,/root/work/抗菌肽/数据库/batch/4-team/reports/true_rework_queue_next100_10lane_20260509T075436Z_lane07_latest.json
doi__10.3390_md20030167,next100_10lane_20260509T075436Z,7,accepted_after_rework,accepted_after_rework,accepted,strict_gates_passed,accepted_after_rework_attempt1,accepted_after_rework,strict_gates_passed_after_single_rework,sample_audit_only,1,0,False,,,2026-05-09T12:23:26Z,/root/work/抗菌肽/数据库/batch/4-team/reports/true_rework_queue_next100_10lane_20260509T075436Z_lane07_latest.json
doi__10.3390_md20070451,next100_10lane_20260509T075436Z,7,accepted_after_rework,accepted_after_rework,accepted,strict_gates_passed,accepted_after_rework_attempt1,accepted_after_rework,strict_gates_passed_after_single_rework,sample_audit_only,1,0,False,,,2026-05-09T12:23:26Z,/root/work/抗菌肽/数据库/batch/4-team/reports/true_rework_queue_next100_10lane_20260509T075436Z_lane07_latest.json
doi__10.3390_md20080517,next100_10lane_20260509T075436Z,8,accepted_after_rework,accepted_after_rework,accepted,strict_gates_passed,accepted_after_rework_attempt1,accepted_after_rework,strict_gates_passed_after_single_rework,sample_audit_only,1,0,False,,,2026-05-09T12:19:51Z,/root/work/抗菌肽/数据库/batch/4-team/reports/true_rework_queue_next100_10lane_20260509T075436Z_lane08_latest.json
doi__10.3390_md20100591,next100_10lane_20260509T075436Z,8,accepted_after_rework,accepted_after_rework,accepted,strict_gates_passed,accepted_after_rework_attempt1,accepted_after_rework,strict_gates_passed_after_single_rework,sample_audit_only,1,0,False,figure_exact_bar_values_not_machine_readable;non_ags_target_specific_ic50_values_not_primary_source_mapped;supplementary_zip_contains_spectra_only_no_activity_tables,,2026-05-09T12:19:51Z,/root/work/抗菌肽/数据库/batch/4-team/reports/true_rework_queue_next100_10lane_20260509T075436Z_lane08_latest.json
doi__10.3390_md20100651,next100_10lane_20260509T075436Z,8,accepted_after_rework,accepted_after_rework,accepted,strict_gates_passed,accepted_after_rework_attempt1,accepted_after_rework,strict_gates_passed_after_single_rework,sample_audit_only,1,0,False,,,2026-05-09T12:19:51Z,/root/work/抗菌肽/数据库/batch/4-team/reports/true_rework_queue_next100_10lane_20260509T075436Z_lane08_latest.json
doi__10.3390_md21020074,next100_10lane_20260509T075436Z,8,accepted_after_rework,accepted_after_rework,accepted,strict_gates_passed,accepted_after_rework_attempt1,accepted_after_rework,strict_gates_passed_after_single_rework,sample_audit_only,1,0,False,,,2026-05-09T12:19:51Z,/root/work/抗菌肽/数据库/batch/4-team/reports/true_rework_queue_next100_10lane_20260509T075436Z_lane08_latest.json
doi__10.3390_md22100463,next100_10lane_20260509T075436Z,8,accepted_after_rework,accepted_after_rework,accepted,strict_gates_passed,accepted_after_rework_attempt1,accepted_after_rework,strict_gates_passed_after_single_rework,sample_audit_only,1,0,False,,,2026-05-09T12:19:51Z,/root/work/抗菌肽/数据库/batch/4-team/reports/true_rework_queue_next100_10lane_20260509T075436Z_lane08_latest.json
doi__10.3390_md23080330,next100_10lane_20260509T075436Z,8,accepted_after_rework,accepted_after_rework,accepted,strict_gates_passed,accepted_after_rework_attempt1,accepted_after_rework,strict_gates_passed_after_single_rework,sample_audit_only,1,0,False,,,2026-05-09T12:19:51Z,/root/work/抗菌肽/数据库/batch/4-team/reports/true_rework_queue_next100_10lane_20260509T075436Z_lane08_latest.json
doi__10.3390_md8082384,next100_10lane_20260509T075436Z,8,accepted_after_rework,accepted_after_rework,accepted,strict_gates_passed,accepted_after_rework_attempt1,accepted_after_rework,strict_gates_passed_after_single_rework,sample_audit_only,1,0,False,,,2026-05-09T12:19:51Z,/root/work/抗菌肽/数据库/batch/4-team/reports/true_rework_queue_next100_10lane_20260509T075436Z_lane08_latest.json
doi__10.3390_md9010071,next100_10lane_20260509T075436Z,8,accepted_after_rework,accepted_after_rework,accepted,strict_gates_passed,accepted_after_rework_attempt1,accepted_after_rework,strict_gates_passed_after_single_rework,sample_audit_only,1,0,False,,,2026-05-09T12:19:51Z,/root/work/抗菌肽/数据库/batch/4-team/reports/true_rework_queue_next100_10lane_20260509T075436Z_lane08_latest.json
doi__10.3390_md9101969,next100_10lane_20260509T075436Z,8,accepted_after_rework,accepted_after_rework,accepted,strict_gates_passed,accepted_after_rework_attempt1_with_infra_retry,accepted_after_rework_with_infra_noise,strict_gates_passed_after_single_rework_with_infra_retry,sample_audit_plus_infra_log_check,1,1,False,,,2026-05-09T12:19:51Z,/root/work/抗菌肽/数据库/batch/4-team/reports/true_rework_queue_next100_10lane_20260509T075436Z_lane08_latest.json
doi__10.3390_md9112469,next100_10lane_20260509T075436Z,8,accepted_after_rework,accepted_after_rework,accepted,strict_gates_passed,accepted_after_rework_attempt1,accepted_after_rework,strict_gates_passed_after_single_rework,sample_audit_only,1,0,False,,,2026-05-09T12:19:51Z,/root/work/抗菌肽/数据库/batch/4-team/reports/true_rework_queue_next100_10lane_20260509T075436Z_lane08_latest.json
doi__10.3390_membranes11010048,next100_10lane_20260509T075436Z,9,accepted_after_rework,accepted_after_rework,accepted,strict_gates_passed,accepted_after_rework_attempt1,accepted_after_rework,strict_gates_passed_after_single_rework,sample_audit_only,1,0,False,,,2026-05-09T11:31:27Z,/root/work/抗菌肽/数据库/batch/4-team/reports/true_rework_queue_next100_10lane_20260509T075436Z_lane09_latest.json
doi__10.3390_microorganisms10050881,next100_10lane_20260509T075436Z,9,accepted_after_rework,accepted_after_rework,accepted,strict_gates_passed,accepted_after_rework_attempt1,accepted_after_rework,strict_gates_passed_after_single_rework,sample_audit_only,1,0,False,,,2026-05-09T11:31:27Z,/root/work/抗菌肽/数据库/batch/4-team/reports/true_rework_queue_next100_10lane_20260509T075436Z_lane09_latest.json
doi__10.3390_microorganisms10081538,next100_10lane_20260509T075436Z,9,accepted_after_rework,accepted_after_rework,accepted,strict_gates_passed,accepted_after_rework_attempt1,accepted_after_rework,strict_gates_passed_after_single_rework,sample_audit_only,1,0,False,figure_4_exact_cytotoxicity_percent_not_tabulated;supplementary_numeric_source_tables_absent,,2026-05-09T11:31:27Z,/root/work/抗菌肽/数据库/batch/4-team/reports/true_rework_queue_next100_10lane_20260509T075436Z_lane09_latest.json
doi__10.3390_microorganisms11112778,next100_10lane_20260509T075436Z,9,accepted_after_rework,accepted_after_rework,accepted,strict_gates_passed,accepted_after_rework_attempt1,accepted_after_rework,strict_gates_passed_after_single_rework,sample_audit_only,1,0,False,figure_only_low_concentration_exact_toxicity_values_not_digitized;no_declared_supplementary_assets,,2026-05-09T11:31:27Z,/root/work/抗菌肽/数据库/batch/4-team/reports/true_rework_queue_next100_10lane_20260509T075436Z_lane09_latest.json
doi__10.3390_microorganisms12010177,next100_10lane_20260509T075436Z,9,accepted_after_rework,accepted_after_rework,accepted,strict_gates_passed,accepted_after_rework_attempt1,accepted_after_rework,strict_gates_passed_after_single_rework,sample_audit_only,1,0,False,,,2026-05-09T11:31:27Z,/root/work/抗菌肽/数据库/batch/4-team/reports/true_rework_queue_next100_10lane_20260509T075436Z_lane09_latest.json
doi__10.3390_microorganisms12122648,next100_10lane_20260509T075436Z,9,accepted_after_rework,accepted_after_rework,accepted,strict_gates_passed,accepted_after_rework_attempt1,accepted_after_rework,strict_gates_passed_after_single_rework,sample_audit_only,1,0,False,,,2026-05-09T11:31:27Z,/root/work/抗菌肽/数据库/batch/4-team/reports/true_rework_queue_next100_10lane_20260509T075436Z_lane09_latest.json
doi__10.3390_microorganisms13051091,next100_10lane_20260509T075436Z,9,accepted_after_rework,accepted_after_rework,accepted,strict_gates_passed,accepted_after_rework_attempt1,accepted_after_rework,strict_gates_passed_after_single_rework,sample_audit_only,1,0,False,,,2026-05-09T11:31:27Z,/root/work/抗菌肽/数据库/batch/4-team/reports/true_rework_queue_next100_10lane_20260509T075436Z_lane09_latest.json
doi__10.3390_microorganisms13061381,next100_10lane_20260509T075436Z,9,accepted_after_rework,accepted_after_rework,accepted,strict_gates_passed,accepted_after_rework_attempt1,accepted_after_rework,strict_gates_passed_after_single_rework,sample_audit_only,1,0,False,,,2026-05-09T11:31:27Z,/root/work/抗菌肽/数据库/batch/4-team/reports/true_rework_queue_next100_10lane_20260509T075436Z_lane09_latest.json
doi__10.3390_microorganisms6040106,next100_10lane_20260509T075436Z,9,accepted_after_rework,accepted_after_rework,accepted,strict_gates_passed,accepted_after_rework_attempt1,accepted_after_rework,strict_gates_passed_after_single_rework,sample_audit_only,1,0,False,,,2026-05-09T11:31:27Z,/root/work/抗菌肽/数据库/batch/4-team/reports/true_rework_queue_next100_10lane_20260509T075436Z_lane09_latest.json
doi__10.3390_microorganisms8040582,next100_10lane_20260509T075436Z,9,accepted_after_rework,accepted_after_rework,accepted,strict_gates_passed,accepted_after_rework_attempt1,accepted_after_rework,strict_gates_passed_after_single_rework,sample_audit_only,1,0,False,current_paper_toxicity_assay_not_locally_supported,,2026-05-09T11:31:27Z,/root/work/抗菌肽/数据库/batch/4-team/reports/true_rework_queue_next100_10lane_20260509T075436Z_lane09_latest.json
doi__10.3390_microorganisms8050626,next100_10lane_20260509T075436Z,10,accepted_after_rework,accepted_after_rework,accepted,strict_gates_passed,accepted_after_rework_attempt1,accepted_after_rework,strict_gates_passed_after_single_rework,sample_audit_only,1,0,False,,,2026-05-09T12:32:06Z,/root/work/抗菌肽/数据库/batch/4-team/reports/true_rework_queue_next100_10lane_20260509T075436Z_lane10_latest.json
doi__10.3390_microorganisms8050758,next100_10lane_20260509T075436Z,10,accepted_after_rework,accepted_after_rework,accepted,strict_gates_passed,accepted_after_rework_attempt1_with_infra_retry,accepted_after_rework_with_infra_noise,strict_gates_passed_after_single_rework_with_infra_retry,sample_audit_plus_infra_log_check,1,1,False,,,2026-05-09T12:32:06Z,/root/work/抗菌肽/数据库/batch/4-team/reports/true_rework_queue_next100_10lane_20260509T075436Z_lane10_latest.json
doi__10.3390_microorganisms8060867,next100_10lane_20260509T075436Z,10,accepted_after_rework,accepted_after_rework,accepted,strict_gates_passed,accepted_after_rework_attempt1,accepted_after_rework,strict_gates_passed_after_single_rework,sample_audit_only,1,0,False,,,2026-05-09T12:32:06Z,/root/work/抗菌肽/数据库/batch/4-team/reports/true_rework_queue_next100_10lane_20260509T075436Z_lane10_latest.json
doi__10.3390_microorganisms8101627,next100_10lane_20260509T075436Z,10,accepted_after_rework,accepted_after_rework,accepted,strict_gates_passed,accepted_after_rework_attempt1,accepted_after_rework,strict_gates_passed_after_single_rework,sample_audit_only,1,0,False,supplementary_figure_s1_raw_quadrant_percentages_not_tabulated_nonblocking,,2026-05-09T12:32:06Z,/root/work/抗菌肽/数据库/batch/4-team/reports/true_rework_queue_next100_10lane_20260509T075436Z_lane10_latest.json
doi__10.3390_microorganisms9020222,next100_10lane_20260509T075436Z,10,accepted_after_rework,accepted_after_rework,accepted,strict_gates_passed,accepted_after_rework_attempt1,accepted_after_rework,strict_gates_passed_after_single_rework,sample_audit_only,1,0,False,figure_only_exact_dose_response_values_not_tabulated,,2026-05-09T12:32:06Z,/root/work/抗菌肽/数据库/batch/4-team/reports/true_rework_queue_next100_10lane_20260509T075436Z_lane10_latest.json
doi__10.3390_molecules18010859,next100_10lane_20260509T075436Z,10,accepted_after_rework,accepted_after_rework,accepted,strict_gates_passed,accepted_after_rework_attempt1,accepted_after_rework,strict_gates_passed_after_single_rework,sample_audit_only,1,0,False,exact_figure2_percent_hemolysis_points_not_tabulated;no_local_supplementary_assets_for_this_paper,,2026-05-09T12:32:06Z,/root/work/抗菌肽/数据库/batch/4-team/reports/true_rework_queue_next100_10lane_20260509T075436Z_lane10_latest.json
doi__10.3390_molecules18067058,next100_10lane_20260509T075436Z,10,accepted_after_rework,accepted_after_rework,accepted,strict_gates_passed,accepted_after_rework_attempt1,accepted_after_rework,strict_gates_passed_after_single_rework,sample_audit_only,1,0,False,,,2026-05-09T12:32:06Z,/root/work/抗菌肽/数据库/batch/4-team/reports/true_rework_queue_next100_10lane_20260509T075436Z_lane10_latest.json
doi__10.3390_molecules190810803,next100_10lane_20260509T075436Z,10,accepted_after_rework,accepted_after_rework,accepted,strict_gates_passed,accepted_after_rework_attempt1,accepted_after_rework,strict_gates_passed_after_single_rework,sample_audit_only,1,0,False,figure_curve_exact_values_not_tabulated,,2026-05-09T12:32:06Z,/root/work/抗菌肽/数据库/batch/4-team/reports/true_rework_queue_next100_10lane_20260509T075436Z_lane10_latest.json
doi__10.3390_molecules20022775,next100_10lane_20260509T075436Z,10,accepted_after_rework,accepted_after_rework,accepted,strict_gates_passed,accepted_after_rework_attempt1,accepted_after_rework,strict_gates_passed_after_single_rework,sample_audit_only,1,0,False,,,2026-05-09T12:32:06Z,/root/work/抗菌肽/数据库/batch/4-team/reports/true_rework_queue_next100_10lane_20260509T075436Z_lane10_latest.json
doi__10.3390_molecules20033972,next100_10lane_20260509T075436Z,10,accepted_after_rework,accepted_after_rework,accepted,strict_gates_passed,accepted_after_rework_attempt1,accepted_after_rework,strict_gates_passed_after_single_rework,sample_audit_only,1,0,False,,,2026-05-09T12:32:06Z,/root/work/抗菌肽/数据库/batch/4-team/reports/true_rework_queue_next100_10lane_20260509T075436Z_lane10_latest.json
doi__10.3390_molecules200916278,next100_10lane_20260509T154247Z,1,accepted_after_rework,accepted_after_rework,accepted,strict_gates_passed,accepted_after_rework_attempt1,accepted_after_rework,strict_gates_passed_after_single_rework,sample_audit_only,1,0,False,,,2026-05-09T19:15:52Z,/root/work/抗菌肽/数据库/batch/4-team/reports/true_rework_queue_next100_10lane_20260509T154247Z_lane01_latest.json
doi__10.3390_molecules21020225,next100_10lane_20260509T154247Z,1,accepted_after_rework,accepted_after_rework,accepted,strict_gates_passed,accepted_after_rework_attempt1,accepted_after_rework,strict_gates_passed_after_single_rework,sample_audit_only,1,0,False,,,2026-05-09T19:15:52Z,/root/work/抗菌肽/数据库/batch/4-team/reports/true_rework_queue_next100_10lane_20260509T154247Z_lane01_latest.json
doi__10.3390_molecules21040512,next100_10lane_20260509T154247Z,1,accepted_after_rework,accepted_after_rework,accepted,strict_gates_passed,accepted_after_rework_attempt1,accepted_after_rework,strict_gates_passed_after_single_rework,sample_audit_only,1,0,False,,,2026-05-09T19:15:52Z,/root/work/抗菌肽/数据库/batch/4-team/reports/true_rework_queue_next100_10lane_20260509T154247Z_lane01_latest.json
doi__10.3390_molecules21091223,next100_10lane_20260509T154247Z,1,accepted_after_rework,accepted_after_rework,accepted,strict_gates_passed,accepted_after_rework_attempt1,accepted_after_rework,strict_gates_passed_after_single_rework,sample_audit_only,1,0,False,,,2026-05-09T19:15:52Z,/root/work/抗菌肽/数据库/batch/4-team/reports/true_rework_queue_next100_10lane_20260509T154247Z_lane01_latest.json
doi__10.3390_molecules21111429,next100_10lane_20260509T154247Z,1,accepted_after_rework,accepted_after_rework,accepted,strict_gates_passed,accepted_after_rework_attempt1,accepted_after_rework,strict_gates_passed_after_single_rework,sample_audit_only,1,0,False,,,2026-05-09T19:15:52Z,/root/work/抗菌肽/数据库/batch/4-team/reports/true_rework_queue_next100_10lane_20260509T154247Z_lane01_latest.json
doi__10.3390_molecules21121667,next100_10lane_20260509T154247Z,1,accepted_after_rework,accepted_after_rework,accepted,strict_gates_passed,accepted_after_rework_attempt1,accepted_after_rework,strict_gates_passed_after_single_rework,sample_audit_only,1,0,False,,,2026-05-09T19:15:52Z,/root/work/抗菌肽/数据库/batch/4-team/reports/true_rework_queue_next100_10lane_20260509T154247Z_lane01_latest.json
doi__10.3390_molecules22030452,next100_10lane_20260509T154247Z,1,accepted_after_rework,accepted_after_rework,accepted,strict_gates_passed,accepted_after_rework_attempt1,accepted_after_rework,strict_gates_passed_after_single_rework,sample_audit_only,1,0,False,,,2026-05-09T19:15:52Z,/root/work/抗菌肽/数据库/batch/4-team/reports/true_rework_queue_next100_10lane_20260509T154247Z_lane01_latest.json
doi__10.3390_molecules22060682,next100_10lane_20260509T154247Z,1,accepted_after_rework,accepted_after_rework,accepted,strict_gates_passed,accepted_after_rework_attempt1,accepted_after_rework,strict_gates_passed_after_single_rework,sample_audit_only,1,0,False,,,2026-05-09T19:15:52Z,/root/work/抗菌肽/数据库/batch/4-team/reports/true_rework_queue_next100_10lane_20260509T154247Z_lane01_latest.json
doi__10.3390_molecules22060957,next100_10lane_20260509T154247Z,1,accepted_after_rework,accepted_after_rework,accepted,strict_gates_passed,accepted_after_rework_attempt1,accepted_after_rework,strict_gates_passed_after_single_rework,sample_audit_only,1,0,False,,,2026-05-09T19:15:52Z,/root/work/抗菌肽/数据库/batch/4-team/reports/true_rework_queue_next100_10lane_20260509T154247Z_lane01_latest.json
doi__10.3390_molecules22071054,next100_10lane_20260509T154247Z,1,accepted_after_rework,accepted_after_rework,accepted,strict_gates_passed,accepted_after_rework_attempt1,accepted_after_rework,strict_gates_passed_after_single_rework,sample_audit_only,1,0,False,,,2026-05-09T19:15:52Z,/root/work/抗菌肽/数据库/batch/4-team/reports/true_rework_queue_next100_10lane_20260509T154247Z_lane01_latest.json
doi__10.3390_molecules22091428,next100_10lane_20260509T154247Z,2,accepted_after_rework,accepted_after_rework,accepted,strict_gates_passed,accepted_after_rework_attempt1,accepted_after_rework,strict_gates_passed_after_single_rework,sample_audit_only,1,0,False,,,2026-05-09T19:06:37Z,/root/work/抗菌肽/数据库/batch/4-team/reports/true_rework_queue_next100_10lane_20260509T154247Z_lane02_latest.json
doi__10.3390_molecules22101641,next100_10lane_20260509T154247Z,2,accepted_after_rework,accepted_after_rework,accepted,strict_gates_passed,accepted_after_rework_attempt1,accepted_after_rework,strict_gates_passed_after_single_rework,sample_audit_only,1,0,False,,,2026-05-09T19:06:37Z,/root/work/抗菌肽/数据库/batch/4-team/reports/true_rework_queue_next100_10lane_20260509T154247Z_lane02_latest.json
doi__10.3390_molecules22101805,next100_10lane_20260509T154247Z,2,accepted_after_rework,accepted_after_rework,accepted,strict_gates_passed,accepted_after_rework_attempt1,accepted_after_rework,strict_gates_passed_after_single_rework,sample_audit_only,1,0,False,,,2026-05-09T19:06:37Z,/root/work/抗菌肽/数据库/batch/4-team/reports/true_rework_queue_next100_10lane_20260509T154247Z_lane02_latest.json
doi__10.3390_molecules22111896,next100_10lane_20260509T154247Z,2,accepted_after_rework,accepted_after_rework,accepted,strict_gates_passed,accepted_after_rework_attempt1,accepted_after_rework,strict_gates_passed_after_single_rework,sample_audit_only,1,0,False,,,2026-05-09T19:06:37Z,/root/work/抗菌肽/数据库/batch/4-team/reports/true_rework_queue_next100_10lane_20260509T154247Z_lane02_latest.json
doi__10.3390_molecules22122173,next100_10lane_20260509T154247Z,2,accepted_after_rework,accepted_after_rework,accepted,strict_gates_passed,accepted_after_rework_attempt1,accepted_after_rework,strict_gates_passed_after_single_rework,sample_audit_only,1,0,False,,,2026-05-09T19:06:37Z,/root/work/抗菌肽/数据库/batch/4-team/reports/true_rework_queue_next100_10lane_20260509T154247Z_lane02_latest.json
doi__10.3390_molecules23010214,next100_10lane_20260509T154247Z,2,accepted_after_rework,accepted_after_rework,accepted,strict_gates_passed,accepted_after_rework_attempt1,accepted_after_rework,strict_gates_passed_after_single_rework,sample_audit_only,1,0,False,,,2026-05-09T19:06:37Z,/root/work/抗菌肽/数据库/batch/4-team/reports/true_rework_queue_next100_10lane_20260509T154247Z_lane02_latest.json
doi__10.3390_molecules23020329,next100_10lane_20260509T154247Z,2,accepted_after_rework,accepted_after_rework,accepted,strict_gates_passed,accepted_after_rework_attempt1,accepted_after_rework,strict_gates_passed_after_single_rework,sample_audit_only,1,0,False,,,2026-05-09T19:06:37Z,/root/work/抗菌肽/数据库/batch/4-team/reports/true_rework_queue_next100_10lane_20260509T154247Z_lane02_latest.json
doi__10.3390_molecules23020394,next100_10lane_20260509T154247Z,2,accepted_after_rework,accepted_after_rework,accepted,strict_gates_passed,accepted_after_rework_attempt1,accepted_after_rework,strict_gates_passed_after_single_rework,sample_audit_only,1,0,False,,,2026-05-09T19:06:37Z,/root/work/抗菌肽/数据库/batch/4-team/reports/true_rework_queue_next100_10lane_20260509T154247Z_lane02_latest.json
doi__10.3390_molecules23040801,next100_10lane_20260509T154247Z,2,accepted_after_rework,accepted_after_rework,accepted,strict_gates_passed,accepted_after_rework_attempt1,accepted_after_rework,strict_gates_passed_after_single_rework,sample_audit_only,1,0,False,,,2026-05-09T19:06:37Z,/root/work/抗菌肽/数据库/batch/4-team/reports/true_rework_queue_next100_10lane_20260509T154247Z_lane02_latest.json
doi__10.3390_molecules23040952,next100_10lane_20260509T154247Z,2,accepted_after_rework,accepted_after_rework,accepted,strict_gates_passed,accepted_after_rework_attempt1,accepted_after_rework,strict_gates_passed_after_single_rework,sample_audit_only,1,0,False,,,2026-05-09T19:06:37Z,/root/work/抗菌肽/数据库/batch/4-team/reports/true_rework_queue_next100_10lane_20260509T154247Z_lane02_latest.json
doi__10.3390_molecules23051220,next100_10lane_20260509T154247Z,3,accepted_after_rework,accepted_after_rework,accepted,strict_gates_passed,accepted_after_rework_attempt1,accepted_after_rework,strict_gates_passed_after_single_rework,sample_audit_only,1,0,False,,,2026-05-09T19:00:47Z,/root/work/抗菌肽/数据库/batch/4-team/reports/true_rework_queue_next100_10lane_20260509T154247Z_lane03_latest.json
doi__10.3390_molecules23061491,next100_10lane_20260509T154247Z,3,accepted_after_rework,accepted_after_rework,accepted,strict_gates_passed,accepted_after_rework_attempt1,accepted_after_rework,strict_gates_passed_after_single_rework,sample_audit_only,1,0,False,,,2026-05-09T19:00:47Z,/root/work/抗菌肽/数据库/batch/4-team/reports/true_rework_queue_next100_10lane_20260509T154247Z_lane03_latest.json
doi__10.3390_molecules23071603,next100_10lane_20260509T154247Z,3,accepted_after_rework,accepted_after_rework,accepted,strict_gates_passed,accepted_after_rework_attempt1,accepted_after_rework,strict_gates_passed_after_single_rework,sample_audit_only,1,0,False,,,2026-05-09T19:00:47Z,/root/work/抗菌肽/数据库/batch/4-team/reports/true_rework_queue_next100_10lane_20260509T154247Z_lane03_latest.json
doi__10.3390_molecules23082026,next100_10lane_20260509T154247Z,3,accepted_after_rework,accepted_after_rework,accepted,strict_gates_passed,accepted_after_rework_attempt1,accepted_after_rework,strict_gates_passed_after_single_rework,sample_audit_only,1,0,False,,,2026-05-09T19:00:47Z,/root/work/抗菌肽/数据库/batch/4-team/reports/true_rework_queue_next100_10lane_20260509T154247Z_lane03_latest.json
doi__10.3390_molecules23092179,next100_10lane_20260509T154247Z,3,accepted_after_rework,accepted_after_rework,accepted,strict_gates_passed,accepted_after_rework_attempt1,accepted_after_rework,strict_gates_passed_after_single_rework,sample_audit_only,1,0,False,,,2026-05-09T19:00:47Z,/root/work/抗菌肽/数据库/batch/4-team/reports/true_rework_queue_next100_10lane_20260509T154247Z_lane03_latest.json
doi__10.3390_molecules23092245,next100_10lane_20260509T154247Z,3,accepted_after_rework,accepted_after_rework,accepted,strict_gates_passed,accepted_after_rework_attempt1,accepted_after_rework,strict_gates_passed_after_single_rework,sample_audit_only,1,0,False,,,2026-05-09T19:00:47Z,/root/work/抗菌肽/数据库/batch/4-team/reports/true_rework_queue_next100_10lane_20260509T154247Z_lane03_latest.json
doi__10.3390_molecules23092246,next100_10lane_20260509T154247Z,3,accepted_after_rework,accepted_after_rework,accepted,strict_gates_passed,accepted_after_rework_attempt1,accepted_after_rework,strict_gates_passed_after_single_rework,sample_audit_only,1,0,False,,,2026-05-09T19:00:47Z,/root/work/抗菌肽/数据库/batch/4-team/reports/true_rework_queue_next100_10lane_20260509T154247Z_lane03_latest.json
doi__10.3390_molecules23102722,next100_10lane_20260509T154247Z,3,accepted_after_rework,accepted_after_rework,accepted,strict_gates_passed,accepted_after_rework_attempt1,accepted_after_rework,strict_gates_passed_after_single_rework,sample_audit_only,1,0,False,,,2026-05-09T19:00:47Z,/root/work/抗菌肽/数据库/batch/4-team/reports/true_rework_queue_next100_10lane_20260509T154247Z_lane03_latest.json
doi__10.3390_molecules23112785,next100_10lane_20260509T154247Z,3,accepted_after_rework,accepted_after_rework,accepted,strict_gates_passed,accepted_after_rework_attempt1,accepted_after_rework,strict_gates_passed_after_single_rework,sample_audit_only,1,0,False,apd6_database_aggregate_values_not_in_local_primary_source;figure4_curve_points_not_digitized_beyond_text_ec50,,2026-05-09T19:00:47Z,/root/work/抗菌肽/数据库/batch/4-team/reports/true_rework_queue_next100_10lane_20260509T154247Z_lane03_latest.json
doi__10.3390_molecules23112943,next100_10lane_20260509T154247Z,3,accepted_after_rework,accepted_after_rework,accepted,strict_gates_passed,accepted_after_rework_attempt1,accepted_after_rework,strict_gates_passed_after_single_rework,sample_audit_only,1,0,False,figure3_intermediate_hemolysis_percentages_not_tabulated,,2026-05-09T19:00:47Z,/root/work/抗菌肽/数据库/batch/4-team/reports/true_rework_queue_next100_10lane_20260509T154247Z_lane03_latest.json
doi__10.3390_molecules23113003,next100_10lane_20260509T154247Z,4,accepted_after_rework,accepted_after_rework,accepted,strict_gates_passed,accepted_after_rework_attempt1,accepted_after_rework,strict_gates_passed_after_single_rework,sample_audit_only,1,0,False,,,2026-05-09T19:23:32Z,/root/work/抗菌肽/数据库/batch/4-team/reports/true_rework_queue_next100_10lane_20260509T154247Z_lane04_latest.json
doi__10.3390_molecules23123314,next100_10lane_20260509T154247Z,4,accepted_after_rework,accepted_after_rework,accepted,strict_gates_passed,accepted_after_rework_attempt1,accepted_after_rework,strict_gates_passed_after_single_rework,sample_audit_only,1,0,False,,,2026-05-09T19:23:32Z,/root/work/抗菌肽/数据库/batch/4-team/reports/true_rework_queue_next100_10lane_20260509T154247Z_lane04_latest.json
doi__10.3390_molecules24061121,next100_10lane_20260509T154247Z,4,accepted_after_rework,accepted_after_rework,accepted,strict_gates_passed,accepted_after_rework_attempt1,accepted_after_rework,strict_gates_passed_after_single_rework,sample_audit_only,1,0,False,figure_s2_no_individual_isolate_matrix;non_dbaasp_database_sequence_rows_without_primary_sequence_locator;supplement_table_s2_unit_not_explicit_in_table_body,,2026-05-09T19:23:32Z,/root/work/抗菌肽/数据库/batch/4-team/reports/true_rework_queue_next100_10lane_20260509T154247Z_lane04_latest.json
doi__10.3390_molecules24061134,next100_10lane_20260509T154247Z,4,accepted_after_rework,accepted_after_rework,accepted,strict_gates_passed,accepted_after_rework_attempt1,accepted_after_rework,strict_gates_passed_after_single_rework,sample_audit_only,1,0,False,,,2026-05-09T19:23:32Z,/root/work/抗菌肽/数据库/batch/4-team/reports/true_rework_queue_next100_10lane_20260509T154247Z_lane04_latest.json
doi__10.3390_molecules24112077,next100_10lane_20260509T154247Z,4,accepted_after_rework,accepted_after_rework,accepted,strict_gates_passed,accepted_after_rework_attempt1,accepted_after_rework,strict_gates_passed_after_single_rework,sample_audit_only,1,0,False,figure2c_exact_hemolysis_percent_not_tabulated,,2026-05-09T19:23:32Z,/root/work/抗菌肽/数据库/batch/4-team/reports/true_rework_queue_next100_10lane_20260509T154247Z_lane04_latest.json
doi__10.3390_molecules24162974,next100_10lane_20260509T154247Z,4,accepted_after_rework,accepted_after_rework,accepted,strict_gates_passed,accepted_after_rework_attempt1,accepted_after_rework,strict_gates_passed_after_single_rework,sample_audit_only,1,0,False,,,2026-05-09T19:23:32Z,/root/work/抗菌肽/数据库/batch/4-team/reports/true_rework_queue_next100_10lane_20260509T154247Z_lane04_latest.json
doi__10.3390_molecules24162987,next100_10lane_20260509T154247Z,4,accepted_after_rework,accepted_after_rework,accepted,strict_gates_passed,accepted_after_rework_attempt1,accepted_after_rework,strict_gates_passed_after_single_rework,sample_audit_only,1,0,False,,,2026-05-09T19:23:32Z,/root/work/抗菌肽/数据库/batch/4-team/reports/true_rework_queue_next100_10lane_20260509T154247Z_lane04_latest.json
doi__10.3390_molecules24224173,next100_10lane_20260509T154247Z,4,accepted_after_rework,accepted_after_rework,accepted,strict_gates_passed,accepted_after_rework_attempt1,accepted_after_rework,strict_gates_passed_after_single_rework,sample_audit_only,1,0,False,,,2026-05-09T19:23:32Z,/root/work/抗菌肽/数据库/batch/4-team/reports/true_rework_queue_next100_10lane_20260509T154247Z_lane04_latest.json
doi__10.3390_molecules24244560,next100_10lane_20260509T154247Z,4,accepted_after_rework,accepted_after_rework,accepted,strict_gates_passed,accepted_after_rework_attempt1,accepted_after_rework,strict_gates_passed_after_single_rework,sample_audit_only,1,0,False,,,2026-05-09T19:23:32Z,/root/work/抗菌肽/数据库/batch/4-team/reports/true_rework_queue_next100_10lane_20260509T154247Z_lane04_latest.json
doi__10.3390_molecules24244571,next100_10lane_20260509T154247Z,4,accepted_after_rework,accepted_after_rework,accepted,strict_gates_passed,accepted_after_rework_attempt1,accepted_after_rework,strict_gates_passed_after_single_rework,sample_audit_only,1,0,False,,,2026-05-09T19:23:32Z,/root/work/抗菌肽/数据库/batch/4-team/reports/true_rework_queue_next100_10lane_20260509T154247Z_lane04_latest.json
doi__10.3390_molecules25020257,next100_10lane_20260509T154247Z,5,blocked_after_best_effort,blocked_rework_cap_unresolved,blocked_quality_gate_unresolved,bounded_rework_limit_reached,blocked_quality_gate_rework_cap_unresolved,blocked_quality_gate_unresolved,bounded_rework_limit_reached,retry_only_with_more_specific_owner_context,1,0,False,obtainable_only_source_gap_documented;supplementary_table_s2_absent_from_local_package,,2026-05-09T18:55:08Z,/root/work/抗菌肽/数据库/batch/4-team/reports/true_rework_queue_next100_10lane_20260509T154247Z_lane05_latest.json
doi__10.3390_molecules25030485,next100_10lane_20260509T154247Z,5,accepted_after_rework,accepted_after_rework,accepted,strict_gates_passed,accepted_after_rework_attempt1,accepted_after_rework,strict_gates_passed_after_single_rework,sample_audit_only,1,0,False,,,2026-05-09T18:55:08Z,/root/work/抗菌肽/数据库/batch/4-team/reports/true_rework_queue_next100_10lane_20260509T154247Z_lane05_latest.json
doi__10.3390_molecules25092027,next100_10lane_20260509T154247Z,5,accepted_after_rework,accepted_after_rework,accepted,strict_gates_passed,accepted_after_rework_attempt1,accepted_after_rework,strict_gates_passed_after_single_rework,sample_audit_only,1,0,False,,,2026-05-09T18:55:08Z,/root/work/抗菌肽/数据库/batch/4-team/reports/true_rework_queue_next100_10lane_20260509T154247Z_lane05_latest.json
doi__10.3390_molecules25163676,next100_10lane_20260509T154247Z,5,accepted_after_rework,accepted_after_rework,accepted,strict_gates_passed,accepted_after_rework_attempt1,accepted_after_rework,strict_gates_passed_after_single_rework,sample_audit_only,1,0,False,,,2026-05-09T18:55:08Z,/root/work/抗菌肽/数据库/batch/4-team/reports/true_rework_queue_next100_10lane_20260509T154247Z_lane05_latest.json
doi__10.3390_molecules25215035,next100_10lane_20260509T154247Z,5,accepted_after_rework,accepted_after_rework,accepted,strict_gates_passed,accepted_after_rework_attempt1,accepted_after_rework,strict_gates_passed_after_single_rework,sample_audit_only,1,0,False,,,2026-05-09T18:55:08Z,/root/work/抗菌肽/数据库/batch/4-team/reports/true_rework_queue_next100_10lane_20260509T154247Z_lane05_latest.json
doi__10.3390_molecules26010165,next100_10lane_20260509T154247Z,5,accepted_after_rework,accepted_after_rework,accepted,strict_gates_passed,accepted_after_rework_attempt1,accepted_after_rework,strict_gates_passed_after_single_rework,sample_audit_only,1,0,False,exact_figure_curve_points_not_tabulated;supplementary_assets_absent_in_local_packet,,2026-05-09T18:55:08Z,/root/work/抗菌肽/数据库/batch/4-team/reports/true_rework_queue_next100_10lane_20260509T154247Z_lane05_latest.json
doi__10.3390_molecules26020444,next100_10lane_20260509T154247Z,5,accepted_after_rework,accepted_after_rework,accepted,strict_gates_passed,accepted_after_rework_attempt1,accepted_after_rework,strict_gates_passed_after_single_rework,sample_audit_only,1,0,False,,,2026-05-09T18:55:08Z,/root/work/抗菌肽/数据库/batch/4-team/reports/true_rework_queue_next100_10lane_20260509T154247Z_lane05_latest.json
doi__10.3390_molecules26071954,next100_10lane_20260509T154247Z,5,accepted_after_rework,accepted_after_rework,accepted,strict_gates_passed,accepted_after_rework_attempt1,accepted_after_rework,strict_gates_passed_after_single_rework,sample_audit_only,1,0,False,exact_npn_figure_values_not_table_recoverable,,2026-05-09T18:55:08Z,/root/work/抗菌肽/数据库/batch/4-team/reports/true_rework_queue_next100_10lane_20260509T154247Z_lane05_latest.json
doi__10.3390_molecules26072059,next100_10lane_20260509T154247Z,5,accepted_after_rework,accepted_after_rework,accepted,strict_gates_passed,accepted_after_rework_attempt1,accepted_after_rework,strict_gates_passed_after_single_rework,sample_audit_only,1,0,False,figure_exact_numeric_values_image_only,,2026-05-09T18:55:08Z,/root/work/抗菌肽/数据库/batch/4-team/reports/true_rework_queue_next100_10lane_20260509T154247Z_lane05_latest.json
doi__10.3390_molecules26123624,next100_10lane_20260509T154247Z,5,accepted_after_rework,accepted_after_rework,accepted,strict_gates_passed,accepted_after_rework_attempt1,accepted_after_rework,strict_gates_passed_after_single_rework,sample_audit_only,1,0,False,,,2026-05-09T18:55:08Z,/root/work/抗菌肽/数据库/batch/4-team/reports/true_rework_queue_next100_10lane_20260509T154247Z_lane05_latest.json
doi__10.3390_molecules26154654,next100_10lane_20260509T154247Z,6,accepted_after_rework,accepted_after_rework,accepted,strict_gates_passed,accepted_after_rework_attempt1,accepted_after_rework,strict_gates_passed_after_single_rework,sample_audit_only,1,0,False,,,2026-05-09T19:21:11Z,/root/work/抗菌肽/数据库/batch/4-team/reports/true_rework_queue_next100_10lane_20260509T154247Z_lane06_latest.json
doi__10.3390_molecules26195767,next100_10lane_20260509T154247Z,6,accepted_after_rework,accepted_after_rework,accepted,strict_gates_passed,accepted_after_rework_attempt1,accepted_after_rework,strict_gates_passed_after_single_rework,sample_audit_only,1,0,False,,,2026-05-09T19:21:11Z,/root/work/抗菌肽/数据库/batch/4-team/reports/true_rework_queue_next100_10lane_20260509T154247Z_lane06_latest.json
doi__10.3390_molecules26195872,next100_10lane_20260509T154247Z,6,accepted_after_rework,accepted_after_rework,accepted,strict_gates_passed,accepted_after_rework_attempt1,accepted_after_rework,strict_gates_passed_after_single_rework,sample_audit_only,1,0,False,,,2026-05-09T19:21:11Z,/root/work/抗菌肽/数据库/batch/4-team/reports/true_rework_queue_next100_10lane_20260509T154247Z_lane06_latest.json
doi__10.3390_molecules26237275,next100_10lane_20260509T154247Z,6,accepted_after_rework,accepted_after_rework,accepted,strict_gates_passed,accepted_after_rework_attempt1,accepted_after_rework,strict_gates_passed_after_single_rework,sample_audit_only,1,0,False,,,2026-05-09T19:21:11Z,/root/work/抗菌肽/数据库/batch/4-team/reports/true_rework_queue_next100_10lane_20260509T154247Z_lane06_latest.json
doi__10.3390_molecules27020561,next100_10lane_20260509T154247Z,6,accepted_after_rework,accepted_after_rework,accepted,strict_gates_passed,accepted_after_rework_attempt1,accepted_after_rework,strict_gates_passed_after_single_rework,sample_audit_only,1,0,False,,,2026-05-09T19:21:11Z,/root/work/抗菌肽/数据库/batch/4-team/reports/true_rework_queue_next100_10lane_20260509T154247Z_lane06_latest.json
doi__10.3390_molecules27113552,next100_10lane_20260509T154247Z,6,accepted_after_rework,accepted_after_rework,accepted,strict_gates_passed,accepted_after_rework_attempt1,accepted_after_rework,strict_gates_passed_after_single_rework,sample_audit_only,1,0,False,exact_figure_bar_values_not_machine_recovered;no_local_supplementary_assets,,2026-05-09T19:21:11Z,/root/work/抗菌肽/数据库/batch/4-team/reports/true_rework_queue_next100_10lane_20260509T154247Z_lane06_latest.json
doi__10.3390_molecules27113554,next100_10lane_20260509T154247Z,6,accepted_after_rework,accepted_after_rework,accepted,strict_gates_passed,accepted_after_rework_attempt1,accepted_after_rework,strict_gates_passed_after_single_rework,sample_audit_only,1,0,False,,,2026-05-09T19:21:11Z,/root/work/抗菌肽/数据库/batch/4-team/reports/true_rework_queue_next100_10lane_20260509T154247Z_lane06_latest.json
doi__10.3390_molecules27238452,next100_10lane_20260509T154247Z,6,accepted_after_rework,accepted_after_rework,accepted,strict_gates_passed,accepted_after_rework_attempt1,accepted_after_rework,strict_gates_passed_after_single_rework,sample_audit_only,1,0,False,,,2026-05-09T19:21:11Z,/root/work/抗菌肽/数据库/batch/4-team/reports/true_rework_queue_next100_10lane_20260509T154247Z_lane06_latest.json
doi__10.3390_molecules28041993,next100_10lane_20260509T154247Z,6,accepted_after_rework,accepted_after_rework,accepted,strict_gates_passed,accepted_after_rework_attempt1,accepted_after_rework,strict_gates_passed_after_single_rework,sample_audit_only,1,0,False,,,2026-05-09T19:21:11Z,/root/work/抗菌肽/数据库/batch/4-team/reports/true_rework_queue_next100_10lane_20260509T154247Z_lane06_latest.json
doi__10.3390_molecules28124779,next100_10lane_20260509T154247Z,6,accepted_after_rework,accepted_after_rework,accepted,strict_gates_passed,accepted_after_rework_attempt1,accepted_after_rework,strict_gates_passed_after_single_rework,sample_audit_only,1,0,False,,,2026-05-09T19:21:11Z,/root/work/抗菌肽/数据库/batch/4-team/reports/true_rework_queue_next100_10lane_20260509T154247Z_lane06_latest.json
doi__10.3390_molecules28186558,next100_10lane_20260509T154247Z,7,accepted_after_rework,accepted_after_rework,accepted,strict_gates_passed,accepted_after_rework_attempt1,accepted_after_rework,strict_gates_passed_after_single_rework,sample_audit_only,1,0,False,,,2026-05-09T19:11:37Z,/root/work/抗菌肽/数据库/batch/4-team/reports/true_rework_queue_next100_10lane_20260509T154247Z_lane07_latest.json
doi__10.3390_molecules29051181,next100_10lane_20260509T154247Z,7,accepted_after_rework,accepted_after_rework,accepted,strict_gates_passed,accepted_after_rework_attempt1,accepted_after_rework,strict_gates_passed_after_single_rework,sample_audit_only,1,0,False,,,2026-05-09T19:11:37Z,/root/work/抗菌肽/数据库/batch/4-team/reports/true_rework_queue_next100_10lane_20260509T154247Z_lane07_latest.json
doi__10.3390_molecules29071534,next100_10lane_20260509T154247Z,7,accepted_after_rework,accepted_after_rework,accepted,strict_gates_passed,accepted_after_rework_attempt1,accepted_after_rework,strict_gates_passed_after_single_rework,sample_audit_only,1,0,False,,,2026-05-09T19:11:37Z,/root/work/抗菌肽/数据库/batch/4-team/reports/true_rework_queue_next100_10lane_20260509T154247Z_lane07_latest.json
doi__10.3390_nano12203691,next100_10lane_20260509T154247Z,7,accepted_after_rework,accepted_after_rework,accepted,strict_gates_passed,accepted_after_rework_attempt1,accepted_after_rework,strict_gates_passed_after_single_rework,sample_audit_only,1,0,False,,,2026-05-09T19:11:37Z,/root/work/抗菌肽/数据库/batch/4-team/reports/true_rework_queue_next100_10lane_20260509T154247Z_lane07_latest.json
doi__10.3390_ph11010003,next100_10lane_20260509T154247Z,7,accepted_after_rework,accepted_after_rework,accepted,strict_gates_passed,accepted_after_rework_attempt1,accepted_after_rework,strict_gates_passed_after_single_rework,sample_audit_only,1,0,False,database_ic50_exact_275_not_primary_supported,,2026-05-09T19:11:37Z,/root/work/抗菌肽/数据库/batch/4-team/reports/true_rework_queue_next100_10lane_20260509T154247Z_lane07_latest.json
doi__10.3390_ph11010020,next100_10lane_20260509T154247Z,7,accepted_after_rework,accepted_after_rework,accepted,strict_gates_passed,accepted_after_rework_attempt1,accepted_after_rework,strict_gates_passed_after_single_rework,sample_audit_only,1,0,False,,,2026-05-09T19:11:37Z,/root/work/抗菌肽/数据库/batch/4-team/reports/true_rework_queue_next100_10lane_20260509T154247Z_lane07_latest.json
doi__10.3390_ph12020082,next100_10lane_20260509T154247Z,7,accepted_after_rework,accepted_after_rework,accepted,strict_gates_passed,accepted_after_rework_attempt1,accepted_after_rework,strict_gates_passed_after_single_rework,sample_audit_only,1,0,False,figure3_exact_viability_values_not_source_exact,,2026-05-09T19:11:37Z,/root/work/抗菌肽/数据库/batch/4-team/reports/true_rework_queue_next100_10lane_20260509T154247Z_lane07_latest.json
doi__10.3390_ph14040304,next100_10lane_20260509T154247Z,7,accepted_after_rework,accepted_after_rework,accepted,strict_gates_passed,accepted_after_rework_attempt1_with_infra_retry,accepted_after_rework_with_infra_noise,strict_gates_passed_after_single_rework_with_infra_retry,sample_audit_plus_infra_log_check,1,1,False,,,2026-05-09T19:11:37Z,/root/work/抗菌肽/数据库/batch/4-team/reports/true_rework_queue_next100_10lane_20260509T154247Z_lane07_latest.json
doi__10.3390_ph14100956,next100_10lane_20260509T154247Z,7,accepted_after_rework,accepted_after_rework,accepted,strict_gates_passed,accepted_after_rework_attempt1,accepted_after_rework,strict_gates_passed_after_single_rework,sample_audit_only,1,0,False,,,2026-05-09T19:11:37Z,/root/work/抗菌肽/数据库/batch/4-team/reports/true_rework_queue_next100_10lane_20260509T154247Z_lane07_latest.json
doi__10.3390_ph14121245,next100_10lane_20260509T154247Z,7,accepted_after_rework,accepted_after_rework,accepted,strict_gates_passed,accepted_after_rework_attempt1,accepted_after_rework,strict_gates_passed_after_single_rework,sample_audit_only,1,0,False,database_only_dramp_hela_cytotoxicity_not_in_primary_material,,2026-05-09T19:11:37Z,/root/work/抗菌肽/数据库/batch/4-team/reports/true_rework_queue_next100_10lane_20260509T154247Z_lane07_latest.json
doi__10.3390_ph16101356,next100_10lane_20260509T154247Z,8,accepted_after_rework,accepted_after_rework,accepted,strict_gates_passed,accepted_after_rework_attempt1,accepted_after_rework,strict_gates_passed_after_single_rework,sample_audit_only,1,0,False,,,2026-05-09T19:03:05Z,/root/work/抗菌肽/数据库/batch/4-team/reports/true_rework_queue_next100_10lane_20260509T154247Z_lane08_latest.json
doi__10.3390_ph17020171,next100_10lane_20260509T154247Z,8,accepted_after_rework,accepted_after_rework,accepted,strict_gates_passed,accepted_after_rework_attempt1,accepted_after_rework,strict_gates_passed_after_single_rework,sample_audit_only,1,0,False,no_local_supplementary_assets_present,,2026-05-09T19:03:05Z,/root/work/抗菌肽/数据库/batch/4-team/reports/true_rework_queue_next100_10lane_20260509T154247Z_lane08_latest.json
doi__10.3390_ph2020049,next100_10lane_20260509T154247Z,8,accepted_after_rework,accepted_after_rework,accepted,strict_gates_passed,accepted_after_rework_attempt1,accepted_after_rework,strict_gates_passed_after_single_rework,sample_audit_only,1,0,False,,,2026-05-09T19:03:05Z,/root/work/抗菌肽/数据库/batch/4-team/reports/true_rework_queue_next100_10lane_20260509T154247Z_lane08_latest.json
doi__10.3390_ph3123594,next100_10lane_20260509T154247Z,8,accepted_after_rework,accepted_after_rework,accepted,strict_gates_passed,accepted_after_rework_attempt1,accepted_after_rework,strict_gates_passed_after_single_rework,sample_audit_only,1,0,False,,,2026-05-09T19:03:05Z,/root/work/抗菌肽/数据库/batch/4-team/reports/true_rework_queue_next100_10lane_20260509T154247Z_lane08_latest.json
doi__10.3390_ph7010058,next100_10lane_20260509T154247Z,8,accepted_after_rework,accepted_after_rework,accepted,strict_gates_passed,accepted_after_rework_attempt1,accepted_after_rework,strict_gates_passed_after_single_rework,sample_audit_only,1,0,False,,,2026-05-09T19:03:05Z,/root/work/抗菌肽/数据库/batch/4-team/reports/true_rework_queue_next100_10lane_20260509T154247Z_lane08_latest.json
doi__10.3390_ph7040366,next100_10lane_20260509T154247Z,8,accepted_after_rework,accepted_after_rework,accepted,strict_gates_passed,accepted_after_rework_attempt1,accepted_after_rework,strict_gates_passed_after_single_rework,sample_audit_only,1,0,False,,,2026-05-09T19:03:05Z,/root/work/抗菌肽/数据库/batch/4-team/reports/true_rework_queue_next100_10lane_20260509T154247Z_lane08_latest.json
doi__10.3390_ph7040482,next100_10lane_20260509T154247Z,8,accepted_after_rework,accepted_after_rework,accepted,strict_gates_passed,accepted_after_rework_attempt1,accepted_after_rework,strict_gates_passed_after_single_rework,sample_audit_only,1,0,False,,,2026-05-09T19:03:05Z,/root/work/抗菌肽/数据库/batch/4-team/reports/true_rework_queue_next100_10lane_20260509T154247Z_lane08_latest.json
doi__10.3390_ph7050502,next100_10lane_20260509T154247Z,8,accepted_after_rework,accepted_after_rework,accepted,strict_gates_passed,accepted_after_rework_attempt1,accepted_after_rework,strict_gates_passed_after_single_rework,sample_audit_only,1,0,False,,,2026-05-09T19:03:05Z,/root/work/抗菌肽/数据库/batch/4-team/reports/true_rework_queue_next100_10lane_20260509T154247Z_lane08_latest.json
doi__10.3390_ph8030483,next100_10lane_20260509T154247Z,8,accepted_after_rework,accepted_after_rework,accepted,strict_gates_passed,accepted_after_rework_attempt1,accepted_after_rework,strict_gates_passed_after_single_rework,sample_audit_only,1,0,False,,,2026-05-09T19:03:05Z,/root/work/抗菌肽/数据库/batch/4-team/reports/true_rework_queue_next100_10lane_20260509T154247Z_lane08_latest.json
doi__10.3390_pharmaceutics11100506,next100_10lane_20260509T154247Z,8,accepted_after_rework,accepted_after_rework,accepted,strict_gates_passed,accepted_after_rework_attempt1,accepted_after_rework,strict_gates_passed_after_single_rework,sample_audit_only,1,0,False,,,2026-05-09T19:03:05Z,/root/work/抗菌肽/数据库/batch/4-team/reports/true_rework_queue_next100_10lane_20260509T154247Z_lane08_latest.json
doi__10.3390_pharmaceutics12111071,next100_10lane_20260509T154247Z,9,accepted_after_rework,accepted_after_rework,accepted,strict_gates_passed,accepted_after_rework_attempt1,accepted_after_rework,strict_gates_passed_after_single_rework,sample_audit_only,1,0,False,,,2026-05-09T19:31:19Z,/root/work/抗菌肽/数据库/batch/4-team/reports/true_rework_queue_next100_10lane_20260509T154247Z_lane09_latest.json
doi__10.3390_pharmaceutics13040578,next100_10lane_20260509T154247Z,9,accepted_after_rework,accepted_after_rework,accepted,strict_gates_passed,accepted_after_rework_attempt1,accepted_after_rework,strict_gates_passed_after_single_rework,sample_audit_only,1,0,False,,,2026-05-09T19:31:19Z,/root/work/抗菌肽/数据库/batch/4-team/reports/true_rework_queue_next100_10lane_20260509T154247Z_lane09_latest.json
doi__10.3390_pharmaceutics14020454,next100_10lane_20260509T154247Z,9,accepted_after_rework,accepted_after_rework,accepted,strict_gates_passed,accepted_after_rework_attempt1,accepted_after_rework,strict_gates_passed_after_single_rework,sample_audit_only,1,0,False,,,2026-05-09T19:31:19Z,/root/work/抗菌肽/数据库/batch/4-team/reports/true_rework_queue_next100_10lane_20260509T154247Z_lane09_latest.json
doi__10.3390_pharmaceutics14030604,next100_10lane_20260509T154247Z,9,accepted_after_rework,accepted_after_rework,accepted,strict_gates_passed,accepted_after_rework_attempt1,accepted_after_rework,strict_gates_passed_after_single_rework,sample_audit_only,1,0,False,,,2026-05-09T19:31:19Z,/root/work/抗菌肽/数据库/batch/4-team/reports/true_rework_queue_next100_10lane_20260509T154247Z_lane09_latest.json
doi__10.3390_pharmaceutics14040693,next100_10lane_20260509T154247Z,9,blocked_after_best_effort,blocked_rework_cap_unresolved,blocked_quality_gate_unresolved,bounded_rework_limit_reached,blocked_quality_gate_rework_cap_unresolved,blocked_quality_gate_unresolved,bounded_rework_limit_reached,retry_only_with_more_specific_owner_context,1,0,False,obtainable_only_source_gap_documented;primary_one_letter_sequence_table_not_locally_recoverable,,2026-05-09T19:31:19Z,/root/work/抗菌肽/数据库/batch/4-team/reports/true_rework_queue_next100_10lane_20260509T154247Z_lane09_latest.json
doi__10.3390_pharmaceutics14102081,next100_10lane_20260509T154247Z,9,accepted_after_rework,accepted_after_rework,accepted,strict_gates_passed,accepted_after_rework_attempt1,accepted_after_rework,strict_gates_passed_after_single_rework,sample_audit_only,1,0,False,,,2026-05-09T19:31:19Z,/root/work/抗菌肽/数据库/batch/4-team/reports/true_rework_queue_next100_10lane_20260509T154247Z_lane09_latest.json
doi__10.3390_pharmaceutics14112540,next100_10lane_20260509T154247Z,9,accepted_after_rework,accepted_after_rework,accepted,strict_gates_passed,accepted_after_rework_attempt1,accepted_after_rework,strict_gates_passed_after_single_rework,sample_audit_only,1,0,False,,,2026-05-09T19:31:19Z,/root/work/抗菌肽/数据库/batch/4-team/reports/true_rework_queue_next100_10lane_20260509T154247Z_lane09_latest.json
doi__10.3390_pharmaceutics14122579,next100_10lane_20260509T154247Z,9,accepted_after_rework,accepted_after_rework,accepted,strict_gates_passed,accepted_after_rework_attempt1,accepted_after_rework,strict_gates_passed_after_single_rework,sample_audit_only,1,0,False,,,2026-05-09T19:31:19Z,/root/work/抗菌肽/数据库/batch/4-team/reports/true_rework_queue_next100_10lane_20260509T154247Z_lane09_latest.json
doi__10.3390_pharmaceutics15010291,next100_10lane_20260509T154247Z,9,accepted_after_rework,accepted_after_rework,accepted,strict_gates_passed,accepted_after_rework_attempt1,accepted_after_rework,strict_gates_passed_after_single_rework,sample_audit_only,1,0,False,,,2026-05-09T19:31:19Z,/root/work/抗菌肽/数据库/batch/4-team/reports/true_rework_queue_next100_10lane_20260509T154247Z_lane09_latest.json
doi__10.3390_pharmaceutics15020436,next100_10lane_20260509T154247Z,9,accepted_after_rework,accepted_after_rework,accepted,strict_gates_passed,accepted_after_rework_attempt1,accepted_after_rework,strict_gates_passed_after_single_rework,sample_audit_only,1,0,False,figure2_exact_hemolysis_points_not_tabulated,,2026-05-09T19:31:19Z,/root/work/抗菌肽/数据库/batch/4-team/reports/true_rework_queue_next100_10lane_20260509T154247Z_lane09_latest.json
doi__10.3390_pharmaceutics15051433,next100_10lane_20260509T154247Z,10,accepted_after_rework,accepted_after_rework,accepted,strict_gates_passed,accepted_after_rework_attempt1,accepted_after_rework,strict_gates_passed_after_single_rework,sample_audit_only,1,0,False,,,2026-05-09T19:40:46Z,/root/work/抗菌肽/数据库/batch/4-team/reports/true_rework_queue_next100_10lane_20260509T154247Z_lane10_latest.json
doi__10.3390_pharmaceutics15061777,next100_10lane_20260509T154247Z,10,accepted_after_rework,accepted_after_rework,accepted,strict_gates_passed,accepted_after_rework_attempt1,accepted_after_rework,strict_gates_passed_after_single_rework,sample_audit_only,1,0,False,,,2026-05-09T19:40:46Z,/root/work/抗菌肽/数据库/batch/4-team/reports/true_rework_queue_next100_10lane_20260509T154247Z_lane10_latest.json
doi__10.3390_pharmaceutics15082047,next100_10lane_20260509T154247Z,10,accepted_after_rework,accepted_after_rework,accepted,strict_gates_passed,accepted_after_rework_attempt1,accepted_after_rework,strict_gates_passed_after_single_rework,sample_audit_only,1,0,False,,,2026-05-09T19:40:46Z,/root/work/抗菌肽/数据库/batch/4-team/reports/true_rework_queue_next100_10lane_20260509T154247Z_lane10_latest.json
doi__10.3390_pharmaceutics16010129,next100_10lane_20260509T154247Z,10,accepted_after_rework,accepted_after_rework,accepted,strict_gates_passed,accepted_after_rework_attempt1,accepted_after_rework,strict_gates_passed_after_single_rework,sample_audit_only,1,0,False,,,2026-05-09T19:40:46Z,/root/work/抗菌肽/数据库/batch/4-team/reports/true_rework_queue_next100_10lane_20260509T154247Z_lane10_latest.json
doi__10.3390_pharmaceutics16020190,next100_10lane_20260509T154247Z,10,accepted_after_rework,accepted_after_rework,accepted,strict_gates_passed,accepted_after_rework_attempt1_with_infra_retry,accepted_after_rework_with_infra_noise,strict_gates_passed_after_single_rework_with_infra_retry,sample_audit_plus_infra_log_check,1,3,False,,,2026-05-09T19:40:46Z,/root/work/抗菌肽/数据库/batch/4-team/reports/true_rework_queue_next100_10lane_20260509T154247Z_lane10_latest.json
doi__10.3390_pharmaceutics16050597,next100_10lane_20260509T154247Z,10,accepted_after_rework,accepted_after_rework,accepted,strict_gates_passed,accepted_after_rework_attempt1,accepted_after_rework,strict_gates_passed_after_single_rework,sample_audit_only,1,0,False,,,2026-05-09T19:40:46Z,/root/work/抗菌肽/数据库/batch/4-team/reports/true_rework_queue_next100_10lane_20260509T154247Z_lane10_latest.json
doi__10.3390_pharmaceutics16070850,next100_10lane_20260509T154247Z,10,accepted_after_rework,accepted_after_rework,accepted,strict_gates_passed,accepted_after_rework_attempt1,accepted_after_rework,strict_gates_passed_after_single_rework,sample_audit_only,1,0,False,hemolysis_exact_point_values_not_tabulated;linked_sequence_records_absent;no_local_supplementary_assets,,2026-05-09T19:40:46Z,/root/work/抗菌肽/数据库/batch/4-team/reports/true_rework_queue_next100_10lane_20260509T154247Z_lane10_latest.json
doi__10.3390_pharmaceutics16081098,next100_10lane_20260509T154247Z,10,accepted_after_rework,accepted_after_rework,accepted,strict_gates_passed,accepted_after_rework_attempt1,accepted_after_rework,strict_gates_passed_after_single_rework,sample_audit_only,1,0,False,,,2026-05-09T19:40:46Z,/root/work/抗菌肽/数据库/batch/4-team/reports/true_rework_queue_next100_10lane_20260509T154247Z_lane10_latest.json
doi__10.3390_pharmaceutics16111453,next100_10lane_20260509T154247Z,10,accepted_after_rework,accepted_after_rework,accepted,strict_gates_passed,accepted_after_rework_attempt1,accepted_after_rework,strict_gates_passed_after_single_rework,sample_audit_only,1,0,False,,,2026-05-09T19:40:46Z,/root/work/抗菌肽/数据库/batch/4-team/reports/true_rework_queue_next100_10lane_20260509T154247Z_lane10_latest.json
doi__10.3390_plants9010047,next100_10lane_20260509T154247Z,10,accepted_after_rework,accepted_after_rework,accepted,strict_gates_passed,accepted_after_rework_attempt1,accepted_after_rework,strict_gates_passed_after_single_rework,sample_audit_only,1,0,False,,,2026-05-09T19:40:46Z,/root/work/抗菌肽/数据库/batch/4-team/reports/true_rework_queue_next100_10lane_20260509T154247Z_lane10_latest.json
doi__10.3390_toxics12060387,next100_10lane_20260510T160219Z,1,accepted_after_rework,accepted_after_rework,accepted,strict_gates_passed,accepted_after_rework_attempt1,accepted_after_rework,strict_gates_passed_after_single_rework,sample_audit_only,1,0,False,exact_lc50_values_database_only_not_primary_reported;no_local_supplementary_data_assets,,2026-05-10T18:47:29Z,/root/work/抗菌肽/数据库/batch/4-team/reports/true_rework_queue_next100_10lane_20260510T160219Z_lane01_latest.json
doi__10.3390_toxins10010021,next100_10lane_20260510T160219Z,1,accepted_after_rework,accepted_after_rework,accepted,strict_gates_passed,accepted_after_rework_attempt1,accepted_after_rework,strict_gates_passed_after_single_rework,sample_audit_only,1,0,False,,,2026-05-10T18:47:29Z,/root/work/抗菌肽/数据库/batch/4-team/reports/true_rework_queue_next100_10lane_20260510T160219Z_lane01_latest.json
doi__10.3390_toxins10040161,next100_10lane_20260510T160219Z,1,accepted_after_rework,accepted_after_rework,accepted,strict_gates_passed,accepted_after_rework_attempt1,accepted_after_rework,strict_gates_passed_after_single_rework,sample_audit_only,1,0,False,,,2026-05-10T18:47:29Z,/root/work/抗菌肽/数据库/batch/4-team/reports/true_rework_queue_next100_10lane_20260510T160219Z_lane01_latest.json
doi__10.3390_toxins10060219,next100_10lane_20260510T160219Z,1,accepted_after_rework,accepted_after_rework,accepted,strict_gates_passed,accepted_after_rework_attempt1,accepted_after_rework,strict_gates_passed_after_single_rework,sample_audit_only,1,0,False,,,2026-05-10T18:47:29Z,/root/work/抗菌肽/数据库/batch/4-team/reports/true_rework_queue_next100_10lane_20260510T160219Z_lane01_latest.json
doi__10.3390_toxins10060227,next100_10lane_20260510T160219Z,1,accepted_after_rework,accepted_after_rework,accepted,strict_gates_passed,accepted_after_rework_attempt1_with_infra_retry,accepted_after_rework_with_infra_noise,strict_gates_passed_after_single_rework_with_infra_retry,sample_audit_plus_infra_log_check,1,3,False,,,2026-05-10T18:47:29Z,/root/work/抗菌肽/数据库/batch/4-team/reports/true_rework_queue_next100_10lane_20260510T160219Z_lane01_latest.json
doi__10.3390_toxins10100413,next100_10lane_20260510T160219Z,1,accepted_after_rework,accepted_after_rework,accepted,strict_gates_passed,accepted_after_rework_attempt1,accepted_after_rework,strict_gates_passed_after_single_rework,sample_audit_only,1,0,False,,,2026-05-10T18:47:29Z,/root/work/抗菌肽/数据库/batch/4-team/reports/true_rework_queue_next100_10lane_20260510T160219Z_lane01_latest.json
doi__10.3390_toxins10120522,next100_10lane_20260510T160219Z,1,accepted_after_rework,accepted_after_rework,accepted,strict_gates_passed,accepted_after_rework_attempt1,accepted_after_rework,strict_gates_passed_after_single_rework,sample_audit_only,1,0,False,,,2026-05-10T18:47:29Z,/root/work/抗菌肽/数据库/batch/4-team/reports/true_rework_queue_next100_10lane_20260510T160219Z_lane01_latest.json
doi__10.3390_toxins11030155,next100_10lane_20260510T160219Z,1,accepted_after_rework,accepted_after_rework,accepted,strict_gates_passed,accepted_after_rework_attempt1,accepted_after_rework,strict_gates_passed_after_single_rework,sample_audit_only,1,0,False,,,2026-05-10T18:47:29Z,/root/work/抗菌肽/数据库/batch/4-team/reports/true_rework_queue_next100_10lane_20260510T160219Z_lane01_latest.json
doi__10.3390_toxins11090517,next100_10lane_20260510T160219Z,2,accepted_after_rework,accepted_after_rework,accepted,strict_gates_passed,accepted_after_rework_attempt1,accepted_after_rework,strict_gates_passed_after_single_rework,sample_audit_only,1,0,False,,,2026-05-10T19:30:52Z,/root/work/抗菌肽/数据库/batch/4-team/reports/true_rework_queue_next100_10lane_20260510T160219Z_lane02_latest.json
doi__10.3390_toxins11100562,next100_10lane_20260510T160219Z,2,accepted_after_rework,accepted_after_rework,accepted,strict_gates_passed,accepted_after_rework_attempt1,accepted_after_rework,strict_gates_passed_after_single_rework,sample_audit_only,1,0,False,,,2026-05-10T19:30:52Z,/root/work/抗菌肽/数据库/batch/4-team/reports/true_rework_queue_next100_10lane_20260510T160219Z_lane02_latest.json
doi__10.3390_toxins11100584,next100_10lane_20260510T160219Z,2,accepted_after_rework,accepted_after_rework,accepted,strict_gates_passed,accepted_after_rework_attempt1_with_infra_retry,accepted_after_rework_with_infra_noise,strict_gates_passed_after_single_rework_with_infra_retry,sample_audit_plus_infra_log_check,1,2,False,,,2026-05-10T19:30:52Z,/root/work/抗菌肽/数据库/batch/4-team/reports/true_rework_queue_next100_10lane_20260510T160219Z_lane02_latest.json
doi__10.3390_toxins12080484,next100_10lane_20260510T160219Z,2,accepted_after_rework,accepted_after_rework,accepted,strict_gates_passed,accepted_after_rework_attempt1,accepted_after_rework,strict_gates_passed_after_single_rework,sample_audit_only,1,0,False,,,2026-05-10T19:30:52Z,/root/work/抗菌肽/数据库/batch/4-team/reports/true_rework_queue_next100_10lane_20260510T160219Z_lane02_latest.json
doi__10.3390_toxins12120771,next100_10lane_20260510T160219Z,2,accepted_after_rework,accepted_after_rework,accepted,strict_gates_passed,accepted_after_rework_attempt1,accepted_after_rework,strict_gates_passed_after_single_rework,sample_audit_only,1,0,False,,,2026-05-10T19:30:52Z,/root/work/抗菌肽/数据库/batch/4-team/reports/true_rework_queue_next100_10lane_20260510T160219Z_lane02_latest.json
doi__10.3390_toxins13120867,next100_10lane_20260510T160219Z,2,accepted_after_rework,accepted_after_rework,accepted,strict_gates_passed,accepted_after_rework_attempt1,accepted_after_rework,strict_gates_passed_after_single_rework,sample_audit_only,1,0,False,figure3f_exact_50pct_hemolysis_not_tabulated,,2026-05-10T19:30:52Z,/root/work/抗菌肽/数据库/batch/4-team/reports/true_rework_queue_next100_10lane_20260510T160219Z_lane02_latest.json
doi__10.3390_toxins14010001,next100_10lane_20260510T160219Z,2,accepted_after_rework,accepted_after_rework,accepted,strict_gates_passed,accepted_after_rework_attempt1,accepted_after_rework,strict_gates_passed_after_single_rework,sample_audit_only,1,0,False,,,2026-05-10T19:30:52Z,/root/work/抗菌肽/数据库/batch/4-team/reports/true_rework_queue_next100_10lane_20260510T160219Z_lane02_latest.json
doi__10.3390_toxins14010058,next100_10lane_20260510T160219Z,2,accepted_after_rework,accepted_after_rework,accepted,strict_gates_passed,accepted_after_rework_attempt1,accepted_after_rework,strict_gates_passed_after_single_rework,sample_audit_only,1,0,False,,,2026-05-10T19:30:52Z,/root/work/抗菌肽/数据库/batch/4-team/reports/true_rework_queue_next100_10lane_20260510T160219Z_lane02_latest.json
doi__10.3390_toxins15010042,next100_10lane_20260510T160219Z,3,accepted_after_rework,accepted_after_rework,accepted,strict_gates_passed,accepted_after_rework_attempt1,accepted_after_rework,strict_gates_passed_after_single_rework,sample_audit_only,1,0,False,,,2026-05-10T18:21:54Z,/root/work/抗菌肽/数据库/batch/4-team/reports/true_rework_queue_next100_10lane_20260510T160219Z_lane03_latest.json
doi__10.3390_toxins16030156,next100_10lane_20260510T160219Z,3,accepted_after_rework,accepted_after_rework,accepted,strict_gates_passed,accepted_after_rework_attempt1,accepted_after_rework,strict_gates_passed_after_single_rework,sample_audit_only,1,0,False,,,2026-05-10T18:21:54Z,/root/work/抗菌肽/数据库/batch/4-team/reports/true_rework_queue_next100_10lane_20260510T160219Z_lane03_latest.json
doi__10.3390_toxins16070308,next100_10lane_20260510T160219Z,3,accepted_after_rework,accepted_after_rework,accepted,strict_gates_passed,accepted_after_rework_attempt1,accepted_after_rework,strict_gates_passed_after_single_rework,sample_audit_only,1,0,False,,,2026-05-10T18:21:54Z,/root/work/抗菌肽/数据库/batch/4-team/reports/true_rework_queue_next100_10lane_20260510T160219Z_lane03_latest.json
doi__10.3390_toxins16110466,next100_10lane_20260510T160219Z,3,accepted_after_rework,accepted_after_rework,accepted,strict_gates_passed,accepted_after_rework_attempt1,accepted_after_rework,strict_gates_passed_after_single_rework,sample_audit_only,1,0,False,,,2026-05-10T18:21:54Z,/root/work/抗菌肽/数据库/batch/4-team/reports/true_rework_queue_next100_10lane_20260510T160219Z_lane03_latest.json
doi__10.3390_toxins7020219,next100_10lane_20260510T160219Z,3,accepted_after_rework,accepted_after_rework,accepted,strict_gates_passed,accepted_after_rework_attempt1,accepted_after_rework,strict_gates_passed_after_single_rework,sample_audit_only,1,0,False,,,2026-05-10T18:21:54Z,/root/work/抗菌肽/数据库/batch/4-team/reports/true_rework_queue_next100_10lane_20260510T160219Z_lane03_latest.json
doi__10.3390_toxins7124878,next100_10lane_20260510T160219Z,3,accepted_after_rework,accepted_after_rework,accepted,strict_gates_passed,accepted_after_rework_attempt1,accepted_after_rework,strict_gates_passed_after_single_rework,sample_audit_only,1,0,False,,,2026-05-10T18:21:54Z,/root/work/抗菌肽/数据库/batch/4-team/reports/true_rework_queue_next100_10lane_20260510T160219Z_lane03_latest.json
doi__10.3390_toxins8050119,next100_10lane_20260510T160219Z,3,accepted_after_rework,accepted_after_rework,accepted,strict_gates_passed,accepted_after_rework_attempt1,accepted_after_rework,strict_gates_passed_after_single_rework,sample_audit_only,1,0,False,,,2026-05-10T18:21:54Z,/root/work/抗菌肽/数据库/batch/4-team/reports/true_rework_queue_next100_10lane_20260510T160219Z_lane03_latest.json
doi__10.3390_toxins8050124,next100_10lane_20260510T160219Z,4,accepted_after_rework,accepted_after_rework,accepted,strict_gates_passed,accepted_after_rework_attempt1,accepted_after_rework,strict_gates_passed_after_single_rework,sample_audit_only,1,0,False,,,2026-05-10T18:40:37Z,/root/work/抗菌肽/数据库/batch/4-team/reports/true_rework_queue_next100_10lane_20260510T160219Z_lane04_latest.json
doi__10.3390_toxins8050144,next100_10lane_20260510T160219Z,4,accepted_after_rework,accepted_after_rework,accepted,strict_gates_passed,accepted_after_rework_attempt1,accepted_after_rework,strict_gates_passed_after_single_rework,sample_audit_only,1,0,False,,,2026-05-10T18:40:37Z,/root/work/抗菌肽/数据库/batch/4-team/reports/true_rework_queue_next100_10lane_20260510T160219Z_lane04_latest.json
doi__10.3390_toxins8090255,next100_10lane_20260510T160219Z,4,accepted_after_rework,accepted_after_rework,accepted,strict_gates_passed,accepted_after_rework_attempt1,accepted_after_rework,strict_gates_passed_after_single_rework,sample_audit_only,1,0,False,exact_haemolysis_percentages_chart_only,,2026-05-10T18:40:37Z,/root/work/抗菌肽/数据库/batch/4-team/reports/true_rework_queue_next100_10lane_20260510T160219Z_lane04_latest.json
doi__10.3390_toxins9010022,next100_10lane_20260510T160219Z,4,accepted_after_rework,accepted_after_rework,accepted,strict_gates_passed,accepted_after_rework_attempt1,accepted_after_rework,strict_gates_passed_after_single_rework,sample_audit_only,1,0,False,,,2026-05-10T18:40:37Z,/root/work/抗菌肽/数据库/batch/4-team/reports/true_rework_queue_next100_10lane_20260510T160219Z_lane04_latest.json
doi__10.3390_v11010031,next100_10lane_20260510T160219Z,4,blocked_after_best_effort,infrastructure_codex_worker_retry_exhausted,infrastructure_retry_exhausted,codex_worker_nonzero_exit,infrastructure_retry_exhausted_worker_nonzero_exit,infrastructure_retry_exhausted,codex_worker_infra_retry_exhausted,defer_to_infrastructure_recovery_queue,1,5,True,codex_worker_nonzero_exit,codex_worker_nonzero_exit,2026-05-10T18:40:37Z,/root/work/抗菌肽/数据库/batch/4-team/reports/true_rework_queue_next100_10lane_20260510T160219Z_lane04_latest.json
doi__10.3390_v11010056,next100_10lane_20260510T160219Z,4,blocked_after_best_effort,infrastructure_codex_worker_retry_exhausted,infrastructure_retry_exhausted,codex_worker_nonzero_exit,infrastructure_retry_exhausted_worker_nonzero_exit,infrastructure_retry_exhausted,codex_worker_infra_retry_exhausted,defer_to_infrastructure_recovery_queue,1,5,True,codex_worker_nonzero_exit,codex_worker_nonzero_exit,2026-05-10T18:40:37Z,/root/work/抗菌肽/数据库/batch/4-team/reports/true_rework_queue_next100_10lane_20260510T160219Z_lane04_latest.json
doi__10.3390_v11010077,next100_10lane_20260510T160219Z,4,accepted_after_rework,accepted_after_rework,accepted,strict_gates_passed,accepted_after_rework_attempt1,accepted_after_rework,strict_gates_passed_after_single_rework,sample_audit_only,1,0,False,,,2026-05-10T18:40:37Z,/root/work/抗菌肽/数据库/batch/4-team/reports/true_rework_queue_next100_10lane_20260510T160219Z_lane04_latest.json
doi__10.3390_v11070609,next100_10lane_20260510T160219Z,5,blocked_after_best_effort,infrastructure_codex_worker_retry_exhausted,infrastructure_retry_exhausted,codex_worker_nonzero_exit,infrastructure_retry_exhausted_worker_nonzero_exit,infrastructure_retry_exhausted,codex_worker_infra_retry_exhausted,defer_to_infrastructure_recovery_queue,1,5,True,codex_worker_nonzero_exit,codex_worker_nonzero_exit,2026-05-10T19:17:29Z,/root/work/抗菌肽/数据库/batch/4-team/reports/true_rework_queue_next100_10lane_20260510T160219Z_lane05_latest.json
doi__10.3390_v11111011,next100_10lane_20260510T160219Z,5,accepted_after_rework,accepted_after_rework,accepted,strict_gates_passed,accepted_after_rework_attempt1,accepted_after_rework,strict_gates_passed_after_single_rework,sample_audit_only,1,0,False,,,2026-05-10T19:17:29Z,/root/work/抗菌肽/数据库/batch/4-team/reports/true_rework_queue_next100_10lane_20260510T160219Z_lane05_latest.json
doi__10.3390_v12111267,next100_10lane_20260510T160219Z,5,accepted_after_rework,accepted_after_rework,accepted,strict_gates_passed,accepted_after_rework_attempt1_with_infra_retry,accepted_after_rework_with_infra_noise,strict_gates_passed_after_single_rework_with_infra_retry,sample_audit_plus_infra_log_check,1,1,False,,,2026-05-10T19:17:29Z,/root/work/抗菌肽/数据库/batch/4-team/reports/true_rework_queue_next100_10lane_20260510T160219Z_lane05_latest.json
doi__10.3390_v13071246,next100_10lane_20260510T160219Z,5,blocked_after_best_effort,infrastructure_codex_worker_retry_exhausted,infrastructure_retry_exhausted,codex_worker_nonzero_exit,infrastructure_retry_exhausted_worker_nonzero_exit,infrastructure_retry_exhausted,codex_worker_infra_retry_exhausted,defer_to_infrastructure_recovery_queue,1,5,True,codex_worker_nonzero_exit,codex_worker_nonzero_exit,2026-05-10T19:17:29Z,/root/work/抗菌肽/数据库/batch/4-team/reports/true_rework_queue_next100_10lane_20260510T160219Z_lane05_latest.json
doi__10.3390_v13122382,next100_10lane_20260510T160219Z,5,accepted_after_rework,accepted_after_rework,accepted,strict_gates_passed,accepted_after_rework_attempt1_with_infra_retry,accepted_after_rework_with_infra_noise,strict_gates_passed_after_single_rework_with_infra_retry,sample_audit_plus_infra_log_check,1,1,False,no_supplementary_assets_for_extra_activity_tables;primary_article_mature_sequence_not_embedded,,2026-05-10T19:17:29Z,/root/work/抗菌肽/数据库/batch/4-team/reports/true_rework_queue_next100_10lane_20260510T160219Z_lane05_latest.json
doi__10.3390_v14030549,next100_10lane_20260510T160219Z,5,accepted_after_rework,accepted_after_rework,accepted,strict_gates_passed,accepted_after_rework_attempt1_with_infra_retry,accepted_after_rework_with_infra_noise,strict_gates_passed_after_single_rework_with_infra_retry,sample_audit_plus_infra_log_check,1,1,False,,,2026-05-10T19:17:29Z,/root/work/抗菌肽/数据库/batch/4-team/reports/true_rework_queue_next100_10lane_20260510T160219Z_lane05_latest.json
doi__10.3390_v14102103,next100_10lane_20260510T160219Z,5,accepted_after_rework,accepted_after_rework,accepted,strict_gates_passed,accepted_after_rework_attempt1,accepted_after_rework,strict_gates_passed_after_single_rework,sample_audit_only,1,0,False,,,2026-05-10T19:17:29Z,/root/work/抗菌肽/数据库/batch/4-team/reports/true_rework_queue_next100_10lane_20260510T160219Z_lane05_latest.json
doi__10.3762_bjoc.14.144,next100_10lane_20260510T160219Z,6,accepted_after_rework,accepted_after_rework,accepted,strict_gates_passed,accepted_after_rework_attempt1,accepted_after_rework,strict_gates_passed_after_single_rework,sample_audit_only,1,0,False,,,2026-05-10T18:33:42Z,/root/work/抗菌肽/数据库/batch/4-team/reports/true_rework_queue_next100_10lane_20260510T160219Z_lane06_latest.json
doi__10.3762_bjoc.8.130,next100_10lane_20260510T160219Z,6,accepted_after_rework,accepted_after_rework,accepted,strict_gates_passed,accepted_after_rework_attempt1,accepted_after_rework,strict_gates_passed_after_single_rework,sample_audit_only,1,0,False,,,2026-05-10T18:33:42Z,/root/work/抗菌肽/数据库/batch/4-team/reports/true_rework_queue_next100_10lane_20260510T160219Z_lane06_latest.json
doi__10.3762_bjoc.8.200,next100_10lane_20260510T160219Z,6,accepted_after_rework,accepted_after_rework,accepted,strict_gates_passed,accepted_after_rework_attempt1,accepted_after_rework,strict_gates_passed_after_single_rework,sample_audit_only,1,0,False,,,2026-05-10T18:33:42Z,/root/work/抗菌肽/数据库/batch/4-team/reports/true_rework_queue_next100_10lane_20260510T160219Z_lane06_latest.json
doi__10.3762_bjoc.8.204,next100_10lane_20260510T160219Z,6,accepted_after_rework,accepted_after_rework,accepted,strict_gates_passed,accepted_after_rework_attempt1,accepted_after_rework,strict_gates_passed_after_single_rework,sample_audit_only,1,0,False,,,2026-05-10T18:33:42Z,/root/work/抗菌肽/数据库/batch/4-team/reports/true_rework_queue_next100_10lane_20260510T160219Z_lane06_latest.json
doi__10.3892_etm.2017.5631,next100_10lane_20260510T160219Z,6,accepted_after_rework,accepted_after_rework,accepted,strict_gates_passed,accepted_after_rework_attempt1,accepted_after_rework,strict_gates_passed_after_single_rework,sample_audit_only,1,0,False,figure_biofilm_exact_curve_values_not_tabulated;supplementary_landing_assets_not_data_supplements,,2026-05-10T18:33:42Z,/root/work/抗菌肽/数据库/batch/4-team/reports/true_rework_queue_next100_10lane_20260510T160219Z_lane06_latest.json
doi__10.3892_mmr.2017.7418,next100_10lane_20260510T160219Z,6,accepted_after_rework,accepted_after_rework,accepted,strict_gates_passed,accepted_after_rework_attempt1,accepted_after_rework,strict_gates_passed_after_single_rework,sample_audit_only,1,0,False,,,2026-05-10T18:33:42Z,/root/work/抗菌肽/数据库/batch/4-team/reports/true_rework_queue_next100_10lane_20260510T160219Z_lane06_latest.json
doi__10.3892_ol.2012.1042,next100_10lane_20260510T160219Z,6,accepted_after_rework,accepted_after_rework,accepted,strict_gates_passed,accepted_after_rework_attempt1,accepted_after_rework,strict_gates_passed_after_single_rework,sample_audit_only,1,0,False,ct19_exact_dramp_ic50_not_primary_source_supported;requested_table3_absent_from_local_article,,2026-05-10T18:33:42Z,/root/work/抗菌肽/数据库/batch/4-team/reports/true_rework_queue_next100_10lane_20260510T160219Z_lane06_latest.json
doi__10.4014_jmb.2003.03009,next100_10lane_20260510T160219Z,7,accepted_after_rework,accepted_after_rework,accepted,strict_gates_passed,accepted_after_rework_attempt1,accepted_after_rework,strict_gates_passed_after_single_rework,sample_audit_only,1,0,False,,,2026-05-10T18:50:12Z,/root/work/抗菌肽/数据库/batch/4-team/reports/true_rework_queue_next100_10lane_20260510T160219Z_lane07_latest.json
doi__10.4103_0973-1296.141781,next100_10lane_20260510T160219Z,7,accepted_after_rework,accepted_after_rework,accepted,strict_gates_passed,accepted_after_rework_attempt1,accepted_after_rework,strict_gates_passed_after_single_rework,sample_audit_only,1,0,False,,,2026-05-10T18:50:12Z,/root/work/抗菌肽/数据库/batch/4-team/reports/true_rework_queue_next100_10lane_20260510T160219Z_lane07_latest.json
doi__10.4103_1735-5362.359429,next100_10lane_20260510T160219Z,7,accepted_after_rework,accepted_after_rework,accepted,strict_gates_passed,accepted_after_rework_attempt1,accepted_after_rework,strict_gates_passed_after_single_rework,sample_audit_only,1,0,False,,,2026-05-10T18:50:12Z,/root/work/抗菌肽/数据库/batch/4-team/reports/true_rework_queue_next100_10lane_20260510T160219Z_lane07_latest.json
doi__10.4142_jvs.2020.21.e80,next100_10lane_20260510T160219Z,7,accepted_after_rework,accepted_after_rework,accepted,strict_gates_passed,accepted_after_rework_attempt1_with_infra_retry,accepted_after_rework_with_infra_noise,strict_gates_passed_after_single_rework_with_infra_retry,sample_audit_plus_infra_log_check,1,1,False,,,2026-05-10T18:50:12Z,/root/work/抗菌肽/数据库/batch/4-team/reports/true_rework_queue_next100_10lane_20260510T160219Z_lane07_latest.json
doi__10.5423_ppj.oa.02.2014.0011,next100_10lane_20260510T160219Z,7,accepted_after_rework,accepted_after_rework,accepted,strict_gates_passed,accepted_after_rework_attempt1,accepted_after_rework,strict_gates_passed_after_single_rework,sample_audit_only,1,0,False,,,2026-05-10T18:50:12Z,/root/work/抗菌肽/数据库/batch/4-team/reports/true_rework_queue_next100_10lane_20260510T160219Z_lane07_latest.json
doi__10.5483_bmbrep.2014.47.11.262,next100_10lane_20260510T160219Z,7,accepted_after_rework,accepted_after_rework,accepted,strict_gates_passed,accepted_after_rework_attempt1,accepted_after_rework,strict_gates_passed_after_single_rework,sample_audit_only,1,0,False,supplement_tables_s1_s2_not_recoverable_from_local_packet,,2026-05-10T18:50:12Z,/root/work/抗菌肽/数据库/batch/4-team/reports/true_rework_queue_next100_10lane_20260510T160219Z_lane07_latest.json
doi__10.5713_ajas.18.0571,next100_10lane_20260510T160219Z,7,blocked_after_best_effort,blocked_figure_chart_value_gap,blocked_source_gap,figure_or_chart_exact_value_unrecoverable,blocked_source_gap_figure_chart_exact_value,blocked_source_gap,figure_or_chart_exact_value_unrecoverable,retry_only_with_digitization_or_external_source,1,0,False,figure_only_exact_activity_values_not_tabulated;obtainable_only_source_gap_documented,,2026-05-10T18:50:12Z,/root/work/抗菌肽/数据库/batch/4-team/reports/true_rework_queue_next100_10lane_20260510T160219Z_lane07_latest.json
doi__10.7150_ijbs.23419,next100_10lane_20260510T160219Z,8,accepted_after_rework,accepted_after_rework,accepted,strict_gates_passed,accepted_after_rework_attempt1,accepted_after_rework,strict_gates_passed_after_single_rework,sample_audit_only,1,0,False,,,2026-05-10T19:04:33Z,/root/work/抗菌肽/数据库/batch/4-team/reports/true_rework_queue_next100_10lane_20260510T160219Z_lane08_latest.json
doi__10.7150_ijbs.76148,next100_10lane_20260510T160219Z,8,blocked_after_best_effort,blocked_activity_table_extraction_gap,blocked_parser_or_manual_extraction_gap,activity_table_rows_not_safely_extracted,blocked_parser_gap_activity_table,blocked_parser_or_manual_extraction_gap,activity_table_rows_not_safely_extracted,retry_with_worker2_table_shape_or_manual_vision_fallback,1,0,False,obtainable_only_source_gap_documented;xml_declared_supplement_pdf_not_present_locally,,2026-05-10T19:04:33Z,/root/work/抗菌肽/数据库/batch/4-team/reports/true_rework_queue_next100_10lane_20260510T160219Z_lane08_latest.json
doi__10.7150_ijbs.9859,next100_10lane_20260510T160219Z,8,accepted_after_rework,accepted_after_rework,accepted,strict_gates_passed,accepted_after_rework_attempt1,accepted_after_rework,strict_gates_passed_after_single_rework,sample_audit_only,1,0,False,figure7_exact_cell_line_ic50_values_not_in_local_text_or_tables;no_distinct_external_supplementary_table_files_local_to_packet,,2026-05-10T19:04:33Z,/root/work/抗菌肽/数据库/batch/4-team/reports/true_rework_queue_next100_10lane_20260510T160219Z_lane08_latest.json
doi__10.7150_ijms.5037,next100_10lane_20260510T160219Z,8,accepted_after_rework,accepted_after_rework,accepted,strict_gates_passed,accepted_after_rework_attempt1,accepted_after_rework,strict_gates_passed_after_single_rework,sample_audit_only,1,0,False,,,2026-05-10T19:04:33Z,/root/work/抗菌肽/数据库/batch/4-team/reports/true_rework_queue_next100_10lane_20260510T160219Z_lane08_latest.json
doi__10.7150_thno.21425,next100_10lane_20260510T160219Z,8,accepted_after_rework,accepted_after_rework,accepted,strict_gates_passed,accepted_after_rework_attempt1_with_infra_retry,accepted_after_rework_with_infra_noise,strict_gates_passed_after_single_rework_with_infra_retry,sample_audit_plus_infra_log_check,1,1,False,,,2026-05-10T19:04:33Z,/root/work/抗菌肽/数据库/batch/4-team/reports/true_rework_queue_next100_10lane_20260510T160219Z_lane08_latest.json
doi__10.7150_thno.39157,next100_10lane_20260510T160219Z,8,accepted_after_rework,accepted_after_rework,accepted,strict_gates_passed,accepted_after_rework_attempt1,accepted_after_rework,strict_gates_passed_after_single_rework,sample_audit_only,1,0,False,,,2026-05-10T19:04:33Z,/root/work/抗菌肽/数据库/batch/4-team/reports/true_rework_queue_next100_10lane_20260510T160219Z_lane08_latest.json
doi__10.7150_thno.40971,next100_10lane_20260510T160219Z,8,accepted_after_rework,accepted_after_rework,accepted,strict_gates_passed,accepted_after_rework_attempt1,accepted_after_rework,strict_gates_passed_after_single_rework,sample_audit_only,1,0,False,,,2026-05-10T19:04:33Z,/root/work/抗菌肽/数据库/batch/4-team/reports/true_rework_queue_next100_10lane_20260510T160219Z_lane08_latest.json
doi__10.7150_thno.75444,next100_10lane_20260510T160219Z,9,accepted_after_rework,accepted_after_rework,accepted,strict_gates_passed,accepted_after_rework_attempt1,accepted_after_rework,strict_gates_passed_after_single_rework,sample_audit_only,1,0,False,,,2026-05-10T18:21:26Z,/root/work/抗菌肽/数据库/batch/4-team/reports/true_rework_queue_next100_10lane_20260510T160219Z_lane09_latest.json
doi__10.7150_thno.87916,next100_10lane_20260510T160219Z,9,accepted_after_rework,accepted_after_rework,accepted,strict_gates_passed,accepted_after_rework_attempt1,accepted_after_rework,strict_gates_passed_after_single_rework,sample_audit_only,1,0,False,,,2026-05-10T18:21:26Z,/root/work/抗菌肽/数据库/batch/4-team/reports/true_rework_queue_next100_10lane_20260510T160219Z_lane09_latest.json
doi__10.7554_elife.37689,next100_10lane_20260510T160219Z,9,accepted_after_rework,accepted_after_rework,accepted,strict_gates_passed,accepted_after_rework_attempt1,accepted_after_rework,strict_gates_passed_after_single_rework,sample_audit_only,1,0,False,,,2026-05-10T18:21:26Z,/root/work/抗菌肽/数据库/batch/4-team/reports/true_rework_queue_next100_10lane_20260510T160219Z_lane09_latest.json
doi__10.7554_elife.64411,next100_10lane_20260510T160219Z,9,accepted_after_rework,accepted_after_rework,accepted,strict_gates_passed,accepted_after_rework_attempt1,accepted_after_rework,strict_gates_passed_after_single_rework,sample_audit_only,1,0,False,,,2026-05-10T18:21:26Z,/root/work/抗菌肽/数据库/batch/4-team/reports/true_rework_queue_next100_10lane_20260510T160219Z_lane09_latest.json
doi__10.7717_peerj.10176,next100_10lane_20260510T160219Z,9,blocked_after_best_effort,blocked_rework_cap_unresolved,blocked_quality_gate_unresolved,bounded_rework_limit_reached,blocked_quality_gate_rework_cap_unresolved,blocked_quality_gate_unresolved,bounded_rework_limit_reached,retry_only_with_more_specific_owner_context,1,0,False,obtainable_only_source_gap_documented,,2026-05-10T18:21:26Z,/root/work/抗菌肽/数据库/batch/4-team/reports/true_rework_queue_next100_10lane_20260510T160219Z_lane09_latest.json
doi__10.7717_peerj.16143,next100_10lane_20260510T160219Z,9,accepted_after_rework,accepted_after_rework,accepted,strict_gates_passed,accepted_after_rework_attempt1,accepted_after_rework,strict_gates_passed_after_single_rework,sample_audit_only,1,0,False,,,2026-05-10T18:21:26Z,/root/work/抗菌肽/数据库/batch/4-team/reports/true_rework_queue_next100_10lane_20260510T160219Z_lane09_latest.json
doi__10.7717_peerj.5369,next100_10lane_20260510T160219Z,9,accepted_after_rework,accepted_after_rework,accepted,strict_gates_passed,accepted_after_rework_attempt1,accepted_after_rework,strict_gates_passed_after_single_rework,sample_audit_only,1,0,False,,,2026-05-10T18:21:26Z,/root/work/抗菌肽/数据库/batch/4-team/reports/true_rework_queue_next100_10lane_20260510T160219Z_lane09_latest.json
doi__10.7717_peerj.5635,next100_10lane_20260510T160219Z,10,accepted_after_rework,accepted_after_rework,accepted,strict_gates_passed,accepted_after_rework_attempt1,accepted_after_rework,strict_gates_passed_after_single_rework,sample_audit_only,1,0,False,,,2026-05-10T18:24:53Z,/root/work/抗菌肽/数据库/batch/4-team/reports/true_rework_queue_next100_10lane_20260510T160219Z_lane10_latest.json
pmid__23401744,next100_10lane_20260510T160219Z,10,accepted_after_rework,accepted_after_rework,accepted,strict_gates_passed,accepted_after_rework_attempt1,accepted_after_rework,strict_gates_passed_after_single_rework,sample_audit_only,1,0,False,,,2026-05-10T18:24:53Z,/root/work/抗菌肽/数据库/batch/4-team/reports/true_rework_queue_next100_10lane_20260510T160219Z_lane10_latest.json
pmid__24781647,next100_10lane_20260510T160219Z,10,accepted_after_rework,accepted_after_rework,accepted,strict_gates_passed,accepted_after_rework_attempt1,accepted_after_rework,strict_gates_passed_after_single_rework,sample_audit_only,1,0,False,,,2026-05-10T18:24:53Z,/root/work/抗菌肽/数据库/batch/4-team/reports/true_rework_queue_next100_10lane_20260510T160219Z_lane10_latest.json
pmid__24930129,next100_10lane_20260510T160219Z,10,accepted_after_rework,accepted_after_rework,accepted,strict_gates_passed,accepted_after_rework_attempt1,accepted_after_rework,strict_gates_passed_after_single_rework,sample_audit_only,1,0,False,,,2026-05-10T18:24:53Z,/root/work/抗菌肽/数据库/batch/4-team/reports/true_rework_queue_next100_10lane_20260510T160219Z_lane10_latest.json
pmid__30192822,next100_10lane_20260510T160219Z,10,accepted_after_rework,accepted_after_rework,accepted,strict_gates_passed,accepted_after_rework_attempt1,accepted_after_rework,strict_gates_passed_after_single_rework,sample_audit_only,1,0,False,,,2026-05-10T18:24:53Z,/root/work/抗菌肽/数据库/batch/4-team/reports/true_rework_queue_next100_10lane_20260510T160219Z_lane10_latest.json
pmid__34681184,next100_10lane_20260510T160219Z,10,accepted_after_rework,accepted_after_rework,accepted,strict_gates_passed,accepted_after_rework_attempt1,accepted_after_rework,strict_gates_passed_after_single_rework,sample_audit_only,1,0,False,,,2026-05-10T18:24:53Z,/root/work/抗菌肽/数据库/batch/4-team/reports/true_rework_queue_next100_10lane_20260510T160219Z_lane10_latest.json
pmid__36151303,next100_10lane_20260510T160219Z,10,accepted_after_rework,accepted_after_rework,accepted,strict_gates_passed,accepted_after_rework_attempt1,accepted_after_rework,strict_gates_passed_after_single_rework,sample_audit_only,1,0,False,,,2026-05-10T18:24:53Z,/root/work/抗菌肽/数据库/batch/4-team/reports/true_rework_queue_next100_10lane_20260510T160219Z_lane10_latest.json
doi__10.1371_journal.pone.0083044,next200_10lane_20260505T152139Z,1,accepted_after_rework,accepted_after_rework,accepted,strict_gates_passed,accepted_after_rework_attempt1_with_infra_retry,accepted_after_rework_with_infra_noise,strict_gates_passed_after_single_rework_with_infra_retry,sample_audit_plus_infra_log_check,1,3,False,,,2026-05-06T05:34:26Z,/root/work/抗菌肽/数据库/batch/4-team/reports/true_rework_queue_next200_10lane_20260505T152139Z_lane01_latest.json
doi__10.1371_journal.pone.0085515,next200_10lane_20260505T152139Z,1,accepted_after_rework,accepted_after_rework,accepted,strict_gates_passed,accepted_after_rework_attempt1_with_infra_retry,accepted_after_rework_with_infra_noise,strict_gates_passed_after_single_rework_with_infra_retry,sample_audit_plus_infra_log_check,1,1,False,,,2026-05-06T05:34:26Z,/root/work/抗菌肽/数据库/batch/4-team/reports/true_rework_queue_next200_10lane_20260505T152139Z_lane01_latest.json
doi__10.1371_journal.pone.0086339,next200_10lane_20260505T152139Z,1,accepted_after_rework,accepted_after_rework,accepted,strict_gates_passed,accepted_after_rework_attempt1,accepted_after_rework,strict_gates_passed_after_single_rework,sample_audit_only,1,0,False,,,2026-05-06T05:34:26Z,/root/work/抗菌肽/数据库/batch/4-team/reports/true_rework_queue_next200_10lane_20260505T152139Z_lane01_latest.json
doi__10.1371_journal.pone.0086364,next200_10lane_20260505T152139Z,1,accepted_after_rework,accepted_after_rework,accepted,strict_gates_passed,accepted_after_rework_attempt1_with_infra_retry,accepted_after_rework_with_infra_noise,strict_gates_passed_after_single_rework_with_infra_retry,sample_audit_plus_infra_log_check,1,1,False,,,2026-05-06T05:34:26Z,/root/work/抗菌肽/数据库/batch/4-team/reports/true_rework_queue_next200_10lane_20260505T152139Z_lane01_latest.json
doi__10.1371_journal.pone.0087730,next200_10lane_20260505T152139Z,1,accepted_after_rework,accepted_after_rework,accepted,strict_gates_passed,accepted_after_rework_attempt1,accepted_after_rework,strict_gates_passed_after_single_rework,sample_audit_only,1,0,False,,,2026-05-06T05:34:26Z,/root/work/抗菌肽/数据库/batch/4-team/reports/true_rework_queue_next200_10lane_20260505T152139Z_lane01_latest.json
doi__10.1371_journal.pone.0090397,next200_10lane_20260505T152139Z,1,accepted_after_rework,accepted_after_rework,accepted,strict_gates_passed,accepted_after_rework_attempt1,accepted_after_rework,strict_gates_passed_after_single_rework,sample_audit_only,1,0,False,,,2026-05-06T05:34:26Z,/root/work/抗菌肽/数据库/batch/4-team/reports/true_rework_queue_next200_10lane_20260505T152139Z_lane01_latest.json
doi__10.1371_journal.pone.0091007,next200_10lane_20260505T152139Z,1,accepted_after_rework,accepted_after_rework,accepted,strict_gates_passed,accepted_after_rework_attempt1,accepted_after_rework,strict_gates_passed_after_single_rework,sample_audit_only,1,0,False,,,2026-05-06T05:34:26Z,/root/work/抗菌肽/数据库/batch/4-team/reports/true_rework_queue_next200_10lane_20260505T152139Z_lane01_latest.json
doi__10.1371_journal.pone.0093216,next200_10lane_20260505T152139Z,1,accepted_after_rework,accepted_after_rework,accepted,strict_gates_passed,accepted_after_rework_attempt1_with_infra_retry,accepted_after_rework_with_infra_noise,strict_gates_passed_after_single_rework_with_infra_retry,sample_audit_plus_infra_log_check,1,1,False,,,2026-05-06T05:34:26Z,/root/work/抗菌肽/数据库/batch/4-team/reports/true_rework_queue_next200_10lane_20260505T152139Z_lane01_latest.json
doi__10.1371_journal.pone.0095737,next200_10lane_20260505T152139Z,1,accepted_after_rework,accepted_after_rework,accepted,strict_gates_passed,accepted_after_rework_attempt1,accepted_after_rework,strict_gates_passed_after_single_rework,sample_audit_only,1,0,False,,,2026-05-06T05:34:26Z,/root/work/抗菌肽/数据库/batch/4-team/reports/true_rework_queue_next200_10lane_20260505T152139Z_lane01_latest.json
doi__10.1371_journal.pone.0095939,next200_10lane_20260505T152139Z,1,accepted_after_rework,accepted_after_rework,accepted,strict_gates_passed,accepted_after_rework_attempt1,accepted_after_rework,strict_gates_passed_after_single_rework,sample_audit_only,1,0,False,,,2026-05-06T05:34:26Z,/root/work/抗菌肽/数据库/batch/4-team/reports/true_rework_queue_next200_10lane_20260505T152139Z_lane01_latest.json
doi__10.1371_journal.pone.0096222,next200_10lane_20260505T152139Z,1,accepted_after_rework,accepted_after_rework,accepted,strict_gates_passed,accepted_after_rework_attempt1,accepted_after_rework,strict_gates_passed_after_single_rework,sample_audit_only,1,0,False,,,2026-05-06T05:34:26Z,/root/work/抗菌肽/数据库/batch/4-team/reports/true_rework_queue_next200_10lane_20260505T152139Z_lane01_latest.json
doi__10.1371_journal.pone.0097539,next200_10lane_20260505T152139Z,1,accepted_after_rework,accepted_after_rework,accepted,strict_gates_passed,accepted_after_rework_attempt1_with_infra_retry,accepted_after_rework_with_infra_noise,strict_gates_passed_after_single_rework_with_infra_retry,sample_audit_plus_infra_log_check,1,1,False,,,2026-05-06T05:34:26Z,/root/work/抗菌肽/数据库/batch/4-team/reports/true_rework_queue_next200_10lane_20260505T152139Z_lane01_latest.json
doi__10.1371_journal.pone.0098935,next200_10lane_20260505T152139Z,1,blocked_after_best_effort,blocked_figure_chart_value_gap,blocked_source_gap,figure_or_chart_exact_value_unrecoverable,blocked_source_gap_figure_chart_exact_value,blocked_source_gap,figure_or_chart_exact_value_unrecoverable,retry_only_with_digitization_or_external_source,1,0,False,figure_only_antibiofilm_percentages_not_locally_extractable;obtainable_only_source_gap_documented,,2026-05-06T05:34:26Z,/root/work/抗菌肽/数据库/batch/4-team/reports/true_rework_queue_next200_10lane_20260505T152139Z_lane01_latest.json
doi__10.1371_journal.pone.0100670,next200_10lane_20260505T152139Z,1,blocked_after_best_effort,infrastructure_codex_worker_retry_exhausted,infrastructure_retry_exhausted,codex_worker_nonzero_exit,infrastructure_retry_exhausted_worker_nonzero_exit,infrastructure_retry_exhausted,codex_worker_infra_retry_exhausted,defer_to_infrastructure_recovery_queue,1,5,True,codex_worker_nonzero_exit,codex_worker_nonzero_exit,2026-05-06T05:34:26Z,/root/work/抗菌肽/数据库/batch/4-team/reports/true_rework_queue_next200_10lane_20260505T152139Z_lane01_latest.json
doi__10.1371_journal.pone.0101742,next200_10lane_20260505T152139Z,1,accepted_after_rework,accepted_after_rework,accepted,strict_gates_passed,accepted_after_rework_attempt1_with_infra_retry,accepted_after_rework_with_infra_noise,strict_gates_passed_after_single_rework_with_infra_retry,sample_audit_plus_infra_log_check,1,1,False,,,2026-05-06T05:34:26Z,/root/work/抗菌肽/数据库/batch/4-team/reports/true_rework_queue_next200_10lane_20260505T152139Z_lane01_latest.json
doi__10.1371_journal.pone.0102577,next200_10lane_20260505T152139Z,1,accepted_after_rework,accepted_after_rework,accepted,strict_gates_passed,accepted_after_rework_attempt1_with_infra_retry,accepted_after_rework_with_infra_noise,strict_gates_passed_after_single_rework_with_infra_retry,sample_audit_plus_infra_log_check,1,1,False,,,2026-05-06T05:34:26Z,/root/work/抗菌肽/数据库/batch/4-team/reports/true_rework_queue_next200_10lane_20260505T152139Z_lane01_latest.json
doi__10.1371_journal.pone.0105441,next200_10lane_20260505T152139Z,1,accepted_after_rework,accepted_after_rework,accepted,strict_gates_passed,accepted_after_rework_attempt1_with_infra_retry,accepted_after_rework_with_infra_noise,strict_gates_passed_after_single_rework_with_infra_retry,sample_audit_plus_infra_log_check,1,3,False,,,2026-05-06T05:34:26Z,/root/work/抗菌肽/数据库/batch/4-team/reports/true_rework_queue_next200_10lane_20260505T152139Z_lane01_latest.json
doi__10.1371_journal.pone.0105549,next200_10lane_20260505T152139Z,1,accepted_after_rework,accepted_after_rework,accepted,strict_gates_passed,accepted_after_rework_attempt1,accepted_after_rework,strict_gates_passed_after_single_rework,sample_audit_only,1,0,False,,,2026-05-06T05:34:26Z,/root/work/抗菌肽/数据库/batch/4-team/reports/true_rework_queue_next200_10lane_20260505T152139Z_lane01_latest.json
doi__10.1371_journal.pone.0106543,next200_10lane_20260505T152139Z,1,accepted_after_rework,accepted_after_rework,accepted,strict_gates_passed,accepted_after_rework_attempt1,accepted_after_rework,strict_gates_passed_after_single_rework,sample_audit_only,1,0,False,,,2026-05-06T05:34:26Z,/root/work/抗菌肽/数据库/batch/4-team/reports/true_rework_queue_next200_10lane_20260505T152139Z_lane01_latest.json
doi__10.1371_journal.pone.0110221,next200_10lane_20260505T152139Z,1,accepted_after_rework,accepted_after_rework,accepted,strict_gates_passed,accepted_after_rework_attempt1,accepted_after_rework,strict_gates_passed_after_single_rework,sample_audit_only,1,0,False,,,2026-05-06T05:34:26Z,/root/work/抗菌肽/数据库/batch/4-team/reports/true_rework_queue_next200_10lane_20260505T152139Z_lane01_latest.json
doi__10.1371_journal.pone.0110735,next200_10lane_20260505T152139Z,2,accepted_after_rework,accepted_after_rework,accepted,strict_gates_passed,accepted_after_rework_attempt1_with_infra_retry,accepted_after_rework_with_infra_noise,strict_gates_passed_after_single_rework_with_infra_retry,sample_audit_plus_infra_log_check,1,2,False,no_primary_mic_mbc_antimicrobial_assay_rows;primary_paper_does_not_embed_pxl01_sequence,,2026-05-06T04:47:10Z,/root/work/抗菌肽/数据库/batch/4-team/reports/true_rework_queue_next200_10lane_20260505T152139Z_lane02_latest.json
doi__10.1371_journal.pone.0110809,next200_10lane_20260505T152139Z,2,blocked_after_best_effort,blocked_activity_table_extraction_gap,blocked_parser_or_manual_extraction_gap,activity_table_rows_not_safely_extracted,blocked_parser_gap_activity_table,blocked_parser_or_manual_extraction_gap,activity_table_rows_not_safely_extracted,retry_with_worker2_table_shape_or_manual_vision_fallback,1,0,False,obtainable_only_source_gap_documented;primary_muscin_source_not_locally_recovered,,2026-05-06T04:47:10Z,/root/work/抗菌肽/数据库/batch/4-team/reports/true_rework_queue_next200_10lane_20260505T152139Z_lane02_latest.json
doi__10.1371_journal.pone.0114453,next200_10lane_20260505T152139Z,2,accepted_after_rework,accepted_after_rework,accepted,strict_gates_passed,accepted_after_rework_attempt1_with_infra_retry,accepted_after_rework_with_infra_noise,strict_gates_passed_after_single_rework_with_infra_retry,sample_audit_plus_infra_log_check,1,2,False,,,2026-05-06T04:47:10Z,/root/work/抗菌肽/数据库/batch/4-team/reports/true_rework_queue_next200_10lane_20260505T152139Z_lane02_latest.json
doi__10.1371_journal.pone.0114605,next200_10lane_20260505T152139Z,2,accepted_after_rework,accepted_after_rework,accepted,strict_gates_passed,accepted_after_rework_attempt1,accepted_after_rework,strict_gates_passed_after_single_rework,sample_audit_only,1,0,False,,,2026-05-06T04:47:10Z,/root/work/抗菌肽/数据库/batch/4-team/reports/true_rework_queue_next200_10lane_20260505T152139Z_lane02_latest.json
doi__10.1371_journal.pone.0116259,next200_10lane_20260505T152139Z,2,accepted_after_rework,accepted_after_rework,accepted,strict_gates_passed,accepted_after_rework_attempt1,accepted_after_rework,strict_gates_passed_after_single_rework,sample_audit_only,1,0,False,,,2026-05-06T04:47:10Z,/root/work/抗菌肽/数据库/batch/4-team/reports/true_rework_queue_next200_10lane_20260505T152139Z_lane02_latest.json
doi__10.1371_journal.pone.0116379,next200_10lane_20260505T152139Z,2,accepted_after_rework,accepted_after_rework,accepted,strict_gates_passed,accepted_after_rework_attempt1,accepted_after_rework,strict_gates_passed_after_single_rework,sample_audit_only,1,0,False,,,2026-05-06T04:47:10Z,/root/work/抗菌肽/数据库/batch/4-team/reports/true_rework_queue_next200_10lane_20260505T152139Z_lane02_latest.json
doi__10.1371_journal.pone.0117394,next200_10lane_20260505T152139Z,2,accepted_after_rework,accepted_after_rework,accepted,strict_gates_passed,accepted_after_rework_attempt1,accepted_after_rework,strict_gates_passed_after_single_rework,sample_audit_only,1,0,False,,,2026-05-06T04:47:10Z,/root/work/抗菌肽/数据库/batch/4-team/reports/true_rework_queue_next200_10lane_20260505T152139Z_lane02_latest.json
doi__10.1371_journal.pone.0117913,next200_10lane_20260505T152139Z,2,accepted_after_rework,accepted_after_rework,accepted,strict_gates_passed,accepted_after_rework_attempt1,accepted_after_rework,strict_gates_passed_after_single_rework,sample_audit_only,1,0,False,,,2026-05-06T04:47:10Z,/root/work/抗菌肽/数据库/batch/4-team/reports/true_rework_queue_next200_10lane_20260505T152139Z_lane02_latest.json
doi__10.1371_journal.pone.0118170,next200_10lane_20260505T152139Z,2,accepted_after_rework,accepted_after_rework,accepted,strict_gates_passed,accepted_after_rework_attempt1,accepted_after_rework,strict_gates_passed_after_single_rework,sample_audit_only,1,0,False,,,2026-05-06T04:47:10Z,/root/work/抗菌肽/数据库/batch/4-team/reports/true_rework_queue_next200_10lane_20260505T152139Z_lane02_latest.json
doi__10.1371_journal.pone.0119525,next200_10lane_20260505T152139Z,2,accepted_after_rework,accepted_after_rework,accepted,strict_gates_passed,accepted_after_rework_attempt1_with_infra_retry,accepted_after_rework_with_infra_noise,strict_gates_passed_after_single_rework_with_infra_retry,sample_audit_plus_infra_log_check,1,1,False,,,2026-05-06T04:47:10Z,/root/work/抗菌肽/数据库/batch/4-team/reports/true_rework_queue_next200_10lane_20260505T152139Z_lane02_latest.json
doi__10.1371_journal.pone.0124210,next200_10lane_20260505T152139Z,2,accepted_after_rework,accepted_after_rework,accepted,strict_gates_passed,accepted_after_rework_attempt1,accepted_after_rework,strict_gates_passed_after_single_rework,sample_audit_only,1,0,False,,,2026-05-06T04:47:10Z,/root/work/抗菌肽/数据库/batch/4-team/reports/true_rework_queue_next200_10lane_20260505T152139Z_lane02_latest.json
doi__10.1371_journal.pone.0126390,next200_10lane_20260505T152139Z,2,accepted_after_rework,accepted_after_rework,accepted,strict_gates_passed,accepted_after_rework_attempt1,accepted_after_rework,strict_gates_passed_after_single_rework,sample_audit_only,1,0,False,,,2026-05-06T04:47:10Z,/root/work/抗菌肽/数据库/batch/4-team/reports/true_rework_queue_next200_10lane_20260505T152139Z_lane02_latest.json
doi__10.1371_journal.pone.0128532,next200_10lane_20260505T152139Z,2,accepted_after_rework,accepted_after_rework,accepted,strict_gates_passed,accepted_after_rework_attempt1,accepted_after_rework,strict_gates_passed_after_single_rework,sample_audit_only,1,0,False,,,2026-05-06T04:47:10Z,/root/work/抗菌肽/数据库/batch/4-team/reports/true_rework_queue_next200_10lane_20260505T152139Z_lane02_latest.json
doi__10.1371_journal.pone.0128576,next200_10lane_20260505T152139Z,2,accepted_after_rework,accepted_after_rework,accepted,strict_gates_passed,accepted_after_rework_attempt1,accepted_after_rework,strict_gates_passed_after_single_rework,sample_audit_only,1,0,False,,,2026-05-06T04:47:10Z,/root/work/抗菌肽/数据库/batch/4-team/reports/true_rework_queue_next200_10lane_20260505T152139Z_lane02_latest.json
doi__10.1371_journal.pone.0132701,next200_10lane_20260505T152139Z,2,blocked_after_best_effort,blocked_figure_chart_value_gap,blocked_source_gap,figure_or_chart_exact_value_unrecoverable,blocked_source_gap_figure_chart_exact_value,blocked_source_gap,figure_or_chart_exact_value_unrecoverable,retry_only_with_digitization_or_external_source,1,1,False,local_supplementary_media_files_not_present;obtainable_only_source_gap_documented,,2026-05-06T04:47:10Z,/root/work/抗菌肽/数据库/batch/4-team/reports/true_rework_queue_next200_10lane_20260505T152139Z_lane02_latest.json
doi__10.1371_journal.pone.0135961,next200_10lane_20260505T152139Z,2,accepted_after_rework,accepted_after_rework,accepted,strict_gates_passed,accepted_after_rework_attempt1_with_infra_retry,accepted_after_rework_with_infra_noise,strict_gates_passed_after_single_rework_with_infra_retry,sample_audit_plus_infra_log_check,1,1,False,,,2026-05-06T04:47:10Z,/root/work/抗菌肽/数据库/batch/4-team/reports/true_rework_queue_next200_10lane_20260505T152139Z_lane02_latest.json
doi__10.1371_journal.pone.0137414,next200_10lane_20260505T152139Z,2,accepted_after_rework,accepted_after_rework,accepted,strict_gates_passed,accepted_after_rework_attempt1,accepted_after_rework,strict_gates_passed_after_single_rework,sample_audit_only,1,0,False,,,2026-05-06T04:47:10Z,/root/work/抗菌肽/数据库/batch/4-team/reports/true_rework_queue_next200_10lane_20260505T152139Z_lane02_latest.json
doi__10.1371_journal.pone.0138911,next200_10lane_20260505T152139Z,2,accepted_after_rework,accepted_after_rework,accepted,strict_gates_passed,accepted_after_rework_attempt1,accepted_after_rework,strict_gates_passed_after_single_rework,sample_audit_only,1,0,False,,,2026-05-06T04:47:10Z,/root/work/抗菌肽/数据库/batch/4-team/reports/true_rework_queue_next200_10lane_20260505T152139Z_lane02_latest.json
doi__10.1371_journal.pone.0139578,next200_10lane_20260505T152139Z,2,accepted_after_rework,accepted_after_rework,accepted,strict_gates_passed,accepted_after_rework_attempt1,accepted_after_rework,strict_gates_passed_after_single_rework,sample_audit_only,1,0,False,,,2026-05-06T04:47:10Z,/root/work/抗菌肽/数据库/batch/4-team/reports/true_rework_queue_next200_10lane_20260505T152139Z_lane02_latest.json
doi__10.1371_journal.pone.0140377,next200_10lane_20260505T152139Z,2,accepted_after_rework,accepted_after_rework,accepted,strict_gates_passed,accepted_after_rework_attempt1_with_infra_retry,accepted_after_rework_with_infra_noise,strict_gates_passed_after_single_rework_with_infra_retry,sample_audit_plus_infra_log_check,1,3,False,,,2026-05-06T04:47:10Z,/root/work/抗菌肽/数据库/batch/4-team/reports/true_rework_queue_next200_10lane_20260505T152139Z_lane02_latest.json
doi__10.1371_journal.pone.0142451,next200_10lane_20260505T152139Z,3,accepted_after_rework,accepted_after_rework,accepted,strict_gates_passed,accepted_after_rework_attempt1_with_infra_retry,accepted_after_rework_with_infra_noise,strict_gates_passed_after_single_rework_with_infra_retry,sample_audit_plus_infra_log_check,1,5,True,,codex_worker_timeout,2026-05-06T07:11:56Z,/root/work/抗菌肽/数据库/batch/4-team/reports/true_rework_queue_next200_10lane_20260505T152139Z_lane03_latest.json
doi__10.1371_journal.pone.0144611,next200_10lane_20260505T152139Z,3,accepted_after_rework,accepted_after_rework,accepted,strict_gates_passed,accepted_after_rework_attempt1,accepted_after_rework,strict_gates_passed_after_single_rework,sample_audit_only,1,0,False,,,2026-05-06T07:11:56Z,/root/work/抗菌肽/数据库/batch/4-team/reports/true_rework_queue_next200_10lane_20260505T152139Z_lane03_latest.json
doi__10.1371_journal.pone.0144741,next200_10lane_20260505T152139Z,3,accepted_after_rework,accepted_after_rework,accepted,strict_gates_passed,accepted_after_rework_attempt1_with_infra_retry,accepted_after_rework_with_infra_noise,strict_gates_passed_after_single_rework_with_infra_retry,sample_audit_plus_infra_log_check,1,1,False,,,2026-05-06T07:11:56Z,/root/work/抗菌肽/数据库/batch/4-team/reports/true_rework_queue_next200_10lane_20260505T152139Z_lane03_latest.json
doi__10.1371_journal.pone.0145854,next200_10lane_20260505T152139Z,3,accepted_after_rework,accepted_after_rework,accepted,strict_gates_passed,accepted_after_rework_attempt1,accepted_after_rework,strict_gates_passed_after_single_rework,sample_audit_only,1,0,False,,,2026-05-06T07:11:56Z,/root/work/抗菌肽/数据库/batch/4-team/reports/true_rework_queue_next200_10lane_20260505T152139Z_lane03_latest.json
doi__10.1371_journal.pone.0149729,next200_10lane_20260505T152139Z,3,accepted_after_rework,accepted_after_rework,accepted,strict_gates_passed,accepted_after_rework_attempt1,accepted_after_rework,strict_gates_passed_after_single_rework,sample_audit_only,1,0,False,,,2026-05-06T07:11:56Z,/root/work/抗菌肽/数据库/batch/4-team/reports/true_rework_queue_next200_10lane_20260505T152139Z_lane03_latest.json
doi__10.1371_journal.pone.0150196,next200_10lane_20260505T152139Z,3,accepted_after_rework,accepted_after_rework,accepted,strict_gates_passed,accepted_after_rework_attempt1,accepted_after_rework,strict_gates_passed_after_single_rework,sample_audit_only,1,0,False,,,2026-05-06T07:11:56Z,/root/work/抗菌肽/数据库/batch/4-team/reports/true_rework_queue_next200_10lane_20260505T152139Z_lane03_latest.json
doi__10.1371_journal.pone.0151639,next200_10lane_20260505T152139Z,3,accepted_after_rework,accepted_after_rework,accepted,strict_gates_passed,accepted_after_rework_attempt1,accepted_after_rework,strict_gates_passed_after_single_rework,sample_audit_only,1,0,False,fig4_exact_time_kill_curve_values_image_only;fig5_exact_phytotoxicity_bar_values_image_only,,2026-05-06T07:11:56Z,/root/work/抗菌肽/数据库/batch/4-team/reports/true_rework_queue_next200_10lane_20260505T152139Z_lane03_latest.json
doi__10.1371_journal.pone.0151694,next200_10lane_20260505T152139Z,3,accepted_after_rework,accepted_after_rework,accepted,strict_gates_passed,accepted_after_rework_attempt1,accepted_after_rework,strict_gates_passed_after_single_rework,sample_audit_only,1,0,False,,,2026-05-06T07:11:56Z,/root/work/抗菌肽/数据库/batch/4-team/reports/true_rework_queue_next200_10lane_20260505T152139Z_lane03_latest.json
doi__10.1371_journal.pone.0151820,next200_10lane_20260505T152139Z,3,accepted_after_rework,accepted_after_rework,accepted,strict_gates_passed,accepted_after_rework_attempt1,accepted_after_rework,strict_gates_passed_after_single_rework,sample_audit_only,1,0,False,,,2026-05-06T07:11:56Z,/root/work/抗菌肽/数据库/batch/4-team/reports/true_rework_queue_next200_10lane_20260505T152139Z_lane03_latest.json
doi__10.1371_journal.pone.0155304,next200_10lane_20260505T152139Z,3,accepted_after_rework,accepted_after_rework,accepted,strict_gates_passed,accepted_after_rework_attempt1,accepted_after_rework,strict_gates_passed_after_single_rework,sample_audit_only,1,0,False,figure4_exact_toxicity_values_not_tabulated,,2026-05-06T07:11:56Z,/root/work/抗菌肽/数据库/batch/4-team/reports/true_rework_queue_next200_10lane_20260505T152139Z_lane03_latest.json
doi__10.1371_journal.pone.0159423,next200_10lane_20260505T152139Z,3,accepted_after_rework,accepted_after_rework,accepted,strict_gates_passed,accepted_after_rework_attempt1,accepted_after_rework,strict_gates_passed_after_single_rework,sample_audit_only,1,0,False,,,2026-05-06T07:11:56Z,/root/work/抗菌肽/数据库/batch/4-team/reports/true_rework_queue_next200_10lane_20260505T152139Z_lane03_latest.json
doi__10.1371_journal.pone.0161573,next200_10lane_20260505T152139Z,3,accepted_after_rework,accepted_after_rework,accepted,strict_gates_passed,accepted_after_rework_attempt1,accepted_after_rework,strict_gates_passed_after_single_rework,sample_audit_only,1,0,False,,,2026-05-06T07:11:56Z,/root/work/抗菌肽/数据库/batch/4-team/reports/true_rework_queue_next200_10lane_20260505T152139Z_lane03_latest.json
doi__10.1371_journal.pone.0162007,next200_10lane_20260505T152139Z,3,accepted_after_rework,accepted_after_rework,accepted,strict_gates_passed,accepted_after_rework_attempt1,accepted_after_rework,strict_gates_passed_after_single_rework,sample_audit_only,1,0,False,,,2026-05-06T07:11:56Z,/root/work/抗菌肽/数据库/batch/4-team/reports/true_rework_queue_next200_10lane_20260505T152139Z_lane03_latest.json
doi__10.1371_journal.pone.0162537,next200_10lane_20260505T152139Z,3,accepted_after_rework,accepted_after_rework,accepted,strict_gates_passed,accepted_after_rework_attempt1_with_infra_retry,accepted_after_rework_with_infra_noise,strict_gates_passed_after_single_rework_with_infra_retry,sample_audit_plus_infra_log_check,1,1,False,,,2026-05-06T07:11:56Z,/root/work/抗菌肽/数据库/batch/4-team/reports/true_rework_queue_next200_10lane_20260505T152139Z_lane03_latest.json
doi__10.1371_journal.pone.0167953,next200_10lane_20260505T152139Z,3,accepted_after_rework,accepted_after_rework,accepted,strict_gates_passed,accepted_after_rework_attempt1,accepted_after_rework,strict_gates_passed_after_single_rework,sample_audit_only,1,0,False,,,2026-05-06T07:11:56Z,/root/work/抗菌肽/数据库/batch/4-team/reports/true_rework_queue_next200_10lane_20260505T152139Z_lane03_latest.json
doi__10.1371_journal.pone.0169582,next200_10lane_20260505T152139Z,3,accepted_after_rework,accepted_after_rework,accepted,strict_gates_passed,accepted_after_rework_attempt1,accepted_after_rework,strict_gates_passed_after_single_rework,sample_audit_only,1,0,False,,,2026-05-06T07:11:56Z,/root/work/抗菌肽/数据库/batch/4-team/reports/true_rework_queue_next200_10lane_20260505T152139Z_lane03_latest.json
doi__10.1371_journal.pone.0169678,next200_10lane_20260505T152139Z,3,accepted_after_rework,accepted_after_rework,accepted,strict_gates_passed,accepted_after_rework_attempt1_with_infra_retry,accepted_after_rework_with_infra_noise,strict_gates_passed_after_single_rework_with_infra_retry,sample_audit_plus_infra_log_check,1,1,False,,,2026-05-06T07:11:56Z,/root/work/抗菌肽/数据库/batch/4-team/reports/true_rework_queue_next200_10lane_20260505T152139Z_lane03_latest.json
doi__10.1371_journal.pone.0170821,next200_10lane_20260505T152139Z,3,accepted_after_rework,accepted_after_rework,accepted,strict_gates_passed,accepted_after_rework_attempt1_with_infra_retry,accepted_after_rework_with_infra_noise,strict_gates_passed_after_single_rework_with_infra_retry,sample_audit_plus_infra_log_check,1,3,False,,,2026-05-06T07:11:56Z,/root/work/抗菌肽/数据库/batch/4-team/reports/true_rework_queue_next200_10lane_20260505T152139Z_lane03_latest.json
doi__10.1371_journal.pone.0173783,next200_10lane_20260505T152139Z,3,accepted_after_rework,accepted_after_rework,accepted,strict_gates_passed,accepted_after_rework_attempt1_with_infra_retry,accepted_after_rework_with_infra_noise,strict_gates_passed_after_single_rework_with_infra_retry,sample_audit_plus_infra_log_check,1,1,False,figure_bar_exact_values_not_digitized;html_landing_supplement_assets_not_extra_data_tables;no_current_paper_host_toxicity_assay,,2026-05-06T07:11:56Z,/root/work/抗菌肽/数据库/batch/4-team/reports/true_rework_queue_next200_10lane_20260505T152139Z_lane03_latest.json
doi__10.1371_journal.pone.0174024,next200_10lane_20260505T152139Z,3,blocked_after_best_effort,infrastructure_codex_worker_retry_exhausted,infrastructure_retry_exhausted,codex_worker_nonzero_exit,infrastructure_retry_exhausted_worker_nonzero_exit,infrastructure_retry_exhausted,codex_worker_infra_retry_exhausted,defer_to_infrastructure_recovery_queue,1,5,True,codex_worker_nonzero_exit,codex_worker_nonzero_exit,2026-05-06T07:11:56Z,/root/work/抗菌肽/数据库/batch/4-team/reports/true_rework_queue_next200_10lane_20260505T152139Z_lane03_latest.json
doi__10.1371_journal.pone.0176088,next200_10lane_20260505T152139Z,4,accepted_after_rework,accepted_after_rework,accepted,strict_gates_passed,accepted_after_rework_attempt1_with_infra_retry,accepted_after_rework_with_infra_noise,strict_gates_passed_after_single_rework_with_infra_retry,sample_audit_plus_infra_log_check,1,2,False,,,2026-05-06T02:46:57Z,/root/work/抗菌肽/数据库/batch/4-team/reports/true_rework_queue_next200_10lane_20260505T152139Z_lane04_latest.json
doi__10.1371_journal.pone.0178785,next200_10lane_20260505T152139Z,4,accepted_after_rework,accepted_after_rework,accepted,strict_gates_passed,accepted_after_rework_attempt1_with_infra_retry,accepted_after_rework_with_infra_noise,strict_gates_passed_after_single_rework_with_infra_retry,sample_audit_plus_infra_log_check,1,1,False,,,2026-05-06T02:46:57Z,/root/work/抗菌肽/数据库/batch/4-team/reports/true_rework_queue_next200_10lane_20260505T152139Z_lane04_latest.json
doi__10.1371_journal.pone.0186442,next200_10lane_20260505T152139Z,4,accepted_after_rework,accepted_after_rework,accepted,strict_gates_passed,accepted_after_rework_attempt1,accepted_after_rework,strict_gates_passed_after_single_rework,sample_audit_only,1,0,False,,,2026-05-06T02:46:57Z,/root/work/抗菌肽/数据库/batch/4-team/reports/true_rework_queue_next200_10lane_20260505T152139Z_lane04_latest.json
doi__10.1371_journal.pone.0187914,next200_10lane_20260505T152139Z,4,accepted_after_rework,accepted_after_rework,accepted,strict_gates_passed,accepted_after_rework_attempt1,accepted_after_rework,strict_gates_passed_after_single_rework,sample_audit_only,1,0,False,,,2026-05-06T02:46:57Z,/root/work/抗菌肽/数据库/batch/4-team/reports/true_rework_queue_next200_10lane_20260505T152139Z_lane04_latest.json
doi__10.1371_journal.pone.0190778,next200_10lane_20260505T152139Z,4,accepted_after_rework,accepted_after_rework,accepted,strict_gates_passed,accepted_after_rework_attempt1_with_infra_retry,accepted_after_rework_with_infra_noise,strict_gates_passed_after_single_rework_with_infra_retry,sample_audit_plus_infra_log_check,1,1,False,,,2026-05-06T02:46:57Z,/root/work/抗菌肽/数据库/batch/4-team/reports/true_rework_queue_next200_10lane_20260505T152139Z_lane04_latest.json
doi__10.1371_journal.pone.0196295,next200_10lane_20260505T152139Z,4,accepted_after_rework,accepted_after_rework,accepted,strict_gates_passed,accepted_after_rework_attempt1,accepted_after_rework,strict_gates_passed_after_single_rework,sample_audit_only,1,0,False,,,2026-05-06T02:46:57Z,/root/work/抗菌肽/数据库/batch/4-team/reports/true_rework_queue_next200_10lane_20260505T152139Z_lane04_latest.json
doi__10.1371_journal.pone.0197742,next200_10lane_20260505T152139Z,4,accepted_after_rework,accepted_after_rework,accepted,strict_gates_passed,accepted_after_rework_attempt1,accepted_after_rework,strict_gates_passed_after_single_rework,sample_audit_only,1,0,False,,,2026-05-06T02:46:57Z,/root/work/抗菌肽/数据库/batch/4-team/reports/true_rework_queue_next200_10lane_20260505T152139Z_lane04_latest.json
doi__10.1371_journal.pone.0201571,next200_10lane_20260505T152139Z,4,accepted_after_rework,accepted_after_rework,accepted,strict_gates_passed,accepted_after_rework_attempt1,accepted_after_rework,strict_gates_passed_after_single_rework,sample_audit_only,1,0,False,,,2026-05-06T02:46:57Z,/root/work/抗菌肽/数据库/batch/4-team/reports/true_rework_queue_next200_10lane_20260505T152139Z_lane04_latest.json
doi__10.1371_journal.pone.0201668,next200_10lane_20260505T152139Z,4,accepted_after_rework,accepted_after_rework,accepted,strict_gates_passed,accepted_after_rework_attempt1,accepted_after_rework,strict_gates_passed_after_single_rework,sample_audit_only,1,0,False,,,2026-05-06T02:46:57Z,/root/work/抗菌肽/数据库/batch/4-team/reports/true_rework_queue_next200_10lane_20260505T152139Z_lane04_latest.json
doi__10.1371_journal.pone.0203451,next200_10lane_20260505T152139Z,4,accepted_after_rework,accepted_after_rework,accepted,strict_gates_passed,accepted_after_rework_attempt1,accepted_after_rework,strict_gates_passed_after_single_rework,sample_audit_only,1,0,False,,,2026-05-06T02:46:57Z,/root/work/抗菌肽/数据库/batch/4-team/reports/true_rework_queue_next200_10lane_20260505T152139Z_lane04_latest.json
doi__10.1371_journal.pone.0204042,next200_10lane_20260505T152139Z,4,accepted_after_rework,accepted_after_rework,accepted,strict_gates_passed,accepted_after_rework_attempt1,accepted_after_rework,strict_gates_passed_after_single_rework,sample_audit_only,1,0,False,supplement_doc_payload_not_locally_recovered_nonblocking,,2026-05-06T02:46:57Z,/root/work/抗菌肽/数据库/batch/4-team/reports/true_rework_queue_next200_10lane_20260505T152139Z_lane04_latest.json
doi__10.1371_journal.pone.0205509,next200_10lane_20260505T152139Z,4,accepted_after_rework,accepted_after_rework,accepted,strict_gates_passed,accepted_after_rework_attempt1,accepted_after_rework,strict_gates_passed_after_single_rework,sample_audit_only,1,0,False,,,2026-05-06T02:46:57Z,/root/work/抗菌肽/数据库/batch/4-team/reports/true_rework_queue_next200_10lane_20260505T152139Z_lane04_latest.json
doi__10.1371_journal.pone.0205727,next200_10lane_20260505T152139Z,4,accepted_after_rework,accepted_after_rework,accepted,strict_gates_passed,accepted_after_rework_attempt1,accepted_after_rework,strict_gates_passed_after_single_rework,sample_audit_only,1,0,False,,,2026-05-06T02:46:57Z,/root/work/抗菌肽/数据库/batch/4-team/reports/true_rework_queue_next200_10lane_20260505T152139Z_lane04_latest.json
doi__10.1371_journal.pone.0206578,next200_10lane_20260505T152139Z,4,accepted_after_rework,accepted_after_rework,accepted,strict_gates_passed,accepted_after_rework_attempt1,accepted_after_rework,strict_gates_passed_after_single_rework,sample_audit_only,1,0,False,,,2026-05-06T02:46:57Z,/root/work/抗菌肽/数据库/batch/4-team/reports/true_rework_queue_next200_10lane_20260505T152139Z_lane04_latest.json
doi__10.1371_journal.pone.0212447,next200_10lane_20260505T152139Z,4,accepted_after_rework,accepted_after_rework,accepted,strict_gates_passed,accepted_after_rework_attempt1,accepted_after_rework,strict_gates_passed_after_single_rework,sample_audit_only,1,0,False,,,2026-05-06T02:46:57Z,/root/work/抗菌肽/数据库/batch/4-team/reports/true_rework_queue_next200_10lane_20260505T152139Z_lane04_latest.json
doi__10.1371_journal.pone.0215227,next200_10lane_20260505T152139Z,4,accepted_after_rework,accepted_after_rework,accepted,strict_gates_passed,accepted_after_rework_attempt1,accepted_after_rework,strict_gates_passed_after_single_rework,sample_audit_only,1,0,False,,,2026-05-06T02:46:57Z,/root/work/抗菌肽/数据库/batch/4-team/reports/true_rework_queue_next200_10lane_20260505T152139Z_lane04_latest.json
doi__10.1371_journal.pone.0215703,next200_10lane_20260505T152139Z,4,accepted_after_rework,accepted_after_rework,accepted,strict_gates_passed,accepted_after_rework_attempt1,accepted_after_rework,strict_gates_passed_after_single_rework,sample_audit_only,1,0,False,,,2026-05-06T02:46:57Z,/root/work/抗菌肽/数据库/batch/4-team/reports/true_rework_queue_next200_10lane_20260505T152139Z_lane04_latest.json
doi__10.1371_journal.pone.0216669,next200_10lane_20260505T152139Z,4,accepted_after_rework,accepted_after_rework,accepted,strict_gates_passed,accepted_after_rework_attempt1,accepted_after_rework,strict_gates_passed_after_single_rework,sample_audit_only,1,0,False,,,2026-05-06T02:46:57Z,/root/work/抗菌肽/数据库/batch/4-team/reports/true_rework_queue_next200_10lane_20260505T152139Z_lane04_latest.json
doi__10.1371_journal.pone.0218479,next200_10lane_20260505T152139Z,4,accepted_after_rework,accepted_after_rework,accepted,strict_gates_passed,accepted_after_rework_attempt1,accepted_after_rework,strict_gates_passed_after_single_rework,sample_audit_only,1,0,False,,,2026-05-06T02:46:57Z,/root/work/抗菌肽/数据库/batch/4-team/reports/true_rework_queue_next200_10lane_20260505T152139Z_lane04_latest.json
doi__10.1371_journal.pone.0220656,next200_10lane_20260505T152139Z,4,accepted_after_rework,accepted_after_rework,accepted,strict_gates_passed,accepted_after_rework_attempt1_with_infra_retry,accepted_after_rework_with_infra_noise,strict_gates_passed_after_single_rework_with_infra_retry,sample_audit_plus_infra_log_check,1,1,False,figure_only_exact_cytotoxicity_percentages_not_text_recoverable,,2026-05-06T02:46:57Z,/root/work/抗菌肽/数据库/batch/4-team/reports/true_rework_queue_next200_10lane_20260505T152139Z_lane04_latest.json
doi__10.1371_journal.pone.0222438,next200_10lane_20260505T152139Z,5,accepted_after_rework,accepted_after_rework,accepted,strict_gates_passed,accepted_after_rework_attempt1_with_infra_retry,accepted_after_rework_with_infra_noise,strict_gates_passed_after_single_rework_with_infra_retry,sample_audit_plus_infra_log_check,1,3,False,,,2026-05-06T09:02:54Z,/root/work/抗菌肽/数据库/batch/4-team/reports/true_rework_queue_next200_10lane_20260505T152139Z_lane05_latest.json
doi__10.1371_journal.pone.0223541,next200_10lane_20260505T152139Z,5,accepted_after_rework,accepted_after_rework,accepted,strict_gates_passed,accepted_after_rework_attempt1,accepted_after_rework,strict_gates_passed_after_single_rework,sample_audit_only,1,0,False,,,2026-05-06T09:02:54Z,/root/work/抗菌肽/数据库/batch/4-team/reports/true_rework_queue_next200_10lane_20260505T152139Z_lane05_latest.json
doi__10.1371_journal.pone.0228740,next200_10lane_20260505T152139Z,5,accepted_after_rework,accepted_after_rework,accepted,strict_gates_passed,accepted_after_rework_attempt1_with_infra_retry,accepted_after_rework_with_infra_noise,strict_gates_passed_after_single_rework_with_infra_retry,sample_audit_plus_infra_log_check,1,1,False,,,2026-05-06T09:02:54Z,/root/work/抗菌肽/数据库/batch/4-team/reports/true_rework_queue_next200_10lane_20260505T152139Z_lane05_latest.json
doi__10.1371_journal.pone.0229417,next200_10lane_20260505T152139Z,5,accepted_after_rework,accepted_after_rework,accepted,strict_gates_passed,accepted_after_rework_attempt1,accepted_after_rework,strict_gates_passed_after_single_rework,sample_audit_only,1,0,False,,,2026-05-06T09:02:54Z,/root/work/抗菌肽/数据库/batch/4-team/reports/true_rework_queue_next200_10lane_20260505T152139Z_lane05_latest.json
doi__10.1371_journal.pone.0235892,next200_10lane_20260505T152139Z,5,accepted_after_rework,accepted_after_rework,accepted,strict_gates_passed,accepted_after_rework_attempt1,accepted_after_rework,strict_gates_passed_after_single_rework,sample_audit_only,1,0,False,exact_supplementary_tiff_bar_values_not_machine_extracted;toxicity_assay_not_reported_in_local_primary_article,,2026-05-06T09:02:54Z,/root/work/抗菌肽/数据库/batch/4-team/reports/true_rework_queue_next200_10lane_20260505T152139Z_lane05_latest.json
doi__10.1371_journal.pone.0249658,next200_10lane_20260505T152139Z,5,accepted_after_rework,accepted_after_rework,accepted,strict_gates_passed,accepted_after_rework_attempt1_with_infra_retry,accepted_after_rework_with_infra_noise,strict_gates_passed_after_single_rework_with_infra_retry,sample_audit_plus_infra_log_check,1,1,False,figure5_exact_bar_heights_not_table_transcribed,,2026-05-06T09:02:54Z,/root/work/抗菌肽/数据库/batch/4-team/reports/true_rework_queue_next200_10lane_20260505T152139Z_lane05_latest.json
doi__10.1371_journal.pone.0257431,next200_10lane_20260505T152139Z,5,accepted_after_rework,accepted_after_rework,accepted,strict_gates_passed,accepted_after_rework_attempt1,accepted_after_rework,strict_gates_passed_after_single_rework,sample_audit_only,1,0,False,,,2026-05-06T09:02:54Z,/root/work/抗菌肽/数据库/batch/4-team/reports/true_rework_queue_next200_10lane_20260505T152139Z_lane05_latest.json
doi__10.1371_journal.pone.0260003,next200_10lane_20260505T152139Z,5,accepted_after_rework,accepted_after_rework,accepted,strict_gates_passed,accepted_after_rework_attempt1,accepted_after_rework,strict_gates_passed_after_single_rework,sample_audit_only,1,0,False,,,2026-05-06T09:02:54Z,/root/work/抗菌肽/数据库/batch/4-team/reports/true_rework_queue_next200_10lane_20260505T152139Z_lane05_latest.json
doi__10.1371_journal.pone.0278419,next200_10lane_20260505T152139Z,5,accepted_after_rework,accepted_after_rework,accepted,strict_gates_passed,accepted_after_rework_attempt1,accepted_after_rework,strict_gates_passed_after_single_rework,sample_audit_only,1,0,False,,,2026-05-06T09:02:54Z,/root/work/抗菌肽/数据库/batch/4-team/reports/true_rework_queue_next200_10lane_20260505T152139Z_lane05_latest.json
doi__10.1371_journal.ppat.1000144,next200_10lane_20260505T152139Z,5,accepted_after_rework,accepted_after_rework,accepted,strict_gates_passed,accepted_after_rework_attempt1_with_infra_retry,accepted_after_rework_with_infra_noise,strict_gates_passed_after_single_rework_with_infra_retry,sample_audit_plus_infra_log_check,1,2,False,,,2026-05-06T09:02:54Z,/root/work/抗菌肽/数据库/batch/4-team/reports/true_rework_queue_next200_10lane_20260505T152139Z_lane05_latest.json
doi__10.1371_journal.ppat.1000509,next200_10lane_20260505T152139Z,5,accepted_after_rework,accepted_after_rework,accepted,strict_gates_passed,accepted_after_rework_attempt1_with_infra_retry,accepted_after_rework_with_infra_noise,strict_gates_passed_after_single_rework_with_infra_retry,sample_audit_plus_infra_log_check,1,1,False,,,2026-05-06T09:02:54Z,/root/work/抗菌肽/数据库/batch/4-team/reports/true_rework_queue_next200_10lane_20260505T152139Z_lane05_latest.json
doi__10.1371_journal.ppat.1000698,next200_10lane_20260505T152139Z,5,accepted_after_rework,accepted_after_rework,accepted,strict_gates_passed,accepted_after_rework_attempt1,accepted_after_rework,strict_gates_passed_after_single_rework,sample_audit_only,1,0,False,figure_exact_point_values_not_digitized,,2026-05-06T09:02:54Z,/root/work/抗菌肽/数据库/batch/4-team/reports/true_rework_queue_next200_10lane_20260505T152139Z_lane05_latest.json
doi__10.1371_journal.ppat.1000857,next200_10lane_20260505T152139Z,5,accepted_after_rework,accepted_after_rework,accepted,strict_gates_passed,accepted_after_rework_attempt1,accepted_after_rework,strict_gates_passed_after_single_rework,sample_audit_only,1,0,False,,,2026-05-06T09:02:54Z,/root/work/抗菌肽/数据库/batch/4-team/reports/true_rework_queue_next200_10lane_20260505T152139Z_lane05_latest.json
doi__10.1371_journal.ppat.1002331,next200_10lane_20260505T152139Z,5,accepted_after_rework,accepted_after_rework,accepted,strict_gates_passed,accepted_after_rework_attempt1_with_infra_retry,accepted_after_rework_with_infra_noise,strict_gates_passed_after_single_rework_with_infra_retry,sample_audit_plus_infra_log_check,1,3,False,,,2026-05-06T09:02:54Z,/root/work/抗菌肽/数据库/batch/4-team/reports/true_rework_queue_next200_10lane_20260505T152139Z_lane05_latest.json
doi__10.1371_journal.ppat.1002891,next200_10lane_20260505T152139Z,5,accepted_after_rework,accepted_after_rework,accepted,strict_gates_passed,accepted_after_rework_attempt1,accepted_after_rework,strict_gates_passed_after_single_rework,sample_audit_only,1,0,False,,,2026-05-06T09:02:54Z,/root/work/抗菌肽/数据库/batch/4-team/reports/true_rework_queue_next200_10lane_20260505T152139Z_lane05_latest.json
doi__10.1371_journal.ppat.1003425,next200_10lane_20260505T152139Z,5,accepted_after_rework,accepted_after_rework,accepted,strict_gates_passed,accepted_after_rework_attempt1_with_infra_retry,accepted_after_rework_with_infra_noise,strict_gates_passed_after_single_rework_with_infra_retry,sample_audit_plus_infra_log_check,1,1,False,,,2026-05-06T09:02:54Z,/root/work/抗菌肽/数据库/batch/4-team/reports/true_rework_queue_next200_10lane_20260505T152139Z_lane05_latest.json
doi__10.1371_journal.ppat.1004071,next200_10lane_20260505T152139Z,5,accepted_after_rework,accepted_after_rework,accepted,strict_gates_passed,accepted_after_rework_attempt1,accepted_after_rework,strict_gates_passed_after_single_rework,sample_audit_only,1,0,False,,,2026-05-06T09:02:54Z,/root/work/抗菌肽/数据库/batch/4-team/reports/true_rework_queue_next200_10lane_20260505T152139Z_lane05_latest.json
doi__10.1371_journal.ppat.1004152,next200_10lane_20260505T152139Z,5,accepted_after_rework,accepted_after_rework,accepted,strict_gates_passed,accepted_after_rework_attempt1_with_infra_retry,accepted_after_rework_with_infra_noise,strict_gates_passed_after_single_rework_with_infra_retry,sample_audit_plus_infra_log_check,1,5,False,,,2026-05-06T09:02:54Z,/root/work/抗菌肽/数据库/batch/4-team/reports/true_rework_queue_next200_10lane_20260505T152139Z_lane05_latest.json
doi__10.1371_journal.ppat.1005159,next200_10lane_20260505T152139Z,5,blocked_after_best_effort,infrastructure_codex_worker_retry_exhausted,infrastructure_retry_exhausted,codex_api_or_network_error,infrastructure_retry_exhausted_api_or_network,infrastructure_retry_exhausted,codex_worker_infra_retry_exhausted,defer_to_infrastructure_recovery_queue,1,5,True,codex_api_or_network_error,codex_api_or_network_error,2026-05-06T09:02:54Z,/root/work/抗菌肽/数据库/batch/4-team/reports/true_rework_queue_next200_10lane_20260505T152139Z_lane05_latest.json
doi__10.1371_journal.ppat.1007552,next200_10lane_20260505T152139Z,5,blocked_after_best_effort,infrastructure_codex_worker_retry_exhausted,infrastructure_retry_exhausted,codex_worker_nonzero_exit,infrastructure_retry_exhausted_worker_nonzero_exit,infrastructure_retry_exhausted,codex_worker_infra_retry_exhausted,defer_to_infrastructure_recovery_queue,1,5,True,codex_worker_nonzero_exit,codex_worker_nonzero_exit,2026-05-06T09:02:54Z,/root/work/抗菌肽/数据库/batch/4-team/reports/true_rework_queue_next200_10lane_20260505T152139Z_lane05_latest.json
doi__10.1371_journal.ppat.1008082,next200_10lane_20260505T152139Z,6,accepted_after_rework,accepted_after_rework,accepted,strict_gates_passed,accepted_after_rework_attempt1_with_infra_retry,accepted_after_rework_with_infra_noise,strict_gates_passed_after_single_rework_with_infra_retry,sample_audit_plus_infra_log_check,1,5,True,,codex_worker_timeout,2026-05-06T09:13:35Z,/root/work/抗菌肽/数据库/batch/4-team/reports/true_rework_queue_next200_10lane_20260505T152139Z_lane06_latest.json
doi__10.1371_journal.ppat.1011508,next200_10lane_20260505T152139Z,6,accepted_after_rework,accepted_after_rework,accepted,strict_gates_passed,accepted_after_rework_attempt1_with_infra_retry,accepted_after_rework_with_infra_noise,strict_gates_passed_after_single_rework_with_infra_retry,sample_audit_plus_infra_log_check,1,1,False,,,2026-05-06T09:13:35Z,/root/work/抗菌肽/数据库/batch/4-team/reports/true_rework_queue_next200_10lane_20260505T152139Z_lane06_latest.json
doi__10.13918_j.issn.2095-8137.2016.6.347,next200_10lane_20260505T152139Z,6,accepted_after_rework,accepted_after_rework,accepted,strict_gates_passed,accepted_after_rework_attempt1,accepted_after_rework,strict_gates_passed_after_single_rework,sample_audit_only,1,0,False,,,2026-05-06T09:13:35Z,/root/work/抗菌肽/数据库/batch/4-team/reports/true_rework_queue_next200_10lane_20260505T152139Z_lane06_latest.json
doi__10.14202_vetworld.2023.1284-1288,next200_10lane_20260505T152139Z,6,accepted_after_rework,accepted_after_rework,accepted,strict_gates_passed,accepted_after_rework_attempt1,accepted_after_rework,strict_gates_passed_after_single_rework,sample_audit_only,1,0,False,,,2026-05-06T09:13:35Z,/root/work/抗菌肽/数据库/batch/4-team/reports/true_rework_queue_next200_10lane_20260505T152139Z_lane06_latest.json
doi__10.15252_emmm.202114499,next200_10lane_20260505T152139Z,6,accepted_after_rework,accepted_after_rework,accepted,strict_gates_passed,accepted_after_rework_attempt1_with_infra_retry,accepted_after_rework_with_infra_noise,strict_gates_passed_after_single_rework_with_infra_retry,sample_audit_plus_infra_log_check,1,1,False,,,2026-05-06T09:13:35Z,/root/work/抗菌肽/数据库/batch/4-team/reports/true_rework_queue_next200_10lane_20260505T152139Z_lane06_latest.json
doi__10.1590_s1517-83822014000300043,next200_10lane_20260505T152139Z,6,accepted_after_rework,accepted_after_rework,accepted,strict_gates_passed,accepted_after_rework_attempt1,accepted_after_rework,strict_gates_passed_after_single_rework,sample_audit_only,1,0,False,,,2026-05-06T09:13:35Z,/root/work/抗菌肽/数据库/batch/4-team/reports/true_rework_queue_next200_10lane_20260505T152139Z_lane06_latest.json
doi__10.18632_oncotarget.11841,next200_10lane_20260505T152139Z,6,accepted_after_rework,accepted_after_rework,accepted,strict_gates_passed,accepted_after_rework_attempt1,accepted_after_rework,strict_gates_passed_after_single_rework,sample_audit_only,1,0,False,,,2026-05-06T09:13:35Z,/root/work/抗菌肽/数据库/batch/4-team/reports/true_rework_queue_next200_10lane_20260505T152139Z_lane06_latest.json
doi__10.18632_oncotarget.18124,next200_10lane_20260505T152139Z,6,accepted_after_rework,accepted_after_rework,accepted,strict_gates_passed,accepted_after_rework_attempt1,accepted_after_rework,strict_gates_passed_after_single_rework,sample_audit_only,1,0,False,,,2026-05-06T09:13:35Z,/root/work/抗菌肽/数据库/batch/4-team/reports/true_rework_queue_next200_10lane_20260505T152139Z_lane06_latest.json
doi__10.18632_oncotarget.2039,next200_10lane_20260505T152139Z,6,accepted_after_rework,accepted_after_rework,accepted,strict_gates_passed,accepted_after_rework_attempt1,accepted_after_rework,strict_gates_passed_after_single_rework,sample_audit_only,1,0,False,,,2026-05-06T09:13:35Z,/root/work/抗菌肽/数据库/batch/4-team/reports/true_rework_queue_next200_10lane_20260505T152139Z_lane06_latest.json
doi__10.18632_oncotarget.22797,next200_10lane_20260505T152139Z,6,accepted_after_rework,accepted_after_rework,accepted,strict_gates_passed,accepted_after_rework_attempt1,accepted_after_rework,strict_gates_passed_after_single_rework,sample_audit_only,1,0,False,,,2026-05-06T09:13:35Z,/root/work/抗菌肽/数据库/batch/4-team/reports/true_rework_queue_next200_10lane_20260505T152139Z_lane06_latest.json
doi__10.18632_oncotarget.24582,next200_10lane_20260505T152139Z,6,accepted_after_rework,accepted_after_rework,accepted,strict_gates_passed,accepted_after_rework_attempt1_with_infra_retry,accepted_after_rework_with_infra_noise,strict_gates_passed_after_single_rework_with_infra_retry,sample_audit_plus_infra_log_check,1,1,False,,,2026-05-06T09:13:35Z,/root/work/抗菌肽/数据库/batch/4-team/reports/true_rework_queue_next200_10lane_20260505T152139Z_lane06_latest.json
doi__10.18632_oncotarget.2754,next200_10lane_20260505T152139Z,6,accepted_after_rework,accepted_after_rework,accepted,strict_gates_passed,accepted_after_rework_attempt1,accepted_after_rework,strict_gates_passed_after_single_rework,sample_audit_only,1,0,False,,,2026-05-06T09:13:35Z,/root/work/抗菌肽/数据库/batch/4-team/reports/true_rework_queue_next200_10lane_20260505T152139Z_lane06_latest.json
doi__10.18632_oncotarget.4101,next200_10lane_20260505T152139Z,6,accepted_after_rework,accepted_after_rework,accepted,strict_gates_passed,accepted_after_rework_attempt1,accepted_after_rework,strict_gates_passed_after_single_rework,sample_audit_only,1,0,False,,,2026-05-06T09:13:35Z,/root/work/抗菌肽/数据库/batch/4-team/reports/true_rework_queue_next200_10lane_20260505T152139Z_lane06_latest.json
doi__10.18632_oncotarget.6794,next200_10lane_20260505T152139Z,6,blocked_after_best_effort,blocked_figure_chart_value_gap,blocked_source_gap,figure_or_chart_exact_value_unrecoverable,blocked_source_gap_figure_chart_exact_value,blocked_source_gap,figure_or_chart_exact_value_unrecoverable,retry_only_with_digitization_or_external_source,1,0,False,database_activity_values_remain_source_conflict_after_local_review;figure_graph_exact_activity_values_not_text_or_table_recoverable;obtainable_only_source_gap_documented,,2026-05-06T09:13:35Z,/root/work/抗菌肽/数据库/batch/4-team/reports/true_rework_queue_next200_10lane_20260505T152139Z_lane06_latest.json
doi__10.18725_oparu-34849,next200_10lane_20260505T152139Z,6,accepted_after_rework,accepted_after_rework,accepted,strict_gates_passed,accepted_after_rework_attempt1_with_infra_retry,accepted_after_rework_with_infra_noise,strict_gates_passed_after_single_rework_with_infra_retry,sample_audit_plus_infra_log_check,1,1,False,,,2026-05-06T09:13:35Z,/root/work/抗菌肽/数据库/batch/4-team/reports/true_rework_queue_next200_10lane_20260505T152139Z_lane06_latest.json
doi__10.18725_oparu-38134,next200_10lane_20260505T152139Z,6,accepted_after_rework,accepted_after_rework,accepted,strict_gates_passed,accepted_after_rework_attempt1_with_infra_retry,accepted_after_rework_with_infra_noise,strict_gates_passed_after_single_rework_with_infra_retry,sample_audit_plus_infra_log_check,1,3,False,,,2026-05-06T09:13:35Z,/root/work/抗菌肽/数据库/batch/4-team/reports/true_rework_queue_next200_10lane_20260505T152139Z_lane06_latest.json
doi__10.21203_rs.3.rs-1856348_v1,next200_10lane_20260505T152139Z,6,accepted_after_rework,accepted_after_rework,accepted,strict_gates_passed,accepted_after_rework_attempt1,accepted_after_rework,strict_gates_passed_after_single_rework,sample_audit_only,1,0,False,,,2026-05-06T09:13:35Z,/root/work/抗菌肽/数据库/batch/4-team/reports/true_rework_queue_next200_10lane_20260505T152139Z_lane06_latest.json
doi__10.21203_rs.3.rs-2194162_v1,next200_10lane_20260505T152139Z,6,accepted_after_rework,accepted_after_rework,accepted,strict_gates_passed,accepted_after_rework_attempt1_with_infra_retry,accepted_after_rework_with_infra_noise,strict_gates_passed_after_single_rework_with_infra_retry,sample_audit_plus_infra_log_check,1,1,False,current_paper_exact_sequence_not_embedded;figure_exact_values_not_locally_recoverable_without_digitization;paper_xml_not_article_xml,,2026-05-06T09:13:35Z,/root/work/抗菌肽/数据库/batch/4-team/reports/true_rework_queue_next200_10lane_20260505T152139Z_lane06_latest.json
doi__10.21203_rs.3.rs-3457760_v1,next200_10lane_20260505T152139Z,6,blocked_after_best_effort,infrastructure_codex_worker_retry_exhausted,infrastructure_retry_exhausted,codex_worker_nonzero_exit,infrastructure_retry_exhausted_worker_nonzero_exit,infrastructure_retry_exhausted,codex_worker_infra_retry_exhausted,defer_to_infrastructure_recovery_queue,1,5,True,codex_worker_nonzero_exit,codex_worker_nonzero_exit,2026-05-06T09:13:35Z,/root/work/抗菌肽/数据库/batch/4-team/reports/true_rework_queue_next200_10lane_20260505T152139Z_lane06_latest.json
doi__10.21203_rs.3.rs-3491947_v1,next200_10lane_20260505T152139Z,6,blocked_after_best_effort,infrastructure_codex_worker_retry_exhausted,infrastructure_retry_exhausted,codex_worker_nonzero_exit,infrastructure_retry_exhausted_worker_nonzero_exit,infrastructure_retry_exhausted,codex_worker_infra_retry_exhausted,defer_to_infrastructure_recovery_queue,1,5,True,codex_worker_nonzero_exit,codex_worker_nonzero_exit,2026-05-06T09:13:35Z,/root/work/抗菌肽/数据库/batch/4-team/reports/true_rework_queue_next200_10lane_20260505T152139Z_lane06_latest.json
doi__10.21203_rs.3.rs-3535234_v1,next200_10lane_20260505T152139Z,7,accepted_after_rework,accepted_after_rework,accepted,strict_gates_passed,accepted_after_rework_attempt1_with_infra_retry,accepted_after_rework_with_infra_noise,strict_gates_passed_after_single_rework_with_infra_retry,sample_audit_plus_infra_log_check,1,4,False,,,2026-05-06T03:53:39Z,/root/work/抗菌肽/数据库/batch/4-team/reports/true_rework_queue_next200_10lane_20260505T152139Z_lane07_latest.json
doi__10.21203_rs.3.rs-3789296_v1,next200_10lane_20260505T152139Z,7,accepted_after_rework,accepted_after_rework,accepted,strict_gates_passed,accepted_after_rework_attempt1,accepted_after_rework,strict_gates_passed_after_single_rework,sample_audit_only,1,0,False,,,2026-05-06T03:53:39Z,/root/work/抗菌肽/数据库/batch/4-team/reports/true_rework_queue_next200_10lane_20260505T152139Z_lane07_latest.json
doi__10.21203_rs.3.rs-571433_v1,next200_10lane_20260505T152139Z,7,accepted_after_rework,accepted_after_rework,accepted,strict_gates_passed,accepted_after_rework_attempt1,accepted_after_rework,strict_gates_passed_after_single_rework,sample_audit_only,1,0,False,,,2026-05-06T03:53:39Z,/root/work/抗菌肽/数据库/batch/4-team/reports/true_rework_queue_next200_10lane_20260505T152139Z_lane07_latest.json
doi__10.21203_rs.3.rs-578319_v1,next200_10lane_20260505T152139Z,7,blocked_after_best_effort,blocked_figure_chart_value_gap,blocked_source_gap,figure_or_chart_exact_value_unrecoverable,blocked_source_gap_figure_chart_exact_value,blocked_source_gap,figure_or_chart_exact_value_unrecoverable,retry_only_with_digitization_or_external_source,1,0,False,obtainable_only_source_gap_documented;paper_xml_not_primary_article_xml;true_research_square_supplementary_pdfs_not_local,,2026-05-06T03:53:39Z,/root/work/抗菌肽/数据库/batch/4-team/reports/true_rework_queue_next200_10lane_20260505T152139Z_lane07_latest.json
doi__10.2144_fsoa-2022-0013,next200_10lane_20260505T152139Z,7,accepted_after_rework,accepted_after_rework,accepted,strict_gates_passed,accepted_after_rework_attempt1,accepted_after_rework,strict_gates_passed_after_single_rework,sample_audit_only,1,0,False,,,2026-05-06T03:53:39Z,/root/work/抗菌肽/数据库/batch/4-team/reports/true_rework_queue_next200_10lane_20260505T152139Z_lane07_latest.json
doi__10.2147_dddt.s101212,next200_10lane_20260505T152139Z,7,accepted_after_rework,accepted_after_rework,accepted,strict_gates_passed,accepted_after_rework_attempt1,accepted_after_rework,strict_gates_passed_after_single_rework,sample_audit_only,1,0,False,supplementary_s_assets_not_locally_recoverable_nonblocking,,2026-05-06T03:53:39Z,/root/work/抗菌肽/数据库/batch/4-team/reports/true_rework_queue_next200_10lane_20260505T152139Z_lane07_latest.json
doi__10.2147_dddt.s107195,next200_10lane_20260505T152139Z,7,accepted_after_rework,accepted_after_rework,accepted,strict_gates_passed,accepted_after_rework_attempt1_with_infra_retry,accepted_after_rework_with_infra_noise,strict_gates_passed_after_single_rework_with_infra_retry,sample_audit_plus_infra_log_check,1,1,False,,,2026-05-06T03:53:39Z,/root/work/抗菌肽/数据库/batch/4-team/reports/true_rework_queue_next200_10lane_20260505T152139Z_lane07_latest.json
doi__10.2147_dddt.s121283,next200_10lane_20260505T152139Z,7,accepted_after_rework,accepted_after_rework,accepted,strict_gates_passed,accepted_after_rework_attempt1,accepted_after_rework,strict_gates_passed_after_single_rework,sample_audit_only,1,0,False,figure3_full_numeric_series_not_text_recoverable;no_structured_supplementary_activity_table_present,,2026-05-06T03:53:39Z,/root/work/抗菌肽/数据库/batch/4-team/reports/true_rework_queue_next200_10lane_20260505T152139Z_lane07_latest.json
doi__10.2147_dddt.s181188,next200_10lane_20260505T152139Z,7,accepted_after_rework,accepted_after_rework,accepted,strict_gates_passed,accepted_after_rework_attempt1,accepted_after_rework,strict_gates_passed_after_single_rework,sample_audit_only,1,0,False,,,2026-05-06T03:53:39Z,/root/work/抗菌肽/数据库/batch/4-team/reports/true_rework_queue_next200_10lane_20260505T152139Z_lane07_latest.json
doi__10.2147_dddt.s191072,next200_10lane_20260505T152139Z,7,accepted_after_rework,accepted_after_rework,accepted,strict_gates_passed,accepted_after_rework_attempt1,accepted_after_rework,strict_gates_passed_after_single_rework,sample_audit_only,1,0,False,,,2026-05-06T03:53:39Z,/root/work/抗菌肽/数据库/batch/4-team/reports/true_rework_queue_next200_10lane_20260505T152139Z_lane07_latest.json
doi__10.2147_idr.s118877,next200_10lane_20260505T152139Z,7,accepted_after_rework,accepted_after_rework,accepted,strict_gates_passed,accepted_after_rework_attempt1,accepted_after_rework,strict_gates_passed_after_single_rework,sample_audit_only,1,0,False,,,2026-05-06T03:53:39Z,/root/work/抗菌肽/数据库/batch/4-team/reports/true_rework_queue_next200_10lane_20260505T152139Z_lane07_latest.json
doi__10.2147_idr.s165179,next200_10lane_20260505T152139Z,7,accepted_after_rework,accepted_after_rework,accepted,strict_gates_passed,accepted_after_rework_attempt1,accepted_after_rework,strict_gates_passed_after_single_rework,sample_audit_only,1,0,False,figure_s1_s2_exact_curve_points_not_tabulated,,2026-05-06T03:53:39Z,/root/work/抗菌肽/数据库/batch/4-team/reports/true_rework_queue_next200_10lane_20260505T152139Z_lane07_latest.json
doi__10.2147_idr.s166236,next200_10lane_20260505T152139Z,7,accepted_after_rework,accepted_after_rework,accepted,strict_gates_passed,accepted_after_rework_attempt1,accepted_after_rework,strict_gates_passed_after_single_rework,sample_audit_only,1,0,False,,,2026-05-06T03:53:39Z,/root/work/抗菌肽/数据库/batch/4-team/reports/true_rework_queue_next200_10lane_20260505T152139Z_lane07_latest.json
doi__10.2147_idr.s195872,next200_10lane_20260505T152139Z,7,accepted_after_rework,accepted_after_rework,accepted,strict_gates_passed,accepted_after_rework_attempt1,accepted_after_rework,strict_gates_passed_after_single_rework,sample_audit_only,1,0,False,figure6_exact_cytotoxicity_threshold_values_not_text_recoverable,,2026-05-06T03:53:39Z,/root/work/抗菌肽/数据库/batch/4-team/reports/true_rework_queue_next200_10lane_20260505T152139Z_lane07_latest.json
doi__10.2147_idr.s199473,next200_10lane_20260505T152139Z,7,accepted_after_rework,accepted_after_rework,accepted,strict_gates_passed,accepted_after_rework_attempt1_with_infra_retry,accepted_after_rework_with_infra_noise,strict_gates_passed_after_single_rework_with_infra_retry,sample_audit_plus_infra_log_check,1,1,False,,,2026-05-06T03:53:39Z,/root/work/抗菌肽/数据库/batch/4-team/reports/true_rework_queue_next200_10lane_20260505T152139Z_lane07_latest.json
doi__10.2147_idr.s204626,next200_10lane_20260505T152139Z,7,accepted_after_rework,accepted_after_rework,accepted,strict_gates_passed,accepted_after_rework_attempt1,accepted_after_rework,strict_gates_passed_after_single_rework,sample_audit_only,1,0,False,,,2026-05-06T03:53:39Z,/root/work/抗菌肽/数据库/batch/4-team/reports/true_rework_queue_next200_10lane_20260505T152139Z_lane07_latest.json
doi__10.2147_idr.s214057,next200_10lane_20260505T152139Z,7,accepted_after_rework,accepted_after_rework,accepted,strict_gates_passed,accepted_after_rework_attempt1,accepted_after_rework,strict_gates_passed_after_single_rework,sample_audit_only,1,0,False,,,2026-05-06T03:53:39Z,/root/work/抗菌肽/数据库/batch/4-team/reports/true_rework_queue_next200_10lane_20260505T152139Z_lane07_latest.json
doi__10.2147_idr.s218778,next200_10lane_20260505T152139Z,7,accepted_after_rework,accepted_after_rework,accepted,strict_gates_passed,accepted_after_rework_attempt1,accepted_after_rework,strict_gates_passed_after_single_rework,sample_audit_only,1,0,False,,,2026-05-06T03:53:39Z,/root/work/抗菌肽/数据库/batch/4-team/reports/true_rework_queue_next200_10lane_20260505T152139Z_lane07_latest.json
doi__10.2147_ijn.s139625,next200_10lane_20260505T152139Z,7,accepted_after_rework,accepted_after_rework,accepted,strict_gates_passed,accepted_after_rework_attempt1,accepted_after_rework,strict_gates_passed_after_single_rework,sample_audit_only,1,0,False,,,2026-05-06T03:53:39Z,/root/work/抗菌肽/数据库/batch/4-team/reports/true_rework_queue_next200_10lane_20260505T152139Z_lane07_latest.json
doi__10.2147_ijn.s155245,next200_10lane_20260505T152139Z,7,accepted_after_rework,accepted_after_rework,accepted,strict_gates_passed,accepted_after_rework_attempt1_with_infra_retry,accepted_after_rework_with_infra_noise,strict_gates_passed_after_single_rework_with_infra_retry,sample_audit_plus_infra_log_check,1,3,False,,,2026-05-06T03:53:39Z,/root/work/抗菌肽/数据库/batch/4-team/reports/true_rework_queue_next200_10lane_20260505T152139Z_lane07_latest.json
doi__10.2147_ijn.s180040,next200_10lane_20260505T152139Z,8,accepted_after_rework,accepted_after_rework,accepted,strict_gates_passed,accepted_after_rework_attempt1_with_infra_retry,accepted_after_rework_with_infra_noise,strict_gates_passed_after_single_rework_with_infra_retry,sample_audit_plus_infra_log_check,1,3,False,,,2026-05-06T02:06:10Z,/root/work/抗菌肽/数据库/batch/4-team/reports/true_rework_queue_next200_10lane_20260505T152139Z_lane08_latest.json
doi__10.2147_ijn.s187957,next200_10lane_20260505T152139Z,8,accepted_after_rework,accepted_after_rework,accepted,strict_gates_passed,accepted_after_rework_attempt1_with_infra_retry,accepted_after_rework_with_infra_noise,strict_gates_passed_after_single_rework_with_infra_retry,sample_audit_plus_infra_log_check,1,1,False,,,2026-05-06T02:06:10Z,/root/work/抗菌肽/数据库/batch/4-team/reports/true_rework_queue_next200_10lane_20260505T152139Z_lane08_latest.json
doi__10.2147_ijn.s39491,next200_10lane_20260505T152139Z,8,accepted_after_rework,accepted_after_rework,accepted,strict_gates_passed,accepted_after_rework_attempt1,accepted_after_rework,strict_gates_passed_after_single_rework,sample_audit_only,1,0,False,,,2026-05-06T02:06:10Z,/root/work/抗菌肽/数据库/batch/4-team/reports/true_rework_queue_next200_10lane_20260505T152139Z_lane08_latest.json
doi__10.2147_ijn.s424932,next200_10lane_20260505T152139Z,8,accepted_after_rework,accepted_after_rework,accepted,strict_gates_passed,accepted_after_rework_attempt1,accepted_after_rework,strict_gates_passed_after_single_rework,sample_audit_only,1,0,False,,,2026-05-06T02:06:10Z,/root/work/抗菌肽/数据库/batch/4-team/reports/true_rework_queue_next200_10lane_20260505T152139Z_lane08_latest.json
doi__10.2174_1381612822666161027120518,next200_10lane_20260505T152139Z,8,accepted_after_rework,accepted_after_rework,accepted,strict_gates_passed,accepted_after_rework_attempt1,accepted_after_rework,strict_gates_passed_after_single_rework,sample_audit_only,1,0,False,,,2026-05-06T02:06:10Z,/root/work/抗菌肽/数据库/batch/4-team/reports/true_rework_queue_next200_10lane_20260505T152139Z_lane08_latest.json
doi__10.2174_187152010794728639,next200_10lane_20260505T152139Z,8,accepted_after_rework,accepted_after_rework,accepted,strict_gates_passed,accepted_after_rework_attempt1,accepted_after_rework,strict_gates_passed_after_single_rework,sample_audit_only,1,0,False,,,2026-05-06T02:06:10Z,/root/work/抗菌肽/数据库/batch/4-team/reports/true_rework_queue_next200_10lane_20260505T152139Z_lane08_latest.json
doi__10.24272_j.issn.2095-8137.2018.062,next200_10lane_20260505T152139Z,8,accepted_after_rework,accepted_after_rework,accepted,strict_gates_passed,accepted_after_rework_attempt1,accepted_after_rework,strict_gates_passed_after_single_rework,sample_audit_only,1,0,False,,,2026-05-06T02:06:10Z,/root/work/抗菌肽/数据库/batch/4-team/reports/true_rework_queue_next200_10lane_20260505T152139Z_lane08_latest.json
doi__10.24272_j.issn.2095-8137.2018.070,next200_10lane_20260505T152139Z,8,accepted_after_rework,accepted_after_rework,accepted,strict_gates_passed,accepted_after_rework_attempt1,accepted_after_rework,strict_gates_passed_after_single_rework,sample_audit_only,1,0,False,,,2026-05-06T02:06:10Z,/root/work/抗菌肽/数据库/batch/4-team/reports/true_rework_queue_next200_10lane_20260505T152139Z_lane08_latest.json
doi__10.26181_13211579.v3,next200_10lane_20260505T152139Z,8,accepted_after_rework,accepted_after_rework,accepted,strict_gates_passed,accepted_after_rework_attempt1,accepted_after_rework,strict_gates_passed_after_single_rework,sample_audit_only,1,0,False,,,2026-05-06T02:06:10Z,/root/work/抗菌肽/数据库/batch/4-team/reports/true_rework_queue_next200_10lane_20260505T152139Z_lane08_latest.json
doi__10.3204_pubdb-2020-00345,next200_10lane_20260505T152139Z,8,accepted_after_rework,accepted_after_rework,accepted,strict_gates_passed,accepted_after_rework_attempt1_with_infra_retry,accepted_after_rework_with_infra_noise,strict_gates_passed_after_single_rework_with_infra_retry,sample_audit_plus_infra_log_check,1,1,False,,,2026-05-06T02:06:10Z,/root/work/抗菌肽/数据库/batch/4-team/reports/true_rework_queue_next200_10lane_20260505T152139Z_lane08_latest.json
doi__10.32607_20758251-2014-6-4-99-109,next200_10lane_20260505T152139Z,8,accepted_after_rework,accepted_after_rework,accepted,strict_gates_passed,accepted_after_rework_attempt1,accepted_after_rework,strict_gates_passed_after_single_rework,sample_audit_only,1,0,False,,,2026-05-06T02:06:10Z,/root/work/抗菌肽/数据库/batch/4-team/reports/true_rework_queue_next200_10lane_20260505T152139Z_lane08_latest.json
doi__10.32607_20758251-2016-8-3-136-146,next200_10lane_20260505T152139Z,8,accepted_after_rework,accepted_after_rework,accepted,strict_gates_passed,accepted_after_rework_attempt1,accepted_after_rework,strict_gates_passed_after_single_rework,sample_audit_only,1,0,False,,,2026-05-06T02:06:10Z,/root/work/抗菌肽/数据库/batch/4-team/reports/true_rework_queue_next200_10lane_20260505T152139Z_lane08_latest.json
doi__10.3389_fbioe.2020.00450,next200_10lane_20260505T152139Z,8,accepted_after_rework,accepted_after_rework,accepted,strict_gates_passed,accepted_after_rework_attempt1,accepted_after_rework,strict_gates_passed_after_single_rework,sample_audit_only,1,0,False,,,2026-05-06T02:06:10Z,/root/work/抗菌肽/数据库/batch/4-team/reports/true_rework_queue_next200_10lane_20260505T152139Z_lane08_latest.json
doi__10.3389_fbioe.2020.552035,next200_10lane_20260505T152139Z,8,accepted_after_rework,accepted_after_rework,accepted,strict_gates_passed,accepted_after_rework_attempt1,accepted_after_rework,strict_gates_passed_after_single_rework,sample_audit_only,1,0,False,,,2026-05-06T02:06:10Z,/root/work/抗菌肽/数据库/batch/4-team/reports/true_rework_queue_next200_10lane_20260505T152139Z_lane08_latest.json
doi__10.3389_fcell.2016.00039,next200_10lane_20260505T152139Z,8,accepted_after_rework,accepted_after_rework,accepted,strict_gates_passed,accepted_after_rework_attempt1,accepted_after_rework,strict_gates_passed_after_single_rework,sample_audit_only,1,0,False,exact_qcm_tem_figure_numeric_traces_not_tabulated,,2026-05-06T02:06:10Z,/root/work/抗菌肽/数据库/batch/4-team/reports/true_rework_queue_next200_10lane_20260505T152139Z_lane08_latest.json
doi__10.3389_fcell.2016.00086,next200_10lane_20260505T152139Z,8,accepted_after_rework,accepted_after_rework,accepted,strict_gates_passed,accepted_after_rework_attempt1,accepted_after_rework,strict_gates_passed_after_single_rework,sample_audit_only,1,0,False,,,2026-05-06T02:06:10Z,/root/work/抗菌肽/数据库/batch/4-team/reports/true_rework_queue_next200_10lane_20260505T152139Z_lane08_latest.json
doi__10.3389_fchem.2017.00001,next200_10lane_20260505T152139Z,8,accepted_after_rework,accepted_after_rework,accepted,strict_gates_passed,accepted_after_rework_attempt1,accepted_after_rework,strict_gates_passed_after_single_rework,sample_audit_only,1,0,False,,,2026-05-06T02:06:10Z,/root/work/抗菌肽/数据库/batch/4-team/reports/true_rework_queue_next200_10lane_20260505T152139Z_lane08_latest.json
doi__10.3389_fchem.2017.00024,next200_10lane_20260505T152139Z,8,accepted_after_rework,accepted_after_rework,accepted,strict_gates_passed,accepted_after_rework_attempt1,accepted_after_rework,strict_gates_passed_after_single_rework,sample_audit_only,1,0,False,,,2026-05-06T02:06:10Z,/root/work/抗菌肽/数据库/batch/4-team/reports/true_rework_queue_next200_10lane_20260505T152139Z_lane08_latest.json
doi__10.3389_fchem.2017.00051,next200_10lane_20260505T152139Z,8,accepted_after_rework,accepted_after_rework,accepted,strict_gates_passed,accepted_after_rework_attempt1,accepted_after_rework,strict_gates_passed_after_single_rework,sample_audit_only,1,0,False,,,2026-05-06T02:06:10Z,/root/work/抗菌肽/数据库/batch/4-team/reports/true_rework_queue_next200_10lane_20260505T152139Z_lane08_latest.json
doi__10.3389_fchem.2018.00309,next200_10lane_20260505T152139Z,8,accepted_after_rework,accepted_after_rework,accepted,strict_gates_passed,accepted_after_rework_attempt1,accepted_after_rework,strict_gates_passed_after_single_rework,sample_audit_only,1,0,False,figure_only_individual_cfu_points_not_digitized,,2026-05-06T02:06:10Z,/root/work/抗菌肽/数据库/batch/4-team/reports/true_rework_queue_next200_10lane_20260505T152139Z_lane08_latest.json
doi__10.3389_fchem.2018.00359,next200_10lane_20260505T152139Z,9,accepted_after_rework,accepted_after_rework,accepted,strict_gates_passed,accepted_after_rework_attempt1_with_infra_retry,accepted_after_rework_with_infra_noise,strict_gates_passed_after_single_rework_with_infra_retry,sample_audit_plus_infra_log_check,1,4,False,,,2026-05-06T04:18:11Z,/root/work/抗菌肽/数据库/batch/4-team/reports/true_rework_queue_next200_10lane_20260505T152139Z_lane09_latest.json
doi__10.3389_fchem.2018.00394,next200_10lane_20260505T152139Z,9,accepted_after_rework,accepted_after_rework,accepted,strict_gates_passed,accepted_after_rework_attempt1_with_infra_retry,accepted_after_rework_with_infra_noise,strict_gates_passed_after_single_rework_with_infra_retry,sample_audit_plus_infra_log_check,1,1,False,database_100um_cutoff_not_primary_supported,,2026-05-06T04:18:11Z,/root/work/抗菌肽/数据库/batch/4-team/reports/true_rework_queue_next200_10lane_20260505T152139Z_lane09_latest.json
doi__10.3389_fchem.2020.00476,next200_10lane_20260505T152139Z,9,accepted_after_rework,accepted_after_rework,accepted,strict_gates_passed,accepted_after_rework_attempt1,accepted_after_rework,strict_gates_passed_after_single_rework,sample_audit_only,1,0,False,,,2026-05-06T04:18:11Z,/root/work/抗菌肽/数据库/batch/4-team/reports/true_rework_queue_next200_10lane_20260505T152139Z_lane09_latest.json
doi__10.3389_fchem.2020.616147,next200_10lane_20260505T152139Z,9,accepted_after_rework,accepted_after_rework,accepted,strict_gates_passed,accepted_after_rework_attempt1,accepted_after_rework,strict_gates_passed_after_single_rework,sample_audit_only,1,0,False,,,2026-05-06T04:18:11Z,/root/work/抗菌肽/数据库/batch/4-team/reports/true_rework_queue_next200_10lane_20260505T152139Z_lane09_latest.json
doi__10.3389_fchem.2021.741290,next200_10lane_20260505T152139Z,9,accepted_after_rework,accepted_after_rework,accepted,strict_gates_passed,accepted_after_rework_attempt1,accepted_after_rework,strict_gates_passed_after_single_rework,sample_audit_only,1,0,False,,,2026-05-06T04:18:11Z,/root/work/抗菌肽/数据库/batch/4-team/reports/true_rework_queue_next200_10lane_20260505T152139Z_lane09_latest.json
doi__10.3389_fchem.2022.1000765,next200_10lane_20260505T152139Z,9,accepted_after_rework,accepted_after_rework,accepted,strict_gates_passed,accepted_after_rework_attempt1,accepted_after_rework,strict_gates_passed_after_single_rework,sample_audit_only,1,0,False,,,2026-05-06T04:18:11Z,/root/work/抗菌肽/数据库/batch/4-team/reports/true_rework_queue_next200_10lane_20260505T152139Z_lane09_latest.json
doi__10.3389_fchem.2022.840131,next200_10lane_20260505T152139Z,9,accepted_after_rework,accepted_after_rework,accepted,strict_gates_passed,accepted_after_rework_attempt1,accepted_after_rework,strict_gates_passed_after_single_rework,sample_audit_only,1,0,False,,,2026-05-06T04:18:11Z,/root/work/抗菌肽/数据库/batch/4-team/reports/true_rework_queue_next200_10lane_20260505T152139Z_lane09_latest.json
doi__10.3389_fchem.2023.1233938,next200_10lane_20260505T152139Z,9,accepted_after_rework,accepted_after_rework,accepted,strict_gates_passed,accepted_after_rework_attempt1,accepted_after_rework,strict_gates_passed_after_single_rework,sample_audit_only,1,0,False,,,2026-05-06T04:18:11Z,/root/work/抗菌肽/数据库/batch/4-team/reports/true_rework_queue_next200_10lane_20260505T152139Z_lane09_latest.json
doi__10.3389_fchem.2025.1579097,next200_10lane_20260505T152139Z,9,accepted_after_rework,accepted_after_rework,accepted,strict_gates_passed,accepted_after_rework_attempt1,accepted_after_rework,strict_gates_passed_after_single_rework,sample_audit_only,1,0,False,figure4_7_8_9_exact_bar_values_not_structured;supplementary_assets_are_html_pages_no_structured_tables,,2026-05-06T04:18:11Z,/root/work/抗菌肽/数据库/batch/4-team/reports/true_rework_queue_next200_10lane_20260505T152139Z_lane09_latest.json
doi__10.3389_fcimb.2018.00242,next200_10lane_20260505T152139Z,9,accepted_after_rework,accepted_after_rework,accepted,strict_gates_passed,accepted_after_rework_attempt1,accepted_after_rework,strict_gates_passed_after_single_rework,sample_audit_only,1,0,False,,,2026-05-06T04:18:11Z,/root/work/抗菌肽/数据库/batch/4-team/reports/true_rework_queue_next200_10lane_20260505T152139Z_lane09_latest.json
doi__10.3389_fcimb.2018.00354,next200_10lane_20260505T152139Z,9,accepted_after_rework,accepted_after_rework,accepted,strict_gates_passed,accepted_after_rework_attempt1,accepted_after_rework,strict_gates_passed_after_single_rework,sample_audit_only,1,0,False,,,2026-05-06T04:18:11Z,/root/work/抗菌肽/数据库/batch/4-team/reports/true_rework_queue_next200_10lane_20260505T152139Z_lane09_latest.json
doi__10.3389_fcimb.2019.00048,next200_10lane_20260505T152139Z,9,accepted_after_rework,accepted_after_rework,accepted,strict_gates_passed,accepted_after_rework_attempt1,accepted_after_rework,strict_gates_passed_after_single_rework,sample_audit_only,1,0,False,,,2026-05-06T04:18:11Z,/root/work/抗菌肽/数据库/batch/4-team/reports/true_rework_queue_next200_10lane_20260505T152139Z_lane09_latest.json
doi__10.3389_fcimb.2019.00128,next200_10lane_20260505T152139Z,9,accepted_after_rework,accepted_after_rework,accepted,strict_gates_passed,accepted_after_rework_attempt1_with_infra_retry,accepted_after_rework_with_infra_noise,strict_gates_passed_after_single_rework_with_infra_retry,sample_audit_plus_infra_log_check,1,1,False,exact_peptide_sequence_not_in_local_primary_or_packet_sequence_rows,,2026-05-06T04:18:11Z,/root/work/抗菌肽/数据库/batch/4-team/reports/true_rework_queue_next200_10lane_20260505T152139Z_lane09_latest.json
doi__10.3389_fcimb.2019.00174,next200_10lane_20260505T152139Z,9,accepted_after_rework,accepted_after_rework,accepted,strict_gates_passed,accepted_after_rework_attempt1,accepted_after_rework,strict_gates_passed_after_single_rework,sample_audit_only,1,0,False,,,2026-05-06T04:18:11Z,/root/work/抗菌肽/数据库/batch/4-team/reports/true_rework_queue_next200_10lane_20260505T152139Z_lane09_latest.json
doi__10.3389_fcimb.2019.00419,next200_10lane_20260505T152139Z,9,accepted_after_rework,accepted_after_rework,accepted,strict_gates_passed,accepted_after_rework_attempt1,accepted_after_rework,strict_gates_passed_after_single_rework,sample_audit_only,1,0,False,,,2026-05-06T04:18:11Z,/root/work/抗菌肽/数据库/batch/4-team/reports/true_rework_queue_next200_10lane_20260505T152139Z_lane09_latest.json
doi__10.3389_fcimb.2020.00450,next200_10lane_20260505T152139Z,9,accepted_after_rework,accepted_after_rework,accepted,strict_gates_passed,accepted_after_rework_attempt1,accepted_after_rework,strict_gates_passed_after_single_rework,sample_audit_only,1,0,False,,,2026-05-06T04:18:11Z,/root/work/抗菌肽/数据库/batch/4-team/reports/true_rework_queue_next200_10lane_20260505T152139Z_lane09_latest.json
doi__10.3389_fcimb.2020.552905,next200_10lane_20260505T152139Z,9,accepted_after_rework,accepted_after_rework,accepted,strict_gates_passed,accepted_after_rework_attempt1,accepted_after_rework,strict_gates_passed_after_single_rework,sample_audit_only,1,0,False,,,2026-05-06T04:18:11Z,/root/work/抗菌肽/数据库/batch/4-team/reports/true_rework_queue_next200_10lane_20260505T152139Z_lane09_latest.json
doi__10.3389_fcimb.2021.752637,next200_10lane_20260505T152139Z,9,accepted_after_rework,accepted_after_rework,accepted,strict_gates_passed,accepted_after_rework_attempt1,accepted_after_rework,strict_gates_passed_after_single_rework,sample_audit_only,1,0,False,supplementary_landing_bins_no_distinct_tables;table3_antibiotic_resistance_color_boxes_not_text_recoverable,,2026-05-06T04:18:11Z,/root/work/抗菌肽/数据库/batch/4-team/reports/true_rework_queue_next200_10lane_20260505T152139Z_lane09_latest.json
doi__10.3389_fcimb.2022.928220,next200_10lane_20260505T152139Z,9,accepted_after_rework,accepted_after_rework,accepted,strict_gates_passed,accepted_after_rework_attempt1_with_infra_retry,accepted_after_rework_with_infra_noise,strict_gates_passed_after_single_rework_with_infra_retry,sample_audit_plus_infra_log_check,1,2,False,,,2026-05-06T04:18:11Z,/root/work/抗菌肽/数据库/batch/4-team/reports/true_rework_queue_next200_10lane_20260505T152139Z_lane09_latest.json
doi__10.3389_fcimb.2024.1334378,next200_10lane_20260505T152139Z,9,accepted_after_rework,accepted_after_rework,accepted,strict_gates_passed,accepted_after_rework_attempt1_with_infra_retry,accepted_after_rework_with_infra_noise,strict_gates_passed_after_single_rework_with_infra_retry,sample_audit_plus_infra_log_check,1,2,False,,,2026-05-06T04:18:11Z,/root/work/抗菌肽/数据库/batch/4-team/reports/true_rework_queue_next200_10lane_20260505T152139Z_lane09_latest.json
doi__10.3389_fcimb.2024.1389020,next200_10lane_20260505T152139Z,10,accepted_after_rework,accepted_after_rework,accepted,strict_gates_passed,accepted_after_rework_attempt1_with_infra_retry,accepted_after_rework_with_infra_noise,strict_gates_passed_after_single_rework_with_infra_retry,sample_audit_plus_infra_log_check,1,4,False,,,2026-05-06T05:52:18Z,/root/work/抗菌肽/数据库/batch/4-team/reports/true_rework_queue_next200_10lane_20260505T152139Z_lane10_latest.json
doi__10.3389_fcimb.2024.1390934,next200_10lane_20260505T152139Z,10,accepted_after_rework,accepted_after_rework,accepted,strict_gates_passed,accepted_after_rework_attempt1,accepted_after_rework,strict_gates_passed_after_single_rework,sample_audit_only,1,0,False,,,2026-05-06T05:52:18Z,/root/work/抗菌肽/数据库/batch/4-team/reports/true_rework_queue_next200_10lane_20260505T152139Z_lane10_latest.json
doi__10.3389_fcimb.2024.1450353,next200_10lane_20260505T152139Z,10,accepted_after_rework,accepted_after_rework,accepted,strict_gates_passed,accepted_after_rework_attempt1_with_infra_retry,accepted_after_rework_with_infra_noise,strict_gates_passed_after_single_rework_with_infra_retry,sample_audit_plus_infra_log_check,1,1,False,,,2026-05-06T05:52:18Z,/root/work/抗菌肽/数据库/batch/4-team/reports/true_rework_queue_next200_10lane_20260505T152139Z_lane10_latest.json
doi__10.3389_fimmu.2016.00664,next200_10lane_20260505T152139Z,10,accepted_after_rework,accepted_after_rework,accepted,strict_gates_passed,accepted_after_rework_attempt1,accepted_after_rework,strict_gates_passed_after_single_rework,sample_audit_only,1,0,False,,,2026-05-06T05:52:18Z,/root/work/抗菌肽/数据库/batch/4-team/reports/true_rework_queue_next200_10lane_20260505T152139Z_lane10_latest.json
doi__10.3389_fimmu.2017.01111,next200_10lane_20260505T152139Z,10,accepted_after_rework,accepted_after_rework,accepted,strict_gates_passed,accepted_after_rework_attempt1,accepted_after_rework,strict_gates_passed_after_single_rework,sample_audit_only,1,0,False,exact_figure_bar_heights_not_tabulated;local_supplementary_assets_are_article_html_landing_pages,,2026-05-06T05:52:18Z,/root/work/抗菌肽/数据库/batch/4-team/reports/true_rework_queue_next200_10lane_20260505T152139Z_lane10_latest.json
doi__10.3389_fimmu.2019.00872,next200_10lane_20260505T152139Z,10,accepted_after_rework,accepted_after_rework,accepted,strict_gates_passed,accepted_after_rework_attempt1,accepted_after_rework,strict_gates_passed_after_single_rework,sample_audit_only,1,0,False,,,2026-05-06T05:52:18Z,/root/work/抗菌肽/数据库/batch/4-team/reports/true_rework_queue_next200_10lane_20260505T152139Z_lane10_latest.json
doi__10.3389_fimmu.2020.00347,next200_10lane_20260505T152139Z,10,accepted_after_rework,accepted_after_rework,accepted,strict_gates_passed,accepted_after_rework_attempt1,accepted_after_rework,strict_gates_passed_after_single_rework,sample_audit_only,1,0,False,,,2026-05-06T05:52:18Z,/root/work/抗菌肽/数据库/batch/4-team/reports/true_rework_queue_next200_10lane_20260505T152139Z_lane10_latest.json
doi__10.3389_fimmu.2021.740620,next200_10lane_20260505T152139Z,10,accepted_after_rework,accepted_after_rework,accepted,strict_gates_passed,accepted_after_rework_attempt1,accepted_after_rework,strict_gates_passed_after_single_rework,sample_audit_only,1,0,False,,,2026-05-06T05:52:18Z,/root/work/抗菌肽/数据库/batch/4-team/reports/true_rework_queue_next200_10lane_20260505T152139Z_lane10_latest.json
doi__10.3389_fimmu.2022.794779,next200_10lane_20260505T152139Z,10,accepted_after_rework,accepted_after_rework,accepted,strict_gates_passed,accepted_after_rework_attempt1,accepted_after_rework,strict_gates_passed_after_single_rework,sample_audit_only,1,0,False,,,2026-05-06T05:52:18Z,/root/work/抗菌肽/数据库/batch/4-team/reports/true_rework_queue_next200_10lane_20260505T152139Z_lane10_latest.json
doi__10.3389_fimmu.2022.811378,next200_10lane_20260505T152139Z,10,accepted_after_rework,accepted_after_rework,accepted,strict_gates_passed,accepted_after_rework_attempt1,accepted_after_rework,strict_gates_passed_after_single_rework,sample_audit_only,1,0,False,,,2026-05-06T05:52:18Z,/root/work/抗菌肽/数据库/batch/4-team/reports/true_rework_queue_next200_10lane_20260505T152139Z_lane10_latest.json
doi__10.3389_fimmu.2022.821070,next200_10lane_20260505T152139Z,10,accepted_after_rework,accepted_after_rework,accepted,strict_gates_passed,accepted_after_rework_attempt1,accepted_after_rework,strict_gates_passed_after_single_rework,sample_audit_only,1,0,False,,,2026-05-06T05:52:18Z,/root/work/抗菌肽/数据库/batch/4-team/reports/true_rework_queue_next200_10lane_20260505T152139Z_lane10_latest.json
doi__10.3389_fimmu.2022.851642,next200_10lane_20260505T152139Z,10,accepted_after_rework,accepted_after_rework,accepted,strict_gates_passed,accepted_after_rework_attempt1_with_infra_retry,accepted_after_rework_with_infra_noise,strict_gates_passed_after_single_rework_with_infra_retry,sample_audit_plus_infra_log_check,1,1,False,,,2026-05-06T05:52:18Z,/root/work/抗菌肽/数据库/batch/4-team/reports/true_rework_queue_next200_10lane_20260505T152139Z_lane10_latest.json
doi__10.3389_fimmu.2025.1629256,next200_10lane_20260505T152139Z,10,accepted_after_rework,accepted_after_rework,accepted,strict_gates_passed,accepted_after_rework_attempt1,accepted_after_rework,strict_gates_passed_after_single_rework,sample_audit_only,1,0,False,,,2026-05-06T05:52:18Z,/root/work/抗菌肽/数据库/batch/4-team/reports/true_rework_queue_next200_10lane_20260505T152139Z_lane10_latest.json
doi__10.3389_fimmu.2026.1745714,next200_10lane_20260505T152139Z,10,accepted_after_rework,accepted_after_rework,accepted,strict_gates_passed,accepted_after_rework_attempt1_with_infra_retry,accepted_after_rework_with_infra_noise,strict_gates_passed_after_single_rework_with_infra_retry,sample_audit_plus_infra_log_check,1,1,False,,,2026-05-06T05:52:18Z,/root/work/抗菌肽/数据库/batch/4-team/reports/true_rework_queue_next200_10lane_20260505T152139Z_lane10_latest.json
doi__10.3389_fmicb.2012.00324,next200_10lane_20260505T152139Z,10,accepted_after_rework,accepted_after_rework,accepted,strict_gates_passed,accepted_after_rework_attempt1,accepted_after_rework,strict_gates_passed_after_single_rework,sample_audit_only,1,0,False,,,2026-05-06T05:52:18Z,/root/work/抗菌肽/数据库/batch/4-team/reports/true_rework_queue_next200_10lane_20260505T152139Z_lane10_latest.json
doi__10.3389_fmicb.2013.00332,next200_10lane_20260505T152139Z,10,accepted_after_rework,accepted_after_rework,accepted,strict_gates_passed,accepted_after_rework_attempt1,accepted_after_rework,strict_gates_passed_after_single_rework,sample_audit_only,1,0,False,dbaasp_modified_sequence_notation_not_fully_decodable_from_local_material;paper_specific_toxicity_not_reported,,2026-05-06T05:52:18Z,/root/work/抗菌肽/数据库/batch/4-team/reports/true_rework_queue_next200_10lane_20260505T152139Z_lane10_latest.json
doi__10.3389_fmicb.2015.00876,next200_10lane_20260505T152139Z,10,accepted_after_rework,accepted_after_rework,accepted,strict_gates_passed,accepted_after_rework_attempt1,accepted_after_rework,strict_gates_passed_after_single_rework,sample_audit_only,1,0,False,,,2026-05-06T05:52:18Z,/root/work/抗菌肽/数据库/batch/4-team/reports/true_rework_queue_next200_10lane_20260505T152139Z_lane10_latest.json
doi__10.3389_fmicb.2016.01115,next200_10lane_20260505T152139Z,10,accepted_after_rework,accepted_after_rework,accepted,strict_gates_passed,accepted_after_rework_attempt1_with_infra_retry,accepted_after_rework_with_infra_noise,strict_gates_passed_after_single_rework_with_infra_retry,sample_audit_plus_infra_log_check,1,1,False,,,2026-05-06T05:52:18Z,/root/work/抗菌肽/数据库/batch/4-team/reports/true_rework_queue_next200_10lane_20260505T152139Z_lane10_latest.json
doi__10.3389_fmicb.2016.01140,next200_10lane_20260505T152139Z,10,accepted_after_rework,accepted_after_rework,accepted,strict_gates_passed,accepted_after_rework_attempt1_with_infra_retry,accepted_after_rework_with_infra_noise,strict_gates_passed_after_single_rework_with_infra_retry,sample_audit_plus_infra_log_check,1,3,False,,,2026-05-06T05:52:18Z,/root/work/抗菌肽/数据库/batch/4-team/reports/true_rework_queue_next200_10lane_20260505T152139Z_lane10_latest.json
doi__10.3389_fmicb.2016.01484,next200_10lane_20260505T152139Z,10,accepted_after_rework,accepted_after_rework,accepted,strict_gates_passed,accepted_after_rework_attempt1_with_infra_retry,accepted_after_rework_with_infra_noise,strict_gates_passed_after_single_rework_with_infra_retry,sample_audit_plus_infra_log_check,1,2,False,,,2026-05-06T05:52:18Z,/root/work/抗菌肽/数据库/batch/4-team/reports/true_rework_queue_next200_10lane_20260505T152139Z_lane10_latest.json
doi__10.1002_advs.202205301,queue100_obtainable,1,accepted_after_rework,,,,,,,,1,,,,,2026-05-01T19:28:06Z,/root/work/抗菌肽/数据库/batch/4-team/reports/true_rework_queue_queue100_obtainable_lane1_latest.json
doi__10.1002_advs.202401793,queue100_obtainable,1,accepted_after_rework,,,,,,,,1,,,,,2026-05-01T19:28:06Z,/root/work/抗菌肽/数据库/batch/4-team/reports/true_rework_queue_queue100_obtainable_lane1_latest.json
doi__10.1002_advs.202507457,queue100_obtainable,1,accepted_after_rework,,,,,,,,1,,,,,2026-05-01T19:28:06Z,/root/work/抗菌肽/数据库/batch/4-team/reports/true_rework_queue_queue100_obtainable_lane1_latest.json
doi__10.1002_advs.202516470,queue100_obtainable,1,accepted_after_rework,,,,,,,,1,,,,,2026-05-01T19:28:06Z,/root/work/抗菌肽/数据库/batch/4-team/reports/true_rework_queue_queue100_obtainable_lane1_latest.json
doi__10.1002_anie.201901589,queue100_obtainable,1,accepted_after_rework,,,,,,,,1,,,,,2026-05-01T19:28:06Z,/root/work/抗菌肽/数据库/batch/4-team/reports/true_rework_queue_queue100_obtainable_lane1_latest.json
doi__10.1002_cbic.202100151,queue100_obtainable,1,accepted_after_rework,,,,,,,,1,,,,,2026-05-01T19:28:06Z,/root/work/抗菌肽/数据库/batch/4-team/reports/true_rework_queue_queue100_obtainable_lane1_latest.json
doi__10.1002_cmdc.201600498,queue100_obtainable,1,accepted_after_rework,,,,,,,,1,,,,,2026-05-01T19:28:06Z,/root/work/抗菌肽/数据库/batch/4-team/reports/true_rework_queue_queue100_obtainable_lane1_latest.json
doi__10.1002_cmdc.201900465,queue100_obtainable,1,accepted_after_rework,,,,,,,,1,,,,,2026-05-01T19:28:06Z,/root/work/抗菌肽/数据库/batch/4-team/reports/true_rework_queue_queue100_obtainable_lane1_latest.json
doi__10.1002_gch2.202200213,queue100_obtainable,1,accepted_after_rework,,,,,,,,1,,,,,2026-05-01T19:28:06Z,/root/work/抗菌肽/数据库/batch/4-team/reports/true_rework_queue_queue100_obtainable_lane1_latest.json
doi__10.1002_mbo3.606,queue100_obtainable,1,accepted_after_rework,,,,,,,,1,,,,,2026-05-01T19:28:06Z,/root/work/抗菌肽/数据库/batch/4-team/reports/true_rework_queue_queue100_obtainable_lane1_latest.json
doi__10.1002_mlf2.12123,queue100_obtainable,1,accepted_after_rework,,,,,,,,1,,,,,2026-05-01T19:28:06Z,/root/work/抗菌肽/数据库/batch/4-team/reports/true_rework_queue_queue100_obtainable_lane1_latest.json
doi__10.1002_open.201800130,queue100_obtainable,1,accepted_after_rework,,,,,,,,1,,,,,2026-05-01T19:28:06Z,/root/work/抗菌肽/数据库/batch/4-team/reports/true_rework_queue_queue100_obtainable_lane1_latest.json
doi__10.1002_pep2.24269,queue100_obtainable,1,accepted_after_rework,,,,,,,,1,,,,,2026-05-01T19:28:06Z,/root/work/抗菌肽/数据库/batch/4-team/reports/true_rework_queue_queue100_obtainable_lane1_latest.json
doi__10.1002_pld3.42,queue100_obtainable,1,accepted_after_rework,,,,,,,,1,,,,,2026-05-01T19:28:06Z,/root/work/抗菌肽/数据库/batch/4-team/reports/true_rework_queue_queue100_obtainable_lane1_latest.json
doi__10.1002_pro.5088,queue100_obtainable,1,accepted_after_rework,,,,,,,,1,,,,,2026-05-01T19:28:06Z,/root/work/抗菌肽/数据库/batch/4-team/reports/true_rework_queue_queue100_obtainable_lane1_latest.json
doi__10.1007_s00018-022-04440-w,queue100_obtainable,1,accepted_after_rework,,,,,,,,1,,,,,2026-05-01T19:28:06Z,/root/work/抗菌肽/数据库/batch/4-team/reports/true_rework_queue_queue100_obtainable_lane1_latest.json
doi__10.1007_s00018-023-04795-8,queue100_obtainable,1,accepted_after_rework,,,,,,,,1,,,,,2026-05-01T19:28:06Z,/root/work/抗菌肽/数据库/batch/4-team/reports/true_rework_queue_queue100_obtainable_lane1_latest.json
doi__10.1007_s00253-012-4578-y,queue100_obtainable,2,accepted_after_rework,,,,,,,,1,,,,,2026-05-01T19:23:35Z,/root/work/抗菌肽/数据库/batch/4-team/reports/true_rework_queue_queue100_obtainable_lane2_latest.json
doi__10.1007_s00253-016-7400-4,queue100_obtainable,2,accepted_after_rework,,,,,,,,1,,,,,2026-05-01T19:23:35Z,/root/work/抗菌肽/数据库/batch/4-team/reports/true_rework_queue_queue100_obtainable_lane2_latest.json
doi__10.1007_s00253-023-12887-5,queue100_obtainable,2,accepted_after_rework,,,,,,,,1,,,,,2026-05-01T19:23:35Z,/root/work/抗菌肽/数据库/batch/4-team/reports/true_rework_queue_queue100_obtainable_lane2_latest.json
doi__10.1007_s00253-023-12947-w,queue100_obtainable,2,accepted_after_rework,,,,,,,,1,,,,,2026-05-01T19:23:35Z,/root/work/抗菌肽/数据库/batch/4-team/reports/true_rework_queue_queue100_obtainable_lane2_latest.json
doi__10.1007_s00262-014-1540-0,queue100_obtainable,2,accepted_after_rework,,,,,,,,1,,,,,2026-05-01T19:23:35Z,/root/work/抗菌肽/数据库/batch/4-team/reports/true_rework_queue_queue100_obtainable_lane2_latest.json
doi__10.1007_s00438-026-02390-7,queue100_obtainable,2,accepted_after_rework,,,,,,,,1,,,,,2026-05-01T19:23:35Z,/root/work/抗菌肽/数据库/batch/4-team/reports/true_rework_queue_queue100_obtainable_lane2_latest.json
doi__10.1007_s00726-012-1388-6,queue100_obtainable,2,accepted_after_rework,,,,,,,,1,,,,,2026-05-01T19:23:35Z,/root/work/抗菌肽/数据库/batch/4-team/reports/true_rework_queue_queue100_obtainable_lane2_latest.json
doi__10.1007_s00726-017-2449-7,queue100_obtainable,2,accepted_after_rework,,,,,,,,1,,,,,2026-05-01T19:23:35Z,/root/work/抗菌肽/数据库/batch/4-team/reports/true_rework_queue_queue100_obtainable_lane2_latest.json
doi__10.1007_s00726-017-2473-7,queue100_obtainable,2,accepted_after_rework,,,,,,,,1,,,,,2026-05-01T19:23:35Z,/root/work/抗菌肽/数据库/batch/4-team/reports/true_rework_queue_queue100_obtainable_lane2_latest.json
doi__10.1007_s00726-018-2575-x,queue100_obtainable,2,accepted_after_rework,,,,,,,,1,,,,,2026-05-01T19:23:35Z,/root/work/抗菌肽/数据库/batch/4-team/reports/true_rework_queue_queue100_obtainable_lane2_latest.json
doi__10.1007_s10295-013-1259-5,queue100_obtainable,2,accepted_after_rework,,,,,,,,1,,,,,2026-05-01T19:23:35Z,/root/work/抗菌肽/数据库/batch/4-team/reports/true_rework_queue_queue100_obtainable_lane2_latest.json
doi__10.1007_s10526-022-10132-y,queue100_obtainable,2,accepted_after_rework,,,,,,,,1,,,,,2026-05-01T19:23:35Z,/root/work/抗菌肽/数据库/batch/4-team/reports/true_rework_queue_queue100_obtainable_lane2_latest.json
doi__10.1007_s10989-014-9423-y,queue100_obtainable,2,accepted_after_rework,,,,,,,,1,,,,,2026-05-01T19:23:35Z,/root/work/抗菌肽/数据库/batch/4-team/reports/true_rework_queue_queue100_obtainable_lane2_latest.json
doi__10.1007_s10989-015-9494-4,queue100_obtainable,2,accepted_after_rework,,,,,,,,1,,,,,2026-05-01T19:23:35Z,/root/work/抗菌肽/数据库/batch/4-team/reports/true_rework_queue_queue100_obtainable_lane2_latest.json
doi__10.1007_s11274-016-2171-8,queue100_obtainable,2,accepted_after_rework,,,,,,,,1,,,,,2026-05-01T19:23:35Z,/root/work/抗菌肽/数据库/batch/4-team/reports/true_rework_queue_queue100_obtainable_lane2_latest.json
doi__10.1007_s12539-016-0163-x,queue100_obtainable,2,accepted_after_rework,,,,,,,,1,,,,,2026-05-01T19:23:35Z,/root/work/抗菌肽/数据库/batch/4-team/reports/true_rework_queue_queue100_obtainable_lane2_latest.json
doi__10.1007_s12602-018-9444-5,queue100_obtainable,2,accepted_after_rework,,,,,,,,1,,,,,2026-05-01T19:23:35Z,/root/work/抗菌肽/数据库/batch/4-team/reports/true_rework_queue_queue100_obtainable_lane2_latest.json
doi__10.1007_s12602-022-10036-4,queue100_obtainable,2,blocked_after_best_effort,,,,,,,,1,,,,,2026-05-01T19:23:35Z,/root/work/抗菌肽/数据库/batch/4-team/reports/true_rework_queue_queue100_obtainable_lane2_latest.json
doi__10.1007_s12602-025-10542-1,queue100_obtainable,3,accepted_after_rework,,,,,,,,1,,,,,2026-05-01T18:33:20Z,/root/work/抗菌肽/数据库/batch/4-team/reports/true_rework_queue_queue100_obtainable_lane3_latest.json
doi__10.1007_s13238-014-0061-0,queue100_obtainable,3,accepted_after_rework,,,,,,,,1,,,,,2026-05-01T18:33:20Z,/root/work/抗菌肽/数据库/batch/4-team/reports/true_rework_queue_queue100_obtainable_lane3_latest.json
doi__10.1007_s13659-014-0037-z,queue100_obtainable,3,accepted_after_rework,,,,,,,,1,,,,,2026-05-01T18:33:20Z,/root/work/抗菌肽/数据库/batch/4-team/reports/true_rework_queue_queue100_obtainable_lane3_latest.json
doi__10.1016_j.antiviral.2005.10.005,queue100_obtainable,3,blocked_after_best_effort,,,,,,,,1,,,,,2026-05-01T18:33:20Z,/root/work/抗菌肽/数据库/batch/4-team/reports/true_rework_queue_queue100_obtainable_lane3_latest.json
doi__10.1016_j.antiviral.2008.10.001,queue100_obtainable,3,blocked_after_best_effort,,,,,,,,1,,,,,2026-05-01T18:33:20Z,/root/work/抗菌肽/数据库/batch/4-team/reports/true_rework_queue_queue100_obtainable_lane3_latest.json
doi__10.1016_j.antiviral.2013.11.013,queue100_obtainable,3,accepted_after_rework,,,,,,,,1,,,,,2026-05-01T18:33:20Z,/root/work/抗菌肽/数据库/batch/4-team/reports/true_rework_queue_queue100_obtainable_lane3_latest.json
doi__10.1016_j.antiviral.2017.11.021,queue100_obtainable,3,accepted_after_rework,,,,,,,,1,,,,,2026-05-01T18:33:20Z,/root/work/抗菌肽/数据库/batch/4-team/reports/true_rework_queue_queue100_obtainable_lane3_latest.json
doi__10.1016_j.antiviral.2022.105270,queue100_obtainable,3,accepted_after_rework,,,,,,,,1,,,,,2026-05-01T18:33:20Z,/root/work/抗菌肽/数据库/batch/4-team/reports/true_rework_queue_queue100_obtainable_lane3_latest.json
doi__10.1016_j.apsb.2021.07.026,queue100_obtainable,3,blocked_after_best_effort,,,,,,,,1,,,,,2026-05-01T18:33:20Z,/root/work/抗菌肽/数据库/batch/4-team/reports/true_rework_queue_queue100_obtainable_lane3_latest.json
doi__10.1016_j.bbrc.2004.04.141,queue100_obtainable,3,accepted_after_rework,,,,,,,,1,,,,,2026-05-01T18:33:20Z,/root/work/抗菌肽/数据库/batch/4-team/reports/true_rework_queue_queue100_obtainable_lane3_latest.json
doi__10.1016_j.bbrc.2004.05.046,queue100_obtainable,3,blocked_after_best_effort,,,,,,,,1,,,,,2026-05-01T18:33:20Z,/root/work/抗菌肽/数据库/batch/4-team/reports/true_rework_queue_queue100_obtainable_lane3_latest.json
doi__10.1016_j.btre.2020.e00583,queue100_obtainable,3,accepted_after_rework,,,,,,,,1,,,,,2026-05-01T18:33:20Z,/root/work/抗菌肽/数据库/batch/4-team/reports/true_rework_queue_queue100_obtainable_lane3_latest.json
doi__10.1016_j.celrep.2020.108254,queue100_obtainable,3,blocked_after_best_effort,,,,,,,,1,,,,,2026-05-01T18:33:20Z,/root/work/抗菌肽/数据库/batch/4-team/reports/true_rework_queue_queue100_obtainable_lane3_latest.json
doi__10.1016_j.celrep.2021.108959,queue100_obtainable,3,blocked_after_best_effort,,,,,,,,1,,,,,2026-05-01T18:33:20Z,/root/work/抗菌肽/数据库/batch/4-team/reports/true_rework_queue_queue100_obtainable_lane3_latest.json
doi__10.1016_j.csbj.2023.05.006,queue100_obtainable,3,accepted_after_rework,,,,,,,,1,,,,,2026-05-01T18:33:20Z,/root/work/抗菌肽/数据库/batch/4-team/reports/true_rework_queue_queue100_obtainable_lane3_latest.json
doi__10.1016_j.isci.2020.100999,queue100_obtainable,4,blocked_after_best_effort,,,,,,,,1,,,,,2026-05-01T19:23:27Z,/root/work/抗菌肽/数据库/batch/4-team/reports/true_rework_queue_queue100_obtainable_lane4_latest.json
doi__10.1016_j.jacbts.2020.10.003,queue100_obtainable,4,blocked_after_best_effort,,,,,,,,1,,,,,2026-05-01T19:23:27Z,/root/work/抗菌肽/数据库/batch/4-team/reports/true_rework_queue_queue100_obtainable_lane4_latest.json
doi__10.1016_j.jare.2024.09.017,queue100_obtainable,4,accepted_after_rework,,,,,,,,1,,,,,2026-05-01T19:23:27Z,/root/work/抗菌肽/数据库/batch/4-team/reports/true_rework_queue_queue100_obtainable_lane4_latest.json
doi__10.1016_j.jbc.2021.100657,queue100_obtainable,4,accepted_after_rework,,,,,,,,1,,,,,2026-05-01T19:23:27Z,/root/work/抗菌肽/数据库/batch/4-team/reports/true_rework_queue_queue100_obtainable_lane4_latest.json
doi__10.1016_j.jbc.2022.101822,queue100_obtainable,4,accepted_after_rework,,,,,,,,1,,,,,2026-05-01T19:23:27Z,/root/work/抗菌肽/数据库/batch/4-team/reports/true_rework_queue_queue100_obtainable_lane4_latest.json
doi__10.1016_j.jbc.2022.102724,queue100_obtainable,5,accepted_after_rework,,,,,,,,1,,,,,2026-05-01T18:45:37Z,/root/work/抗菌肽/数据库/batch/4-team/reports/true_rework_queue_queue100_obtainable_lane5_latest.json
doi__10.1016_j.jmb.2009.10.032,queue100_obtainable,5,blocked_after_best_effort,,,,,,,,1,,,,,2026-05-01T18:45:37Z,/root/work/抗菌肽/数据库/batch/4-team/reports/true_rework_queue_queue100_obtainable_lane5_latest.json
doi__10.1016_j.jsps.2023.04.001,queue100_obtainable,5,accepted_after_rework,,,,,,,,1,,,,,2026-05-01T18:45:37Z,/root/work/抗菌肽/数据库/batch/4-team/reports/true_rework_queue_queue100_obtainable_lane5_latest.json
doi__10.1016_j.omtn.2020.05.006,queue100_obtainable,5,accepted_after_rework,,,,,,,,1,,,,,2026-05-01T18:45:37Z,/root/work/抗菌肽/数据库/batch/4-team/reports/true_rework_queue_queue100_obtainable_lane5_latest.json
doi__10.1016_j.peptides.2011.05.015,queue100_obtainable,5,blocked_after_best_effort,,,,,,,,1,,,,,2026-05-01T18:45:37Z,/root/work/抗菌肽/数据库/batch/4-team/reports/true_rework_queue_queue100_obtainable_lane5_latest.json
doi__10.1016_j.psj.2023.102695,queue100_obtainable,5,accepted_after_rework,,,,,,,,1,,,,,2026-05-01T18:45:37Z,/root/work/抗菌肽/数据库/batch/4-team/reports/true_rework_queue_queue100_obtainable_lane5_latest.json
doi__10.1016_j.tibtech.2009.07.004,queue100_obtainable,5,blocked_after_best_effort,,,,,,,,1,,,,,2026-05-01T18:45:37Z,/root/work/抗菌肽/数据库/batch/4-team/reports/true_rework_queue_queue100_obtainable_lane5_latest.json
doi__10.1016_j.toxrep.2015.06.011,queue100_obtainable,5,accepted_after_rework,,,,,,,,1,,,,,2026-05-01T18:45:37Z,/root/work/抗菌肽/数据库/batch/4-team/reports/true_rework_queue_queue100_obtainable_lane5_latest.json
doi__10.1016_j.vetmic.2020.108708,queue100_obtainable,5,accepted_after_rework,,,,,,,,1,,,,,2026-05-01T18:45:37Z,/root/work/抗菌肽/数据库/batch/4-team/reports/true_rework_queue_queue100_obtainable_lane5_latest.json
doi__10.1016_j.virol.2006.01.029,queue100_obtainable,5,blocked_after_best_effort,,,,,,,,1,,,,,2026-05-01T18:45:37Z,/root/work/抗菌肽/数据库/batch/4-team/reports/true_rework_queue_queue100_obtainable_lane5_latest.json
doi__10.1016_j.virol.2017.07.033,queue100_obtainable,5,blocked_after_best_effort,,,,,,,,1,,,,,2026-05-01T18:45:37Z,/root/work/抗菌肽/数据库/batch/4-team/reports/true_rework_queue_queue100_obtainable_lane5_latest.json
doi__10.1016_j.virusres.2006.03.001,queue100_obtainable,5,blocked_after_best_effort,,,,,,,,1,,,,,2026-05-01T18:45:37Z,/root/work/抗菌肽/数据库/batch/4-team/reports/true_rework_queue_queue100_obtainable_lane5_latest.json
doi__10.1016_s0140-6736(04)15788-7,queue100_obtainable,5,initial_queue_failed,,,,,,,,,,,,,2026-05-01T18:45:37Z,/root/work/抗菌肽/数据库/batch/4-team/reports/true_rework_queue_queue100_obtainable_lane5_latest.json
doi__10.1002_cbic.202100609,queue100_timeout1800,1,blocked_after_best_effort,blocked_figure_chart_value_gap,blocked_source_gap,figure_or_chart_exact_value_unrecoverable,,,,,1,,,figure4_exact_cytotoxicity_percent_values_unrecoverable;obtainable_only_source_gap_documented,,2026-05-02T03:55:41Z,/root/work/抗菌肽/数据库/batch/4-team/reports/true_rework_queue_queue100_timeout1800_lane1_latest.json
doi__10.1002_cmdc.202200291,queue100_timeout1800,1,accepted_after_rework,accepted_after_rework,accepted,strict_gates_passed,,,,,1,,,,,2026-05-02T03:55:41Z,/root/work/抗菌肽/数据库/batch/4-team/reports/true_rework_queue_queue100_timeout1800_lane1_latest.json
doi__10.1007_s00018-020-03755-w,queue100_timeout1800,1,blocked_after_best_effort,blocked_missing_external_supplement,blocked_source_gap,missing_external_supplement,,,,,1,,,bounded_rework_limit_reconfirmed;obtainable_only_source_gap_documented;supplementary_moesm1_docx_missing_from_local_packet,,2026-05-02T03:55:41Z,/root/work/抗菌肽/数据库/batch/4-team/reports/true_rework_queue_queue100_timeout1800_lane1_latest.json
doi__10.1007_s00253-020-10685-x,queue100_timeout1800,1,blocked_after_best_effort,blocked_figure_chart_value_gap,blocked_source_gap,figure_or_chart_exact_value_unrecoverable,,,,,1,,,obtainable_only_source_gap_documented;primary_sequence_not_embedded_for_database_identity,,2026-05-02T03:55:41Z,/root/work/抗菌肽/数据库/batch/4-team/reports/true_rework_queue_queue100_timeout1800_lane1_latest.json
doi__10.1007_s12602-018-9501-0,queue100_timeout1800,1,accepted_after_rework,accepted_after_rework,accepted,strict_gates_passed,,,,,1,,,,,2026-05-02T03:55:41Z,/root/work/抗菌肽/数据库/batch/4-team/reports/true_rework_queue_queue100_timeout1800_lane1_latest.json
doi__10.1016_j.bbrep.2024.101747,queue100_timeout1800,1,accepted_after_rework,accepted_after_rework,accepted,strict_gates_passed,,,,,1,,,,,2026-05-02T03:55:41Z,/root/work/抗菌肽/数据库/batch/4-team/reports/true_rework_queue_queue100_timeout1800_lane1_latest.json
doi__10.1016_j.biomaterials.2013.01.075,queue100_timeout1800,1,accepted_after_rework,accepted_after_rework,accepted,strict_gates_passed,,,,,1,,,,,2026-05-02T03:55:41Z,/root/work/抗菌肽/数据库/batch/4-team/reports/true_rework_queue_queue100_timeout1800_lane1_latest.json
doi__10.1016_j.biomaterials.2013.12.049,queue100_timeout1800,2,accepted_after_rework,accepted_after_rework,accepted,strict_gates_passed,,,,,1,,,,,2026-05-02T04:44:17Z,/root/work/抗菌肽/数据库/batch/4-team/reports/true_rework_queue_queue100_timeout1800_lane2_latest.json
doi__10.1016_j.cell.2024.07.027,queue100_timeout1800,2,blocked_after_best_effort,blocked_watchdog_timeout_retryable,blocked_process_timeout,codex_worker_timeout,,,,,1,,,figure_database_only_activity_table_not_publication_grade_controllable;obtainable_only_source_gap_documented,,2026-05-02T04:44:17Z,/root/work/抗菌肽/数据库/batch/4-team/reports/true_rework_queue_queue100_timeout1800_lane2_latest.json
doi__10.1016_j.csbj.2021.08.039,queue100_timeout1800,2,accepted_after_rework,accepted_after_rework,accepted,strict_gates_passed,,,,,1,,,,,2026-05-02T04:44:17Z,/root/work/抗菌肽/数据库/batch/4-team/reports/true_rework_queue_queue100_timeout1800_lane2_latest.json
doi__10.1016_j.csbj.2023.11.031,queue100_timeout1800,2,accepted_after_rework,accepted_after_rework,accepted,strict_gates_passed,,,,,1,,,,,2026-05-02T04:44:17Z,/root/work/抗菌肽/数据库/batch/4-team/reports/true_rework_queue_queue100_timeout1800_lane2_latest.json
doi__10.1016_j.csbj.2024.05.020,queue100_timeout1800,2,accepted_after_rework,accepted_after_rework,accepted,strict_gates_passed,,,,,1,,,,,2026-05-02T04:44:17Z,/root/work/抗菌肽/数据库/batch/4-team/reports/true_rework_queue_queue100_timeout1800_lane2_latest.json
doi__10.1016_j.csbj.2024.09.006,queue100_timeout1800,2,accepted_after_rework,accepted_after_rework,accepted,strict_gates_passed,,,,,1,,,,,2026-05-02T04:44:17Z,/root/work/抗菌肽/数据库/batch/4-team/reports/true_rework_queue_queue100_timeout1800_lane2_latest.json
doi__10.1016_j.dib.2019.104538,queue100_timeout1800,2,accepted_after_rework,accepted_after_rework,accepted,strict_gates_passed,,,,,1,,,,,2026-05-02T04:44:17Z,/root/work/抗菌肽/数据库/batch/4-team/reports/true_rework_queue_queue100_timeout1800_lane2_latest.json
doi__10.1016_j.ebiom.2020.102775,queue100_timeout1800,3,accepted_after_rework,accepted_after_rework,accepted,strict_gates_passed,,,,,1,,,,,2026-05-02T04:34:39Z,/root/work/抗菌肽/数据库/batch/4-team/reports/true_rework_queue_queue100_timeout1800_lane3_latest.json
doi__10.1016_j.fob.2014.01.007,queue100_timeout1800,3,accepted_after_rework,accepted_after_rework,accepted,strict_gates_passed,,,,,2,,,,,2026-05-02T04:34:39Z,/root/work/抗菌肽/数据库/batch/4-team/reports/true_rework_queue_queue100_timeout1800_lane3_latest.json
doi__10.1016_j.heliyon.2021.e07980,queue100_timeout1800,3,accepted_after_rework,accepted_after_rework,accepted,strict_gates_passed,,,,,1,,,,,2026-05-02T04:34:39Z,/root/work/抗菌肽/数据库/batch/4-team/reports/true_rework_queue_queue100_timeout1800_lane3_latest.json
doi__10.1016_j.isci.2020.101785,queue100_timeout1800,3,accepted_after_rework,accepted_after_rework,accepted,strict_gates_passed,,,,,1,,,,,2026-05-02T04:34:39Z,/root/work/抗菌肽/数据库/batch/4-team/reports/true_rework_queue_queue100_timeout1800_lane3_latest.json
doi__10.1016_j.isci.2021.102480,queue100_timeout1800,3,blocked_after_best_effort,blocked_activity_table_extraction_gap,blocked_parser_or_manual_extraction_gap,activity_table_rows_not_safely_extracted,,,,,1,,,dbaasp_exact_activity_values_not_primary_source_supported;modified_sequence_normalization_not_primary_text_recoverable;obtainable_only_source_gap_documented,,2026-05-02T04:34:39Z,/root/work/抗菌肽/数据库/batch/4-team/reports/true_rework_queue_queue100_timeout1800_lane3_latest.json
doi__10.1016_j.isci.2024.110404,queue100_timeout1800,3,accepted_after_rework,accepted_after_rework,accepted,strict_gates_passed,,,,,1,,,figure_exact_point_values_not_tabulated;plasma_pseudomonas_timecourse_not_tabulated,,2026-05-02T04:34:39Z,/root/work/抗菌肽/数据库/batch/4-team/reports/true_rework_queue_queue100_timeout1800_lane3_latest.json
doi__10.1016_j.isci.2025.113286,queue100_timeout1800,3,accepted_after_rework,accepted_after_rework,accepted,strict_gates_passed,,,,,1,,,,,2026-05-02T04:34:39Z,/root/work/抗菌肽/数据库/batch/4-team/reports/true_rework_queue_queue100_timeout1800_lane3_latest.json
doi__10.1016_j.jare.2024.01.023,queue100_timeout1800,4,accepted_after_rework,accepted_after_rework,accepted,strict_gates_passed,,,,,1,,,,,2026-05-02T04:28:14Z,/root/work/抗菌肽/数据库/batch/4-team/reports/true_rework_queue_queue100_timeout1800_lane4_latest.json
doi__10.1016_j.jare.2024.02.016,queue100_timeout1800,4,accepted_after_rework,accepted_after_rework,accepted,strict_gates_passed,,,,,1,,,,,2026-05-02T04:28:14Z,/root/work/抗菌肽/数据库/batch/4-team/reports/true_rework_queue_queue100_timeout1800_lane4_latest.json
doi__10.1016_j.jare.2025.01.005,queue100_timeout1800,4,accepted_after_rework,accepted_after_rework,accepted,strict_gates_passed,,,,,1,,,,,2026-05-02T04:28:14Z,/root/work/抗菌肽/数据库/batch/4-team/reports/true_rework_queue_queue100_timeout1800_lane4_latest.json
doi__10.1016_j.jare.2025.01.029,queue100_timeout1800,4,accepted_after_rework,accepted_after_rework,accepted,strict_gates_passed,,,,,1,,,,,2026-05-02T04:28:14Z,/root/work/抗菌肽/数据库/batch/4-team/reports/true_rework_queue_queue100_timeout1800_lane4_latest.json
doi__10.1016_j.omto.2019.12.001,queue100_timeout1800,4,accepted_after_rework,accepted_after_rework,accepted,strict_gates_passed,,,,,1,,,,,2026-05-02T04:28:14Z,/root/work/抗菌肽/数据库/batch/4-team/reports/true_rework_queue_queue100_timeout1800_lane4_latest.json
doi__10.1016_j.peptides.2003.07.025,queue100_timeout1800,4,accepted_after_rework,accepted_after_rework,accepted,strict_gates_passed,,,,,1,,,,,2026-05-02T04:28:14Z,/root/work/抗菌肽/数据库/batch/4-team/reports/true_rework_queue_queue100_timeout1800_lane4_latest.json
doi__10.1016_j.peptides.2008.04.022,queue100_timeout1800,4,accepted_after_rework,accepted_after_rework,accepted,strict_gates_passed,,,,,1,,,,,2026-05-02T04:28:14Z,/root/work/抗菌肽/数据库/batch/4-team/reports/true_rework_queue_queue100_timeout1800_lane4_latest.json
doi__10.1016_j.tibtech.2024.09.008,queue100_timeout1800,5,accepted_after_rework,accepted_after_rework,accepted,strict_gates_passed,,,,,1,,,,,2026-05-02T03:01:10Z,/root/work/抗菌肽/数据库/batch/4-team/reports/true_rework_queue_queue100_timeout1800_lane5_latest.json
doi__10.1016_j.ultsonch.2021.105676,queue100_timeout1800,5,accepted_after_rework,accepted_after_rework,accepted,strict_gates_passed,,,,,1,,,,,2026-05-02T03:01:10Z,/root/work/抗菌肽/数据库/batch/4-team/reports/true_rework_queue_queue100_timeout1800_lane5_latest.json
doi__10.1016_j.virol.2010.11.014,queue100_timeout1800,5,blocked_after_best_effort,blocked_figure_chart_value_gap,blocked_source_gap,figure_or_chart_exact_value_unrecoverable,,,,,1,,,exact_primary_text_or_table_ec50_values_unrecoverable;obtainable_only_source_gap_documented,,2026-05-02T03:01:10Z,/root/work/抗菌肽/数据库/batch/4-team/reports/true_rework_queue_queue100_timeout1800_lane5_latest.json
doi__10.1016_j.yjsbx.2023.100091,queue100_timeout1800,5,accepted_after_rework,accepted_after_rework,accepted,strict_gates_passed,,,,,1,,,,,2026-05-02T03:01:10Z,/root/work/抗菌肽/数据库/batch/4-team/reports/true_rework_queue_queue100_timeout1800_lane5_latest.json
doi__10.1017_s0031182017000506,queue_next100_1800,1,accepted_after_rework,accepted_after_rework,accepted,strict_gates_passed,,,,,1,,,,,2026-05-02T14:02:55Z,/root/work/抗菌肽/数据库/batch/4-team/reports/true_rework_queue_queue_next100_1800_lane1_latest.json
doi__10.1021_acs.biochem.0c00565,queue_next100_1800,1,accepted_after_rework,accepted_after_rework,accepted,strict_gates_passed,,,,,1,,,,,2026-05-02T14:02:55Z,/root/work/抗菌肽/数据库/batch/4-team/reports/true_rework_queue_queue_next100_1800_lane1_latest.json
doi__10.1021_acs.inorgchem.1c02101,queue_next100_1800,1,accepted_after_rework,accepted_after_rework,accepted,strict_gates_passed,,,,,1,,,,,2026-05-02T14:02:55Z,/root/work/抗菌肽/数据库/batch/4-team/reports/true_rework_queue_queue_next100_1800_lane1_latest.json
doi__10.1021_acs.jafc.1c08139,queue_next100_1800,1,accepted_after_rework,accepted_after_rework,accepted,strict_gates_passed,,,,,1,,,,,2026-05-02T14:02:55Z,/root/work/抗菌肽/数据库/batch/4-team/reports/true_rework_queue_queue_next100_1800_lane1_latest.json
doi__10.1021_acs.jafc.5c02065,queue_next100_1800,1,accepted_after_rework,accepted_after_rework,accepted,strict_gates_passed,,,,,1,,,figure_only_exact_cytotoxicity_percentages_not_locally_tabulated;figure_only_exact_survival_and_food_matrix_time_points_not_locally_tabulated,,2026-05-02T14:02:55Z,/root/work/抗菌肽/数据库/batch/4-team/reports/true_rework_queue_queue_next100_1800_lane1_latest.json
doi__10.1021_acs.jmedchem.1c00477,queue_next100_1800,1,blocked_after_best_effort,blocked_activity_table_extraction_gap,blocked_parser_or_manual_extraction_gap,activity_table_rows_not_safely_extracted,,,,,1,,,obtainable_only_source_gap_documented,,2026-05-02T14:02:55Z,/root/work/抗菌肽/数据库/batch/4-team/reports/true_rework_queue_queue_next100_1800_lane1_latest.json
doi__10.1021_acs.jmedchem.1c00795,queue_next100_1800,1,accepted_after_rework,accepted_after_rework,accepted,strict_gates_passed,,,,,1,,,,,2026-05-02T14:02:55Z,/root/work/抗菌肽/数据库/batch/4-team/reports/true_rework_queue_queue_next100_1800_lane1_latest.json
doi__10.1021_acs.jmedchem.1c01033,queue_next100_1800,1,accepted_after_rework,accepted_after_rework,accepted,strict_gates_passed,,,,,1,,,,,2026-05-02T14:02:55Z,/root/work/抗菌肽/数据库/batch/4-team/reports/true_rework_queue_queue_next100_1800_lane1_latest.json
doi__10.1021_acs.jmedchem.2c00061,queue_next100_1800,1,accepted_after_rework,accepted_after_rework,accepted,strict_gates_passed,,,,,1,,,,,2026-05-02T14:02:55Z,/root/work/抗菌肽/数据库/batch/4-team/reports/true_rework_queue_queue_next100_1800_lane1_latest.json
doi__10.1021_acs.jmedchem.2c00270,queue_next100_1800,1,accepted_after_rework,accepted_after_rework,accepted,strict_gates_passed,,,,,1,,,,,2026-05-02T14:02:55Z,/root/work/抗菌肽/数据库/batch/4-team/reports/true_rework_queue_queue_next100_1800_lane1_latest.json
doi__10.1021_acs.jmedchem.2c01469,queue_next100_1800,1,blocked_after_best_effort,blocked_watchdog_timeout_retryable,blocked_process_timeout,codex_worker_timeout,,,,,1,,,codex_worker_timeout,,2026-05-02T14:02:55Z,/root/work/抗菌肽/数据库/batch/4-team/reports/true_rework_queue_queue_next100_1800_lane1_latest.json
doi__10.1021_acs.jmedchem.3c00460,queue_next100_1800,1,accepted_after_rework,accepted_after_rework,accepted,strict_gates_passed,,,,,1,,,,,2026-05-02T14:02:55Z,/root/work/抗菌肽/数据库/batch/4-team/reports/true_rework_queue_queue_next100_1800_lane1_latest.json
doi__10.1021_acs.jmedchem.4c00912,queue_next100_1800,1,accepted_after_rework,accepted_after_rework,accepted,strict_gates_passed,,,,,1,,,,,2026-05-02T14:02:55Z,/root/work/抗菌肽/数据库/batch/4-team/reports/true_rework_queue_queue_next100_1800_lane1_latest.json
doi__10.1021_acs.jmedchem.4c01768,queue_next100_1800,1,accepted_after_rework,accepted_after_rework,accepted,strict_gates_passed,,,,,1,,,,,2026-05-02T14:02:55Z,/root/work/抗菌肽/数据库/batch/4-team/reports/true_rework_queue_queue_next100_1800_lane1_latest.json
doi__10.1021_acs.jmedchem.5b01593,queue_next100_1800,1,accepted_after_rework,accepted_after_rework,accepted,strict_gates_passed,,,,,1,,,linked_sequence_records_absent_for_dbaasp_polymyxin_rows,,2026-05-02T14:02:55Z,/root/work/抗菌肽/数据库/batch/4-team/reports/true_rework_queue_queue_next100_1800_lane1_latest.json
doi__10.1021_acs.jmedchem.5c01193,queue_next100_1800,1,accepted_after_rework,accepted_after_rework,accepted,strict_gates_passed,,,,,1,,,,,2026-05-02T14:02:55Z,/root/work/抗菌肽/数据库/batch/4-team/reports/true_rework_queue_queue_next100_1800_lane1_latest.json
doi__10.1021_acs.jmedchem.7b01732,queue_next100_1800,1,accepted_after_rework,accepted_after_rework,accepted,strict_gates_passed,,,,,3,,,,,2026-05-02T14:02:55Z,/root/work/抗菌肽/数据库/batch/4-team/reports/true_rework_queue_queue_next100_1800_lane1_latest.json
doi__10.1021_acs.jmedchem.8b00890,queue_next100_1800,1,accepted_after_rework,accepted_after_rework,accepted,strict_gates_passed,,,,,1,,,,,2026-05-02T14:02:55Z,/root/work/抗菌肽/数据库/batch/4-team/reports/true_rework_queue_queue_next100_1800_lane1_latest.json
doi__10.1021_acs.jmedchem.9b01078,queue_next100_1800,1,blocked_after_best_effort,blocked_activity_table_extraction_gap,blocked_parser_or_manual_extraction_gap,activity_table_rows_not_safely_extracted,,,,,1,,,obtainable_only_source_gap_documented,,2026-05-02T14:02:55Z,/root/work/抗菌肽/数据库/batch/4-team/reports/true_rework_queue_queue_next100_1800_lane1_latest.json
doi__10.1021_acs.jnatprod.0c01104,queue_next100_1800,1,blocked_after_best_effort,blocked_activity_table_extraction_gap,blocked_parser_or_manual_extraction_gap,activity_table_rows_not_safely_extracted,,,,,1,,,obtainable_only_source_gap_documented,,2026-05-02T14:02:55Z,/root/work/抗菌肽/数据库/batch/4-team/reports/true_rework_queue_queue_next100_1800_lane1_latest.json
doi__10.1021_acs.jnatprod.2c00674,queue_next100_1800,2,accepted_after_rework,accepted_after_rework,accepted,strict_gates_passed,,,,,1,,,,,2026-05-02T14:37:03Z,/root/work/抗菌肽/数据库/batch/4-team/reports/true_rework_queue_queue_next100_1800_lane2_latest.json
doi__10.1021_acs.jnatprod.4c00118,queue_next100_1800,2,accepted_after_rework,accepted_after_rework,accepted,strict_gates_passed,,,,,1,,,,,2026-05-02T14:37:03Z,/root/work/抗菌肽/数据库/batch/4-team/reports/true_rework_queue_queue_next100_1800_lane2_latest.json
doi__10.1021_acs.jnatprod.4c00814,queue_next100_1800,2,accepted_after_rework,accepted_after_rework,accepted,strict_gates_passed,,,,,1,,,,,2026-05-02T14:37:03Z,/root/work/抗菌肽/数据库/batch/4-team/reports/true_rework_queue_queue_next100_1800_lane2_latest.json
doi__10.1021_acs.joc.4c01414,queue_next100_1800,2,accepted_after_rework,accepted_after_rework,accepted,strict_gates_passed,,,,,1,,,,,2026-05-02T14:37:03Z,/root/work/抗菌肽/数据库/batch/4-team/reports/true_rework_queue_queue_next100_1800_lane2_latest.json
doi__10.1021_acs.joc.4c02828,queue_next100_1800,2,accepted_after_rework,accepted_after_rework,accepted,strict_gates_passed,,,,,1,,,,,2026-05-02T14:37:03Z,/root/work/抗菌肽/数据库/batch/4-team/reports/true_rework_queue_queue_next100_1800_lane2_latest.json
doi__10.1021_acs.langmuir.0c02135,queue_next100_1800,2,accepted_after_rework,accepted_after_rework,accepted,strict_gates_passed,,,,,1,,,figure8_exact_hemolysis_points_not_tabulated,,2026-05-02T14:37:03Z,/root/work/抗菌肽/数据库/batch/4-team/reports/true_rework_queue_queue_next100_1800_lane2_latest.json
doi__10.1021_acs.langmuir.2c00506,queue_next100_1800,2,accepted_after_rework,accepted_after_rework,accepted,strict_gates_passed,,,,,1,,,,,2026-05-02T14:37:03Z,/root/work/抗菌肽/数据库/batch/4-team/reports/true_rework_queue_queue_next100_1800_lane2_latest.json
doi__10.1021_acsbiomedchemau.4c00119,queue_next100_1800,2,accepted_after_rework,accepted_after_rework,accepted,strict_gates_passed,,,,,1,,,,,2026-05-02T14:37:03Z,/root/work/抗菌肽/数据库/batch/4-team/reports/true_rework_queue_queue_next100_1800_lane2_latest.json
doi__10.1021_acscentsci.0c01135,queue_next100_1800,2,accepted_after_rework,accepted_after_rework,accepted,strict_gates_passed,,,,,1,,,,,2026-05-02T14:37:03Z,/root/work/抗菌肽/数据库/batch/4-team/reports/true_rework_queue_queue_next100_1800_lane2_latest.json
doi__10.1021_acschembio.0c00568,queue_next100_1800,2,accepted_after_rework,accepted_after_rework,accepted,strict_gates_passed,,,,,1,,,,,2026-05-02T14:37:03Z,/root/work/抗菌肽/数据库/batch/4-team/reports/true_rework_queue_queue_next100_1800_lane2_latest.json
doi__10.1021_acschembio.1c00641,queue_next100_1800,2,accepted_after_rework,accepted_after_rework,accepted,strict_gates_passed,,,,,1,,,,,2026-05-02T14:37:03Z,/root/work/抗菌肽/数据库/batch/4-team/reports/true_rework_queue_queue_next100_1800_lane2_latest.json
doi__10.1021_acschembio.3c00577,queue_next100_1800,2,accepted_after_rework,accepted_after_rework,accepted,strict_gates_passed,,,,,1,,,figure_exact_mic_points_not_textual_primary_table,,2026-05-02T14:37:03Z,/root/work/抗菌肽/数据库/batch/4-team/reports/true_rework_queue_queue_next100_1800_lane2_latest.json
doi__10.1021_acsinfecdis.2c00307,queue_next100_1800,2,accepted_after_rework,accepted_after_rework,accepted,strict_gates_passed,,,,,1,,,,,2026-05-02T14:37:03Z,/root/work/抗菌肽/数据库/batch/4-team/reports/true_rework_queue_queue_next100_1800_lane2_latest.json
doi__10.1021_acsinfecdis.2c00456,queue_next100_1800,2,accepted_after_rework,accepted_after_rework,accepted,strict_gates_passed,,,,,1,,,figure_only_exact_bar_heights_not_text_recoverable;no_structured_supplementary_activity_tables_present,,2026-05-02T14:37:03Z,/root/work/抗菌肽/数据库/batch/4-team/reports/true_rework_queue_queue_next100_1800_lane2_latest.json
doi__10.1021_acsinfecdis.3c00206,queue_next100_1800,2,accepted_after_rework,accepted_after_rework,accepted,strict_gates_passed,,,,,1,,,,,2026-05-02T14:37:03Z,/root/work/抗菌肽/数据库/batch/4-team/reports/true_rework_queue_queue_next100_1800_lane2_latest.json
doi__10.1021_acsinfecdis.3c00421,queue_next100_1800,2,accepted_after_rework,accepted_after_rework,accepted,strict_gates_passed,,,,,1,,,,,2026-05-02T14:37:03Z,/root/work/抗菌肽/数据库/batch/4-team/reports/true_rework_queue_queue_next100_1800_lane2_latest.json
doi__10.1021_acsinfecdis.4c00130,queue_next100_1800,2,accepted_after_rework,accepted_after_rework,accepted,strict_gates_passed,,,,,1,,,,,2026-05-02T14:37:03Z,/root/work/抗菌肽/数据库/batch/4-team/reports/true_rework_queue_queue_next100_1800_lane2_latest.json
doi__10.1021_acsinfecdis.4c00160,queue_next100_1800,2,accepted_after_rework,accepted_after_rework,accepted,strict_gates_passed,,,,,1,,,,,2026-05-02T14:37:03Z,/root/work/抗菌肽/数据库/batch/4-team/reports/true_rework_queue_queue_next100_1800_lane2_latest.json
doi__10.1021_acsinfecdis.6b00045,queue_next100_1800,2,accepted_after_rework,accepted_after_rework,accepted,strict_gates_passed,,,,,1,,,,,2026-05-02T14:37:03Z,/root/work/抗菌肽/数据库/batch/4-team/reports/true_rework_queue_queue_next100_1800_lane2_latest.json
doi__10.1021_acsinfecdis.9b00157,queue_next100_1800,2,blocked_after_best_effort,blocked_watchdog_timeout_retryable,blocked_process_timeout,codex_worker_timeout,,,,,1,,,obtainable_only_source_gap_documented,,2026-05-02T14:37:03Z,/root/work/抗菌肽/数据库/batch/4-team/reports/true_rework_queue_queue_next100_1800_lane2_latest.json
doi__10.1021_acsomega.0c00189,queue_next100_1800,3,accepted_after_rework,accepted_after_rework,accepted,strict_gates_passed,,,,,1,,,,,2026-05-02T13:52:35Z,/root/work/抗菌肽/数据库/batch/4-team/reports/true_rework_queue_queue_next100_1800_lane3_latest.json
doi__10.1021_acsomega.0c00442,queue_next100_1800,3,accepted_after_rework,accepted_after_rework,accepted,strict_gates_passed,,,,,1,,,,,2026-05-02T13:52:35Z,/root/work/抗菌肽/数据库/batch/4-team/reports/true_rework_queue_queue_next100_1800_lane3_latest.json
doi__10.1021_acsomega.0c01065,queue_next100_1800,3,accepted_after_rework,accepted_after_rework,accepted,strict_gates_passed,,,,,1,,,,,2026-05-02T13:52:35Z,/root/work/抗菌肽/数据库/batch/4-team/reports/true_rework_queue_queue_next100_1800_lane3_latest.json
doi__10.1021_acsomega.0c01462,queue_next100_1800,3,accepted_after_rework,accepted_after_rework,accepted,strict_gates_passed,,,,,1,,,,,2026-05-02T13:52:35Z,/root/work/抗菌肽/数据库/batch/4-team/reports/true_rework_queue_queue_next100_1800_lane3_latest.json
doi__10.1021_acsomega.0c02088,queue_next100_1800,3,accepted_after_rework,accepted_after_rework,accepted,strict_gates_passed,,,,,1,,,,,2026-05-02T13:52:35Z,/root/work/抗菌肽/数据库/batch/4-team/reports/true_rework_queue_queue_next100_1800_lane3_latest.json
doi__10.1021_acsomega.1c00020,queue_next100_1800,3,accepted_after_rework,accepted_after_rework,accepted,strict_gates_passed,,,,,1,,,,,2026-05-02T13:52:35Z,/root/work/抗菌肽/数据库/batch/4-team/reports/true_rework_queue_queue_next100_1800_lane3_latest.json
doi__10.1021_acsomega.1c01854,queue_next100_1800,3,accepted_after_rework,accepted_after_rework,accepted,strict_gates_passed,,,,,1,,,,,2026-05-02T13:52:35Z,/root/work/抗菌肽/数据库/batch/4-team/reports/true_rework_queue_queue_next100_1800_lane3_latest.json
doi__10.1021_acsomega.1c07160,queue_next100_1800,3,accepted_after_rework,accepted_after_rework,accepted,strict_gates_passed,,,,,1,,,,,2026-05-02T13:52:35Z,/root/work/抗菌肽/数据库/batch/4-team/reports/true_rework_queue_queue_next100_1800_lane3_latest.json
doi__10.1021_acsomega.2c01089,queue_next100_1800,3,accepted_after_rework,accepted_after_rework,accepted,strict_gates_passed,,,,,1,,,,,2026-05-02T13:52:35Z,/root/work/抗菌肽/数据库/batch/4-team/reports/true_rework_queue_queue_next100_1800_lane3_latest.json
doi__10.1021_acsomega.2c02203,queue_next100_1800,3,blocked_after_best_effort,blocked_activity_table_extraction_gap,blocked_parser_or_manual_extraction_gap,activity_table_rows_not_safely_extracted,,,,,1,,,obtainable_only_source_gap_documented,,2026-05-02T13:52:35Z,/root/work/抗菌肽/数据库/batch/4-team/reports/true_rework_queue_queue_next100_1800_lane3_latest.json
doi__10.1021_acsomega.2c02778,queue_next100_1800,3,accepted_after_rework,accepted_after_rework,accepted,strict_gates_passed,,,,,1,,,local_supporting_information_pdf_absent,,2026-05-02T13:52:35Z,/root/work/抗菌肽/数据库/batch/4-team/reports/true_rework_queue_queue_next100_1800_lane3_latest.json
doi__10.1021_acsomega.3c07455,queue_next100_1800,3,accepted_after_rework,accepted_after_rework,accepted,strict_gates_passed,,,,,1,,,,,2026-05-02T13:52:35Z,/root/work/抗菌肽/数据库/batch/4-team/reports/true_rework_queue_queue_next100_1800_lane3_latest.json
doi__10.1021_acsomega.4c01277,queue_next100_1800,3,accepted_after_rework,accepted_after_rework,accepted,strict_gates_passed,,,,,1,,,,,2026-05-02T13:52:35Z,/root/work/抗菌肽/数据库/batch/4-team/reports/true_rework_queue_queue_next100_1800_lane3_latest.json
doi__10.1021_acsomega.4c01577,queue_next100_1800,3,accepted_after_rework,accepted_after_rework,accepted,strict_gates_passed,,,,,1,,,,,2026-05-02T13:52:35Z,/root/work/抗菌肽/数据库/batch/4-team/reports/true_rework_queue_queue_next100_1800_lane3_latest.json
doi__10.1021_acsomega.4c09054,queue_next100_1800,3,accepted_after_rework,accepted_after_rework,accepted,strict_gates_passed,,,,,1,,,,,2026-05-02T13:52:35Z,/root/work/抗菌肽/数据库/batch/4-team/reports/true_rework_queue_queue_next100_1800_lane3_latest.json
doi__10.1021_acsomega.5c07214,queue_next100_1800,3,accepted_after_rework,accepted_after_rework,accepted,strict_gates_passed,,,,,1,,,,,2026-05-02T13:52:35Z,/root/work/抗菌肽/数据库/batch/4-team/reports/true_rework_queue_queue_next100_1800_lane3_latest.json
doi__10.1021_acsomega.8b01876,queue_next100_1800,3,blocked_after_best_effort,blocked_figure_chart_value_gap,blocked_source_gap,figure_or_chart_exact_value_unrecoverable,,,,,1,,,figure_only_exact_cytotoxicity_values_not_text_recoverable;obtainable_only_source_gap_documented,,2026-05-02T13:52:35Z,/root/work/抗菌肽/数据库/batch/4-team/reports/true_rework_queue_queue_next100_1800_lane3_latest.json
doi__10.1021_acsomega.9b02201,queue_next100_1800,3,accepted_after_rework,accepted_after_rework,accepted,strict_gates_passed,,,,,1,,,,,2026-05-02T13:52:35Z,/root/work/抗菌肽/数据库/batch/4-team/reports/true_rework_queue_queue_next100_1800_lane3_latest.json
doi__10.1021_acsomega.9b02278,queue_next100_1800,3,accepted_after_rework,accepted_after_rework,accepted,strict_gates_passed,,,,,1,,,,,2026-05-02T13:52:35Z,/root/work/抗菌肽/数据库/batch/4-team/reports/true_rework_queue_queue_next100_1800_lane3_latest.json
doi__10.1021_acsomega.9b03307,queue_next100_1800,3,accepted_after_rework,accepted_after_rework,accepted,strict_gates_passed,,,,,1,,,,,2026-05-02T13:52:35Z,/root/work/抗菌肽/数据库/batch/4-team/reports/true_rework_queue_queue_next100_1800_lane3_latest.json
doi__10.1021_acssynbio.1c00161,queue_next100_1800,4,accepted_after_rework,accepted_after_rework,accepted,strict_gates_passed,,,,,1,,,,,2026-05-02T13:55:05Z,/root/work/抗菌肽/数据库/batch/4-team/reports/true_rework_queue_queue_next100_1800_lane4_latest.json
doi__10.1021_acssynbio.3c00612,queue_next100_1800,4,accepted_after_rework,accepted_after_rework,accepted,strict_gates_passed,,,,,1,,,,,2026-05-02T13:55:05Z,/root/work/抗菌肽/数据库/batch/4-team/reports/true_rework_queue_queue_next100_1800_lane4_latest.json
doi__10.1021_bi5004102,queue_next100_1800,4,accepted_after_rework,accepted_after_rework,accepted,strict_gates_passed,,,,,1,,,,,2026-05-02T13:55:05Z,/root/work/抗菌肽/数据库/batch/4-team/reports/true_rework_queue_queue_next100_1800_lane4_latest.json
doi__10.1021_cb500080r,queue_next100_1800,4,accepted_after_rework,accepted_after_rework,accepted,strict_gates_passed,,,,,1,,,,,2026-05-02T13:55:05Z,/root/work/抗菌肽/数据库/batch/4-team/reports/true_rework_queue_queue_next100_1800_lane4_latest.json
doi__10.1021_cb500340w,queue_next100_1800,4,accepted_after_rework,accepted_after_rework,accepted,strict_gates_passed,,,,,1,,,,,2026-05-02T13:55:05Z,/root/work/抗菌肽/数据库/batch/4-team/reports/true_rework_queue_queue_next100_1800_lane4_latest.json
doi__10.1021_cb500475y,queue_next100_1800,4,accepted_after_rework,accepted_after_rework,accepted,strict_gates_passed,,,,,1,,,,,2026-05-02T13:55:05Z,/root/work/抗菌肽/数据库/batch/4-team/reports/true_rework_queue_queue_next100_1800_lane4_latest.json
doi__10.1021_cb900194x,queue_next100_1800,4,accepted_after_rework,accepted_after_rework,accepted,strict_gates_passed,,,,,1,,,,,2026-05-02T13:55:05Z,/root/work/抗菌肽/数据库/batch/4-team/reports/true_rework_queue_queue_next100_1800_lane4_latest.json
doi__10.1021_ja402993u,queue_next100_1800,4,accepted_after_rework,accepted_after_rework,accepted,strict_gates_passed,,,,,1,,,,,2026-05-02T13:55:05Z,/root/work/抗菌肽/数据库/batch/4-team/reports/true_rework_queue_queue_next100_1800_lane4_latest.json
doi__10.1021_ja410385c,queue_next100_1800,4,accepted_after_rework,accepted_after_rework,accepted,strict_gates_passed,,,,,1,,,,,2026-05-02T13:55:05Z,/root/work/抗菌肽/数据库/batch/4-team/reports/true_rework_queue_queue_next100_1800_lane4_latest.json
doi__10.1021_mp400747k,queue_next100_1800,4,accepted_after_rework,accepted_after_rework,accepted,strict_gates_passed,,,,,1,,,figure_only_exact_uptake_binding_values_not_tabulated,,2026-05-02T13:55:05Z,/root/work/抗菌肽/数据库/batch/4-team/reports/true_rework_queue_queue_next100_1800_lane4_latest.json
doi__10.1021_mp5003027,queue_next100_1800,4,accepted_after_rework,accepted_after_rework,accepted,strict_gates_passed,,,,,1,,,,,2026-05-02T13:55:05Z,/root/work/抗菌肽/数据库/batch/4-team/reports/true_rework_queue_queue_next100_1800_lane4_latest.json
doi__10.1021_nl5002313,queue_next100_1800,4,accepted_after_rework,accepted_after_rework,accepted,strict_gates_passed,,,,,1,,,,,2026-05-02T13:55:05Z,/root/work/抗菌肽/数据库/batch/4-team/reports/true_rework_queue_queue_next100_1800_lane4_latest.json
doi__10.1021_np5003548,queue_next100_1800,4,accepted_after_rework,accepted_after_rework,accepted,strict_gates_passed,,,,,1,,,,,2026-05-02T13:55:05Z,/root/work/抗菌肽/数据库/batch/4-team/reports/true_rework_queue_queue_next100_1800_lane4_latest.json
doi__10.1021_np700718p,queue_next100_1800,4,accepted_after_rework,accepted_after_rework,accepted,strict_gates_passed,,,,,1,,,,,2026-05-02T13:55:05Z,/root/work/抗菌肽/数据库/batch/4-team/reports/true_rework_queue_queue_next100_1800_lane4_latest.json
doi__10.1021_ol3022758,queue_next100_1800,4,accepted_after_rework,accepted_after_rework,accepted,strict_gates_passed,,,,,1,,,,,2026-05-02T13:55:05Z,/root/work/抗菌肽/数据库/batch/4-team/reports/true_rework_queue_queue_next100_1800_lane4_latest.json
doi__10.1038_cddis.2013.401,queue_next100_1800,4,accepted_after_rework,accepted_after_rework,accepted,strict_gates_passed,,,,,1,,,,,2026-05-02T13:55:05Z,/root/work/抗菌肽/数据库/batch/4-team/reports/true_rework_queue_queue_next100_1800_lane4_latest.json
doi__10.1038_cddis.2015.118,queue_next100_1800,4,accepted_after_rework,accepted_after_rework,accepted,strict_gates_passed,,,,,1,,,,,2026-05-02T13:55:05Z,/root/work/抗菌肽/数据库/batch/4-team/reports/true_rework_queue_queue_next100_1800_lane4_latest.json
doi__10.1038_hdy.2016.117,queue_next100_1800,4,accepted_after_rework,accepted_after_rework,accepted,strict_gates_passed,,,,,1,,,,,2026-05-02T13:55:05Z,/root/work/抗菌肽/数据库/batch/4-team/reports/true_rework_queue_queue_next100_1800_lane4_latest.json
doi__10.1038_ja.2010.22,queue_next100_1800,4,accepted_after_rework,accepted_after_rework,accepted,strict_gates_passed,,,,,1,,,,,2026-05-02T13:55:05Z,/root/work/抗菌肽/数据库/batch/4-team/reports/true_rework_queue_queue_next100_1800_lane4_latest.json
doi__10.1038_ki.2012.410,queue_next100_1800,4,accepted_after_rework,accepted_after_rework,accepted,strict_gates_passed,,,,,1,,,,,2026-05-02T13:55:05Z,/root/work/抗菌肽/数据库/batch/4-team/reports/true_rework_queue_queue_next100_1800_lane4_latest.json
doi__10.1038_msb4100049,queue_next100_1800,5,blocked_after_best_effort,blocked_missing_external_supplement,blocked_source_gap,missing_external_supplement,,,,,1,,,no_primary_activity_or_amp_assay_local_material;obtainable_only_source_gap_documented,,2026-05-02T12:53:31Z,/root/work/抗菌肽/数据库/batch/4-team/reports/true_rework_queue_queue_next100_1800_lane5_latest.json
doi__10.1038_nchembio.215,queue_next100_1800,5,accepted_after_rework,accepted_after_rework,accepted,strict_gates_passed,,,,,1,,,,,2026-05-02T12:53:31Z,/root/work/抗菌肽/数据库/batch/4-team/reports/true_rework_queue_queue_next100_1800_lane5_latest.json
doi__10.1038_ncomms4067,queue_next100_1800,5,blocked_after_best_effort,blocked_activity_table_extraction_gap,blocked_parser_or_manual_extraction_gap,activity_table_rows_not_safely_extracted,,,,,1,,,obtainable_only_source_gap_documented,,2026-05-02T12:53:31Z,/root/work/抗菌肽/数据库/batch/4-team/reports/true_rework_queue_queue_next100_1800_lane5_latest.json
doi__10.1038_ncomms6573,queue_next100_1800,5,accepted_after_rework,accepted_after_rework,accepted,strict_gates_passed,,,,,1,,,,,2026-05-02T12:53:31Z,/root/work/抗菌肽/数据库/batch/4-team/reports/true_rework_queue_queue_next100_1800_lane5_latest.json
doi__10.1038_s41392-021-00698-x,queue_next100_1800,5,blocked_after_best_effort,blocked_activity_table_extraction_gap,blocked_parser_or_manual_extraction_gap,activity_table_rows_not_safely_extracted,,,,,1,,,obtainable_only_source_gap_documented,,2026-05-02T12:53:31Z,/root/work/抗菌肽/数据库/batch/4-team/reports/true_rework_queue_queue_next100_1800_lane5_latest.json
doi__10.1038_s41396-018-0293-8,queue_next100_1800,5,accepted_after_rework,accepted_after_rework,accepted,strict_gates_passed,,,,,1,,,,,2026-05-02T12:53:31Z,/root/work/抗菌肽/数据库/batch/4-team/reports/true_rework_queue_queue_next100_1800_lane5_latest.json
doi__10.1038_s41421-020-0171-1,queue_next100_1800,5,accepted_after_rework,accepted_after_rework,accepted,strict_gates_passed,,,,,1,,,,,2026-05-02T12:53:31Z,/root/work/抗菌肽/数据库/batch/4-team/reports/true_rework_queue_queue_next100_1800_lane5_latest.json
doi__10.1038_s41422-020-0305-x,queue_next100_1800,5,blocked_after_best_effort,blocked_activity_table_extraction_gap,blocked_parser_or_manual_extraction_gap,activity_table_rows_not_safely_extracted,,,,,1,,,obtainable_only_source_gap_documented,,2026-05-02T12:53:31Z,/root/work/抗菌肽/数据库/batch/4-team/reports/true_rework_queue_queue_next100_1800_lane5_latest.json
doi__10.1038_s41422-022-00617-x,queue_next100_1800,5,blocked_after_best_effort,blocked_activity_table_extraction_gap,blocked_parser_or_manual_extraction_gap,activity_table_rows_not_safely_extracted,,,,,1,,,obtainable_only_source_gap_documented,,2026-05-02T12:53:31Z,/root/work/抗菌肽/数据库/batch/4-team/reports/true_rework_queue_queue_next100_1800_lane5_latest.json
doi__10.1038_s41423-020-0374-2,queue_next100_1800,5,blocked_after_best_effort,blocked_activity_table_extraction_gap,blocked_parser_or_manual_extraction_gap,activity_table_rows_not_safely_extracted,,,,,1,,,obtainable_only_source_gap_documented,,2026-05-02T12:53:31Z,/root/work/抗菌肽/数据库/batch/4-team/reports/true_rework_queue_queue_next100_1800_lane5_latest.json
doi__10.1038_s41467-017-00419-5,queue_next100_1800,5,blocked_after_best_effort,blocked_watchdog_timeout_retryable,blocked_process_timeout,codex_worker_timeout,,,,,1,,,obtainable_only_source_gap_documented,,2026-05-02T12:53:31Z,/root/work/抗菌肽/数据库/batch/4-team/reports/true_rework_queue_queue_next100_1800_lane5_latest.json
doi__10.1038_s41467-018-03746-3,queue_next100_1800,5,blocked_after_best_effort,blocked_watchdog_timeout_retryable,blocked_process_timeout,codex_worker_timeout,,,,,1,,,obtainable_only_source_gap_documented;supplementary_pdf_payload_not_locally_recoverable,,2026-05-02T12:53:31Z,/root/work/抗菌肽/数据库/batch/4-team/reports/true_rework_queue_queue_next100_1800_lane5_latest.json
doi__10.1038_s41467-018-05781-6,queue_next100_1800,5,accepted_after_rework,accepted_after_rework,accepted,strict_gates_passed,,,,,1,,,,,2026-05-02T12:53:31Z,/root/work/抗菌肽/数据库/batch/4-team/reports/true_rework_queue_queue_next100_1800_lane5_latest.json
doi__10.1038_s41467-019-10754-4,queue_next100_1800,5,blocked_after_best_effort,blocked_watchdog_timeout_retryable,blocked_process_timeout,codex_worker_timeout,,,,,1,,,obtainable_only_source_gap_documented,,2026-05-02T12:53:31Z,/root/work/抗菌肽/数据库/batch/4-team/reports/true_rework_queue_queue_next100_1800_lane5_latest.json
doi__10.1038_s41467-019-11503-3,queue_next100_1800,5,accepted_after_rework,accepted_after_rework,accepted,strict_gates_passed,,,,,1,,,,,2026-05-02T12:53:31Z,/root/work/抗菌肽/数据库/batch/4-team/reports/true_rework_queue_queue_next100_1800_lane5_latest.json
doi__10.1038_s41467-020-16950-x,queue_next100_1800,5,accepted_after_rework,accepted_after_rework,accepted,strict_gates_passed,,,,,1,,,,,2026-05-02T12:53:31Z,/root/work/抗菌肽/数据库/batch/4-team/reports/true_rework_queue_queue_next100_1800_lane5_latest.json
doi__10.1038_s41467-020-17736-x,queue_next100_1800,5,blocked_after_best_effort,blocked_watchdog_timeout_retryable,blocked_process_timeout,codex_worker_timeout,,,,,1,,,obtainable_only_source_gap_documented,,2026-05-02T12:53:31Z,/root/work/抗菌肽/数据库/batch/4-team/reports/true_rework_queue_queue_next100_1800_lane5_latest.json
doi__10.1038_s41467-020-17986-9,queue_next100_1800,5,blocked_after_best_effort,blocked_activity_table_extraction_gap,blocked_parser_or_manual_extraction_gap,activity_table_rows_not_safely_extracted,,,,,1,,,obtainable_only_source_gap_documented,,2026-05-02T12:53:31Z,/root/work/抗菌肽/数据库/batch/4-team/reports/true_rework_queue_queue_next100_1800_lane5_latest.json
doi__10.1038_s41467-021-21825-w,queue_next100_1800,5,blocked_after_best_effort,blocked_activity_table_extraction_gap,blocked_parser_or_manual_extraction_gap,activity_table_rows_not_safely_extracted,,,,,1,,,obtainable_only_source_gap_documented,,2026-05-02T12:53:31Z,/root/work/抗菌肽/数据库/batch/4-team/reports/true_rework_queue_queue_next100_1800_lane5_latest.json
doi__10.1038_s41467-021-27655-0,queue_next100_1800,5,accepted_after_rework,accepted_after_rework,accepted,strict_gates_passed,,,,,1,,,,,2026-05-02T12:53:31Z,/root/work/抗菌肽/数据库/batch/4-team/reports/true_rework_queue_queue_next100_1800_lane5_latest.json
doi__10.1038_s41467-022-29234-3,queue_next500_1800,1,accepted_after_rework,accepted_after_rework,accepted,strict_gates_passed,,,,,1,0,False,,,2026-05-03T23:22:13Z,/root/work/抗菌肽/数据库/batch/4-team/reports/true_rework_queue_queue_next500_1800_lane1_latest.json
doi__10.1038_s41467-022-33613-1,queue_next500_1800,1,accepted_after_rework,accepted_after_rework,accepted,strict_gates_passed,,,,,1,0,False,,codex_worker_timeout,2026-05-03T23:22:13Z,/root/work/抗菌肽/数据库/batch/4-team/reports/true_rework_queue_queue_next500_1800_lane1_latest.json
doi__10.1038_s41467-023-36280-y,queue_next500_1800,1,accepted_after_rework,accepted_after_rework,accepted,strict_gates_passed,,,,,1,0,False,,,2026-05-03T23:22:13Z,/root/work/抗菌肽/数据库/batch/4-team/reports/true_rework_queue_queue_next500_1800_lane1_latest.json
doi__10.1038_s41467-023-36994-z,queue_next500_1800,1,accepted_after_rework,accepted_after_rework,accepted,strict_gates_passed,,,,,1,0,False,supplementary_payloads_not_locally_recovered,,2026-05-03T23:22:13Z,/root/work/抗菌肽/数据库/batch/4-team/reports/true_rework_queue_queue_next500_1800_lane1_latest.json
doi__10.1038_s41467-023-37003-z,queue_next500_1800,1,blocked_after_best_effort,blocked_figure_chart_value_gap,blocked_source_gap,figure_or_chart_exact_value_unrecoverable,,,,,1,0,False,database_exact_assay_values_not_primary_source_verifiable_locally;missing_local_supplementary_source_data_files;obtainable_only_source_gap_documented,,2026-05-03T23:22:13Z,/root/work/抗菌肽/数据库/batch/4-team/reports/true_rework_queue_queue_next500_1800_lane1_latest.json
doi__10.1038_s41467-023-42387-z,queue_next500_1800,1,blocked_after_best_effort,blocked_figure_chart_value_gap,blocked_source_gap,figure_or_chart_exact_value_unrecoverable,,,,,1,0,False,missing_local_supplementary_source_data;obtainable_only_source_gap_documented,,2026-05-03T23:22:13Z,/root/work/抗菌肽/数据库/batch/4-team/reports/true_rework_queue_queue_next500_1800_lane1_latest.json
doi__10.1038_s41467-023-42434-9,queue_next500_1800,1,blocked_after_best_effort,blocked_watchdog_timeout_retryable,blocked_process_timeout,codex_worker_timeout,,,,,1,0,False,obtainable_only_source_gap_documented,codex_worker_timeout,2026-05-03T23:22:13Z,/root/work/抗菌肽/数据库/batch/4-team/reports/true_rework_queue_queue_next500_1800_lane1_latest.json
doi__10.1038_s41467-024-49215-y,queue_next500_1800,1,accepted_after_rework,accepted_after_rework,accepted,strict_gates_passed,,,,,1,0,False,,,2026-05-03T23:22:13Z,/root/work/抗菌肽/数据库/batch/4-team/reports/true_rework_queue_queue_next500_1800_lane1_latest.json
doi__10.1038_s41467-024-51730-x,queue_next500_1800,1,accepted_after_rework,accepted_after_rework,accepted,strict_gates_passed,,,,,1,0,False,,,2026-05-03T23:22:13Z,/root/work/抗菌肽/数据库/batch/4-team/reports/true_rework_queue_queue_next500_1800_lane1_latest.json
doi__10.1038_s41467-024-51933-2,queue_next500_1800,1,blocked_after_best_effort,blocked_figure_chart_value_gap,blocked_source_gap,figure_or_chart_exact_value_unrecoverable,,,,,1,0,False,obtainable_only_source_gap_documented;supplementary_source_data_not_locally_landed,,2026-05-03T23:22:13Z,/root/work/抗菌肽/数据库/batch/4-team/reports/true_rework_queue_queue_next500_1800_lane1_latest.json
doi__10.1038_s41467-024-53309-y,queue_next500_1800,1,blocked_after_best_effort,blocked_watchdog_timeout_retryable,blocked_process_timeout,codex_worker_timeout,,,,,1,0,False,obtainable_only_source_gap_documented,codex_worker_timeout,2026-05-03T23:22:13Z,/root/work/抗菌肽/数据库/batch/4-team/reports/true_rework_queue_queue_next500_1800_lane1_latest.json
doi__10.1038_s41467-025-60051-6,queue_next500_1800,1,accepted_after_rework,accepted_after_rework,accepted,strict_gates_passed,,,,,1,0,False,,,2026-05-03T23:22:13Z,/root/work/抗菌肽/数据库/batch/4-team/reports/true_rework_queue_queue_next500_1800_lane1_latest.json
doi__10.1038_s41467-025-62604-1,queue_next500_1800,1,accepted_after_rework,accepted_after_rework,accepted,strict_gates_passed,,,,,1,0,False,,,2026-05-03T23:22:13Z,/root/work/抗菌肽/数据库/batch/4-team/reports/true_rework_queue_queue_next500_1800_lane1_latest.json
doi__10.1038_s41467-025-64378-y,queue_next500_1800,1,accepted_after_rework,accepted_after_rework,accepted,strict_gates_passed,,,,,1,0,False,,codex_worker_timeout,2026-05-03T23:22:13Z,/root/work/抗菌肽/数据库/batch/4-team/reports/true_rework_queue_queue_next500_1800_lane1_latest.json
doi__10.1038_s41467-025-65449-w,queue_next500_1800,1,accepted_after_rework,accepted_after_rework,accepted,strict_gates_passed,,,,,1,0,False,figure_panel_exact_cells_not_structured_nonblocking,,2026-05-03T23:22:13Z,/root/work/抗菌肽/数据库/batch/4-team/reports/true_rework_queue_queue_next500_1800_lane1_latest.json
doi__10.1038_s41522-017-0042-1,queue_next500_1800,1,accepted_after_rework,accepted_after_rework,accepted,strict_gates_passed,,,,,1,0,False,figure_only_exact_toxicity_values_not_tabulated,,2026-05-03T23:22:13Z,/root/work/抗菌肽/数据库/batch/4-team/reports/true_rework_queue_queue_next500_1800_lane1_latest.json
doi__10.1038_s41522-022-00320-0,queue_next500_1800,1,accepted_after_rework,accepted_after_rework,accepted,strict_gates_passed,,,,,1,0,False,,codex_worker_timeout,2026-05-03T23:22:13Z,/root/work/抗菌肽/数据库/batch/4-team/reports/true_rework_queue_queue_next500_1800_lane1_latest.json
doi__10.1038_s41522-024-00637-y,queue_next500_1800,1,blocked_after_best_effort,blocked_figure_chart_value_gap,blocked_source_gap,figure_or_chart_exact_value_unrecoverable,,,,,1,0,False,database_sequence_records_absent_primary_sequence_not_embedded;obtainable_only_source_gap_documented;supplementary_table_and_figures_not_locally_recoverable,,2026-05-03T23:22:13Z,/root/work/抗菌肽/数据库/batch/4-team/reports/true_rework_queue_queue_next500_1800_lane1_latest.json
doi__10.1038_s41538-021-00109-z,queue_next500_1800,1,accepted_after_rework,accepted_after_rework,accepted,strict_gates_passed,,,,,1,0,False,supplementary_payload_not_locally_recoverable,,2026-05-03T23:22:13Z,/root/work/抗菌肽/数据库/batch/4-team/reports/true_rework_queue_queue_next500_1800_lane1_latest.json
doi__10.1038_s41551-024-01201-x,queue_next500_1800,1,blocked_after_best_effort,blocked_watchdog_timeout_retryable,blocked_process_timeout,codex_worker_timeout,,,,,1,0,False,missing_primary_supplementary_dataset_2_for_full_database_assay_reconciliation;missing_supplementary_dataset_2_activity_matrix;missing_supplementary_table_17_toxicity_values;obtainable_only_source_gap_documented,codex_worker_timeout,2026-05-03T23:22:13Z,/root/work/抗菌肽/数据库/batch/4-team/reports/true_rework_queue_queue_next500_1800_lane1_latest.json
doi__10.1038_s41557-019-0323-9,queue_next500_1800,1,accepted_after_rework,accepted_after_rework,accepted,strict_gates_passed,,,,,1,0,False,,,2026-05-03T23:22:13Z,/root/work/抗菌肽/数据库/batch/4-team/reports/true_rework_queue_queue_next500_1800_lane1_latest.json
doi__10.1038_s41557-025-01979-6,queue_next500_1800,1,blocked_after_best_effort,blocked_watchdog_timeout_retryable,blocked_process_timeout,codex_worker_timeout,,,,,1,0,False,obtainable_only_source_gap_documented,codex_worker_timeout,2026-05-03T23:22:13Z,/root/work/抗菌肽/数据库/batch/4-team/reports/true_rework_queue_queue_next500_1800_lane1_latest.json
doi__10.1038_s41586-019-1791-1,queue_next500_1800,1,accepted_after_rework,accepted_after_rework,accepted,strict_gates_passed,,,,,1,0,False,,codex_worker_timeout,2026-05-03T23:22:13Z,/root/work/抗菌肽/数据库/batch/4-team/reports/true_rework_queue_queue_next500_1800_lane1_latest.json
doi__10.1038_s41586-025-08615-w,queue_next500_1800,1,blocked_after_best_effort,blocked_watchdog_timeout_retryable,blocked_process_timeout,codex_worker_timeout,,,,,1,0,False,obtainable_only_source_gap_documented;primary_sequence_table_not_locally_recoverable;supplementary_tables_1_9_zip_not_staged_locally,codex_worker_timeout,2026-05-03T23:22:13Z,/root/work/抗菌肽/数据库/batch/4-team/reports/true_rework_queue_queue_next500_1800_lane1_latest.json
doi__10.1038_s41598-017-01267-5,queue_next500_1800,1,blocked_after_best_effort,blocked_figure_chart_value_gap,blocked_source_gap,figure_or_chart_exact_value_unrecoverable,,,,,1,0,False,dramp18062_literature_link_without_sequence_snapshot;no_primary_amp_mic_mbc_toxicity_rows;obtainable_only_source_gap_documented;publication_grade_blocked_by_unrecoverable_amp_record_support,,2026-05-03T23:22:13Z,/root/work/抗菌肽/数据库/batch/4-team/reports/true_rework_queue_queue_next500_1800_lane1_latest.json
doi__10.1038_s41598-017-01474-0,queue_next500_1800,1,accepted_after_rework,accepted_after_rework,accepted,strict_gates_passed,,,,,1,0,False,supplementary_assets_are_article_landing_html_only,,2026-05-03T23:22:13Z,/root/work/抗菌肽/数据库/batch/4-team/reports/true_rework_queue_queue_next500_1800_lane1_latest.json
doi__10.1038_s41598-017-01698-0,queue_next500_1800,1,accepted_after_rework,accepted_after_rework,accepted,strict_gates_passed,,,,,1,0,False,,,2026-05-03T23:22:13Z,/root/work/抗菌肽/数据库/batch/4-team/reports/true_rework_queue_queue_next500_1800_lane1_latest.json
doi__10.1038_s41598-017-02373-0,queue_next500_1800,1,accepted_after_rework,accepted_after_rework,accepted,strict_gates_passed,,,,,1,0,False,,codex_worker_timeout,2026-05-03T23:22:13Z,/root/work/抗菌肽/数据库/batch/4-team/reports/true_rework_queue_queue_next500_1800_lane1_latest.json
doi__10.1038_s41598-017-03576-1,queue_next500_1800,1,blocked_after_best_effort,blocked_watchdog_timeout_retryable,blocked_process_timeout,codex_worker_timeout,,,,,1,0,False,codex_worker_timeout,codex_worker_timeout,2026-05-03T23:22:13Z,/root/work/抗菌肽/数据库/batch/4-team/reports/true_rework_queue_queue_next500_1800_lane1_latest.json
doi__10.1038_s41598-017-03664-2,queue_next500_1800,1,accepted_after_rework,accepted_after_rework,accepted,strict_gates_passed,,,,,1,0,False,,codex_worker_timeout,2026-05-03T23:22:13Z,/root/work/抗菌肽/数据库/batch/4-team/reports/true_rework_queue_queue_next500_1800_lane1_latest.json
doi__10.1038_s41598-017-04274-8,queue_next500_1800,1,accepted_after_rework,accepted_after_rework,accepted,strict_gates_passed,,,,,1,0,False,,,2026-05-03T23:22:13Z,/root/work/抗菌肽/数据库/batch/4-team/reports/true_rework_queue_queue_next500_1800_lane1_latest.json
doi__10.1038_s41598-017-04777-4,queue_next500_1800,1,accepted_after_rework,accepted_after_rework,accepted,strict_gates_passed,,,,,1,3,False,,codex_worker_timeout,2026-05-03T23:22:13Z,/root/work/抗菌肽/数据库/batch/4-team/reports/true_rework_queue_queue_next500_1800_lane1_latest.json
doi__10.1038_s41598-017-07331-4,queue_next500_1800,1,accepted_after_rework,accepted_after_rework,accepted,strict_gates_passed,,,,,1,0,False,supplementary_pdf_not_locally_recovered,,2026-05-03T23:22:13Z,/root/work/抗菌肽/数据库/batch/4-team/reports/true_rework_queue_queue_next500_1800_lane1_latest.json
doi__10.1038_s41598-017-07440-0,queue_next500_1800,1,accepted_after_rework,accepted_after_rework,accepted,strict_gates_passed,,,,,1,0,False,supplementary_pdf_not_local_structured,,2026-05-03T23:22:13Z,/root/work/抗菌肽/数据库/batch/4-team/reports/true_rework_queue_queue_next500_1800_lane1_latest.json
doi__10.1038_s41598-017-08963-2,queue_next500_1800,1,accepted_after_rework,accepted_after_rework,accepted,strict_gates_passed,,,,,1,0,False,,,2026-05-03T23:22:13Z,/root/work/抗菌肽/数据库/batch/4-team/reports/true_rework_queue_queue_next500_1800_lane1_latest.json
doi__10.1038_s41598-017-10492-x,queue_next500_1800,1,accepted_after_rework,accepted_after_rework,accepted,strict_gates_passed,,,,,1,0,False,,,2026-05-03T23:22:13Z,/root/work/抗菌肽/数据库/batch/4-team/reports/true_rework_queue_queue_next500_1800_lane1_latest.json
doi__10.1038_s41598-017-10839-4,queue_next500_1800,1,accepted_after_rework,accepted_after_rework,accepted,strict_gates_passed,,,,,1,0,False,supplementary_payloads_not_locally_recovered,codex_worker_timeout,2026-05-03T23:22:13Z,/root/work/抗菌肽/数据库/batch/4-team/reports/true_rework_queue_queue_next500_1800_lane1_latest.json
doi__10.1038_s41598-017-11396-6,queue_next500_1800,1,blocked_after_best_effort,blocked_figure_chart_value_gap,blocked_source_gap,figure_or_chart_exact_value_unrecoverable,,,,,1,0,False,obtainable_only_source_gap_documented;supplementary_pdf_not_local_exact_toxicity_tables_unavailable,,2026-05-03T23:22:13Z,/root/work/抗菌肽/数据库/batch/4-team/reports/true_rework_queue_queue_next500_1800_lane1_latest.json
doi__10.1038_s41598-017-11832-7,queue_next500_1800,1,accepted_after_rework,accepted_after_rework,accepted,strict_gates_passed,,,,,1,0,False,exact_p1_p2_hemolysis_values_not_text_supported;supplementary_assets_are_article_html_no_tables,codex_worker_timeout,2026-05-03T23:22:13Z,/root/work/抗菌肽/数据库/batch/4-team/reports/true_rework_queue_queue_next500_1800_lane1_latest.json
doi__10.1038_s41598-017-13685-6,queue_next500_1800,1,blocked_after_best_effort,blocked_watchdog_timeout_retryable,blocked_process_timeout,codex_worker_timeout,,,,,1,0,False,codex_worker_timeout,codex_worker_timeout,2026-05-03T23:22:13Z,/root/work/抗菌肽/数据库/batch/4-team/reports/true_rework_queue_queue_next500_1800_lane1_latest.json
doi__10.1038_s41598-017-15436-z,queue_next500_1800,1,blocked_after_best_effort,blocked_figure_chart_value_gap,blocked_source_gap,figure_or_chart_exact_value_unrecoverable,,,,,1,0,False,exact_peptide_sequence_not_in_primary_or_linked_sequence_snapshot;obtainable_only_source_gap_documented;supplementary_dataset_1_doc_not_locally_recoverable,,2026-05-03T23:22:13Z,/root/work/抗菌肽/数据库/batch/4-team/reports/true_rework_queue_queue_next500_1800_lane1_latest.json
doi__10.1038_s41598-017-16784-6,queue_next500_1800,1,blocked_after_best_effort,blocked_missing_external_supplement,blocked_source_gap,missing_external_supplement,,,,,1,0,False,local_moesm1_supplement_pdf_absent;obtainable_only_source_gap_documented,,2026-05-03T23:22:13Z,/root/work/抗菌肽/数据库/batch/4-team/reports/true_rework_queue_queue_next500_1800_lane1_latest.json
doi__10.1038_s41598-018-19434-7,queue_next500_1800,1,accepted_after_rework,accepted_after_rework,accepted,strict_gates_passed,,,,,1,0,False,figure_only_analogue_toxicity_exact_values_not_tabulated;landing_bin_supplements_are_duplicate_html_no_tables,,2026-05-03T23:22:13Z,/root/work/抗菌肽/数据库/batch/4-team/reports/true_rework_queue_queue_next500_1800_lane1_latest.json
doi__10.1038_s41598-018-19669-4,queue_next500_1800,1,accepted_after_rework,accepted_after_rework,accepted,strict_gates_passed,,,,,1,0,False,exact_figure_panel_activity_values_not_text_recoverable,,2026-05-03T23:22:13Z,/root/work/抗菌肽/数据库/batch/4-team/reports/true_rework_queue_queue_next500_1800_lane1_latest.json
doi__10.1038_s41598-018-20002-2,queue_next500_1800,1,accepted_after_rework,accepted_after_rework,accepted,strict_gates_passed,,,,,1,0,False,linked_sequence_records_absent_in_packet;supplementary_information_pdf_not_local,,2026-05-03T23:22:13Z,/root/work/抗菌肽/数据库/batch/4-team/reports/true_rework_queue_queue_next500_1800_lane1_latest.json
doi__10.1038_s41598-018-20912-1,queue_next500_1800,1,accepted_after_rework,accepted_after_rework,accepted,strict_gates_passed,,,,,1,0,False,,,2026-05-03T23:22:13Z,/root/work/抗菌肽/数据库/batch/4-team/reports/true_rework_queue_queue_next500_1800_lane1_latest.json
doi__10.1038_s41598-018-27225-3,queue_next500_1800,1,accepted_after_rework,accepted_after_rework,accepted,strict_gates_passed,,,,,1,0,False,supplementary_table_s1_not_locally_recoverable,,2026-05-03T23:22:13Z,/root/work/抗菌肽/数据库/batch/4-team/reports/true_rework_queue_queue_next500_1800_lane1_latest.json
doi__10.1038_s41598-018-27231-5,queue_next500_1800,1,accepted_after_rework,accepted_after_rework,accepted,strict_gates_passed,,,,,1,0,False,figure_only_exact_plot_values_not_digitized;local_supplementary_esm_pdf_not_present,,2026-05-03T23:22:13Z,/root/work/抗菌肽/数据库/batch/4-team/reports/true_rework_queue_queue_next500_1800_lane1_latest.json
doi__10.1038_s41598-018-27417-x,queue_next500_1800,1,accepted_after_rework,accepted_after_rework,accepted,strict_gates_passed,,,,,1,0,False,local_supplement_doc_not_recovered_nonblocking,,2026-05-03T23:22:13Z,/root/work/抗菌肽/数据库/batch/4-team/reports/true_rework_queue_queue_next500_1800_lane1_latest.json
doi__10.1038_s41598-018-29444-0,queue_next500_1800,1,accepted_after_rework,accepted_after_rework,accepted,strict_gates_passed,,,,,1,0,False,,,2026-05-03T23:22:13Z,/root/work/抗菌肽/数据库/batch/4-team/reports/true_rework_queue_queue_next500_1800_lane1_latest.json
doi__10.1038_s41598-018-29566-5,queue_next500_1800,2,accepted_after_rework,accepted_after_rework,accepted,strict_gates_passed,,,,,1,0,False,,,2026-05-03T22:00:56Z,/root/work/抗菌肽/数据库/batch/4-team/reports/true_rework_queue_queue_next500_1800_lane2_latest.json
doi__10.1038_s41598-018-29826-4,queue_next500_1800,2,accepted_after_rework,accepted_after_rework,accepted,strict_gates_passed,,,,,1,0,False,,,2026-05-03T22:00:56Z,/root/work/抗菌肽/数据库/batch/4-team/reports/true_rework_queue_queue_next500_1800_lane2_latest.json
doi__10.1038_s41598-018-32947-5,queue_next500_1800,2,accepted_after_rework,accepted_after_rework,accepted,strict_gates_passed,,,,,1,0,False,,codex_worker_timeout,2026-05-03T22:00:56Z,/root/work/抗菌肽/数据库/batch/4-team/reports/true_rework_queue_queue_next500_1800_lane2_latest.json
doi__10.1038_s41598-018-32981-3,queue_next500_1800,2,accepted_after_rework,accepted_after_rework,accepted,strict_gates_passed,,,,,1,0,False,,,2026-05-03T22:00:56Z,/root/work/抗菌肽/数据库/batch/4-team/reports/true_rework_queue_queue_next500_1800_lane2_latest.json
doi__10.1038_s41598-018-33133-3,queue_next500_1800,2,accepted_after_rework,accepted_after_rework,accepted,strict_gates_passed,,,,,1,0,False,,,2026-05-03T22:00:56Z,/root/work/抗菌肽/数据库/batch/4-team/reports/true_rework_queue_queue_next500_1800_lane2_latest.json
doi__10.1038_s41598-018-33289-y,queue_next500_1800,2,accepted_after_rework,accepted_after_rework,accepted,strict_gates_passed,,,,,1,0,False,local_supplementary_pdf_zip_not_present_nonblocking,,2026-05-03T22:00:56Z,/root/work/抗菌肽/数据库/batch/4-team/reports/true_rework_queue_queue_next500_1800_lane2_latest.json
doi__10.1038_s41598-018-34087-2,queue_next500_1800,2,accepted_after_rework,accepted_after_rework,accepted,strict_gates_passed,,,,,1,0,False,,,2026-05-03T22:00:56Z,/root/work/抗菌肽/数据库/batch/4-team/reports/true_rework_queue_queue_next500_1800_lane2_latest.json
doi__10.1038_s41598-018-34467-8,queue_next500_1800,2,accepted_after_rework,accepted_after_rework,accepted,strict_gates_passed,,,,,1,0,False,,,2026-05-03T22:00:56Z,/root/work/抗菌肽/数据库/batch/4-team/reports/true_rework_queue_queue_next500_1800_lane2_latest.json
doi__10.1038_s41598-018-34684-1,queue_next500_1800,2,accepted_after_rework,accepted_after_rework,accepted,strict_gates_passed,,,,,1,0,False,,,2026-05-03T22:00:56Z,/root/work/抗菌肽/数据库/batch/4-team/reports/true_rework_queue_queue_next500_1800_lane2_latest.json
doi__10.1038_s41598-018-35530-0,queue_next500_1800,2,blocked_after_best_effort,blocked_missing_external_supplement,blocked_source_gap,missing_external_supplement,,,,,1,0,False,obtainable_only_source_gap_documented;supplement_doc_declared_but_not_local,,2026-05-03T22:00:56Z,/root/work/抗菌肽/数据库/batch/4-team/reports/true_rework_queue_queue_next500_1800_lane2_latest.json
doi__10.1038_s41598-018-37630-3,queue_next500_1800,2,accepted_after_rework,accepted_after_rework,accepted,strict_gates_passed,,,,,1,0,False,,codex_worker_timeout,2026-05-03T22:00:56Z,/root/work/抗菌肽/数据库/batch/4-team/reports/true_rework_queue_queue_next500_1800_lane2_latest.json
doi__10.1038_s41598-018-38442-1,queue_next500_1800,2,accepted_after_rework,accepted_after_rework,accepted,strict_gates_passed,,,,,1,0,False,,,2026-05-03T22:00:56Z,/root/work/抗菌肽/数据库/batch/4-team/reports/true_rework_queue_queue_next500_1800_lane2_latest.json
doi__10.1038_s41598-019-39042-3,queue_next500_1800,2,accepted_after_rework,accepted_after_rework,accepted,strict_gates_passed,,,,,1,0,False,supplementary_table_s1_s7_exact_rows_not_locally_available,,2026-05-03T22:00:56Z,/root/work/抗菌肽/数据库/batch/4-team/reports/true_rework_queue_queue_next500_1800_lane2_latest.json
doi__10.1038_s41598-019-39219-w,queue_next500_1800,2,blocked_after_best_effort,blocked_figure_chart_value_gap,blocked_source_gap,figure_or_chart_exact_value_unrecoverable,,,,,1,0,False,obtainable_only_source_gap_documented;supplementary_tables_15_16_not_locally_recoverable,,2026-05-03T22:00:56Z,/root/work/抗菌肽/数据库/batch/4-team/reports/true_rework_queue_queue_next500_1800_lane2_latest.json
doi__10.1038_s41598-019-40577-8,queue_next500_1800,2,blocked_after_best_effort,blocked_missing_external_supplement,blocked_source_gap,missing_external_supplement,,,,,1,0,False,external_supplement_docx_not_in_local_packet;obtainable_only_source_gap_documented,,2026-05-03T22:00:56Z,/root/work/抗菌肽/数据库/batch/4-team/reports/true_rework_queue_queue_next500_1800_lane2_latest.json
doi__10.1038_s41598-019-41005-7,queue_next500_1800,2,accepted_after_rework,accepted_after_rework,accepted,strict_gates_passed,,,,,1,0,False,,,2026-05-03T22:00:56Z,/root/work/抗菌肽/数据库/batch/4-team/reports/true_rework_queue_queue_next500_1800_lane2_latest.json
doi__10.1038_s41598-019-42440-2,queue_next500_1800,2,accepted_after_rework,accepted_after_rework,accepted,strict_gates_passed,,,,,1,0,False,,,2026-05-03T22:00:56Z,/root/work/抗菌肽/数据库/batch/4-team/reports/true_rework_queue_queue_next500_1800_lane2_latest.json
doi__10.1038_s41598-019-44256-6,queue_next500_1800,2,accepted_after_rework,accepted_after_rework,accepted,strict_gates_passed,,,,,1,0,False,figure_only_full_dose_series_not_digitized,,2026-05-03T22:00:56Z,/root/work/抗菌肽/数据库/batch/4-team/reports/true_rework_queue_queue_next500_1800_lane2_latest.json
doi__10.1038_s41598-019-47108-5,queue_next500_1800,2,accepted_after_rework,accepted_after_rework,accepted,strict_gates_passed,,,,,1,0,False,,,2026-05-03T22:00:56Z,/root/work/抗菌肽/数据库/batch/4-team/reports/true_rework_queue_queue_next500_1800_lane2_latest.json
doi__10.1038_s41598-019-47327-w,queue_next500_1800,2,accepted_after_rework,accepted_after_rework,accepted,strict_gates_passed,,,,,1,0,False,,,2026-05-03T22:00:56Z,/root/work/抗菌肽/数据库/batch/4-team/reports/true_rework_queue_queue_next500_1800_lane2_latest.json
doi__10.1038_s41598-019-47568-9,queue_next500_1800,2,accepted_after_rework,accepted_after_rework,accepted,strict_gates_passed,,,,,1,0,False,,codex_worker_timeout,2026-05-03T22:00:56Z,/root/work/抗菌肽/数据库/batch/4-team/reports/true_rework_queue_queue_next500_1800_lane2_latest.json
doi__10.1038_s41598-019-47955-2,queue_next500_1800,2,accepted_after_rework,accepted_after_rework,accepted,strict_gates_passed,,,,,1,0,False,,codex_worker_timeout,2026-05-03T22:00:56Z,/root/work/抗菌肽/数据库/batch/4-team/reports/true_rework_queue_queue_next500_1800_lane2_latest.json
doi__10.1038_s41598-019-50061-y,queue_next500_1800,2,accepted_after_rework,accepted_after_rework,accepted,strict_gates_passed,,,,,1,0,False,,,2026-05-03T22:00:56Z,/root/work/抗菌肽/数据库/batch/4-team/reports/true_rework_queue_queue_next500_1800_lane2_latest.json
doi__10.1038_s41598-019-54716-8,queue_next500_1800,2,blocked_after_best_effort,blocked_figure_chart_value_gap,blocked_source_gap,figure_or_chart_exact_value_unrecoverable,,,,,1,0,False,hemolysis_exact_percent_values_figure_only;obtainable_only_source_gap_documented;supplementary_payload_landing_pages_only,,2026-05-03T22:00:56Z,/root/work/抗菌肽/数据库/batch/4-team/reports/true_rework_queue_queue_next500_1800_lane2_latest.json
doi__10.1038_s41598-020-58014-6,queue_next500_1800,2,accepted_after_rework,accepted_after_rework,accepted,strict_gates_passed,,,,,1,0,False,,,2026-05-03T22:00:56Z,/root/work/抗菌肽/数据库/batch/4-team/reports/true_rework_queue_queue_next500_1800_lane2_latest.json
doi__10.1038_s41598-020-59665-1,queue_next500_1800,2,accepted_after_rework,accepted_after_rework,accepted,strict_gates_passed,,,,,1,0,False,,codex_worker_timeout,2026-05-03T22:00:56Z,/root/work/抗菌肽/数据库/batch/4-team/reports/true_rework_queue_queue_next500_1800_lane2_latest.json
doi__10.1038_s41598-020-60570-w,queue_next500_1800,2,blocked_after_best_effort,blocked_missing_external_supplement,blocked_source_gap,missing_external_supplement,,,,,1,0,False,obtainable_only_source_gap_documented;supplementary_fig_s7_exact_toxicity_values_not_local;supplementary_table_s1_pdf_not_local,,2026-05-03T22:00:56Z,/root/work/抗菌肽/数据库/batch/4-team/reports/true_rework_queue_queue_next500_1800_lane2_latest.json
doi__10.1038_s41598-020-60623-0,queue_next500_1800,2,accepted_after_rework,accepted_after_rework,accepted,strict_gates_passed,,,,,1,0,False,,,2026-05-03T22:00:56Z,/root/work/抗菌肽/数据库/batch/4-team/reports/true_rework_queue_queue_next500_1800_lane2_latest.json
doi__10.1038_s41598-020-60829-2,queue_next500_1800,2,blocked_after_best_effort,blocked_missing_external_supplement,blocked_source_gap,missing_external_supplement,,,,,1,0,False,obtainable_only_source_gap_documented;supplementary_docx_mp4_not_local_material,,2026-05-03T22:00:56Z,/root/work/抗菌肽/数据库/batch/4-team/reports/true_rework_queue_queue_next500_1800_lane2_latest.json
doi__10.1038_s41598-020-62746-w,queue_next500_1800,2,blocked_after_best_effort,blocked_watchdog_timeout_retryable,blocked_process_timeout,codex_worker_timeout,,,,,1,0,False,codex_worker_timeout,codex_worker_timeout,2026-05-03T22:00:56Z,/root/work/抗菌肽/数据库/batch/4-team/reports/true_rework_queue_queue_next500_1800_lane2_latest.json
doi__10.1038_s41598-020-65688-5,queue_next500_1800,2,accepted_after_rework,accepted_after_rework,accepted,strict_gates_passed,,,,,1,0,False,figure_only_high_percent_hemolysis_database_rows;time_kill_exact_mbc_concentration_not_tabulated,,2026-05-03T22:00:56Z,/root/work/抗菌肽/数据库/batch/4-team/reports/true_rework_queue_queue_next500_1800_lane2_latest.json
doi__10.1038_s41598-020-66164-w,queue_next500_1800,2,blocked_after_best_effort,blocked_missing_external_supplement,blocked_source_gap,missing_external_supplement,,,,,1,0,False,obtainable_only_source_gap_documented;supplementary_docx_not_present_in_local_materials,,2026-05-03T22:00:56Z,/root/work/抗菌肽/数据库/batch/4-team/reports/true_rework_queue_queue_next500_1800_lane2_latest.json
doi__10.1038_s41598-020-67041-2,queue_next500_1800,2,blocked_after_best_effort,blocked_watchdog_timeout_retryable,blocked_process_timeout,codex_worker_timeout,,,,,1,0,False,obtainable_only_source_gap_documented,codex_worker_timeout,2026-05-03T22:00:56Z,/root/work/抗菌肽/数据库/batch/4-team/reports/true_rework_queue_queue_next500_1800_lane2_latest.json
doi__10.1038_s41598-020-69162-0,queue_next500_1800,2,blocked_after_best_effort,blocked_watchdog_timeout_retryable,blocked_process_timeout,codex_worker_timeout,,,,,1,2,False,obtainable_only_source_gap_documented,codex_worker_timeout,2026-05-03T22:00:56Z,/root/work/抗菌肽/数据库/batch/4-team/reports/true_rework_queue_queue_next500_1800_lane2_latest.json
doi__10.1038_s41598-020-69485-y,queue_next500_1800,2,accepted_after_rework,accepted_after_rework,accepted,strict_gates_passed,,,,,1,0,False,,,2026-05-03T22:00:56Z,/root/work/抗菌肽/数据库/batch/4-team/reports/true_rework_queue_queue_next500_1800_lane2_latest.json
doi__10.1038_s41598-020-69995-9,queue_next500_1800,2,accepted_after_rework,accepted_after_rework,accepted,strict_gates_passed,,,,,1,0,False,,,2026-05-03T22:00:56Z,/root/work/抗菌肽/数据库/batch/4-team/reports/true_rework_queue_queue_next500_1800_lane2_latest.json
doi__10.1038_s41598-020-70314-5,queue_next500_1800,2,accepted_after_rework,accepted_after_rework,accepted,strict_gates_passed,,,,,1,0,False,,,2026-05-03T22:00:56Z,/root/work/抗菌肽/数据库/batch/4-team/reports/true_rework_queue_queue_next500_1800_lane2_latest.json
doi__10.1038_s41598-020-70328-z,queue_next500_1800,2,accepted_after_rework,accepted_after_rework,accepted,strict_gates_passed,,,,,1,0,False,exact_figure_zone_diameters_and_plot_coordinates_not_text_tabulated;no_true_supplementary_dataset_in_local_materials,,2026-05-03T22:00:56Z,/root/work/抗菌肽/数据库/batch/4-team/reports/true_rework_queue_queue_next500_1800_lane2_latest.json
doi__10.1038_s41598-020-71771-8,queue_next500_1800,2,accepted_after_rework,accepted_after_rework,accepted,strict_gates_passed,,,,,1,0,False,,,2026-05-03T22:00:56Z,/root/work/抗菌肽/数据库/batch/4-team/reports/true_rework_queue_queue_next500_1800_lane2_latest.json
doi__10.1038_s41598-020-80596-4,queue_next500_1800,2,accepted_after_rework,accepted_after_rework,accepted,strict_gates_passed,,,,,1,0,False,,,2026-05-03T22:00:56Z,/root/work/抗菌肽/数据库/batch/4-team/reports/true_rework_queue_queue_next500_1800_lane2_latest.json
doi__10.1038_s41598-021-02007-6,queue_next500_1800,2,accepted_after_rework,accepted_after_rework,accepted,strict_gates_passed,,,,,1,0,False,,,2026-05-03T22:00:56Z,/root/work/抗菌肽/数据库/batch/4-team/reports/true_rework_queue_queue_next500_1800_lane2_latest.json
doi__10.1038_s41598-021-81394-2,queue_next500_1800,2,blocked_after_best_effort,blocked_figure_chart_value_gap,blocked_source_gap,figure_or_chart_exact_value_unrecoverable,,,,,1,0,False,obtainable_only_source_gap_documented;supplementary_docx_absent_local,,2026-05-03T22:00:56Z,/root/work/抗菌肽/数据库/batch/4-team/reports/true_rework_queue_queue_next500_1800_lane2_latest.json
doi__10.1038_s41598-021-81734-2,queue_next500_1800,2,accepted_after_rework,accepted_after_rework,accepted,strict_gates_passed,,,,,1,0,False,,,2026-05-03T22:00:56Z,/root/work/抗菌肽/数据库/batch/4-team/reports/true_rework_queue_queue_next500_1800_lane2_latest.json
doi__10.1038_s41598-021-89485-w,queue_next500_1800,2,accepted_after_rework,accepted_after_rework,accepted,strict_gates_passed,,,,,1,0,False,landing_bin_supplement_assets_are_html_not_extra_data_tables;no_host_toxicity_or_hemolysis_assay_in_local_material,,2026-05-03T22:00:56Z,/root/work/抗菌肽/数据库/batch/4-team/reports/true_rework_queue_queue_next500_1800_lane2_latest.json
doi__10.1038_s41598-021-90613-9,queue_next500_1800,2,accepted_after_rework,accepted_after_rework,accepted,strict_gates_passed,,,,,1,0,False,,,2026-05-03T22:00:56Z,/root/work/抗菌肽/数据库/batch/4-team/reports/true_rework_queue_queue_next500_1800_lane2_latest.json
doi__10.1038_s41598-021-91670-w,queue_next500_1800,2,accepted_after_rework,accepted_after_rework,accepted,strict_gates_passed,,,,,1,0,False,supplementary_figures_exact_values_not_locally_recoverable,,2026-05-03T22:00:56Z,/root/work/抗菌肽/数据库/batch/4-team/reports/true_rework_queue_queue_next500_1800_lane2_latest.json
doi__10.1038_s41598-021-91765-4,queue_next500_1800,2,blocked_after_best_effort,blocked_watchdog_timeout_retryable,blocked_process_timeout,codex_worker_timeout,,,,,1,0,False,codex_worker_timeout,codex_worker_timeout,2026-05-03T22:00:56Z,/root/work/抗菌肽/数据库/batch/4-team/reports/true_rework_queue_queue_next500_1800_lane2_latest.json
doi__10.1038_s41598-021-97581-0,queue_next500_1800,2,accepted_after_rework,accepted_after_rework,accepted,strict_gates_passed,,,,,1,0,False,,,2026-05-03T22:00:56Z,/root/work/抗菌肽/数据库/batch/4-team/reports/true_rework_queue_queue_next500_1800_lane2_latest.json
doi__10.1038_s41598-021-97821-3,queue_next500_1800,2,accepted_after_rework,accepted_after_rework,accepted,strict_gates_passed,,,,,1,0,False,,,2026-05-03T22:00:56Z,/root/work/抗菌肽/数据库/batch/4-team/reports/true_rework_queue_queue_next500_1800_lane2_latest.json
doi__10.1038_s41598-022-08247-4,queue_next500_1800,2,accepted_after_rework,accepted_after_rework,accepted,strict_gates_passed,,,,,1,0,False,,,2026-05-03T22:00:56Z,/root/work/抗菌肽/数据库/batch/4-team/reports/true_rework_queue_queue_next500_1800_lane2_latest.json
doi__10.1038_s41598-022-15977-y,queue_next500_1800,3,accepted_after_rework,accepted_after_rework,accepted,strict_gates_passed,,,,,1,0,False,,,2026-05-03T22:54:10Z,/root/work/抗菌肽/数据库/batch/4-team/reports/true_rework_queue_queue_next500_1800_lane3_latest.json
doi__10.1038_s41598-022-16303-2,queue_next500_1800,3,accepted_after_rework,accepted_after_rework,accepted,strict_gates_passed,,,,,1,0,False,,,2026-05-03T22:54:10Z,/root/work/抗菌肽/数据库/batch/4-team/reports/true_rework_queue_queue_next500_1800_lane3_latest.json
doi__10.1038_s41598-022-19450-8,queue_next500_1800,3,accepted_after_rework,accepted_after_rework,accepted,strict_gates_passed,,,,,1,0,False,,,2026-05-03T22:54:10Z,/root/work/抗菌肽/数据库/batch/4-team/reports/true_rework_queue_queue_next500_1800_lane3_latest.json
doi__10.1038_s41598-022-20236-1,queue_next500_1800,3,blocked_after_best_effort,blocked_figure_chart_value_gap,blocked_source_gap,figure_or_chart_exact_value_unrecoverable,,,,,1,0,False,figure_only_exact_dap19_l929_cytotoxicity_percentages;obtainable_only_source_gap_documented,,2026-05-03T22:54:10Z,/root/work/抗菌肽/数据库/batch/4-team/reports/true_rework_queue_queue_next500_1800_lane3_latest.json
doi__10.1038_s41598-022-20427-w,queue_next500_1800,3,accepted_after_rework,accepted_after_rework,accepted,strict_gates_passed,,,,,1,0,False,,,2026-05-03T22:54:10Z,/root/work/抗菌肽/数据库/batch/4-team/reports/true_rework_queue_queue_next500_1800_lane3_latest.json
doi__10.1038_s41598-022-23613-y,queue_next500_1800,3,accepted_after_rework,accepted_after_rework,accepted,strict_gates_passed,,,,,1,0,False,supplementary_docx_not_locally_recovered,,2026-05-03T22:54:10Z,/root/work/抗菌肽/数据库/batch/4-team/reports/true_rework_queue_queue_next500_1800_lane3_latest.json
doi__10.1038_s41598-023-28386-6,queue_next500_1800,3,blocked_after_best_effort,blocked_watchdog_timeout_retryable,blocked_process_timeout,codex_worker_timeout,,,,,1,0,False,codex_worker_timeout,codex_worker_timeout,2026-05-03T22:54:10Z,/root/work/抗菌肽/数据库/batch/4-team/reports/true_rework_queue_queue_next500_1800_lane3_latest.json
doi__10.1038_s41598-023-28502-6,queue_next500_1800,3,accepted_after_rework,accepted_after_rework,accepted,strict_gates_passed,,,,,1,0,False,,,2026-05-03T22:54:10Z,/root/work/抗菌肽/数据库/batch/4-team/reports/true_rework_queue_queue_next500_1800_lane3_latest.json
doi__10.1038_s41598-023-30427-z,queue_next500_1800,3,blocked_after_best_effort,blocked_watchdog_timeout_retryable,blocked_process_timeout,codex_worker_timeout,,,,,1,0,False,codex_worker_timeout,codex_worker_timeout,2026-05-03T22:54:10Z,/root/work/抗菌肽/数据库/batch/4-team/reports/true_rework_queue_queue_next500_1800_lane3_latest.json
doi__10.1038_s41598-023-31185-8,queue_next500_1800,3,accepted_after_rework,accepted_after_rework,accepted,strict_gates_passed,,,,,1,0,False,,codex_worker_timeout,2026-05-03T22:54:10Z,/root/work/抗菌肽/数据库/batch/4-team/reports/true_rework_queue_queue_next500_1800_lane3_latest.json
doi__10.1038_s41598-023-39785-0,queue_next500_1800,3,accepted_after_rework,accepted_after_rework,accepted,strict_gates_passed,,,,,1,0,False,,,2026-05-03T22:54:10Z,/root/work/抗菌肽/数据库/batch/4-team/reports/true_rework_queue_queue_next500_1800_lane3_latest.json
doi__10.1038_s41598-023-41581-9,queue_next500_1800,3,accepted_after_rework,accepted_after_rework,accepted,strict_gates_passed,,,,,1,0,False,,,2026-05-03T22:54:10Z,/root/work/抗菌肽/数据库/batch/4-team/reports/true_rework_queue_queue_next500_1800_lane3_latest.json
doi__10.1038_s41598-023-41945-1,queue_next500_1800,3,accepted_after_rework,accepted_after_rework,accepted,strict_gates_passed,,,,,1,0,False,,codex_worker_timeout,2026-05-03T22:54:10Z,/root/work/抗菌肽/数据库/batch/4-team/reports/true_rework_queue_queue_next500_1800_lane3_latest.json
doi__10.1038_s41598-023-43274-9,queue_next500_1800,3,blocked_after_best_effort,blocked_figure_chart_value_gap,blocked_source_gap,figure_or_chart_exact_value_unrecoverable,,,,,1,0,False,obtainable_only_source_gap_documented;supplementary_tables_s1_s3_and_exact_figure_toxicity_values_not_recovered,,2026-05-03T22:54:10Z,/root/work/抗菌肽/数据库/batch/4-team/reports/true_rework_queue_queue_next500_1800_lane3_latest.json
doi__10.1038_s41598-023-45875-w,queue_next500_1800,3,accepted_after_rework,accepted_after_rework,accepted,strict_gates_passed,,,,,1,0,False,,,2026-05-03T22:54:10Z,/root/work/抗菌肽/数据库/batch/4-team/reports/true_rework_queue_queue_next500_1800_lane3_latest.json
doi__10.1038_s41598-024-52721-0,queue_next500_1800,3,accepted_after_rework,accepted_after_rework,accepted,strict_gates_passed,,,,,1,0,False,,,2026-05-03T22:54:10Z,/root/work/抗菌肽/数据库/batch/4-team/reports/true_rework_queue_queue_next500_1800_lane3_latest.json
doi__10.1038_s41598-024-53662-4,queue_next500_1800,3,blocked_after_best_effort,blocked_rework_cap_unresolved,blocked_quality_gate_unresolved,bounded_rework_limit_reached,,,,,1,0,False,obtainable_only_source_gap_documented,,2026-05-03T22:54:10Z,/root/work/抗菌肽/数据库/batch/4-team/reports/true_rework_queue_queue_next500_1800_lane3_latest.json
doi__10.1038_s41598-024-60246-9,queue_next500_1800,3,accepted_after_rework,accepted_after_rework,accepted,strict_gates_passed,,,,,1,0,False,,codex_worker_timeout,2026-05-03T22:54:10Z,/root/work/抗菌肽/数据库/batch/4-team/reports/true_rework_queue_queue_next500_1800_lane3_latest.json
doi__10.1038_s41598-024-63552-4,queue_next500_1800,3,accepted_after_rework,accepted_after_rework,accepted,strict_gates_passed,,,,,1,0,False,exact_figure11_bar_values_not_machine_readable;true_supplementary_pdf_not_local,,2026-05-03T22:54:10Z,/root/work/抗菌肽/数据库/batch/4-team/reports/true_rework_queue_queue_next500_1800_lane3_latest.json
doi__10.1038_s41598-024-67777-1,queue_next500_1800,3,accepted_after_rework,accepted_after_rework,accepted,strict_gates_passed,,,,,1,0,False,,,2026-05-03T22:54:10Z,/root/work/抗菌肽/数据库/batch/4-team/reports/true_rework_queue_queue_next500_1800_lane3_latest.json
doi__10.1038_s41598-024-76553-0,queue_next500_1800,3,accepted_after_rework,accepted_after_rework,accepted,strict_gates_passed,,,,,1,0,False,,,2026-05-03T22:54:10Z,/root/work/抗菌肽/数据库/batch/4-team/reports/true_rework_queue_queue_next500_1800_lane3_latest.json
doi__10.1038_s41598-025-18026-6,queue_next500_1800,3,accepted_after_rework,accepted_after_rework,accepted,strict_gates_passed,,,,,1,0,False,supplementary_zip_payload_not_locally_recovered_nonblocking,,2026-05-03T22:54:10Z,/root/work/抗菌肽/数据库/batch/4-team/reports/true_rework_queue_queue_next500_1800_lane3_latest.json
doi__10.1038_s42003-020-01420-3,queue_next500_1800,3,accepted_after_rework,accepted_after_rework,accepted,strict_gates_passed,,,,,1,0,False,,,2026-05-03T22:54:10Z,/root/work/抗菌肽/数据库/batch/4-team/reports/true_rework_queue_queue_next500_1800_lane3_latest.json
doi__10.1038_s42003-020-01511-1,queue_next500_1800,3,blocked_after_best_effort,blocked_missing_external_supplement,blocked_source_gap,missing_external_supplement,,,,,1,0,False,local_supplement_payloads_not_recovered;obtainable_only_source_gap_documented,,2026-05-03T22:54:10Z,/root/work/抗菌肽/数据库/batch/4-team/reports/true_rework_queue_queue_next500_1800_lane3_latest.json
doi__10.1038_s42003-020-0761-3,queue_next500_1800,3,blocked_after_best_effort,blocked_watchdog_timeout_retryable,blocked_process_timeout,codex_worker_timeout,,,,,1,0,False,codex_worker_timeout,codex_worker_timeout,2026-05-03T22:54:10Z,/root/work/抗菌肽/数据库/batch/4-team/reports/true_rework_queue_queue_next500_1800_lane3_latest.json
doi__10.1038_s42003-021-01736-8,queue_next500_1800,3,accepted_after_rework,accepted_after_rework,accepted,strict_gates_passed,,,,,1,1,False,,,2026-05-03T22:54:10Z,/root/work/抗菌肽/数据库/batch/4-team/reports/true_rework_queue_queue_next500_1800_lane3_latest.json
doi__10.1038_s42003-022-03899-4,queue_next500_1800,3,blocked_after_best_effort,blocked_watchdog_timeout_retryable,blocked_process_timeout,codex_worker_timeout,,,,,1,0,False,codex_worker_timeout,codex_worker_timeout,2026-05-03T22:54:10Z,/root/work/抗菌肽/数据库/batch/4-team/reports/true_rework_queue_queue_next500_1800_lane3_latest.json
doi__10.1038_s42003-022-04164-4,queue_next500_1800,3,blocked_after_best_effort,blocked_missing_external_supplement,blocked_source_gap,missing_external_supplement,,,,,1,0,False,obtainable_only_source_gap_documented;supplementary_information_and_figshare_raw_data_not_local,,2026-05-03T22:54:10Z,/root/work/抗菌肽/数据库/batch/4-team/reports/true_rework_queue_queue_next500_1800_lane3_latest.json
doi__10.1038_s42003-022-04385-7,queue_next500_1800,3,blocked_after_best_effort,infrastructure_codex_worker_retry_exhausted,infrastructure_retry_exhausted,codex_api_or_network_error,,,,,1,5,True,codex_api_or_network_error,codex_api_or_network_error,2026-05-03T22:54:10Z,/root/work/抗菌肽/数据库/batch/4-team/reports/true_rework_queue_queue_next500_1800_lane3_latest.json
doi__10.1038_s42003-023-05560-0,queue_next500_1800,3,accepted_after_rework,accepted_after_rework,accepted,strict_gates_passed,,,,,1,0,False,,codex_worker_timeout,2026-05-03T22:54:10Z,/root/work/抗菌肽/数据库/batch/4-team/reports/true_rework_queue_queue_next500_1800_lane3_latest.json
doi__10.1038_s42003-024-07216-z,queue_next500_1800,3,accepted_after_rework,accepted_after_rework,accepted,strict_gates_passed,,,,,1,0,False,,codex_worker_timeout,2026-05-03T22:54:10Z,/root/work/抗菌肽/数据库/batch/4-team/reports/true_rework_queue_queue_next500_1800_lane3_latest.json
doi__10.1038_s42256-025-01119-2,queue_next500_1800,3,accepted_after_rework,accepted_after_rework,accepted,strict_gates_passed,,,,,1,2,False,supplementary_source_data_files_not_locally_recoverable,,2026-05-03T22:54:10Z,/root/work/抗菌肽/数据库/batch/4-team/reports/true_rework_queue_queue_next500_1800_lane3_latest.json
doi__10.1038_s44259-025-00121-3,queue_next500_1800,3,blocked_after_best_effort,blocked_watchdog_timeout_retryable,blocked_process_timeout,codex_worker_timeout,,,,,1,0,False,dbaasp_rows_not_primary_source_verifiable_without_supplement_or_sequence_records;obtainable_only_source_gap_documented;springer_moesm1_docx_not_present_in_local_material,codex_worker_timeout,2026-05-03T22:54:10Z,/root/work/抗菌肽/数据库/batch/4-team/reports/true_rework_queue_queue_next500_1800_lane3_latest.json
doi__10.1038_s44319-024-00277-5,queue_next500_1800,3,accepted_after_rework,accepted_after_rework,accepted,strict_gates_passed,,,,,1,0,False,,,2026-05-03T22:54:10Z,/root/work/抗菌肽/数据库/batch/4-team/reports/true_rework_queue_queue_next500_1800_lane3_latest.json
doi__10.1038_s44320-025-00120-6,queue_next500_1800,3,accepted_after_rework,accepted_after_rework,accepted,strict_gates_passed,,,,,1,0,False,,,2026-05-03T22:54:10Z,/root/work/抗菌肽/数据库/batch/4-team/reports/true_rework_queue_queue_next500_1800_lane3_latest.json
doi__10.1038_srep04900,queue_next500_1800,3,accepted_after_rework,accepted_after_rework,accepted,strict_gates_passed,,,,,1,0,False,figure_exact_bar_values_not_tabulated,,2026-05-03T22:54:10Z,/root/work/抗菌肽/数据库/batch/4-team/reports/true_rework_queue_queue_next500_1800_lane3_latest.json
doi__10.1038_srep09127,queue_next500_1800,3,accepted_after_rework,accepted_after_rework,accepted,strict_gates_passed,,,,,1,0,False,,,2026-05-03T22:54:10Z,/root/work/抗菌肽/数据库/batch/4-team/reports/true_rework_queue_queue_next500_1800_lane3_latest.json
doi__10.1038_srep09216,queue_next500_1800,3,accepted_after_rework,accepted_after_rework,accepted,strict_gates_passed,,,,,1,0,False,dbaasp_acyl_identity_not_explicit_in_local_database_snapshot;supplementary_table_s1_penicillin_panel_rowspan_ambiguous,,2026-05-03T22:54:10Z,/root/work/抗菌肽/数据库/batch/4-team/reports/true_rework_queue_queue_next500_1800_lane3_latest.json
doi__10.1038_srep09388,queue_next500_1800,3,accepted_after_rework,accepted_after_rework,accepted,strict_gates_passed,,,,,1,0,False,,,2026-05-03T22:54:10Z,/root/work/抗菌肽/数据库/batch/4-team/reports/true_rework_queue_queue_next500_1800_lane3_latest.json
doi__10.1038_srep09657,queue_next500_1800,3,accepted_after_rework,accepted_after_rework,accepted,strict_gates_passed,,,,,1,0,False,,,2026-05-03T22:54:10Z,/root/work/抗菌肽/数据库/batch/4-team/reports/true_rework_queue_queue_next500_1800_lane3_latest.json
doi__10.1038_srep09761,queue_next500_1800,3,accepted_after_rework,accepted_after_rework,accepted,strict_gates_passed,,,,,1,0,False,,codex_worker_timeout,2026-05-03T22:54:10Z,/root/work/抗菌肽/数据库/batch/4-team/reports/true_rework_queue_queue_next500_1800_lane3_latest.json
doi__10.1038_srep10558,queue_next500_1800,3,accepted_after_rework,accepted_after_rework,accepted,strict_gates_passed,,,,,1,0,False,,,2026-05-03T22:54:10Z,/root/work/抗菌肽/数据库/batch/4-team/reports/true_rework_queue_queue_next500_1800_lane3_latest.json
doi__10.1038_srep11082,queue_next500_1800,3,accepted_after_rework,accepted_after_rework,accepted,strict_gates_passed,,,,,1,0,False,,codex_worker_timeout,2026-05-03T22:54:10Z,/root/work/抗菌肽/数据库/batch/4-team/reports/true_rework_queue_queue_next500_1800_lane3_latest.json
doi__10.1038_srep11951,queue_next500_1800,3,accepted_after_rework,accepted_after_rework,accepted,strict_gates_passed,,,,,1,0,False,figure_only_exact_toxicity_bar_values_not_tabulated;landed_html_duplicate_supplement_links_not_primary_tables,,2026-05-03T22:54:10Z,/root/work/抗菌肽/数据库/batch/4-team/reports/true_rework_queue_queue_next500_1800_lane3_latest.json
doi__10.1038_srep12048,queue_next500_1800,3,accepted_after_rework,accepted_after_rework,accepted,strict_gates_passed,,,,,1,0,False,,,2026-05-03T22:54:10Z,/root/work/抗菌肽/数据库/batch/4-team/reports/true_rework_queue_queue_next500_1800_lane3_latest.json
doi__10.1038_srep13412,queue_next500_1800,3,accepted_after_rework,accepted_after_rework,accepted,strict_gates_passed,,,,,1,0,False,,,2026-05-03T22:54:10Z,/root/work/抗菌肽/数据库/batch/4-team/reports/true_rework_queue_queue_next500_1800_lane3_latest.json
doi__10.1038_srep13595,queue_next500_1800,3,accepted_after_rework,accepted_after_rework,accepted,strict_gates_passed,,,,,1,0,False,,,2026-05-03T22:54:10Z,/root/work/抗菌肽/数据库/batch/4-team/reports/true_rework_queue_queue_next500_1800_lane3_latest.json
doi__10.1038_srep14569,queue_next500_1800,3,accepted_after_rework,accepted_after_rework,accepted,strict_gates_passed,,,,,1,0,False,,,2026-05-03T22:54:10Z,/root/work/抗菌肽/数据库/batch/4-team/reports/true_rework_queue_queue_next500_1800_lane3_latest.json
doi__10.1038_srep15963,queue_next500_1800,3,accepted_after_rework,accepted_after_rework,accepted,strict_gates_passed,,,,,1,0,False,,,2026-05-03T22:54:10Z,/root/work/抗菌肽/数据库/batch/4-team/reports/true_rework_queue_queue_next500_1800_lane3_latest.json
doi__10.1038_srep17260,queue_next500_1800,3,accepted_after_rework,accepted_after_rework,accepted,strict_gates_passed,,,,,1,0,False,,,2026-05-03T22:54:10Z,/root/work/抗菌肽/数据库/batch/4-team/reports/true_rework_queue_queue_next500_1800_lane3_latest.json
doi__10.1038_srep18355,queue_next500_1800,4,accepted_after_rework,accepted_after_rework,accepted,strict_gates_passed,,,,,1,0,False,,,2026-05-03T22:19:56Z,/root/work/抗菌肽/数据库/batch/4-team/reports/true_rework_queue_queue_next500_1800_lane4_latest.json
doi__10.1038_srep20823,queue_next500_1800,4,accepted_after_rework,accepted_after_rework,accepted,strict_gates_passed,,,,,1,0,False,,,2026-05-03T22:19:56Z,/root/work/抗菌肽/数据库/batch/4-team/reports/true_rework_queue_queue_next500_1800_lane4_latest.json
doi__10.1038_srep20832,queue_next500_1800,4,accepted_after_rework,accepted_after_rework,accepted,strict_gates_passed,,,,,1,0,False,,,2026-05-03T22:19:56Z,/root/work/抗菌肽/数据库/batch/4-team/reports/true_rework_queue_queue_next500_1800_lane4_latest.json
doi__10.1038_srep21385,queue_next500_1800,4,accepted_after_rework,accepted_after_rework,accepted,strict_gates_passed,,,,,1,0,False,,,2026-05-03T22:19:56Z,/root/work/抗菌肽/数据库/batch/4-team/reports/true_rework_queue_queue_next500_1800_lane4_latest.json
doi__10.1038_srep22008,queue_next500_1800,4,accepted_after_rework,accepted_after_rework,accepted,strict_gates_passed,,,,,1,0,False,,codex_worker_timeout,2026-05-03T22:19:56Z,/root/work/抗菌肽/数据库/batch/4-team/reports/true_rework_queue_queue_next500_1800_lane4_latest.json
doi__10.1038_srep22875,queue_next500_1800,4,accepted_after_rework,accepted_after_rework,accepted,strict_gates_passed,,,,,1,0,False,figure_only_exact_survival_ratios_not_digitized;primary_text_sequence_not_embedded,,2026-05-03T22:19:56Z,/root/work/抗菌肽/数据库/batch/4-team/reports/true_rework_queue_queue_next500_1800_lane4_latest.json
doi__10.1038_srep24000,queue_next500_1800,4,accepted_after_rework,accepted_after_rework,accepted,strict_gates_passed,,,,,1,0,False,,,2026-05-03T22:19:56Z,/root/work/抗菌肽/数据库/batch/4-team/reports/true_rework_queue_queue_next500_1800_lane4_latest.json
doi__10.1038_srep24684,queue_next500_1800,4,accepted_after_rework,accepted_after_rework,accepted,strict_gates_passed,,,,,1,0,False,,,2026-05-03T22:19:56Z,/root/work/抗菌肽/数据库/batch/4-team/reports/true_rework_queue_queue_next500_1800_lane4_latest.json
doi__10.1038_srep26077,queue_next500_1800,4,accepted_after_rework,accepted_after_rework,accepted,strict_gates_passed,,,,,1,0,False,,,2026-05-03T22:19:56Z,/root/work/抗菌肽/数据库/batch/4-team/reports/true_rework_queue_queue_next500_1800_lane4_latest.json
doi__10.1038_srep27258,queue_next500_1800,4,accepted_after_rework,accepted_after_rework,accepted,strict_gates_passed,,,,,1,0,False,,,2026-05-03T22:19:56Z,/root/work/抗菌肽/数据库/batch/4-team/reports/true_rework_queue_queue_next500_1800_lane4_latest.json
doi__10.1038_srep27394,queue_next500_1800,4,accepted_after_rework,accepted_after_rework,accepted,strict_gates_passed,,,,,1,0,False,,,2026-05-03T22:19:56Z,/root/work/抗菌肽/数据库/batch/4-team/reports/true_rework_queue_queue_next500_1800_lane4_latest.json
doi__10.1038_srep29145,queue_next500_1800,4,accepted_after_rework,accepted_after_rework,accepted,strict_gates_passed,,,,,1,0,False,,,2026-05-03T22:19:56Z,/root/work/抗菌肽/数据库/batch/4-team/reports/true_rework_queue_queue_next500_1800_lane4_latest.json
doi__10.1038_srep29707,queue_next500_1800,4,accepted_after_rework,accepted_after_rework,accepted,strict_gates_passed,,,,,1,0,False,,,2026-05-03T22:19:56Z,/root/work/抗菌肽/数据库/batch/4-team/reports/true_rework_queue_queue_next500_1800_lane4_latest.json
doi__10.1038_srep32121,queue_next500_1800,4,accepted_after_rework,accepted_after_rework,accepted,strict_gates_passed,,,,,1,1,False,,,2026-05-03T22:19:56Z,/root/work/抗菌肽/数据库/batch/4-team/reports/true_rework_queue_queue_next500_1800_lane4_latest.json
doi__10.1038_srep35019,queue_next500_1800,4,accepted_after_rework,accepted_after_rework,accepted,strict_gates_passed,,,,,1,0,False,,,2026-05-03T22:19:56Z,/root/work/抗菌肽/数据库/batch/4-team/reports/true_rework_queue_queue_next500_1800_lane4_latest.json
doi__10.1038_srep35347,queue_next500_1800,4,accepted_after_rework,accepted_after_rework,accepted,strict_gates_passed,,,,,1,0,False,,,2026-05-03T22:19:56Z,/root/work/抗菌肽/数据库/batch/4-team/reports/true_rework_queue_queue_next500_1800_lane4_latest.json
doi__10.1038_srep35465,queue_next500_1800,4,accepted_after_rework,accepted_after_rework,accepted,strict_gates_passed,,,,,1,0,False,,,2026-05-03T22:19:56Z,/root/work/抗菌肽/数据库/batch/4-team/reports/true_rework_queue_queue_next500_1800_lane4_latest.json
doi__10.1038_srep39925,queue_next500_1800,4,accepted_after_rework,accepted_after_rework,accepted,strict_gates_passed,,,,,1,0,False,,,2026-05-03T22:19:56Z,/root/work/抗菌肽/数据库/batch/4-team/reports/true_rework_queue_queue_next500_1800_lane4_latest.json
doi__10.1038_srep40228,queue_next500_1800,4,accepted_after_rework,accepted_after_rework,accepted,strict_gates_passed,,,,,1,0,False,,,2026-05-03T22:19:56Z,/root/work/抗菌肽/数据库/batch/4-team/reports/true_rework_queue_queue_next500_1800_lane4_latest.json
doi__10.1038_srep40854,queue_next500_1800,4,accepted_after_rework,accepted_after_rework,accepted,strict_gates_passed,,,,,1,0,False,,,2026-05-03T22:19:56Z,/root/work/抗菌肽/数据库/batch/4-team/reports/true_rework_queue_queue_next500_1800_lane4_latest.json
doi__10.1038_srep41772,queue_next500_1800,4,accepted_after_rework,accepted_after_rework,accepted,strict_gates_passed,,,,,1,0,False,,,2026-05-03T22:19:56Z,/root/work/抗菌肽/数据库/batch/4-team/reports/true_rework_queue_queue_next500_1800_lane4_latest.json
doi__10.1038_srep42994,queue_next500_1800,4,accepted_after_rework,accepted_after_rework,accepted,strict_gates_passed,,,,,1,0,False,,,2026-05-03T22:19:56Z,/root/work/抗菌肽/数据库/batch/4-team/reports/true_rework_queue_queue_next500_1800_lane4_latest.json
doi__10.1038_srep43384,queue_next500_1800,4,accepted_after_rework,accepted_after_rework,accepted,strict_gates_passed,,,,,1,0,False,figure_numeric_values_not_digitized_locally;supplement_contains_full_gel_only_no_activity_table;toxicity_values_not_reported_locally,,2026-05-03T22:19:56Z,/root/work/抗菌肽/数据库/batch/4-team/reports/true_rework_queue_queue_next500_1800_lane4_latest.json
doi__10.1038_srep43610,queue_next500_1800,4,blocked_after_best_effort,infrastructure_codex_worker_retry_exhausted,infrastructure_retry_exhausted,codex_worker_nonzero_exit,,,,,1,5,True,codex_worker_nonzero_exit,codex_worker_nonzero_exit,2026-05-03T22:19:56Z,/root/work/抗菌肽/数据库/batch/4-team/reports/true_rework_queue_queue_next500_1800_lane4_latest.json
doi__10.1038_srep44278,queue_next500_1800,4,blocked_after_best_effort,blocked_rework_cap_unresolved,blocked_quality_gate_unresolved,bounded_rework_limit_reached,,,,,1,0,False,obtainable_only_source_gap_documented,,2026-05-03T22:19:56Z,/root/work/抗菌肽/数据库/batch/4-team/reports/true_rework_queue_queue_next500_1800_lane4_latest.json
doi__10.1038_srep45282,queue_next500_1800,4,accepted_after_rework,accepted_after_rework,accepted,strict_gates_passed,,,,,1,0,False,,,2026-05-03T22:19:56Z,/root/work/抗菌肽/数据库/batch/4-team/reports/true_rework_queue_queue_next500_1800_lane4_latest.json
doi__10.1038_srep46541,queue_next500_1800,4,accepted_after_rework,accepted_after_rework,accepted,strict_gates_passed,,,,,1,0,False,,,2026-05-03T22:19:56Z,/root/work/抗菌肽/数据库/batch/4-team/reports/true_rework_queue_queue_next500_1800_lane4_latest.json
doi__10.1039_c7sc01599b,queue_next500_1800,4,accepted_after_rework,accepted_after_rework,accepted,strict_gates_passed,,,,,1,0,False,,codex_worker_timeout,2026-05-03T22:19:56Z,/root/work/抗菌肽/数据库/batch/4-team/reports/true_rework_queue_queue_next500_1800_lane4_latest.json
doi__10.1039_c8cc05790g,queue_next500_1800,4,accepted_after_rework,accepted_after_rework,accepted,strict_gates_passed,,,,,1,0,False,,,2026-05-03T22:19:56Z,/root/work/抗菌肽/数据库/batch/4-team/reports/true_rework_queue_queue_next500_1800_lane4_latest.json
doi__10.1039_c8ra08065h,queue_next500_1800,4,accepted_after_rework,accepted_after_rework,accepted,strict_gates_passed,,,,,1,0,False,,,2026-05-03T22:19:56Z,/root/work/抗菌肽/数据库/batch/4-team/reports/true_rework_queue_queue_next500_1800_lane4_latest.json
doi__10.1039_c9md00031c,queue_next500_1800,4,accepted_after_rework,accepted_after_rework,accepted,strict_gates_passed,,,,,1,0,False,,,2026-05-03T22:19:56Z,/root/work/抗菌肽/数据库/batch/4-team/reports/true_rework_queue_queue_next500_1800_lane4_latest.json
doi__10.1039_c9ra00708c,queue_next500_1800,4,blocked_after_best_effort,blocked_watchdog_timeout_retryable,blocked_process_timeout,codex_worker_timeout,,,,,1,0,False,codex_worker_timeout,codex_worker_timeout,2026-05-03T22:19:56Z,/root/work/抗菌肽/数据库/batch/4-team/reports/true_rework_queue_queue_next500_1800_lane4_latest.json
doi__10.1039_d1cb00124h,queue_next500_1800,4,accepted_after_rework,accepted_after_rework,accepted,strict_gates_passed,,,,,2,0,False,,,2026-05-03T22:19:56Z,/root/work/抗菌肽/数据库/batch/4-team/reports/true_rework_queue_queue_next500_1800_lane4_latest.json
doi__10.1039_d1ra04882a,queue_next500_1800,4,accepted_after_rework,accepted_after_rework,accepted,strict_gates_passed,,,,,2,2,False,,,2026-05-03T22:19:56Z,/root/work/抗菌肽/数据库/batch/4-team/reports/true_rework_queue_queue_next500_1800_lane4_latest.json
doi__10.1039_d1sc01713f,queue_next500_1800,4,accepted_after_rework,accepted_after_rework,accepted,strict_gates_passed,,,,,1,0,False,,,2026-05-03T22:19:56Z,/root/work/抗菌肽/数据库/batch/4-team/reports/true_rework_queue_queue_next500_1800_lane4_latest.json
doi__10.1039_d1sc03628a,queue_next500_1800,4,accepted_after_rework,accepted_after_rework,accepted,strict_gates_passed,,,,,1,1,False,,codex_worker_timeout,2026-05-03T22:19:56Z,/root/work/抗菌肽/数据库/batch/4-team/reports/true_rework_queue_queue_next500_1800_lane4_latest.json
doi__10.1039_d1sc05662j,queue_next500_1800,4,accepted_after_rework,accepted_after_rework,accepted,strict_gates_passed,,,,,1,0,False,,,2026-05-03T22:19:56Z,/root/work/抗菌肽/数据库/batch/4-team/reports/true_rework_queue_queue_next500_1800_lane4_latest.json
doi__10.1039_d1sc06998e,queue_next500_1800,4,accepted_after_rework,accepted_after_rework,accepted,strict_gates_passed,,,,,1,0,False,,,2026-05-03T22:19:56Z,/root/work/抗菌肽/数据库/batch/4-team/reports/true_rework_queue_queue_next500_1800_lane4_latest.json
doi__10.1039_d1sc07190d,queue_next500_1800,4,accepted_after_rework,accepted_after_rework,accepted,strict_gates_passed,,,,,1,0,False,,,2026-05-03T22:19:56Z,/root/work/抗菌肽/数据库/batch/4-team/reports/true_rework_queue_queue_next500_1800_lane4_latest.json
doi__10.1039_d3ra02473c,queue_next500_1800,4,accepted_after_rework,accepted_after_rework,accepted,strict_gates_passed,,,,,1,0,False,,,2026-05-03T22:19:56Z,/root/work/抗菌肽/数据库/batch/4-team/reports/true_rework_queue_queue_next500_1800_lane4_latest.json
doi__10.1039_d3ra04100j,queue_next500_1800,4,accepted_after_rework,accepted_after_rework,accepted,strict_gates_passed,,,,,1,0,False,,,2026-05-03T22:19:56Z,/root/work/抗菌肽/数据库/batch/4-team/reports/true_rework_queue_queue_next500_1800_lane4_latest.json
doi__10.1039_d3ra08313f,queue_next500_1800,4,accepted_after_rework,accepted_after_rework,accepted,strict_gates_passed,,,,,1,0,False,,,2026-05-03T22:19:56Z,/root/work/抗菌肽/数据库/batch/4-team/reports/true_rework_queue_queue_next500_1800_lane4_latest.json
doi__10.1039_d4md00383g,queue_next500_1800,4,accepted_after_rework,accepted_after_rework,accepted,strict_gates_passed,,,,,1,0,False,,,2026-05-03T22:19:56Z,/root/work/抗菌肽/数据库/batch/4-team/reports/true_rework_queue_queue_next500_1800_lane4_latest.json
doi__10.1039_d4sc06689h,queue_next500_1800,4,accepted_after_rework,accepted_after_rework,accepted,strict_gates_passed,,,,,1,0,False,,codex_worker_timeout,2026-05-03T22:19:56Z,/root/work/抗菌肽/数据库/batch/4-team/reports/true_rework_queue_queue_next500_1800_lane4_latest.json
doi__10.1042_bsr20150060,queue_next500_1800,4,accepted_after_rework,accepted_after_rework,accepted,strict_gates_passed,,,,,1,0,False,,,2026-05-03T22:19:56Z,/root/work/抗菌肽/数据库/batch/4-team/reports/true_rework_queue_queue_next500_1800_lane4_latest.json
doi__10.1042_bsr20170967,queue_next500_1800,4,accepted_after_rework,accepted_after_rework,accepted,strict_gates_passed,,,,,1,0,False,,,2026-05-03T22:19:56Z,/root/work/抗菌肽/数据库/batch/4-team/reports/true_rework_queue_queue_next500_1800_lane4_latest.json
doi__10.1042_bsr20180710,queue_next500_1800,4,accepted_after_rework,accepted_after_rework,accepted,strict_gates_passed,,,,,1,0,False,figure5_exact_hemolysis_percentages_not_tabulated,,2026-05-03T22:19:56Z,/root/work/抗菌肽/数据库/batch/4-team/reports/true_rework_queue_queue_next500_1800_lane4_latest.json
doi__10.1042_bsr20200019,queue_next500_1800,4,accepted_after_rework,accepted_after_rework,accepted,strict_gates_passed,,,,,1,0,False,,,2026-05-03T22:19:56Z,/root/work/抗菌肽/数据库/batch/4-team/reports/true_rework_queue_queue_next500_1800_lane4_latest.json
doi__10.1073_pnas.1500553112,queue_next500_1800,4,accepted_after_rework,accepted_after_rework,accepted,strict_gates_passed,,,,,1,0,False,,,2026-05-03T22:19:56Z,/root/work/抗菌肽/数据库/batch/4-team/reports/true_rework_queue_queue_next500_1800_lane4_latest.json
doi__10.1073_pnas.1817376116,queue_next500_1800,4,accepted_after_rework,accepted_after_rework,accepted,strict_gates_passed,,,,,1,0,False,,,2026-05-03T22:19:56Z,/root/work/抗菌肽/数据库/batch/4-team/reports/true_rework_queue_queue_next500_1800_lane4_latest.json
doi__10.1073_pnas.1909585117,queue_next500_1800,5,accepted_after_rework,accepted_after_rework,accepted,strict_gates_passed,,,,,1,0,False,,,2026-05-03T22:08:23Z,/root/work/抗菌肽/数据库/batch/4-team/reports/true_rework_queue_queue_next500_1800_lane5_latest.json
doi__10.1073_pnas.2007036117,queue_next500_1800,5,accepted_after_rework,accepted_after_rework,accepted,strict_gates_passed,,,,,1,0,False,,,2026-05-03T22:08:23Z,/root/work/抗菌肽/数据库/batch/4-team/reports/true_rework_queue_queue_next500_1800_lane5_latest.json
doi__10.1073_pnas.2123379119,queue_next500_1800,5,accepted_after_rework,accepted_after_rework,accepted,strict_gates_passed,,,,,1,0,False,,,2026-05-03T22:08:23Z,/root/work/抗菌肽/数据库/batch/4-team/reports/true_rework_queue_queue_next500_1800_lane5_latest.json
doi__10.1073_pnas.2210990119,queue_next500_1800,5,blocked_after_best_effort,infrastructure_codex_worker_retry_exhausted,infrastructure_retry_exhausted,codex_worker_nonzero_exit,,,,,1,5,True,codex_worker_nonzero_exit,codex_worker_nonzero_exit,2026-05-03T22:08:23Z,/root/work/抗菌肽/数据库/batch/4-team/reports/true_rework_queue_queue_next500_1800_lane5_latest.json
doi__10.1073_pnas.2219392120,queue_next500_1800,5,accepted_after_rework,accepted_after_rework,accepted,strict_gates_passed,,,,,1,0,False,,,2026-05-03T22:08:23Z,/root/work/抗菌肽/数据库/batch/4-team/reports/true_rework_queue_queue_next500_1800_lane5_latest.json
doi__10.1073_pnas.2219679120,queue_next500_1800,5,accepted_after_rework,accepted_after_rework,accepted,strict_gates_passed,,,,,1,0,False,exact_graphical_bar_values_not_tabulated,,2026-05-03T22:08:23Z,/root/work/抗菌肽/数据库/batch/4-team/reports/true_rework_queue_queue_next500_1800_lane5_latest.json
doi__10.1074_jbc.m109.036459,queue_next500_1800,5,blocked_after_best_effort,blocked_figure_chart_value_gap,blocked_source_gap,figure_or_chart_exact_value_unrecoverable,,,,,1,0,False,database_target_list_and_lipidii_binding_not_primary_supported_here;obtainable_only_source_gap_documented;quantitative_activity_toxicity_values_absent_from_local_jbc_material,,2026-05-03T22:08:23Z,/root/work/抗菌肽/数据库/batch/4-team/reports/true_rework_queue_queue_next500_1800_lane5_latest.json
doi__10.1074_jbc.m113.459560,queue_next500_1800,5,accepted_after_rework,accepted_after_rework,accepted,strict_gates_passed,,,,,1,0,False,,,2026-05-03T22:08:23Z,/root/work/抗菌肽/数据库/batch/4-team/reports/true_rework_queue_queue_next500_1800_lane5_latest.json
doi__10.1080_14756366.2020.1819258,queue_next500_1800,5,accepted_after_rework,accepted_after_rework,accepted,strict_gates_passed,,,,,1,0,False,,,2026-05-03T22:08:23Z,/root/work/抗菌肽/数据库/batch/4-team/reports/true_rework_queue_queue_next500_1800_lane5_latest.json
doi__10.1080_19490976.2024.2387139,queue_next500_1800,5,accepted_after_rework,accepted_after_rework,accepted,strict_gates_passed,,,,,1,0,False,,,2026-05-03T22:08:23Z,/root/work/抗菌肽/数据库/batch/4-team/reports/true_rework_queue_queue_next500_1800_lane5_latest.json
doi__10.1080_19490976.2025.2523811,queue_next500_1800,5,accepted_after_rework,accepted_after_rework,accepted,strict_gates_passed,,,,,1,0,False,,,2026-05-03T22:08:23Z,/root/work/抗菌肽/数据库/batch/4-team/reports/true_rework_queue_queue_next500_1800_lane5_latest.json
doi__10.1080_22221751.2021.1937329,queue_next500_1800,5,blocked_after_best_effort,infrastructure_codex_worker_retry_exhausted,infrastructure_retry_exhausted,codex_api_or_network_error,,,,,1,5,True,codex_api_or_network_error,codex_api_or_network_error,2026-05-03T22:08:23Z,/root/work/抗菌肽/数据库/batch/4-team/reports/true_rework_queue_queue_next500_1800_lane5_latest.json
doi__10.1080_22221751.2022.2051753,queue_next500_1800,5,accepted_after_rework,accepted_after_rework,accepted,strict_gates_passed,,,,,1,0,False,,codex_worker_timeout,2026-05-03T22:08:23Z,/root/work/抗菌肽/数据库/batch/4-team/reports/true_rework_queue_queue_next500_1800_lane5_latest.json
doi__10.1083_jcb.118.4.929,queue_next500_1800,5,accepted_after_rework,accepted_after_rework,accepted,strict_gates_passed,,,,,1,0,False,,codex_worker_timeout,2026-05-03T22:08:23Z,/root/work/抗菌肽/数据库/batch/4-team/reports/true_rework_queue_queue_next500_1800_lane5_latest.json
doi__10.1084_jem.143.6.1540,queue_next500_1800,5,accepted_after_rework,accepted_after_rework,accepted,strict_gates_passed,,,,,1,0,False,,,2026-05-03T22:08:23Z,/root/work/抗菌肽/数据库/batch/4-team/reports/true_rework_queue_queue_next500_1800_lane5_latest.json
doi__10.1084_jem.176.1.59,queue_next500_1800,5,accepted_after_rework,accepted_after_rework,accepted,strict_gates_passed,,,,,1,0,False,,,2026-05-03T22:08:23Z,/root/work/抗菌肽/数据库/batch/4-team/reports/true_rework_queue_queue_next500_1800_lane5_latest.json
doi__10.1084_jem.70.1.1,queue_next500_1800,5,accepted_after_rework,accepted_after_rework,accepted,strict_gates_passed,,,,,1,0,False,,,2026-05-03T22:08:23Z,/root/work/抗菌肽/数据库/batch/4-team/reports/true_rework_queue_queue_next500_1800_lane5_latest.json
doi__10.1084_jem.70.3.249,queue_next500_1800,5,accepted_after_rework,accepted_after_rework,accepted,strict_gates_passed,,,,,1,0,False,,,2026-05-03T22:08:23Z,/root/work/抗菌肽/数据库/batch/4-team/reports/true_rework_queue_queue_next500_1800_lane5_latest.json
doi__10.1085_jgp.115.5.583,queue_next500_1800,5,accepted_after_rework,accepted_after_rework,accepted,strict_gates_passed,,,,,1,0,False,,,2026-05-03T22:08:23Z,/root/work/抗菌肽/数据库/batch/4-team/reports/true_rework_queue_queue_next500_1800_lane5_latest.json
doi__10.1093_bib_bbag115,queue_next500_1800,5,accepted_after_rework,accepted_after_rework,accepted,strict_gates_passed,,,,,1,0,False,figure4_5_exact_bar_or_block_values_not_text_recoverable,,2026-05-03T22:08:23Z,/root/work/抗菌肽/数据库/batch/4-team/reports/true_rework_queue_queue_next500_1800_lane5_latest.json
doi__10.1093_ecam_neh033,queue_next500_1800,5,accepted_after_rework,accepted_after_rework,accepted,strict_gates_passed,,,,,1,0,False,,,2026-05-03T22:08:23Z,/root/work/抗菌肽/数据库/batch/4-team/reports/true_rework_queue_queue_next500_1800_lane5_latest.json
doi__10.1093_gerona_glq129,queue_next500_1800,5,accepted_after_rework,accepted_after_rework,accepted,strict_gates_passed,,,,,1,0,False,,,2026-05-03T22:08:23Z,/root/work/抗菌肽/数据库/batch/4-team/reports/true_rework_queue_queue_next500_1800_lane5_latest.json
doi__10.1093_infdis_jiv325,queue_next500_1800,5,blocked_after_best_effort,infrastructure_codex_worker_retry_exhausted,infrastructure_retry_exhausted,codex_worker_nonzero_exit,,,,,1,5,True,codex_worker_nonzero_exit,codex_worker_nonzero_exit,2026-05-03T22:08:23Z,/root/work/抗菌肽/数据库/batch/4-team/reports/true_rework_queue_queue_next500_1800_lane5_latest.json
doi__10.1093_jac_dkq165,queue_next500_1800,5,accepted_after_rework,accepted_after_rework,accepted,strict_gates_passed,,,,,1,0,False,,,2026-05-03T22:08:23Z,/root/work/抗菌肽/数据库/batch/4-team/reports/true_rework_queue_queue_next500_1800_lane5_latest.json
doi__10.1093_jac_dkx395,queue_next500_1800,5,accepted_after_rework,accepted_after_rework,accepted,strict_gates_passed,,,,,1,0,False,,,2026-05-03T22:08:23Z,/root/work/抗菌肽/数据库/batch/4-team/reports/true_rework_queue_queue_next500_1800_lane5_latest.json
doi__10.1093_jac_dky386,queue_next500_1800,5,accepted_after_rework,accepted_after_rework,accepted,strict_gates_passed,,,,,1,0,False,,,2026-05-03T22:08:23Z,/root/work/抗菌肽/数据库/batch/4-team/reports/true_rework_queue_queue_next500_1800_lane5_latest.json
doi__10.1093_jambio_lxaf031,queue_next500_1800,5,accepted_after_rework,accepted_after_rework,accepted,strict_gates_passed,,,,,1,0,False,,codex_worker_timeout,2026-05-03T22:08:23Z,/root/work/抗菌肽/数据库/batch/4-team/reports/true_rework_queue_queue_next500_1800_lane5_latest.json
doi__10.1093_mmy_myaa015,queue_next500_1800,5,accepted_after_rework,accepted_after_rework,accepted,strict_gates_passed,,,,,1,0,False,,,2026-05-03T22:08:23Z,/root/work/抗菌肽/数据库/batch/4-team/reports/true_rework_queue_queue_next500_1800_lane5_latest.json
doi__10.1093_molbev_msn208,queue_next500_1800,5,blocked_after_best_effort,blocked_figure_chart_value_gap,blocked_source_gap,figure_or_chart_exact_value_unrecoverable,,,,,1,0,False,database_activity_claims_not_primary_source_verifiable;no_primary_activity_toxicity_assay_rows_in_local_material;obtainable_only_source_gap_documented;obtainable_only_source_gap_documented_for_worker246,,2026-05-03T22:08:23Z,/root/work/抗菌肽/数据库/batch/4-team/reports/true_rework_queue_queue_next500_1800_lane5_latest.json
doi__10.1093_nar_gkaa278,queue_next500_1800,5,accepted_after_rework,accepted_after_rework,accepted,strict_gates_passed,,,,,1,0,False,,,2026-05-03T22:08:23Z,/root/work/抗菌肽/数据库/batch/4-team/reports/true_rework_queue_queue_next500_1800_lane5_latest.json
doi__10.1093_nar_gkae567,queue_next500_1800,5,accepted_after_rework,accepted_after_rework,accepted,strict_gates_passed,,,,,1,0,False,,codex_worker_timeout,2026-05-03T22:08:23Z,/root/work/抗菌肽/数据库/batch/4-team/reports/true_rework_queue_queue_next500_1800_lane5_latest.json
doi__10.1093_nar_gkn823,queue_next500_1800,5,accepted_after_rework,accepted_after_rework,accepted,strict_gates_passed,,,,,1,0,False,dramp34527_primary_row_absent_from_local_current_paper;external_supplementary_table_not_local;no_current_paper_toxicity_assay_values;no_direct_mechanism_assay_in_local_material,,2026-05-03T22:08:23Z,/root/work/抗菌肽/数据库/batch/4-team/reports/true_rework_queue_queue_next500_1800_lane5_latest.json
doi__10.1093_pnasnexus_pgae419,queue_next500_1800,5,accepted_after_rework,accepted_after_rework,accepted,strict_gates_passed,,,,,1,0,False,exact_fig4_bar_values_and_error_bars_not_tabulated_locally;primary_article_does_not_embed_rdefb119_amino_acid_sequence,,2026-05-03T22:08:23Z,/root/work/抗菌肽/数据库/batch/4-team/reports/true_rework_queue_queue_next500_1800_lane5_latest.json
doi__10.1093_protein_gzs104,queue_next500_1800,5,accepted_after_rework,accepted_after_rework,accepted,strict_gates_passed,,,,,1,0,False,,,2026-05-03T22:08:23Z,/root/work/抗菌肽/数据库/batch/4-team/reports/true_rework_queue_queue_next500_1800_lane5_latest.json
doi__10.1096_fj.202001885rr,queue_next500_1800,5,accepted_after_rework,accepted_after_rework,accepted,strict_gates_passed,,,,,1,0,False,,,2026-05-03T22:08:23Z,/root/work/抗菌肽/数据库/batch/4-team/reports/true_rework_queue_queue_next500_1800_lane5_latest.json
doi__10.1097_md.0000000000012832,queue_next500_1800,5,accepted_after_rework,accepted_after_rework,accepted,strict_gates_passed,,,,,1,2,False,,,2026-05-03T22:08:23Z,/root/work/抗菌肽/数据库/batch/4-team/reports/true_rework_queue_queue_next500_1800_lane5_latest.json
doi__10.1098_rsob.240286,queue_next500_1800,5,accepted_after_rework,accepted_after_rework,accepted,strict_gates_passed,,,,,1,0,False,,,2026-05-03T22:08:23Z,/root/work/抗菌肽/数据库/batch/4-team/reports/true_rework_queue_queue_next500_1800_lane5_latest.json
doi__10.1098_rsos.201822,queue_next500_1800,5,accepted_after_rework,accepted_after_rework,accepted,strict_gates_passed,,,,,1,0,False,,codex_worker_timeout,2026-05-03T22:08:23Z,/root/work/抗菌肽/数据库/batch/4-team/reports/true_rework_queue_queue_next500_1800_lane5_latest.json
doi__10.1099_jgv.0.001453,queue_next500_1800,5,blocked_after_best_effort,infrastructure_codex_worker_retry_exhausted,infrastructure_retry_exhausted,codex_worker_nonzero_exit,,,,,1,5,True,codex_worker_nonzero_exit,codex_worker_nonzero_exit,2026-05-03T22:08:23Z,/root/work/抗菌肽/数据库/batch/4-team/reports/true_rework_queue_queue_next500_1800_lane5_latest.json
doi__10.1101_gr.171264.113,queue_next500_1800,5,blocked_after_best_effort,blocked_missing_external_supplement,blocked_source_gap,missing_external_supplement,,,,,1,0,False,bounded_source_review_completed_nonaccepted_database_activity_conflict;dramp_activity_and_sequence_claims_not_primary_source_verifiable;no_primary_antimicrobial_or_anticancer_assay_rows_for_dramp_claims;obtainable_only_source_gap_documented,,2026-05-03T22:08:23Z,/root/work/抗菌肽/数据库/batch/4-team/reports/true_rework_queue_queue_next500_1800_lane5_latest.json
doi__10.1111_1462-2920.15145,queue_next500_1800,5,accepted_after_rework,accepted_after_rework,accepted,strict_gates_passed,,,,,1,0,False,,,2026-05-03T22:08:23Z,/root/work/抗菌肽/数据库/batch/4-team/reports/true_rework_queue_queue_next500_1800_lane5_latest.json
doi__10.1111_1751-7915.13484,queue_next500_1800,5,accepted_after_rework,accepted_after_rework,accepted,strict_gates_passed,,,,,1,0,False,,,2026-05-03T22:08:23Z,/root/work/抗菌肽/数据库/batch/4-team/reports/true_rework_queue_queue_next500_1800_lane5_latest.json
doi__10.1111_cbdd.70193,queue_next500_1800,5,accepted_after_rework,accepted_after_rework,accepted,strict_gates_passed,,,,,1,0,False,,codex_worker_timeout,2026-05-03T22:08:23Z,/root/work/抗菌肽/数据库/batch/4-team/reports/true_rework_queue_queue_next500_1800_lane5_latest.json
doi__10.1111_j.1582-4934.2008.00129.x,queue_next500_1800,5,accepted_after_rework,accepted_after_rework,accepted,strict_gates_passed,,,,,1,0,False,,,2026-05-03T22:08:23Z,/root/work/抗菌肽/数据库/batch/4-team/reports/true_rework_queue_queue_next500_1800_lane5_latest.json
doi__10.1111_j.1582-4934.2008.00341.x,queue_next500_1800,5,accepted_after_rework,accepted_after_rework,accepted,strict_gates_passed,,,,,1,0,False,figure_only_exact_quantification_not_digitized;supplementary_assets_absent_after_local_inventory,,2026-05-03T22:08:23Z,/root/work/抗菌肽/数据库/batch/4-team/reports/true_rework_queue_queue_next500_1800_lane5_latest.json
doi__10.1111_jcmm.14032,queue_next500_1800,5,accepted_after_rework,accepted_after_rework,accepted,strict_gates_passed,,,,,1,0,False,,codex_worker_timeout,2026-05-03T22:08:23Z,/root/work/抗菌肽/数据库/batch/4-team/reports/true_rework_queue_queue_next500_1800_lane5_latest.json
doi__10.1111_mpp.13458,queue_next500_1800,5,accepted_after_rework,accepted_after_rework,accepted,strict_gates_passed,,,,,1,0,False,,,2026-05-03T22:08:23Z,/root/work/抗菌肽/数据库/batch/4-team/reports/true_rework_queue_queue_next500_1800_lane5_latest.json
doi__10.1126_sciadv.aav4580,queue_next500_1800,5,accepted_after_rework,accepted_after_rework,accepted,strict_gates_passed,,,,,1,0,False,,,2026-05-03T22:08:23Z,/root/work/抗菌肽/数据库/batch/4-team/reports/true_rework_queue_queue_next500_1800_lane5_latest.json
doi__10.1126_sciadv.aax1946,queue_next500_1800,5,accepted_after_rework,accepted_after_rework,accepted,strict_gates_passed,,,,,1,0,False,,codex_worker_timeout,2026-05-03T22:08:23Z,/root/work/抗菌肽/数据库/batch/4-team/reports/true_rework_queue_queue_next500_1800_lane5_latest.json
doi__10.1126_sciadv.ade0008,queue_next500_1800,5,accepted_after_rework,accepted_after_rework,accepted,strict_gates_passed,,,,,1,0,False,,,2026-05-03T22:08:23Z,/root/work/抗菌肽/数据库/batch/4-team/reports/true_rework_queue_queue_next500_1800_lane5_latest.json
doi__10.1126_sciadv.adf8782,queue_next500_1800,6,accepted_after_rework,accepted_after_rework,accepted,strict_gates_passed,,,,,1,0,False,,,2026-05-03T21:35:54Z,/root/work/抗菌肽/数据库/batch/4-team/reports/true_rework_queue_queue_next500_1800_lane6_latest.json
doi__10.1126_sciadv.adg3683,queue_next500_1800,6,accepted_after_rework,accepted_after_rework,accepted,strict_gates_passed,,,,,1,0,False,,,2026-05-03T21:35:54Z,/root/work/抗菌肽/数据库/batch/4-team/reports/true_rework_queue_queue_next500_1800_lane6_latest.json
doi__10.1126_sciadv.adp7171,queue_next500_1800,6,accepted_after_rework,accepted_after_rework,accepted,strict_gates_passed,,,,,1,0,False,,,2026-05-03T21:35:54Z,/root/work/抗菌肽/数据库/batch/4-team/reports/true_rework_queue_queue_next500_1800_lane6_latest.json
doi__10.1126_science.abd9909,queue_next500_1800,6,blocked_after_best_effort,infrastructure_codex_worker_retry_exhausted,infrastructure_retry_exhausted,codex_api_or_network_error,,,,,1,5,True,codex_api_or_network_error,codex_api_or_network_error,2026-05-03T21:35:54Z,/root/work/抗菌肽/数据库/batch/4-team/reports/true_rework_queue_queue_next500_1800_lane6_latest.json
doi__10.1126_science.abf4058,queue_next500_1800,6,accepted_after_rework,accepted_after_rework,accepted,strict_gates_passed,,,,,1,0,False,,,2026-05-03T21:35:54Z,/root/work/抗菌肽/数据库/batch/4-team/reports/true_rework_queue_queue_next500_1800_lane6_latest.json
doi__10.1126_science.abf4896,queue_next500_1800,6,blocked_after_best_effort,infrastructure_codex_worker_retry_exhausted,infrastructure_retry_exhausted,codex_worker_nonzero_exit,,,,,1,5,True,codex_worker_nonzero_exit,codex_worker_nonzero_exit,2026-05-03T21:35:54Z,/root/work/抗菌肽/数据库/batch/4-team/reports/true_rework_queue_queue_next500_1800_lane6_latest.json
doi__10.1128_aac.00311-24,queue_next500_1800,6,accepted_after_rework,accepted_after_rework,accepted,strict_gates_passed,,,,,1,0,False,,,2026-05-03T21:35:54Z,/root/work/抗菌肽/数据库/batch/4-team/reports/true_rework_queue_queue_next500_1800_lane6_latest.json
doi__10.1128_aac.00338-19,queue_next500_1800,6,accepted_after_rework,accepted_after_rework,accepted,strict_gates_passed,,,,,1,0,False,,,2026-05-03T21:35:54Z,/root/work/抗菌肽/数据库/batch/4-team/reports/true_rework_queue_queue_next500_1800_lane6_latest.json
doi__10.1128_aac.00424-24,queue_next500_1800,6,accepted_after_rework,accepted_after_rework,accepted,strict_gates_passed,,,,,1,0,False,,,2026-05-03T21:35:54Z,/root/work/抗菌肽/数据库/batch/4-team/reports/true_rework_queue_queue_next500_1800_lane6_latest.json
doi__10.1128_aac.00876-20,queue_next500_1800,6,accepted_after_rework,accepted_after_rework,accepted,strict_gates_passed,,,,,1,0,False,,,2026-05-03T21:35:54Z,/root/work/抗菌肽/数据库/batch/4-team/reports/true_rework_queue_queue_next500_1800_lane6_latest.json
doi__10.1128_aac.00904-21,queue_next500_1800,6,accepted_after_rework,accepted_after_rework,accepted,strict_gates_passed,,,,,1,0,False,,,2026-05-03T21:35:54Z,/root/work/抗菌肽/数据库/batch/4-team/reports/true_rework_queue_queue_next500_1800_lane6_latest.json
doi__10.1128_aac.01016-18,queue_next500_1800,6,accepted_after_rework,accepted_after_rework,accepted,strict_gates_passed,,,,,1,0,False,,,2026-05-03T21:35:54Z,/root/work/抗菌肽/数据库/batch/4-team/reports/true_rework_queue_queue_next500_1800_lane6_latest.json
doi__10.1128_aac.01343-25,queue_next500_1800,6,accepted_after_rework,accepted_after_rework,accepted,strict_gates_passed,,,,,1,0,False,exact_figure_bar_values_not_text_supported,,2026-05-03T21:35:54Z,/root/work/抗菌肽/数据库/batch/4-team/reports/true_rework_queue_queue_next500_1800_lane6_latest.json
doi__10.1128_aac.02204-18,queue_next500_1800,6,accepted_after_rework,accepted_after_rework,accepted,strict_gates_passed,,,,,1,2,False,,,2026-05-03T21:35:54Z,/root/work/抗菌肽/数据库/batch/4-team/reports/true_rework_queue_queue_next500_1800_lane6_latest.json
doi__10.1128_aac.02241-16,queue_next500_1800,6,accepted_after_rework,accepted_after_rework,accepted,strict_gates_passed,,,,,1,0,False,,,2026-05-03T21:35:54Z,/root/work/抗菌肽/数据库/batch/4-team/reports/true_rework_queue_queue_next500_1800_lane6_latest.json
doi__10.1128_aac.02367-17,queue_next500_1800,6,accepted_after_rework,accepted_after_rework,accepted,strict_gates_passed,,,,,1,0,False,,,2026-05-03T21:35:54Z,/root/work/抗菌肽/数据库/batch/4-team/reports/true_rework_queue_queue_next500_1800_lane6_latest.json
doi__10.1128_aac.02690-18,queue_next500_1800,6,accepted_after_rework,accepted_after_rework,accepted,strict_gates_passed,,,,,1,0,False,,,2026-05-03T21:35:54Z,/root/work/抗菌肽/数据库/batch/4-team/reports/true_rework_queue_queue_next500_1800_lane6_latest.json
doi__10.1128_iai.00361-22,queue_next500_1800,6,accepted_after_rework,accepted_after_rework,accepted,strict_gates_passed,,,,,1,0,False,,,2026-05-03T21:35:54Z,/root/work/抗菌肽/数据库/batch/4-team/reports/true_rework_queue_queue_next500_1800_lane6_latest.json
doi__10.1128_jb.00529-19,queue_next500_1800,6,accepted_after_rework,accepted_after_rework,accepted,strict_gates_passed,,,,,1,0,False,figure3_exact_zone_diameters_not_tabulated,,2026-05-03T21:35:54Z,/root/work/抗菌肽/数据库/batch/4-team/reports/true_rework_queue_queue_next500_1800_lane6_latest.json
doi__10.1128_jvi.00635-20,queue_next500_1800,6,accepted_after_rework,accepted_after_rework,accepted,strict_gates_passed,,,,,1,4,False,,,2026-05-03T21:35:54Z,/root/work/抗菌肽/数据库/batch/4-team/reports/true_rework_queue_queue_next500_1800_lane6_latest.json
doi__10.1128_mbio.00226-19,queue_next500_1800,6,accepted_after_rework,accepted_after_rework,accepted,strict_gates_passed,,,,,1,0,False,,,2026-05-03T21:35:54Z,/root/work/抗菌肽/数据库/batch/4-team/reports/true_rework_queue_queue_next500_1800_lane6_latest.json
doi__10.1128_mbio.00498-13,queue_next500_1800,6,accepted_after_rework,accepted_after_rework,accepted,strict_gates_passed,,,,,1,0,False,,,2026-05-03T21:35:54Z,/root/work/抗菌肽/数据库/batch/4-team/reports/true_rework_queue_queue_next500_1800_lane6_latest.json
doi__10.1128_mbio.00802-18,queue_next500_1800,6,accepted_after_rework,accepted_after_rework,accepted,strict_gates_passed,,,,,1,0,False,,,2026-05-03T21:35:54Z,/root/work/抗菌肽/数据库/batch/4-team/reports/true_rework_queue_queue_next500_1800_lane6_latest.json
doi__10.1128_mbio.01821-19,queue_next500_1800,6,accepted_after_rework,accepted_after_rework,accepted,strict_gates_passed,,,,,1,0,False,,,2026-05-03T21:35:54Z,/root/work/抗菌肽/数据库/batch/4-team/reports/true_rework_queue_queue_next500_1800_lane6_latest.json
doi__10.1128_mbio.01935-20,queue_next500_1800,6,blocked_after_best_effort,blocked_watchdog_timeout_retryable,blocked_process_timeout,codex_worker_timeout,,,,,1,0,False,figure_only_exact_database_values_not_machine_recoverable;obtainable_only_source_gap_documented,codex_worker_timeout,2026-05-03T21:35:54Z,/root/work/抗菌肽/数据库/batch/4-team/reports/true_rework_queue_queue_next500_1800_lane6_latest.json
doi__10.1128_mbio.02021-19,queue_next500_1800,6,accepted_after_rework,accepted_after_rework,accepted,strict_gates_passed,,,,,1,0,False,,,2026-05-03T21:35:54Z,/root/work/抗菌肽/数据库/batch/4-team/reports/true_rework_queue_queue_next500_1800_lane6_latest.json
doi__10.1128_mbio.02451-20,queue_next500_1800,6,blocked_after_best_effort,infrastructure_codex_worker_retry_exhausted,infrastructure_retry_exhausted,codex_worker_nonzero_exit,,,,,1,5,True,codex_worker_nonzero_exit,codex_worker_nonzero_exit,2026-05-03T21:35:54Z,/root/work/抗菌肽/数据库/batch/4-team/reports/true_rework_queue_queue_next500_1800_lane6_latest.json
doi__10.1128_mbio.03258-19,queue_next500_1800,6,accepted_after_rework,accepted_after_rework,accepted,strict_gates_passed,,,,,1,0,False,,,2026-05-03T21:35:54Z,/root/work/抗菌肽/数据库/batch/4-team/reports/true_rework_queue_queue_next500_1800_lane6_latest.json
doi__10.1128_msphere.00390-17,queue_next500_1800,6,accepted_after_rework,accepted_after_rework,accepted,strict_gates_passed,,,,,1,0,False,,,2026-05-03T21:35:54Z,/root/work/抗菌肽/数据库/batch/4-team/reports/true_rework_queue_queue_next500_1800_lane6_latest.json
doi__10.1128_msystems.00047-20,queue_next500_1800,6,accepted_after_rework,accepted_after_rework,accepted,strict_gates_passed,,,,,1,0,False,,,2026-05-03T21:35:54Z,/root/work/抗菌肽/数据库/batch/4-team/reports/true_rework_queue_queue_next500_1800_lane6_latest.json
doi__10.1128_msystems.01358-23,queue_next500_1800,6,accepted_after_rework,accepted_after_rework,accepted,strict_gates_passed,,,,,1,0,False,,,2026-05-03T21:35:54Z,/root/work/抗菌肽/数据库/batch/4-team/reports/true_rework_queue_queue_next500_1800_lane6_latest.json
doi__10.1128_spectrum.01050-24,queue_next500_1800,6,accepted_after_rework,accepted_after_rework,accepted,strict_gates_passed,,,,,1,0,False,,codex_worker_timeout,2026-05-03T21:35:54Z,/root/work/抗菌肽/数据库/batch/4-team/reports/true_rework_queue_queue_next500_1800_lane6_latest.json
doi__10.1128_spectrum.01312-22,queue_next500_1800,6,accepted_after_rework,accepted_after_rework,accepted,strict_gates_passed,,,,,1,0,False,,,2026-05-03T21:35:54Z,/root/work/抗菌肽/数据库/batch/4-team/reports/true_rework_queue_queue_next500_1800_lane6_latest.json
doi__10.1128_spectrum.01318-21,queue_next500_1800,6,accepted_after_rework,accepted_after_rework,accepted,strict_gates_passed,,,,,1,2,False,,,2026-05-03T21:35:54Z,/root/work/抗菌肽/数据库/batch/4-team/reports/true_rework_queue_queue_next500_1800_lane6_latest.json
doi__10.1128_spectrum.01535-21,queue_next500_1800,6,accepted_after_rework,accepted_after_rework,accepted,strict_gates_passed,,,,,1,0,False,,,2026-05-03T21:35:54Z,/root/work/抗菌肽/数据库/batch/4-team/reports/true_rework_queue_queue_next500_1800_lane6_latest.json
doi__10.1128_spectrum.01583-22,queue_next500_1800,6,accepted_after_rework,accepted_after_rework,accepted,strict_gates_passed,,,,,1,0,False,,codex_worker_timeout,2026-05-03T21:35:54Z,/root/work/抗菌肽/数据库/batch/4-team/reports/true_rework_queue_queue_next500_1800_lane6_latest.json
doi__10.1128_spectrum.01584-21,queue_next500_1800,6,accepted_after_rework,accepted_after_rework,accepted,strict_gates_passed,,,,,1,0,False,,,2026-05-03T21:35:54Z,/root/work/抗菌肽/数据库/batch/4-team/reports/true_rework_queue_queue_next500_1800_lane6_latest.json
doi__10.1128_spectrum.01664-21,queue_next500_1800,6,accepted_after_rework,accepted_after_rework,accepted,strict_gates_passed,,,,,1,0,False,,,2026-05-03T21:35:54Z,/root/work/抗菌肽/数据库/batch/4-team/reports/true_rework_queue_queue_next500_1800_lane6_latest.json
doi__10.1128_spectrum.01827-23,queue_next500_1800,6,accepted_after_rework,accepted_after_rework,accepted,strict_gates_passed,,,,,1,0,False,supplement_exact_dose_response_bar_values_not_table_backed,,2026-05-03T21:35:54Z,/root/work/抗菌肽/数据库/batch/4-team/reports/true_rework_queue_queue_next500_1800_lane6_latest.json
doi__10.1128_spectrum.02013-21,queue_next500_1800,6,blocked_after_best_effort,blocked_figure_chart_value_gap,blocked_source_gap,figure_or_chart_exact_value_unrecoverable,,,,,1,0,False,database_activity_scope_conflict_unresolved;figure_only_toxicity_exact_values_unrecoverable;obtainable_only_source_gap_documented,,2026-05-03T21:35:54Z,/root/work/抗菌肽/数据库/batch/4-team/reports/true_rework_queue_queue_next500_1800_lane6_latest.json
doi__10.1128_spectrum.02306-23,queue_next500_1800,6,accepted_after_rework,accepted_after_rework,accepted,strict_gates_passed,,,,,1,0,False,,,2026-05-03T21:35:54Z,/root/work/抗菌肽/数据库/batch/4-team/reports/true_rework_queue_queue_next500_1800_lane6_latest.json
doi__10.1128_spectrum.02515-21,queue_next500_1800,6,accepted_after_rework,accepted_after_rework,accepted,strict_gates_passed,,,,,1,0,False,exact_primary_sequence_strings_not_machine_readable,,2026-05-03T21:35:54Z,/root/work/抗菌肽/数据库/batch/4-team/reports/true_rework_queue_queue_next500_1800_lane6_latest.json
doi__10.1128_spectrum.02523-24,queue_next500_1800,6,accepted_after_rework,accepted_after_rework,accepted,strict_gates_passed,,,,,1,0,False,figure_s1_exact_ldh_bar_values_not_table_backed,,2026-05-03T21:35:54Z,/root/work/抗菌肽/数据库/batch/4-team/reports/true_rework_queue_queue_next500_1800_lane6_latest.json
doi__10.1128_spectrum.03089-22,queue_next500_1800,6,accepted_after_rework,accepted_after_rework,accepted,strict_gates_passed,,,,,1,0,False,exact_figure_bar_heights_not_tabulated;supplement_pdf_has_no_activity_or_database_tables,codex_worker_timeout,2026-05-03T21:35:54Z,/root/work/抗菌肽/数据库/batch/4-team/reports/true_rework_queue_queue_next500_1800_lane6_latest.json
doi__10.1128_spectrum.03206-22,queue_next500_1800,6,accepted_after_rework,accepted_after_rework,accepted,strict_gates_passed,,,,,1,0,False,,,2026-05-03T21:35:54Z,/root/work/抗菌肽/数据库/batch/4-team/reports/true_rework_queue_queue_next500_1800_lane6_latest.json
doi__10.1128_spectrum.03339-23,queue_next500_1800,6,accepted_after_rework,accepted_after_rework,accepted,strict_gates_passed,,,,,1,0,False,,,2026-05-03T21:35:54Z,/root/work/抗菌肽/数据库/batch/4-team/reports/true_rework_queue_queue_next500_1800_lane6_latest.json
doi__10.1128_spectrum.03853-22,queue_next500_1800,6,accepted_after_rework,accepted_after_rework,accepted,strict_gates_passed,,,,,1,0,False,,,2026-05-03T21:35:54Z,/root/work/抗菌肽/数据库/batch/4-team/reports/true_rework_queue_queue_next500_1800_lane6_latest.json
doi__10.1128_spectrum.05210-22,queue_next500_1800,6,accepted_after_rework,accepted_after_rework,accepted,strict_gates_passed,,,,,1,0,False,,,2026-05-03T21:35:54Z,/root/work/抗菌肽/数据库/batch/4-team/reports/true_rework_queue_queue_next500_1800_lane6_latest.json
doi__10.1128_spectrum.05319-22,queue_next500_1800,6,accepted_after_rework,accepted_after_rework,accepted,strict_gates_passed,,,,,1,0,False,,,2026-05-03T21:35:54Z,/root/work/抗菌肽/数据库/batch/4-team/reports/true_rework_queue_queue_next500_1800_lane6_latest.json
doi__10.1136_jitc-2021-004129,queue_next500_1800,6,accepted_after_rework,accepted_after_rework,accepted,strict_gates_passed,,,,,1,0,False,figure_exact_tumor_values_not_transcribed,,2026-05-03T21:35:54Z,/root/work/抗菌肽/数据库/batch/4-team/reports/true_rework_queue_queue_next500_1800_lane6_latest.json
doi__10.1155_2009_136284,queue_next500_1800,7,accepted_after_rework,accepted_after_rework,accepted,strict_gates_passed,,,,,1,0,False,,,2026-05-03T19:40:02Z,/root/work/抗菌肽/数据库/batch/4-team/reports/true_rework_queue_queue_next500_1800_lane7_latest.json
doi__10.1155_2012_349427,queue_next500_1800,7,accepted_after_rework,accepted_after_rework,accepted,strict_gates_passed,,,,,1,1,False,,,2026-05-03T19:40:02Z,/root/work/抗菌肽/数据库/batch/4-team/reports/true_rework_queue_queue_next500_1800_lane7_latest.json
doi__10.1155_2012_738503,queue_next500_1800,7,accepted_after_rework,accepted_after_rework,accepted,strict_gates_passed,,,,,1,0,False,numeric_potency_values_not_reported_locally;standalone_supplementary_assets_absent_locally;toxicity_values_not_reported_locally,,2026-05-03T19:40:02Z,/root/work/抗菌肽/数据库/batch/4-team/reports/true_rework_queue_queue_next500_1800_lane7_latest.json
doi__10.1155_2012_764834,queue_next500_1800,7,accepted_after_rework,accepted_after_rework,accepted,strict_gates_passed,,,,,1,0,False,,,2026-05-03T19:40:02Z,/root/work/抗菌肽/数据库/batch/4-team/reports/true_rework_queue_queue_next500_1800_lane7_latest.json
doi__10.1155_2013_251398,queue_next500_1800,7,accepted_after_rework,accepted_after_rework,accepted,strict_gates_passed,,,,,1,0,False,,,2026-05-03T19:40:02Z,/root/work/抗菌肽/数据库/batch/4-team/reports/true_rework_queue_queue_next500_1800_lane7_latest.json
doi__10.1155_2013_939804,queue_next500_1800,7,accepted_after_rework,accepted_after_rework,accepted,strict_gates_passed,,,,,1,0,False,,,2026-05-03T19:40:02Z,/root/work/抗菌肽/数据库/batch/4-team/reports/true_rework_queue_queue_next500_1800_lane7_latest.json
doi__10.1155_2013_986273,queue_next500_1800,7,accepted_after_rework,accepted_after_rework,accepted,strict_gates_passed,,,,,1,0,False,,,2026-05-03T19:40:02Z,/root/work/抗菌肽/数据库/batch/4-team/reports/true_rework_queue_queue_next500_1800_lane7_latest.json
doi__10.1155_2014_156060,queue_next500_1800,7,accepted_after_rework,accepted_after_rework,accepted,strict_gates_passed,,,,,1,0,False,,,2026-05-03T19:40:02Z,/root/work/抗菌肽/数据库/batch/4-team/reports/true_rework_queue_queue_next500_1800_lane7_latest.json
doi__10.1155_2014_158546,queue_next500_1800,7,accepted_after_rework,accepted_after_rework,accepted,strict_gates_passed,,,,,1,0,False,,,2026-05-03T19:40:02Z,/root/work/抗菌肽/数据库/batch/4-team/reports/true_rework_queue_queue_next500_1800_lane7_latest.json
doi__10.1155_2014_176214,queue_next500_1800,7,accepted_after_rework,accepted_after_rework,accepted,strict_gates_passed,,,,,1,0,False,,,2026-05-03T19:40:02Z,/root/work/抗菌肽/数据库/batch/4-team/reports/true_rework_queue_queue_next500_1800_lane7_latest.json
doi__10.1155_2014_320796,queue_next500_1800,7,accepted_after_rework,accepted_after_rework,accepted,strict_gates_passed,,,,,1,0,False,figure3_4_exact_bar_values_not_structured,,2026-05-03T19:40:02Z,/root/work/抗菌肽/数据库/batch/4-team/reports/true_rework_queue_queue_next500_1800_lane7_latest.json
doi__10.1155_2014_671362,queue_next500_1800,7,accepted_after_rework,accepted_after_rework,accepted,strict_gates_passed,,,,,1,0,False,,,2026-05-03T19:40:02Z,/root/work/抗菌肽/数据库/batch/4-team/reports/true_rework_queue_queue_next500_1800_lane7_latest.json
doi__10.1155_2015_197608,queue_next500_1800,7,accepted_after_rework,accepted_after_rework,accepted,strict_gates_passed,,,,,1,0,False,,,2026-05-03T19:40:02Z,/root/work/抗菌肽/数据库/batch/4-team/reports/true_rework_queue_queue_next500_1800_lane7_latest.json
doi__10.1155_2015_453826,queue_next500_1800,7,accepted_after_rework,accepted_after_rework,accepted,strict_gates_passed,,,,,1,0,False,,,2026-05-03T19:40:02Z,/root/work/抗菌肽/数据库/batch/4-team/reports/true_rework_queue_queue_next500_1800_lane7_latest.json
doi__10.1155_2015_578764,queue_next500_1800,7,blocked_after_best_effort,blocked_watchdog_timeout_retryable,blocked_process_timeout,codex_worker_timeout,,,,,1,0,False,codex_worker_timeout,codex_worker_timeout,2026-05-03T19:40:02Z,/root/work/抗菌肽/数据库/batch/4-team/reports/true_rework_queue_queue_next500_1800_lane7_latest.json
doi__10.1155_2015_909870,queue_next500_1800,7,accepted_after_rework,accepted_after_rework,accepted,strict_gates_passed,,,,,1,0,False,,,2026-05-03T19:40:02Z,/root/work/抗菌肽/数据库/batch/4-team/reports/true_rework_queue_queue_next500_1800_lane7_latest.json
doi__10.1155_2018_4353580,queue_next500_1800,7,accepted_after_rework,accepted_after_rework,accepted,strict_gates_passed,,,,,1,0,False,figure_exact_bar_values_not_digitized,,2026-05-03T19:40:02Z,/root/work/抗菌肽/数据库/batch/4-team/reports/true_rework_queue_queue_next500_1800_lane7_latest.json
doi__10.1155_2018_5252891,queue_next500_1800,7,accepted_after_rework,accepted_after_rework,accepted,strict_gates_passed,,,,,1,0,False,,,2026-05-03T19:40:02Z,/root/work/抗菌肽/数据库/batch/4-team/reports/true_rework_queue_queue_next500_1800_lane7_latest.json
doi__10.1155_2020_2131535,queue_next500_1800,7,accepted_after_rework,accepted_after_rework,accepted,strict_gates_passed,,,,,1,0,False,,,2026-05-03T19:40:02Z,/root/work/抗菌肽/数据库/batch/4-team/reports/true_rework_queue_queue_next500_1800_lane7_latest.json
doi__10.1155_2024_2205864,queue_next500_1800,7,accepted_after_rework,accepted_after_rework,accepted,strict_gates_passed,,,,,1,0,False,,codex_worker_timeout,2026-05-03T19:40:02Z,/root/work/抗菌肽/数据库/batch/4-team/reports/true_rework_queue_queue_next500_1800_lane7_latest.json
doi__10.1167_iovs.17-22243,queue_next500_1800,7,accepted_after_rework,accepted_after_rework,accepted,strict_gates_passed,,,,,1,0,False,,,2026-05-03T19:40:02Z,/root/work/抗菌肽/数据库/batch/4-team/reports/true_rework_queue_queue_next500_1800_lane7_latest.json
doi__10.1177_11779322251315291,queue_next500_1800,7,accepted_after_rework,accepted_after_rework,accepted,strict_gates_passed,,,,,1,0,False,,,2026-05-03T19:40:02Z,/root/work/抗菌肽/数据库/batch/4-team/reports/true_rework_queue_queue_next500_1800_lane7_latest.json
doi__10.1177_1178636120933635,queue_next500_1800,7,accepted_after_rework,accepted_after_rework,accepted,strict_gates_passed,,,,,1,0,False,,,2026-05-03T19:40:02Z,/root/work/抗菌肽/数据库/batch/4-team/reports/true_rework_queue_queue_next500_1800_lane7_latest.json
doi__10.1186_1297-9716-45-40,queue_next500_1800,7,accepted_after_rework,accepted_after_rework,accepted,strict_gates_passed,,,,,1,0,False,,,2026-05-03T19:40:02Z,/root/work/抗菌肽/数据库/batch/4-team/reports/true_rework_queue_queue_next500_1800_lane7_latest.json
doi__10.1186_1471-2091-11-6,queue_next500_1800,7,accepted_after_rework,accepted_after_rework,accepted,strict_gates_passed,,,,,1,0,False,,,2026-05-03T19:40:02Z,/root/work/抗菌肽/数据库/batch/4-team/reports/true_rework_queue_queue_next500_1800_lane7_latest.json
doi__10.1186_1471-2164-11-187,queue_next500_1800,7,accepted_after_rework,accepted_after_rework,accepted,strict_gates_passed,,,,,1,0,False,,,2026-05-03T19:40:02Z,/root/work/抗菌肽/数据库/batch/4-team/reports/true_rework_queue_queue_next500_1800_lane7_latest.json
doi__10.1186_1471-2164-11-239,queue_next500_1800,7,accepted_after_rework,accepted_after_rework,accepted,strict_gates_passed,,,,,1,0,False,,,2026-05-03T19:40:02Z,/root/work/抗菌肽/数据库/batch/4-team/reports/true_rework_queue_queue_next500_1800_lane7_latest.json
doi__10.1186_1471-2164-11-452,queue_next500_1800,7,blocked_after_best_effort,blocked_missing_external_supplement,blocked_source_gap,missing_external_supplement,,,,,1,0,False,database_activity_annotations_not_primary_source_supported;no_primary_activity_toxicity_assay_rows_in_local_material;obtainable_only_source_gap_documented,,2026-05-03T19:40:02Z,/root/work/抗菌肽/数据库/batch/4-team/reports/true_rework_queue_queue_next500_1800_lane7_latest.json
doi__10.1186_1471-2164-5-56,queue_next500_1800,7,blocked_after_best_effort,blocked_activity_table_extraction_gap,blocked_parser_or_manual_extraction_gap,activity_table_rows_not_safely_extracted,,,,,1,0,False,obtainable_only_source_gap_documented;unrecoverable_no_primary_activity_or_toxicity_assay_rows,,2026-05-03T19:40:02Z,/root/work/抗菌肽/数据库/batch/4-team/reports/true_rework_queue_queue_next500_1800_lane7_latest.json
doi__10.1186_1471-2164-8-119,queue_next500_1800,7,blocked_after_best_effort,blocked_missing_external_supplement,blocked_source_gap,missing_external_supplement,,,,,1,0,False,database_activity_claims_not_primary_source_verifiable;no_primary_activity_toxicity_assay_rows_in_local_material;obtainable_only_source_gap_documented;obtainable_only_source_gap_documented_for_worker246,,2026-05-03T19:40:02Z,/root/work/抗菌肽/数据库/batch/4-team/reports/true_rework_queue_queue_next500_1800_lane7_latest.json
doi__10.1186_1471-2164-8-18,queue_next500_1800,7,blocked_after_best_effort,blocked_figure_chart_value_gap,blocked_source_gap,figure_or_chart_exact_value_unrecoverable,,,,,1,0,False,database_activity_claims_not_primary_source_supported;no_primary_activity_or_toxicity_assay_in_local_material;obtainable_only_source_gap_documented,,2026-05-03T19:40:02Z,/root/work/抗菌肽/数据库/batch/4-team/reports/true_rework_queue_queue_next500_1800_lane7_latest.json
doi__10.1186_1471-2164-8-326,queue_next500_1800,7,accepted_after_rework,accepted_after_rework,accepted,strict_gates_passed,,,,,1,0,False,,,2026-05-03T19:40:02Z,/root/work/抗菌肽/数据库/batch/4-team/reports/true_rework_queue_queue_next500_1800_lane7_latest.json
doi__10.1186_1471-2164-9-15,queue_next500_1800,7,blocked_after_best_effort,blocked_missing_external_supplement,blocked_source_gap,missing_external_supplement,,,,,1,0,False,no_primary_activity_or_toxicity_assay_in_local_material;obtainable_only_source_gap_documented,,2026-05-03T19:40:02Z,/root/work/抗菌肽/数据库/batch/4-team/reports/true_rework_queue_queue_next500_1800_lane7_latest.json
doi__10.1186_1471-2172-11-12,queue_next500_1800,7,accepted_after_rework,accepted_after_rework,accepted,strict_gates_passed,,,,,1,0,False,,,2026-05-03T19:40:02Z,/root/work/抗菌肽/数据库/batch/4-team/reports/true_rework_queue_queue_next500_1800_lane7_latest.json
doi__10.1186_1471-2172-13-61,queue_next500_1800,7,accepted_after_rework,accepted_after_rework,accepted,strict_gates_passed,,,,,1,0,False,,,2026-05-03T19:40:02Z,/root/work/抗菌肽/数据库/batch/4-team/reports/true_rework_queue_queue_next500_1800_lane7_latest.json
doi__10.1186_1471-2180-12-24,queue_next500_1800,7,accepted_after_rework,accepted_after_rework,accepted,strict_gates_passed,,,,,1,0,False,external_original_figure_files_not_local;hemolytic_activity_values_data_not_shown,codex_worker_timeout,2026-05-03T19:40:02Z,/root/work/抗菌肽/数据库/batch/4-team/reports/true_rework_queue_queue_next500_1800_lane7_latest.json
doi__10.1186_1471-2180-13-212,queue_next500_1800,7,accepted_after_rework,accepted_after_rework,accepted,strict_gates_passed,,,,,1,0,False,,,2026-05-03T19:40:02Z,/root/work/抗菌肽/数据库/batch/4-team/reports/true_rework_queue_queue_next500_1800_lane7_latest.json
doi__10.1186_1471-2180-13-87,queue_next500_1800,7,accepted_after_rework,accepted_after_rework,accepted,strict_gates_passed,,,,,1,0,False,,,2026-05-03T19:40:02Z,/root/work/抗菌肽/数据库/batch/4-team/reports/true_rework_queue_queue_next500_1800_lane7_latest.json
doi__10.1186_1471-2180-14-140,queue_next500_1800,7,accepted_after_rework,accepted_after_rework,accepted,strict_gates_passed,,,,,1,2,False,,,2026-05-03T19:40:02Z,/root/work/抗菌肽/数据库/batch/4-team/reports/true_rework_queue_queue_next500_1800_lane7_latest.json
doi__10.1186_1471-2180-6-36,queue_next500_1800,7,accepted_after_rework,accepted_after_rework,accepted,strict_gates_passed,,,,,1,0,False,external_original_figure_doc_not_local;no_toxicity_assay_reported,,2026-05-03T19:40:02Z,/root/work/抗菌肽/数据库/batch/4-team/reports/true_rework_queue_queue_next500_1800_lane7_latest.json
doi__10.1186_1471-2180-9-187,queue_next500_1800,7,accepted_after_rework,accepted_after_rework,accepted,strict_gates_passed,,,,,1,0,False,,codex_worker_timeout,2026-05-03T19:40:02Z,/root/work/抗菌肽/数据库/batch/4-team/reports/true_rework_queue_queue_next500_1800_lane7_latest.json
doi__10.1186_1471-2199-12-47,queue_next500_1800,7,accepted_after_rework,accepted_after_rework,accepted,strict_gates_passed,,,,,1,0,False,no_toxicity_assay_reported,,2026-05-03T19:40:02Z,/root/work/抗菌肽/数据库/batch/4-team/reports/true_rework_queue_queue_next500_1800_lane7_latest.json
doi__10.1186_1471-2229-12-180,queue_next500_1800,7,accepted_after_rework,accepted_after_rework,accepted,strict_gates_passed,,,,,1,0,False,,codex_worker_timeout,2026-05-03T19:40:02Z,/root/work/抗菌肽/数据库/batch/4-team/reports/true_rework_queue_queue_next500_1800_lane7_latest.json
doi__10.1186_1471-2229-8-75,queue_next500_1800,7,accepted_after_rework,accepted_after_rework,accepted,strict_gates_passed,,,,,1,0,False,,,2026-05-03T19:40:02Z,/root/work/抗菌肽/数据库/batch/4-team/reports/true_rework_queue_queue_next500_1800_lane7_latest.json
doi__10.1186_1471-2407-11-116,queue_next500_1800,7,accepted_after_rework,accepted_after_rework,accepted,strict_gates_passed,,,,,1,0,False,,,2026-05-03T19:40:02Z,/root/work/抗菌肽/数据库/batch/4-team/reports/true_rework_queue_queue_next500_1800_lane7_latest.json
doi__10.1186_1475-2867-5-21,queue_next500_1800,7,accepted_after_rework,accepted_after_rework,accepted,strict_gates_passed,,,,,1,0,False,,,2026-05-03T19:40:02Z,/root/work/抗菌肽/数据库/batch/4-team/reports/true_rework_queue_queue_next500_1800_lane7_latest.json
doi__10.1186_1476-0711-10-11,queue_next500_1800,7,accepted_after_rework,accepted_after_rework,accepted,strict_gates_passed,,,,,1,0,False,,,2026-05-03T19:40:02Z,/root/work/抗菌肽/数据库/batch/4-team/reports/true_rework_queue_queue_next500_1800_lane7_latest.json
doi__10.1186_1476-0711-6-14,queue_next500_1800,7,accepted_after_rework,accepted_after_rework,accepted,strict_gates_passed,,,,,1,0,False,,,2026-05-03T19:40:02Z,/root/work/抗菌肽/数据库/batch/4-team/reports/true_rework_queue_queue_next500_1800_lane7_latest.json
doi__10.1186_1477-7827-4-7,queue_next500_1800,7,accepted_after_rework,accepted_after_rework,accepted,strict_gates_passed,,,,,1,0,False,,,2026-05-03T19:40:02Z,/root/work/抗菌肽/数据库/batch/4-team/reports/true_rework_queue_queue_next500_1800_lane7_latest.json
doi__10.1186_1741-7007-3-20,queue_next500_1800,7,blocked_after_best_effort,blocked_activity_table_extraction_gap,blocked_parser_or_manual_extraction_gap,activity_table_rows_not_safely_extracted,,,,,1,0,False,bounded_source_review_completed_nonaccepted_no_primary_amp_evidence;linked_amp_database_claims_not_primary_source_verifiable;no_primary_activity_or_toxicity_rows_in_local_material;obtainable_only_source_gap_documented,,2026-05-03T19:40:02Z,/root/work/抗菌肽/数据库/batch/4-team/reports/true_rework_queue_queue_next500_1800_lane7_latest.json
doi__10.1186_1741-7007-6-43,queue_next500_1800,8,accepted_after_rework,accepted_after_rework,accepted,strict_gates_passed,,,,,1,0,False,,,2026-05-03T20:21:07Z,/root/work/抗菌肽/数据库/batch/4-team/reports/true_rework_queue_queue_next500_1800_lane8_latest.json
doi__10.1186_1742-4690-5-70,queue_next500_1800,8,accepted_after_rework,accepted_after_rework,accepted,strict_gates_passed,,,,,1,0,False,,,2026-05-03T20:21:07Z,/root/work/抗菌肽/数据库/batch/4-team/reports/true_rework_queue_queue_next500_1800_lane8_latest.json
doi__10.1186_1743-422x-2-49,queue_next500_1800,8,accepted_after_rework,accepted_after_rework,accepted,strict_gates_passed,,,,,1,1,False,,,2026-05-03T20:21:07Z,/root/work/抗菌肽/数据库/batch/4-team/reports/true_rework_queue_queue_next500_1800_lane8_latest.json
doi__10.1186_1743-422x-6-187,queue_next500_1800,8,blocked_after_best_effort,infrastructure_codex_worker_retry_exhausted,infrastructure_retry_exhausted,codex_worker_nonzero_exit,,,,,1,5,True,codex_worker_nonzero_exit,codex_worker_nonzero_exit,2026-05-03T20:21:07Z,/root/work/抗菌肽/数据库/batch/4-team/reports/true_rework_queue_queue_next500_1800_lane8_latest.json
doi__10.1186_1743-422x-8-76,queue_next500_1800,8,accepted_after_rework,accepted_after_rework,accepted,strict_gates_passed,,,,,1,2,False,,,2026-05-03T20:21:07Z,/root/work/抗菌肽/数据库/batch/4-team/reports/true_rework_queue_queue_next500_1800_lane8_latest.json
doi__10.1186_1756-0500-4-459,queue_next500_1800,8,accepted_after_rework,accepted_after_rework,accepted,strict_gates_passed,,,,,1,0,False,,,2026-05-03T20:21:07Z,/root/work/抗菌肽/数据库/batch/4-team/reports/true_rework_queue_queue_next500_1800_lane8_latest.json
doi__10.1186_1756-3305-4-63,queue_next500_1800,8,accepted_after_rework,accepted_after_rework,accepted,strict_gates_passed,,,,,1,0,False,,,2026-05-03T20:21:07Z,/root/work/抗菌肽/数据库/batch/4-team/reports/true_rework_queue_queue_next500_1800_lane8_latest.json
doi__10.1186_2191-0855-2-67,queue_next500_1800,8,accepted_after_rework,accepted_after_rework,accepted,strict_gates_passed,,,,,1,0,False,database_aggregate_rows_not_discrete_primary_rows;figure_bar_exact_values_not_digitized,,2026-05-03T20:21:07Z,/root/work/抗菌肽/数据库/batch/4-team/reports/true_rework_queue_queue_next500_1800_lane8_latest.json
doi__10.1186_2191-0855-3-2,queue_next500_1800,8,accepted_after_rework,accepted_after_rework,accepted,strict_gates_passed,,,,,1,0,False,,,2026-05-03T20:21:07Z,/root/work/抗菌肽/数据库/batch/4-team/reports/true_rework_queue_queue_next500_1800_lane8_latest.json
doi__10.1186_2191-0855-3-35,queue_next500_1800,8,accepted_after_rework,accepted_after_rework,accepted,strict_gates_passed,,,,,1,0,False,,,2026-05-03T20:21:07Z,/root/work/抗菌肽/数据库/batch/4-team/reports/true_rework_queue_queue_next500_1800_lane8_latest.json
doi__10.1186_gb-2003-4-12-r79,queue_next500_1800,8,blocked_after_best_effort,blocked_figure_chart_value_gap,blocked_source_gap,figure_or_chart_exact_value_unrecoverable,,,,,1,0,False,no_local_primary_activity_or_toxicity_assay;obtainable_only_source_gap_documented,,2026-05-03T20:21:07Z,/root/work/抗菌肽/数据库/batch/4-team/reports/true_rework_queue_queue_next500_1800_lane8_latest.json
doi__10.1186_gb-2003-4-5-r31,queue_next500_1800,8,blocked_after_best_effort,blocked_activity_table_extraction_gap,blocked_parser_or_manual_extraction_gap,activity_table_rows_not_safely_extracted,,,,,1,0,False,no_primary_activity_toxicity_assay_rows_in_local_material;obtainable_only_source_gap_documented,,2026-05-03T20:21:07Z,/root/work/抗菌肽/数据库/batch/4-team/reports/true_rework_queue_queue_next500_1800_lane8_latest.json
doi__10.1186_gb-2004-6-1-r6,queue_next500_1800,8,blocked_after_best_effort,blocked_figure_chart_value_gap,blocked_source_gap,figure_or_chart_exact_value_unrecoverable,,,,,1,0,False,obtainable_only_source_gap_documented;primary_source_no_cathb1_sequence_identity;primary_source_no_supported_activity_assay_rows;publication_grade_blocked_by_database_only_evidence,,2026-05-03T20:21:07Z,/root/work/抗菌肽/数据库/batch/4-team/reports/true_rework_queue_queue_next500_1800_lane8_latest.json
doi__10.1186_s12864-018-5225-5,queue_next500_1800,8,accepted_after_rework,accepted_after_rework,accepted,strict_gates_passed,,,,,1,0,False,,,2026-05-03T20:21:07Z,/root/work/抗菌肽/数据库/batch/4-team/reports/true_rework_queue_queue_next500_1800_lane8_latest.json
doi__10.1186_s12864-022-08310-4,queue_next500_1800,8,accepted_after_rework,accepted_after_rework,accepted,strict_gates_passed,,,,,1,0,False,,,2026-05-03T20:21:07Z,/root/work/抗菌肽/数据库/batch/4-team/reports/true_rework_queue_queue_next500_1800_lane8_latest.json
doi__10.1186_s12866-014-0226-2,queue_next500_1800,8,accepted_after_rework,accepted_after_rework,accepted,strict_gates_passed,,,,,1,0,False,,,2026-05-03T20:21:07Z,/root/work/抗菌肽/数据库/batch/4-team/reports/true_rework_queue_queue_next500_1800_lane8_latest.json
doi__10.1186_s12866-015-0473-x,queue_next500_1800,8,accepted_after_rework,accepted_after_rework,accepted,strict_gates_passed,,,,,1,0,False,figure2_figure3_exact_bar_values_not_embedded,,2026-05-03T20:21:07Z,/root/work/抗菌肽/数据库/batch/4-team/reports/true_rework_queue_queue_next500_1800_lane8_latest.json
doi__10.1186_s12866-016-0626-6,queue_next500_1800,8,blocked_after_best_effort,blocked_figure_chart_value_gap,blocked_source_gap,figure_or_chart_exact_value_unrecoverable,,,,,1,0,False,cathi_sequence_not_in_local_primary_material;obtainable_only_source_gap_documented,,2026-05-03T20:21:07Z,/root/work/抗菌肽/数据库/batch/4-team/reports/true_rework_queue_queue_next500_1800_lane8_latest.json
doi__10.1186_s12866-016-0799-z,queue_next500_1800,8,blocked_after_best_effort,blocked_figure_chart_value_gap,blocked_source_gap,figure_or_chart_exact_value_unrecoverable,,,,,1,0,False,figure8_exact_a549_percent_values_unrecoverable;obtainable_only_source_gap_documented,,2026-05-03T20:21:07Z,/root/work/抗菌肽/数据库/batch/4-team/reports/true_rework_queue_queue_next500_1800_lane8_latest.json
doi__10.1186_s12866-016-0828-y,queue_next500_1800,8,accepted_after_rework,accepted_after_rework,accepted,strict_gates_passed,,,,,1,0,False,,,2026-05-03T20:21:07Z,/root/work/抗菌肽/数据库/batch/4-team/reports/true_rework_queue_queue_next500_1800_lane8_latest.json
doi__10.1186_s12866-017-0959-9,queue_next500_1800,8,accepted_after_rework,accepted_after_rework,accepted,strict_gates_passed,,,,,1,0,False,,,2026-05-03T20:21:07Z,/root/work/抗菌肽/数据库/batch/4-team/reports/true_rework_queue_queue_next500_1800_lane8_latest.json
doi__10.1186_s12866-018-1190-z,queue_next500_1800,8,accepted_after_rework,accepted_after_rework,accepted,strict_gates_passed,,,,,1,0,False,,,2026-05-03T20:21:07Z,/root/work/抗菌肽/数据库/batch/4-team/reports/true_rework_queue_queue_next500_1800_lane8_latest.json
doi__10.1186_s12866-020-01925-1,queue_next500_1800,8,accepted_after_rework,accepted_after_rework,accepted,strict_gates_passed,,,,,1,0,False,,,2026-05-03T20:21:07Z,/root/work/抗菌肽/数据库/batch/4-team/reports/true_rework_queue_queue_next500_1800_lane8_latest.json
doi__10.1186_s12866-022-02621-y,queue_next500_1800,8,blocked_after_best_effort,blocked_missing_external_supplement,blocked_source_gap,missing_external_supplement,,,,,1,0,False,local_supplement_payloads_missing_moesm1_2_3;obtainable_only_source_gap_documented,,2026-05-03T20:21:07Z,/root/work/抗菌肽/数据库/batch/4-team/reports/true_rework_queue_queue_next500_1800_lane8_latest.json
doi__10.1186_s12866-023-03131-1,queue_next500_1800,8,accepted_after_rework,accepted_after_rework,accepted,strict_gates_passed,,,,,1,0,False,host_toxicity_not_reported_in_local_sources,,2026-05-03T20:21:07Z,/root/work/抗菌肽/数据库/batch/4-team/reports/true_rework_queue_queue_next500_1800_lane8_latest.json
doi__10.1186_s12866-024-03325-1,queue_next500_1800,8,accepted_after_rework,accepted_after_rework,accepted,strict_gates_passed,,,,,1,0,False,,codex_worker_timeout,2026-05-03T20:21:07Z,/root/work/抗菌肽/数据库/batch/4-team/reports/true_rework_queue_queue_next500_1800_lane8_latest.json
doi__10.1186_s12866-025-04160-8,queue_next500_1800,8,accepted_after_rework,accepted_after_rework,accepted,strict_gates_passed,,,,,1,0,False,,,2026-05-03T20:21:07Z,/root/work/抗菌肽/数据库/batch/4-team/reports/true_rework_queue_queue_next500_1800_lane8_latest.json
doi__10.1186_s12866-025-04343-3,queue_next500_1800,8,accepted_after_rework,accepted_after_rework,accepted,strict_gates_passed,,,,,1,0,False,,codex_worker_timeout,2026-05-03T20:21:07Z,/root/work/抗菌肽/数据库/batch/4-team/reports/true_rework_queue_queue_next500_1800_lane8_latest.json
doi__10.1186_s12870-014-0248-9,queue_next500_1800,8,accepted_after_rework,accepted_after_rework,accepted,strict_gates_passed,,,,,1,0,False,,,2026-05-03T20:21:07Z,/root/work/抗菌肽/数据库/batch/4-team/reports/true_rework_queue_queue_next500_1800_lane8_latest.json
doi__10.1186_s12870-018-1611-z,queue_next500_1800,8,accepted_after_rework,accepted_after_rework,accepted,strict_gates_passed,,,,,1,0,False,true_supplement_files_not_local_nonblocking,,2026-05-03T20:21:07Z,/root/work/抗菌肽/数据库/batch/4-team/reports/true_rework_queue_queue_next500_1800_lane8_latest.json
doi__10.1186_s12885-023-11045-4,queue_next500_1800,8,accepted_after_rework,accepted_after_rework,accepted,strict_gates_passed,,,,,1,0,False,,,2026-05-03T20:21:07Z,/root/work/抗菌肽/数据库/batch/4-team/reports/true_rework_queue_queue_next500_1800_lane8_latest.json
doi__10.1186_s12906-015-0940-9,queue_next500_1800,8,accepted_after_rework,accepted_after_rework,accepted,strict_gates_passed,,,,,1,0,False,,,2026-05-03T20:21:07Z,/root/work/抗菌肽/数据库/batch/4-team/reports/true_rework_queue_queue_next500_1800_lane8_latest.json
doi__10.1186_s12915-022-01304-4,queue_next500_1800,8,accepted_after_rework,accepted_after_rework,accepted,strict_gates_passed,,,,,1,0,False,,codex_worker_timeout,2026-05-03T20:21:07Z,/root/work/抗菌肽/数据库/batch/4-team/reports/true_rework_queue_queue_next500_1800_lane8_latest.json
doi__10.1186_s12917-020-02620-z,queue_next500_1800,8,accepted_after_rework,accepted_after_rework,accepted,strict_gates_passed,,,,,1,0,False,,,2026-05-03T20:21:07Z,/root/work/抗菌肽/数据库/batch/4-team/reports/true_rework_queue_queue_next500_1800_lane8_latest.json
doi__10.1186_s12917-020-02630-x,queue_next500_1800,8,accepted_after_rework,accepted_after_rework,accepted,strict_gates_passed,,,,,1,0,False,,,2026-05-03T20:21:07Z,/root/work/抗菌肽/数据库/batch/4-team/reports/true_rework_queue_queue_next500_1800_lane8_latest.json
doi__10.1186_s12917-024-04202-9,queue_next500_1800,8,accepted_after_rework,accepted_after_rework,accepted,strict_gates_passed,,,,,1,0,False,,,2026-05-03T20:21:07Z,/root/work/抗菌肽/数据库/batch/4-team/reports/true_rework_queue_queue_next500_1800_lane8_latest.json
doi__10.1186_s12929-024-01007-8,queue_next500_1800,8,accepted_after_rework,accepted_after_rework,accepted,strict_gates_passed,,,,,1,2,False,,,2026-05-03T20:21:07Z,/root/work/抗菌肽/数据库/batch/4-team/reports/true_rework_queue_queue_next500_1800_lane8_latest.json
doi__10.1186_s12934-015-0302-9,queue_next500_1800,8,accepted_after_rework,accepted_after_rework,accepted,strict_gates_passed,,,,,1,0,False,,,2026-05-03T20:21:07Z,/root/work/抗菌肽/数据库/batch/4-team/reports/true_rework_queue_queue_next500_1800_lane8_latest.json
doi__10.1186_s12941-017-0193-1,queue_next500_1800,8,accepted_after_rework,accepted_after_rework,accepted,strict_gates_passed,,,,,1,0,False,,,2026-05-03T20:21:07Z,/root/work/抗菌肽/数据库/batch/4-team/reports/true_rework_queue_queue_next500_1800_lane8_latest.json
doi__10.1186_s12941-024-00701-7,queue_next500_1800,8,accepted_after_rework,accepted_after_rework,accepted,strict_gates_passed,,,,,1,0,False,supplementary_docx_not_local_nonblocking,codex_worker_timeout,2026-05-03T20:21:07Z,/root/work/抗菌肽/数据库/batch/4-team/reports/true_rework_queue_queue_next500_1800_lane8_latest.json
doi__10.1186_s12951-024-02896-5,queue_next500_1800,8,accepted_after_rework,accepted_after_rework,accepted,strict_gates_passed,,,,,1,0,False,,,2026-05-03T20:21:07Z,/root/work/抗菌肽/数据库/batch/4-team/reports/true_rework_queue_queue_next500_1800_lane8_latest.json
doi__10.1186_s12985-019-1199-4,queue_next500_1800,8,accepted_after_rework,accepted_after_rework,accepted,strict_gates_passed,,,,,1,0,False,,,2026-05-03T20:21:07Z,/root/work/抗菌肽/数据库/batch/4-team/reports/true_rework_queue_queue_next500_1800_lane8_latest.json
doi__10.1186_s13046-018-0682-x,queue_next500_1800,8,accepted_after_rework,accepted_after_rework,accepted,strict_gates_passed,,,,,1,0,False,,,2026-05-03T20:21:07Z,/root/work/抗菌肽/数据库/batch/4-team/reports/true_rework_queue_queue_next500_1800_lane8_latest.json
doi__10.1186_s13071-014-0554-y,queue_next500_1800,8,accepted_after_rework,accepted_after_rework,accepted,strict_gates_passed,,,,,1,0,False,,,2026-05-03T20:21:07Z,/root/work/抗菌肽/数据库/batch/4-team/reports/true_rework_queue_queue_next500_1800_lane8_latest.json
doi__10.1186_s13071-014-0625-0,queue_next500_1800,8,accepted_after_rework,accepted_after_rework,accepted,strict_gates_passed,,,,,1,0,False,figure_s1b_exact_rlu_values_not_tabulated;requested_xml_table2_table3_not_present,,2026-05-03T20:21:07Z,/root/work/抗菌肽/数据库/batch/4-team/reports/true_rework_queue_queue_next500_1800_lane8_latest.json
doi__10.1186_s13071-015-0669-9,queue_next500_1800,8,accepted_after_rework,accepted_after_rework,accepted,strict_gates_passed,,,,,1,0,False,no_numeric_hemolysis_percent_reported;no_relevant_supplementary_tables_in_local_assets,,2026-05-03T20:21:07Z,/root/work/抗菌肽/数据库/batch/4-team/reports/true_rework_queue_queue_next500_1800_lane8_latest.json
doi__10.1186_s13071-015-1176-8,queue_next500_1800,8,accepted_after_rework,accepted_after_rework,accepted,strict_gates_passed,,,,,1,0,False,,,2026-05-03T20:21:07Z,/root/work/抗菌肽/数据库/batch/4-team/reports/true_rework_queue_queue_next500_1800_lane8_latest.json
doi__10.1186_s13071-016-1344-5,queue_next500_1800,8,accepted_after_rework,accepted_after_rework,accepted,strict_gates_passed,,,,,1,0,False,figure_exact_bar_values_not_transcribed;landed_supplementary_bin_assets_are_boilerplate_html,,2026-05-03T20:21:07Z,/root/work/抗菌肽/数据库/batch/4-team/reports/true_rework_queue_queue_next500_1800_lane8_latest.json
doi__10.1186_s13071-016-1360-5,queue_next500_1800,8,accepted_after_rework,accepted_after_rework,accepted,strict_gates_passed,,,,,1,0,False,database_exact_hemolysis_value_not_textually_recoverable;database_external_activity_values_not_in_primary_source,,2026-05-03T20:21:07Z,/root/work/抗菌肽/数据库/batch/4-team/reports/true_rework_queue_queue_next500_1800_lane8_latest.json
doi__10.1186_s13071-017-2397-9,queue_next500_1800,8,accepted_after_rework,accepted_after_rework,accepted,strict_gates_passed,,,,,1,0,False,,,2026-05-03T20:21:07Z,/root/work/抗菌肽/数据库/batch/4-team/reports/true_rework_queue_queue_next500_1800_lane8_latest.json
doi__10.1186_s13567-024-01402-x,queue_next500_1800,9,accepted_after_rework,accepted_after_rework,accepted,strict_gates_passed,,,,,1,0,False,,,2026-05-03T21:40:59Z,/root/work/抗菌肽/数据库/batch/4-team/reports/true_rework_queue_queue_next500_1800_lane9_latest.json
doi__10.1186_s13568-014-0050-y,queue_next500_1800,9,accepted_after_rework,accepted_after_rework,accepted,strict_gates_passed,,,,,1,0,False,,,2026-05-03T21:40:59Z,/root/work/抗菌肽/数据库/batch/4-team/reports/true_rework_queue_queue_next500_1800_lane9_latest.json
doi__10.1186_s13568-014-0078-z,queue_next500_1800,9,accepted_after_rework,accepted_after_rework,accepted,strict_gates_passed,,,,,1,0,False,figure5_full_curve_exact_values_not_tabulated,,2026-05-03T21:40:59Z,/root/work/抗菌肽/数据库/batch/4-team/reports/true_rework_queue_queue_next500_1800_lane9_latest.json
doi__10.1186_s13568-016-0295-8,queue_next500_1800,9,accepted_after_rework,accepted_after_rework,accepted,strict_gates_passed,,,,,1,0,False,,,2026-05-03T21:40:59Z,/root/work/抗菌肽/数据库/batch/4-team/reports/true_rework_queue_queue_next500_1800_lane9_latest.json
doi__10.1186_s13568-016-0315-8,queue_next500_1800,9,accepted_after_rework,accepted_after_rework,accepted,strict_gates_passed,,,,,1,0,False,,,2026-05-03T21:40:59Z,/root/work/抗菌肽/数据库/batch/4-team/reports/true_rework_queue_queue_next500_1800_lane9_latest.json
doi__10.1186_s13568-017-0345-x,queue_next500_1800,9,accepted_after_rework,accepted_after_rework,accepted,strict_gates_passed,,,,,1,0,False,,,2026-05-03T21:40:59Z,/root/work/抗菌肽/数据库/batch/4-team/reports/true_rework_queue_queue_next500_1800_lane9_latest.json
doi__10.1186_s13568-017-0409-y,queue_next500_1800,9,accepted_after_rework,accepted_after_rework,accepted,strict_gates_passed,,,,,1,0,False,fig2_exact_curve_points_not_locally_recoverable,,2026-05-03T21:40:59Z,/root/work/抗菌肽/数据库/batch/4-team/reports/true_rework_queue_queue_next500_1800_lane9_latest.json
doi__10.1186_s13568-017-0430-1,queue_next500_1800,9,accepted_after_rework,accepted_after_rework,accepted,strict_gates_passed,,,,,1,0,False,,,2026-05-03T21:40:59Z,/root/work/抗菌肽/数据库/batch/4-team/reports/true_rework_queue_queue_next500_1800_lane9_latest.json
doi__10.1186_s13568-017-0497-8,queue_next500_1800,9,accepted_after_rework,accepted_after_rework,accepted,strict_gates_passed,,,,,1,0,False,,,2026-05-03T21:40:59Z,/root/work/抗菌肽/数据库/batch/4-team/reports/true_rework_queue_queue_next500_1800_lane9_latest.json
doi__10.1186_s13568-018-0710-4,queue_next500_1800,9,blocked_after_best_effort,blocked_watchdog_timeout_retryable,blocked_process_timeout,codex_worker_timeout,,,,,1,0,False,obtainable_only_source_gap_documented;primary_thanatin_sequence_supplement_unavailable_locally,codex_worker_timeout,2026-05-03T21:40:59Z,/root/work/抗菌肽/数据库/batch/4-team/reports/true_rework_queue_queue_next500_1800_lane9_latest.json
doi__10.1186_s13568-019-0739-z,queue_next500_1800,9,accepted_after_rework,accepted_after_rework,accepted,strict_gates_passed,,,,,1,0,False,,,2026-05-03T21:40:59Z,/root/work/抗菌肽/数据库/batch/4-team/reports/true_rework_queue_queue_next500_1800_lane9_latest.json
doi__10.1186_s13568-019-0843-0,queue_next500_1800,9,accepted_after_rework,accepted_after_rework,accepted,strict_gates_passed,,,,,1,0,False,,,2026-05-03T21:40:59Z,/root/work/抗菌肽/数据库/batch/4-team/reports/true_rework_queue_queue_next500_1800_lane9_latest.json
doi__10.1186_s13568-020-01139-8,queue_next500_1800,9,accepted_after_rework,accepted_after_rework,accepted,strict_gates_passed,,,,,1,0,False,,,2026-05-03T21:40:59Z,/root/work/抗菌肽/数据库/batch/4-team/reports/true_rework_queue_queue_next500_1800_lane9_latest.json
doi__10.1186_s13568-021-01272-y,queue_next500_1800,9,accepted_after_rework,accepted_after_rework,accepted,strict_gates_passed,,,,,1,0,False,,,2026-05-03T21:40:59Z,/root/work/抗菌肽/数据库/batch/4-team/reports/true_rework_queue_queue_next500_1800_lane9_latest.json
doi__10.1186_s40064-016-1854-9,queue_next500_1800,9,blocked_after_best_effort,blocked_missing_external_supplement,blocked_source_gap,missing_external_supplement,,,,,1,0,False,apd6_ap02766_literature_and_sequence_conflict_with_primary_article;no_primary_amp_activity_toxicity_assay_rows_in_local_material;obtainable_only_source_gap_documented;springer_moesm_docx_not_present_in_local_material,,2026-05-03T21:40:59Z,/root/work/抗菌肽/数据库/batch/4-team/reports/true_rework_queue_queue_next500_1800_lane9_latest.json
doi__10.1186_s40104-019-0367-0,queue_next500_1800,9,accepted_after_rework,accepted_after_rework,accepted,strict_gates_passed,,,,,1,0,False,,,2026-05-03T21:40:59Z,/root/work/抗菌肽/数据库/batch/4-team/reports/true_rework_queue_queue_next500_1800_lane9_latest.json
doi__10.1186_s40168-023-01521-1,queue_next500_1800,9,accepted_after_rework,accepted_after_rework,accepted,strict_gates_passed,,,,,1,0,False,,codex_worker_timeout,2026-05-03T21:40:59Z,/root/work/抗菌肽/数据库/batch/4-team/reports/true_rework_queue_queue_next500_1800_lane9_latest.json
doi__10.1186_s40168-024-01985-9,queue_next500_1800,9,accepted_after_rework,accepted_after_rework,accepted,strict_gates_passed,,,,,1,0,False,,,2026-05-03T21:40:59Z,/root/work/抗菌肽/数据库/batch/4-team/reports/true_rework_queue_queue_next500_1800_lane9_latest.json
doi__10.1186_s40168-025-02145-3,queue_next500_1800,9,accepted_after_rework,accepted_after_rework,accepted,strict_gates_passed,,,,,1,0,False,,codex_worker_timeout,2026-05-03T21:40:59Z,/root/work/抗菌肽/数据库/batch/4-team/reports/true_rework_queue_queue_next500_1800_lane9_latest.json
doi__10.1186_s40360-019-0309-7,queue_next500_1800,9,accepted_after_rework,accepted_after_rework,accepted,strict_gates_passed,,,,,1,0,False,,,2026-05-03T21:40:59Z,/root/work/抗菌肽/数据库/batch/4-team/reports/true_rework_queue_queue_next500_1800_lane9_latest.json
doi__10.1186_s40409-016-0058-7,queue_next500_1800,9,accepted_after_rework,accepted_after_rework,accepted,strict_gates_passed,,,,,1,0,False,,,2026-05-03T21:40:59Z,/root/work/抗菌肽/数据库/batch/4-team/reports/true_rework_queue_queue_next500_1800_lane9_latest.json
doi__10.1186_s40409-016-0070-y,queue_next500_1800,9,accepted_after_rework,accepted_after_rework,accepted,strict_gates_passed,,,,,1,0,False,,,2026-05-03T21:40:59Z,/root/work/抗菌肽/数据库/batch/4-team/reports/true_rework_queue_queue_next500_1800_lane9_latest.json
doi__10.1186_s40409-017-0094-y,queue_next500_1800,9,accepted_after_rework,accepted_after_rework,accepted,strict_gates_passed,,,,,1,0,False,,,2026-05-03T21:40:59Z,/root/work/抗菌肽/数据库/batch/4-team/reports/true_rework_queue_queue_next500_1800_lane9_latest.json
doi__10.1186_s40409-017-0119-6,queue_next500_1800,9,accepted_after_rework,accepted_after_rework,accepted,strict_gates_passed,,,,,1,0,False,,,2026-05-03T21:40:59Z,/root/work/抗菌肽/数据库/batch/4-team/reports/true_rework_queue_queue_next500_1800_lane9_latest.json
doi__10.1186_s40409-017-0130-y,queue_next500_1800,9,accepted_after_rework,accepted_after_rework,accepted,strict_gates_passed,,,,,1,0,False,,codex_worker_timeout,2026-05-03T21:40:59Z,/root/work/抗菌肽/数据库/batch/4-team/reports/true_rework_queue_queue_next500_1800_lane9_latest.json
doi__10.1186_s43141-022-00366-9,queue_next500_1800,9,accepted_after_rework,accepted_after_rework,accepted,strict_gates_passed,,,,,1,0,False,exact_figure_curve_values_not_text_supported,codex_worker_timeout,2026-05-03T21:40:59Z,/root/work/抗菌肽/数据库/batch/4-team/reports/true_rework_queue_queue_next500_1800_lane9_latest.json
doi__10.1242_dmm.007310,queue_next500_1800,9,accepted_after_rework,accepted_after_rework,accepted,strict_gates_passed,,,,,1,0,False,,,2026-05-03T21:40:59Z,/root/work/抗菌肽/数据库/batch/4-team/reports/true_rework_queue_queue_next500_1800_lane9_latest.json
doi__10.1371_journal.pbio.0030038,queue_next500_1800,9,blocked_after_best_effort,blocked_missing_external_supplement,blocked_source_gap,missing_external_supplement,,,,,1,0,False,no_primary_activity_toxicity_assay_rows_in_local_material;obtainable_only_source_gap_documented,,2026-05-03T21:40:59Z,/root/work/抗菌肽/数据库/batch/4-team/reports/true_rework_queue_queue_next500_1800_lane9_latest.json
doi__10.1371_journal.pbio.3000337,queue_next500_1800,9,accepted_after_rework,accepted_after_rework,accepted,strict_gates_passed,,,,,1,0,False,,codex_worker_timeout,2026-05-03T21:40:59Z,/root/work/抗菌肽/数据库/batch/4-team/reports/true_rework_queue_queue_next500_1800_lane9_latest.json
doi__10.1371_journal.pcbi.1003212,queue_next500_1800,9,accepted_after_rework,accepted_after_rework,accepted,strict_gates_passed,,,,,1,0,False,,,2026-05-03T21:40:59Z,/root/work/抗菌肽/数据库/batch/4-team/reports/true_rework_queue_queue_next500_1800_lane9_latest.json
doi__10.1371_journal.pcbi.1004074,queue_next500_1800,9,accepted_after_rework,accepted_after_rework,accepted,strict_gates_passed,,,,,1,0,False,,,2026-05-03T21:40:59Z,/root/work/抗菌肽/数据库/batch/4-team/reports/true_rework_queue_queue_next500_1800_lane9_latest.json
doi__10.1371_journal.pgen.1000740,queue_next500_1800,9,blocked_after_best_effort,blocked_missing_external_supplement,blocked_source_gap,missing_external_supplement,,,,,1,0,False,database_sequence_activity_primary_support_absent;obtainable_only_source_gap_documented;primary_activity_toxicity_rows_absent;primary_amp_mechanism_absent,,2026-05-03T21:40:59Z,/root/work/抗菌肽/数据库/batch/4-team/reports/true_rework_queue_queue_next500_1800_lane9_latest.json
doi__10.1371_journal.pgen.1003662,queue_next500_1800,9,accepted_after_rework,accepted_after_rework,accepted,strict_gates_passed,,,,,1,0,False,,codex_worker_timeout,2026-05-03T21:40:59Z,/root/work/抗菌肽/数据库/batch/4-team/reports/true_rework_queue_queue_next500_1800_lane9_latest.json
doi__10.1371_journal.pgen.1007440,queue_next500_1800,9,accepted_after_rework,accepted_after_rework,accepted,strict_gates_passed,,,,,1,0,False,activity_target_species_strain_not_reported;molecular_antimicrobial_mechanism_not_assayed;primary_exact_full_sequences_not_embedded,codex_worker_timeout,2026-05-03T21:40:59Z,/root/work/抗菌肽/数据库/batch/4-team/reports/true_rework_queue_queue_next500_1800_lane9_latest.json
doi__10.1371_journal.pntd.0000721,queue_next500_1800,9,accepted_after_rework,accepted_after_rework,accepted,strict_gates_passed,,,,,1,3,False,,,2026-05-03T21:40:59Z,/root/work/抗菌肽/数据库/batch/4-team/reports/true_rework_queue_queue_next500_1800_lane9_latest.json
doi__10.1371_journal.pntd.0001141,queue_next500_1800,9,accepted_after_rework,accepted_after_rework,accepted,strict_gates_passed,,,,,1,0,False,figure_only_exact_bar_values_not_reliably_extractable;no_linked_sequence_snapshot_for_dbaasp_synthetic_isomers,,2026-05-03T21:40:59Z,/root/work/抗菌肽/数据库/batch/4-team/reports/true_rework_queue_queue_next500_1800_lane9_latest.json
doi__10.1371_journal.pntd.0002307,queue_next500_1800,9,accepted_after_rework,accepted_after_rework,accepted,strict_gates_passed,,,,,1,0,False,figure_exact_numeric_points_not_structured;oa_package_archive_unavailable_local_remote_fetch_failed;supplementary_assets_are_landing_html_no_assay_tables,,2026-05-03T21:40:59Z,/root/work/抗菌肽/数据库/batch/4-team/reports/true_rework_queue_queue_next500_1800_lane9_latest.json
doi__10.1371_journal.pntd.0007217,queue_next500_1800,9,accepted_after_rework,accepted_after_rework,accepted,strict_gates_passed,,,,,1,0,False,,,2026-05-03T21:40:59Z,/root/work/抗菌肽/数据库/batch/4-team/reports/true_rework_queue_queue_next500_1800_lane9_latest.json
doi__10.1371_journal.pone.0000201,queue_next500_1800,9,accepted_after_rework,accepted_after_rework,accepted,strict_gates_passed,,,,,1,0,False,,,2026-05-03T21:40:59Z,/root/work/抗菌肽/数据库/batch/4-team/reports/true_rework_queue_queue_next500_1800_lane9_latest.json
doi__10.1371_journal.pone.0003217,queue_next500_1800,9,accepted_after_rework,accepted_after_rework,accepted,strict_gates_passed,,,,,1,0,False,,codex_worker_timeout,2026-05-03T21:40:59Z,/root/work/抗菌肽/数据库/batch/4-team/reports/true_rework_queue_queue_next500_1800_lane9_latest.json
doi__10.1371_journal.pone.0007191,queue_next500_1800,9,accepted_after_rework,accepted_after_rework,accepted,strict_gates_passed,,,,,1,0,False,,,2026-05-03T21:40:59Z,/root/work/抗菌肽/数据库/batch/4-team/reports/true_rework_queue_queue_next500_1800_lane9_latest.json
doi__10.1371_journal.pone.0007517,queue_next500_1800,9,accepted_after_rework,accepted_after_rework,accepted,strict_gates_passed,,,,,1,0,False,,,2026-05-03T21:40:59Z,/root/work/抗菌肽/数据库/batch/4-team/reports/true_rework_queue_queue_next500_1800_lane9_latest.json
doi__10.1371_journal.pone.0008926,queue_next500_1800,9,blocked_after_best_effort,blocked_figure_chart_value_gap,blocked_source_gap,figure_or_chart_exact_value_unrecoverable,,,,,1,0,False,cas2_database_sequence_not_primary_source_verified;no_primary_cas2_amp_activity_or_toxicity_rows;obtainable_only_source_gap_documented;supplementary_original_doc_rtf_tif_assets_not_locally_recovered,,2026-05-03T21:40:59Z,/root/work/抗菌肽/数据库/batch/4-team/reports/true_rework_queue_queue_next500_1800_lane9_latest.json
doi__10.1371_journal.pone.0009505,queue_next500_1800,9,accepted_after_rework,accepted_after_rework,accepted,strict_gates_passed,,,,,1,0,False,,,2026-05-03T21:40:59Z,/root/work/抗菌肽/数据库/batch/4-team/reports/true_rework_queue_queue_next500_1800_lane9_latest.json
doi__10.1371_journal.pone.0012684,queue_next500_1800,9,accepted_after_rework,accepted_after_rework,accepted,strict_gates_passed,,,,,1,0,False,,,2026-05-03T21:40:59Z,/root/work/抗菌肽/数据库/batch/4-team/reports/true_rework_queue_queue_next500_1800_lane9_latest.json
doi__10.1371_journal.pone.0013480,queue_next500_1800,9,accepted_after_rework,accepted_after_rework,accepted,strict_gates_passed,,,,,1,0,False,,,2026-05-03T21:40:59Z,/root/work/抗菌肽/数据库/batch/4-team/reports/true_rework_queue_queue_next500_1800_lane9_latest.json
doi__10.1371_journal.pone.0016400,queue_next500_1800,9,accepted_after_rework,accepted_after_rework,accepted,strict_gates_passed,,,,,1,0,False,,,2026-05-03T21:40:59Z,/root/work/抗菌肽/数据库/batch/4-team/reports/true_rework_queue_queue_next500_1800_lane9_latest.json
doi__10.1371_journal.pone.0017898,queue_next500_1800,9,accepted_after_rework,accepted_after_rework,accepted,strict_gates_passed,,,,,1,0,False,,,2026-05-03T21:40:59Z,/root/work/抗菌肽/数据库/batch/4-team/reports/true_rework_queue_queue_next500_1800_lane9_latest.json
doi__10.1371_journal.pone.0018550,queue_next500_1800,9,accepted_after_rework,accepted_after_rework,accepted,strict_gates_passed,,,,,1,0,False,,,2026-05-03T21:40:59Z,/root/work/抗菌肽/数据库/batch/4-team/reports/true_rework_queue_queue_next500_1800_lane9_latest.json
doi__10.1371_journal.pone.0018756,queue_next500_1800,9,accepted_after_rework,accepted_after_rework,accepted,strict_gates_passed,,,,,1,0,False,,,2026-05-03T21:40:59Z,/root/work/抗菌肽/数据库/batch/4-team/reports/true_rework_queue_queue_next500_1800_lane9_latest.json
doi__10.1371_journal.pone.0023417,queue_next500_1800,10,accepted_after_rework,accepted_after_rework,accepted,strict_gates_passed,,,,,1,0,False,,,2026-05-03T20:20:26Z,/root/work/抗菌肽/数据库/batch/4-team/reports/true_rework_queue_queue_next500_1800_lane10_latest.json
doi__10.1371_journal.pone.0024030,queue_next500_1800,10,accepted_after_rework,accepted_after_rework,accepted,strict_gates_passed,,,,,1,0,False,,,2026-05-03T20:20:26Z,/root/work/抗菌肽/数据库/batch/4-team/reports/true_rework_queue_queue_next500_1800_lane10_latest.json
doi__10.1371_journal.pone.0030478,queue_next500_1800,10,blocked_after_best_effort,blocked_missing_external_supplement,blocked_source_gap,missing_external_supplement,,,,,1,0,False,obtainable_only_source_gap_documented;primary_activity_values_absent_from_local_paper,,2026-05-03T20:20:26Z,/root/work/抗菌肽/数据库/batch/4-team/reports/true_rework_queue_queue_next500_1800_lane10_latest.json
doi__10.1371_journal.pone.0031498,queue_next500_1800,10,accepted_after_rework,accepted_after_rework,accepted,strict_gates_passed,,,,,1,0,False,,,2026-05-03T20:20:26Z,/root/work/抗菌肽/数据库/batch/4-team/reports/true_rework_queue_queue_next500_1800_lane10_latest.json
doi__10.1371_journal.pone.0033351,queue_next500_1800,10,accepted_after_rework,accepted_after_rework,accepted,strict_gates_passed,,,,,1,0,False,,,2026-05-03T20:20:26Z,/root/work/抗菌肽/数据库/batch/4-team/reports/true_rework_queue_queue_next500_1800_lane10_latest.json
doi__10.1371_journal.pone.0033639,queue_next500_1800,10,accepted_after_rework,accepted_after_rework,accepted,strict_gates_passed,,,,,1,0,False,,,2026-05-03T20:20:26Z,/root/work/抗菌肽/数据库/batch/4-team/reports/true_rework_queue_queue_next500_1800_lane10_latest.json
doi__10.1371_journal.pone.0034947,queue_next500_1800,10,accepted_after_rework,accepted_after_rework,accepted,strict_gates_passed,,,,,1,0,False,,,2026-05-03T20:20:26Z,/root/work/抗菌肽/数据库/batch/4-team/reports/true_rework_queue_queue_next500_1800_lane10_latest.json
doi__10.1371_journal.pone.0040125,queue_next500_1800,10,accepted_after_rework,accepted_after_rework,accepted,strict_gates_passed,,,,,1,0,False,,,2026-05-03T20:20:26Z,/root/work/抗菌肽/数据库/batch/4-team/reports/true_rework_queue_queue_next500_1800_lane10_latest.json
doi__10.1371_journal.pone.0040135,queue_next500_1800,10,accepted_after_rework,accepted_after_rework,accepted,strict_gates_passed,,,,,1,0,False,,,2026-05-03T20:20:26Z,/root/work/抗菌肽/数据库/batch/4-team/reports/true_rework_queue_queue_next500_1800_lane10_latest.json
doi__10.1371_journal.pone.0044351,queue_next500_1800,10,accepted_after_rework,accepted_after_rework,accepted,strict_gates_passed,,,,,1,0,False,,,2026-05-03T20:20:26Z,/root/work/抗菌肽/数据库/batch/4-team/reports/true_rework_queue_queue_next500_1800_lane10_latest.json
doi__10.1371_journal.pone.0045848,queue_next500_1800,10,accepted_after_rework,accepted_after_rework,accepted,strict_gates_passed,,,,,1,0,False,,,2026-05-03T20:20:26Z,/root/work/抗菌肽/数据库/batch/4-team/reports/true_rework_queue_queue_next500_1800_lane10_latest.json
doi__10.1371_journal.pone.0047047,queue_next500_1800,10,accepted_after_rework,accepted_after_rework,accepted,strict_gates_passed,,,,,1,0,False,,,2026-05-03T20:20:26Z,/root/work/抗菌肽/数据库/batch/4-team/reports/true_rework_queue_queue_next500_1800_lane10_latest.json
doi__10.1371_journal.pone.0047642,queue_next500_1800,10,accepted_after_rework,accepted_after_rework,accepted,strict_gates_passed,,,,,1,0,False,,,2026-05-03T20:20:26Z,/root/work/抗菌肽/数据库/batch/4-team/reports/true_rework_queue_queue_next500_1800_lane10_latest.json
doi__10.1371_journal.pone.0047743,queue_next500_1800,10,accepted_after_rework,accepted_after_rework,accepted,strict_gates_passed,,,,,1,0,False,,,2026-05-03T20:20:26Z,/root/work/抗菌肽/数据库/batch/4-team/reports/true_rework_queue_queue_next500_1800_lane10_latest.json
doi__10.1371_journal.pone.0048721,queue_next500_1800,10,accepted_after_rework,accepted_after_rework,accepted,strict_gates_passed,,,,,1,0,False,,,2026-05-03T20:20:26Z,/root/work/抗菌肽/数据库/batch/4-team/reports/true_rework_queue_queue_next500_1800_lane10_latest.json
doi__10.1371_journal.pone.0050003,queue_next500_1800,10,blocked_after_best_effort,blocked_figure_chart_value_gap,blocked_source_gap,figure_or_chart_exact_value_unrecoverable,,,,,1,0,False,obtainable_only_source_gap_documented;supplementary_table_s1_xlsx_not_local,,2026-05-03T20:20:26Z,/root/work/抗菌肽/数据库/batch/4-team/reports/true_rework_queue_queue_next500_1800_lane10_latest.json
doi__10.1371_journal.pone.0050263,queue_next500_1800,10,accepted_after_rework,accepted_after_rework,accepted,strict_gates_passed,,,,,1,0,False,,,2026-05-03T20:20:26Z,/root/work/抗菌肽/数据库/batch/4-team/reports/true_rework_queue_queue_next500_1800_lane10_latest.json
doi__10.1371_journal.pone.0050995,queue_next500_1800,10,accepted_after_rework,accepted_after_rework,accepted,strict_gates_passed,,,,,1,0,False,,,2026-05-03T20:20:26Z,/root/work/抗菌肽/数据库/batch/4-team/reports/true_rework_queue_queue_next500_1800_lane10_latest.json
doi__10.1371_journal.pone.0053326,queue_next500_1800,10,accepted_after_rework,accepted_after_rework,accepted,strict_gates_passed,,,,,1,0,False,comparator_control_exact_sequences_not_printed_in_local_primary_material,codex_worker_timeout,2026-05-03T20:20:26Z,/root/work/抗菌肽/数据库/batch/4-team/reports/true_rework_queue_queue_next500_1800_lane10_latest.json
doi__10.1371_journal.pone.0053491,queue_next500_1800,10,accepted_after_rework,accepted_after_rework,accepted,strict_gates_passed,,,,,1,0,False,,,2026-05-03T20:20:26Z,/root/work/抗菌肽/数据库/batch/4-team/reports/true_rework_queue_queue_next500_1800_lane10_latest.json
doi__10.1371_journal.pone.0053686,queue_next500_1800,10,accepted_after_rework,accepted_after_rework,accepted,strict_gates_passed,,,,,1,0,False,,codex_worker_timeout,2026-05-03T20:20:26Z,/root/work/抗菌肽/数据库/batch/4-team/reports/true_rework_queue_queue_next500_1800_lane10_latest.json
doi__10.1371_journal.pone.0056081,queue_next500_1800,10,accepted_after_rework,accepted_after_rework,accepted,strict_gates_passed,,,,,1,0,False,,,2026-05-03T20:20:26Z,/root/work/抗菌肽/数据库/batch/4-team/reports/true_rework_queue_queue_next500_1800_lane10_latest.json
doi__10.1371_journal.pone.0057318,queue_next500_1800,10,accepted_after_rework,accepted_after_rework,accepted,strict_gates_passed,,,,,1,0,False,,,2026-05-03T20:20:26Z,/root/work/抗菌肽/数据库/batch/4-team/reports/true_rework_queue_queue_next500_1800_lane10_latest.json
doi__10.1371_journal.pone.0057991,queue_next500_1800,10,accepted_after_rework,accepted_after_rework,accepted,strict_gates_passed,,,,,1,0,False,,,2026-05-03T20:20:26Z,/root/work/抗菌肽/数据库/batch/4-team/reports/true_rework_queue_queue_next500_1800_lane10_latest.json
doi__10.1371_journal.pone.0058709,queue_next500_1800,10,accepted_after_rework,accepted_after_rework,accepted,strict_gates_passed,,,,,1,0,False,,,2026-05-03T20:20:26Z,/root/work/抗菌肽/数据库/batch/4-team/reports/true_rework_queue_queue_next500_1800_lane10_latest.json
doi__10.1371_journal.pone.0058866,queue_next500_1800,10,accepted_after_rework,accepted_after_rework,accepted,strict_gates_passed,,,,,1,0,False,,,2026-05-03T20:20:26Z,/root/work/抗菌肽/数据库/batch/4-team/reports/true_rework_queue_queue_next500_1800_lane10_latest.json
doi__10.1371_journal.pone.0058997,queue_next500_1800,10,accepted_after_rework,accepted_after_rework,accepted,strict_gates_passed,,,,,1,0,False,,,2026-05-03T20:20:26Z,/root/work/抗菌肽/数据库/batch/4-team/reports/true_rework_queue_queue_next500_1800_lane10_latest.json
doi__10.1371_journal.pone.0059119,queue_next500_1800,10,accepted_after_rework,accepted_after_rework,accepted,strict_gates_passed,,,,,1,0,False,,,2026-05-03T20:20:26Z,/root/work/抗菌肽/数据库/batch/4-team/reports/true_rework_queue_queue_next500_1800_lane10_latest.json
doi__10.1371_journal.pone.0059255,queue_next500_1800,10,accepted_after_rework,accepted_after_rework,accepted,strict_gates_passed,,,,,1,0,False,,,2026-05-03T20:20:26Z,/root/work/抗菌肽/数据库/batch/4-team/reports/true_rework_queue_queue_next500_1800_lane10_latest.json
doi__10.1371_journal.pone.0060462,queue_next500_1800,10,accepted_after_rework,accepted_after_rework,accepted,strict_gates_passed,,,,,1,0,False,figure_only_exact_dose_response_values_not_tabulated;supplementary_payload_absent_or_html_only_after_local_recovery,,2026-05-03T20:20:26Z,/root/work/抗菌肽/数据库/batch/4-team/reports/true_rework_queue_queue_next500_1800_lane10_latest.json
doi__10.1371_journal.pone.0061614,queue_next500_1800,10,accepted_after_rework,accepted_after_rework,accepted,strict_gates_passed,,,,,1,0,False,,,2026-05-03T20:20:26Z,/root/work/抗菌肽/数据库/batch/4-team/reports/true_rework_queue_queue_next500_1800_lane10_latest.json
doi__10.1371_journal.pone.0061964,queue_next500_1800,10,accepted_after_rework,accepted_after_rework,accepted,strict_gates_passed,,,,,1,0,False,,,2026-05-03T20:20:26Z,/root/work/抗菌肽/数据库/batch/4-team/reports/true_rework_queue_queue_next500_1800_lane10_latest.json
doi__10.1371_journal.pone.0062302,queue_next500_1800,10,accepted_after_rework,accepted_after_rework,accepted,strict_gates_passed,,,,,1,0,False,,,2026-05-03T20:20:26Z,/root/work/抗菌肽/数据库/batch/4-team/reports/true_rework_queue_queue_next500_1800_lane10_latest.json
doi__10.1371_journal.pone.0064010,queue_next500_1800,10,accepted_after_rework,accepted_after_rework,accepted,strict_gates_passed,,,,,1,0,False,,,2026-05-03T20:20:26Z,/root/work/抗菌肽/数据库/batch/4-team/reports/true_rework_queue_queue_next500_1800_lane10_latest.json
doi__10.1371_journal.pone.0066084,queue_next500_1800,10,accepted_after_rework,accepted_after_rework,accepted,strict_gates_passed,,,,,1,0,False,,,2026-05-03T20:20:26Z,/root/work/抗菌肽/数据库/batch/4-team/reports/true_rework_queue_queue_next500_1800_lane10_latest.json
doi__10.1371_journal.pone.0066279,queue_next500_1800,10,accepted_after_rework,accepted_after_rework,accepted,strict_gates_passed,,,,,1,0,False,,,2026-05-03T20:20:26Z,/root/work/抗菌肽/数据库/batch/4-team/reports/true_rework_queue_queue_next500_1800_lane10_latest.json
doi__10.1371_journal.pone.0067597,queue_next500_1800,10,accepted_after_rework,accepted_after_rework,accepted,strict_gates_passed,,,,,1,0,False,,codex_worker_timeout,2026-05-03T20:20:26Z,/root/work/抗菌肽/数据库/batch/4-team/reports/true_rework_queue_queue_next500_1800_lane10_latest.json
doi__10.1371_journal.pone.0067937,queue_next500_1800,10,accepted_after_rework,accepted_after_rework,accepted,strict_gates_passed,,,,,1,0,False,,,2026-05-03T20:20:26Z,/root/work/抗菌肽/数据库/batch/4-team/reports/true_rework_queue_queue_next500_1800_lane10_latest.json
doi__10.1371_journal.pone.0070484,queue_next500_1800,10,accepted_after_rework,accepted_after_rework,accepted,strict_gates_passed,,,,,1,2,False,,codex_worker_timeout,2026-05-03T20:20:26Z,/root/work/抗菌肽/数据库/batch/4-team/reports/true_rework_queue_queue_next500_1800_lane10_latest.json
doi__10.1371_journal.pone.0070782,queue_next500_1800,10,accepted_after_rework,accepted_after_rework,accepted,strict_gates_passed,,,,,1,0,False,,codex_worker_timeout,2026-05-03T20:20:26Z,/root/work/抗菌肽/数据库/batch/4-team/reports/true_rework_queue_queue_next500_1800_lane10_latest.json
doi__10.1371_journal.pone.0071687,queue_next500_1800,10,accepted_after_rework,accepted_after_rework,accepted,strict_gates_passed,,,,,1,0,False,,,2026-05-03T20:20:26Z,/root/work/抗菌肽/数据库/batch/4-team/reports/true_rework_queue_queue_next500_1800_lane10_latest.json
doi__10.1371_journal.pone.0072923,queue_next500_1800,10,accepted_after_rework,accepted_after_rework,accepted,strict_gates_passed,,,,,1,0,False,,,2026-05-03T20:20:26Z,/root/work/抗菌肽/数据库/batch/4-team/reports/true_rework_queue_queue_next500_1800_lane10_latest.json
doi__10.1371_journal.pone.0073136,queue_next500_1800,10,accepted_after_rework,accepted_after_rework,accepted,strict_gates_passed,,,,,1,0,False,,,2026-05-03T20:20:26Z,/root/work/抗菌肽/数据库/batch/4-team/reports/true_rework_queue_queue_next500_1800_lane10_latest.json
doi__10.1371_journal.pone.0075582,queue_next500_1800,10,accepted_after_rework,accepted_after_rework,accepted,strict_gates_passed,,,,,1,0,False,,,2026-05-03T20:20:26Z,/root/work/抗菌肽/数据库/batch/4-team/reports/true_rework_queue_queue_next500_1800_lane10_latest.json
doi__10.1371_journal.pone.0076981,queue_next500_1800,10,accepted_after_rework,accepted_after_rework,accepted,strict_gates_passed,,,,,1,0,False,,,2026-05-03T20:20:26Z,/root/work/抗菌肽/数据库/batch/4-team/reports/true_rework_queue_queue_next500_1800_lane10_latest.json
doi__10.1371_journal.pone.0077031,queue_next500_1800,10,accepted_after_rework,accepted_after_rework,accepted,strict_gates_passed,,,,,1,0,False,,,2026-05-03T20:20:26Z,/root/work/抗菌肽/数据库/batch/4-team/reports/true_rework_queue_queue_next500_1800_lane10_latest.json
doi__10.1371_journal.pone.0077751,queue_next500_1800,10,accepted_after_rework,accepted_after_rework,accepted,strict_gates_passed,,,,,1,0,False,,,2026-05-03T20:20:26Z,/root/work/抗菌肽/数据库/batch/4-team/reports/true_rework_queue_queue_next500_1800_lane10_latest.json
doi__10.1371_journal.pone.0080025,queue_next500_1800,10,accepted_after_rework,accepted_after_rework,accepted,strict_gates_passed,,,,,1,0,False,,,2026-05-03T20:20:26Z,/root/work/抗菌肽/数据库/batch/4-team/reports/true_rework_queue_queue_next500_1800_lane10_latest.json
doi__10.1371_journal.pone.0080050,queue_next500_1800,10,blocked_after_best_effort,infrastructure_codex_worker_retry_exhausted,infrastructure_retry_exhausted,codex_worker_nonzero_exit,,,,,1,5,True,codex_worker_nonzero_exit,codex_worker_nonzero_exit,2026-05-03T20:20:26Z,/root/work/抗菌肽/数据库/batch/4-team/reports/true_rework_queue_queue_next500_1800_lane10_latest.json
doi__10.1371_journal.pone.0082081,queue_next500_1800,10,accepted_after_rework,accepted_after_rework,accepted,strict_gates_passed,,,,,1,0,False,,,2026-05-03T20:20:26Z,/root/work/抗菌肽/数据库/batch/4-team/reports/true_rework_queue_queue_next500_1800_lane10_latest.json
