artifact	old_id	new_id
worklist	10.1038/s41598-024-73766-1)	10.1038/s41598-024-73766-1
worklist	10.14744/cpr.2025.96095)	10.14744/cpr.2025.96095
worklist	10.1038/s41467-025-62407-4)	10.1038/s41467-025-62407-4
worklist	10.1371/journal.pcbi.1013833)	10.1371/journal.pcbi.1013833
worklist	10.1021/acsomega.5c01923)	10.1021/acsomega.5c01923
worklist	10.1186/s13567-025-01593-x)	10.1186/s13567-025-01593-x
worklist	10.2478/jvetres-2025-0039)	10.2478/jvetres-2025-0039
worklist	10.3389/fmicb.2025.1662564)	10.3389/fmicb.2025.1662564
worklist	10.1186/s12866-025-04404-7)	10.1186/s12866-025-04404-7
worklist	10.1007/s00284-025-04346-3)	10.1007/s00284-025-04346-3
worklist	10.3389/fmicb.2025.1700442)	10.3389/fmicb.2025.1700442
worklist	10.1038/s41598-025-22890-7)	10.1038/s41598-025-22890-7
worklist	10.3389/fphar.2025.1719557)	10.3389/fphar.2025.1719557
worklist	10.3389/fmicb.2025.1553693)	10.3389/fmicb.2025.1553693
worklist	10.21203/rs.3.rs-7499194_v1)	10.21203/rs.3.rs-7499194/v1
worklist	10.1038/s41598-025-28545-x)	10.1038/s41598-025-28545-x
worklist	10.1038/s41598-025-19166-5)	10.1038/s41598-025-19166-5
worklist	10.3389/fmicb.2025.1642199)	10.3389/fmicb.2025.1642199
worklist	10.1038/s41598-025-06522-8)	10.1038/s41598-025-06522-8
worklist	10.14202/vetworld.2025.3982-3993)	10.14202/vetworld.2025.3982-3993
worklist	10.1038/s41598-025-31310-9)	10.1038/s41598-025-31310-9
worklist	10.1038/s41598-025-19992-7)	10.1038/s41598-025-19992-7
worklist	10.36921/kos.2024_3032)	10.36921/kos.2024/3032
worklist	10.3390/antibiotics14090851)	10.3390/antibiotics14090851
worklist	10.1186/s13567-025-01601-0)	10.1186/s13567-025-01601-0
worklist	10.1186/s13567-025-01586-w)	10.1186/s13567-025-01586-w
worklist	10.1002/anie.202513121)	10.1002/anie.202513121
worklist	10.1186/s12866-025-04357-x)	10.1186/s12866-025-04357-x
worklist	10.1186/s12866-025-04197-9)	10.1186/s12866-025-04197-9
worklist	10.1038/s41598-025-10034-w)	10.1038/s41598-025-10034-w
worklist	10.1186/s12866-025-04123-z)	10.1186/s12866-025-04123-z
worklist	10.1021/acsabm.5c01252)	10.1021/acsabm.5c01252
worklist	10.24272/j.issn.2095-8137.2025.303)	10.24272/j.issn.2095-8137.2025.303
worklist	10.1038/s41598-025-26614-9)	10.1038/s41598-025-26614-9
worklist	10.12677/app.2025.151007)	10.12677/app.2025.151007
worklist	10.3389/fimmu.2025.1524092)	10.3389/fimmu.2025.1524092
worklist	10.1186/s13568-025-01908-3)	10.1186/s13568-025-01908-3
worklist	10.3390/pharmaceutics17121526)	10.3390/pharmaceutics17121526
worklist	10.1038/s41522-025-00837-0)	10.1038/s41522-025-00837-0
worklist	10.3389/fmedt.2025.1663924)	10.3389/fmedt.2025.1663924
worklist	10.1038/s41598-025-29883-6)	10.1038/s41598-025-29883-6
worklist	10.1038/s41598-025-24235-w)	10.1038/s41598-025-24235-w
worklist	10.1186/s12915-025-02324-6)	10.1186/s12915-025-02324-6
worklist	10.3389/fvets.2025.1677663)	10.3389/fvets.2025.1677663
worklist	10.1186/s13568-025-01985-4)	10.1186/s13568-025-01985-4
worklist	10.3389/fmicb.2025.1732053)	10.3389/fmicb.2025.1732053
worklist	10.1038/s41598-025-08159-z)	10.1038/s41598-025-08159-z
worklist	10.1007/s10856-025-06991-3)	10.1007/s10856-025-06991-3
worklist	10.3390/ijms26167832)	10.3390/ijms26167832
worklist	10.1186/s13568-025-01979-2)	10.1186/s13568-025-01979-2
worklist	10.1002/exp.20240045)	10.1002/exp.20240045
worklist	10.1101/2025.09.16.676538)	10.1101/2025.09.16.676538
worklist	10.3389/fcimb.2025.1586442)	10.3389/fcimb.2025.1586442
worklist	10.29244/cb.12.2.1)	10.29244/cb.12.2.1
worklist	10.1038/s44259-025-00135-x)	10.1038/s44259-025-00135-x
worklist	10.1038/s41467-025-66221-w)	10.1038/s41467-025-66221-w
worklist	10.1186/s12866-025-04475-6)	10.1186/s12866-025-04475-6
worklist	10.4014/jmb.2510.10049)	10.4014/jmb.2510.10049
worklist	10.2147/ijgm.s562925)	10.2147/ijgm.s562925
worklist	10.1007/s10856-025-06998-w)	10.1007/s10856-025-06998-w
worklist	10.4014/jmb.2510.10051)	10.4014/jmb.2510.10051
worklist	10.1007/s00253-026-13739-8)	10.1007/s00253-026-13739-8
worklist	10.1038/s41598-026-40997-3)	10.1038/s41598-026-40997-3
worklist	10.1038/s41598-026-39141-y)	10.1038/s41598-026-39141-y
worklist	10.3390/biom16010148)	10.3390/biom16010148
worklist	10.3389/fmicb.2026.1750102)	10.3389/fmicb.2026.1750102
worklist	10.1371/journal.ppat.1013954)	10.1371/journal.ppat.1013954
worklist	10.1186/s11671-026-04474-0)	10.1186/s11671-026-04474-0
worklist	10.3390/ph19030446)	10.3390/ph19030446
worklist	10.1039/d5dd00152h_v2_review2)	10.1039/d5dd00152h/v2_review2
worklist	10.3389/fmicb.2026.1756119)	10.3389/fmicb.2026.1756119
worklist	10.2147/idr.s588264)	10.2147/idr.s588264
worklist	10.18311/jnr_2026_50380)	10.18311/jnr/2026_50380
worklist	10.1186/s11671-025-04426-0)	10.1186/s11671-025-04426-0
worklist	10.3389/fmicb.2026.1807695)	10.3389/fmicb.2026.1807695
worklist	10.1038/s41598-026-39586-1)	10.1038/s41598-026-39586-1
worklist	10.3390/cimb48030318)	10.3390/cimb48030318
worklist	10.21203/rs.3.rs-8631439_v1)	10.21203/rs.3.rs-8631439/v1
worklist	10.1186/s11671-026-04529-2)	10.1186/s11671-026-04529-2
worklist	10.1186/s11671-026-04498-6)	10.1186/s11671-026-04498-6
worklist	10.3390/md24010032)	10.3390/md24010032
worklist	10.3390/antibiotics15030321)	10.3390/antibiotics15030321
worklist	10.1038/s41598-026-42733-3)	10.1038/s41598-026-42733-3
worklist	10.1007/s12010-025-05497-6)	10.1007/s12010-025-05497-6
worklist	10.1038/s41598-026-38001-z)	10.1038/s41598-026-38001-z
worklist	10.3390/molecules31030405)	10.3390/molecules31030405
worklist	10.19136/era.a13n1.4537)	10.19136/era.a13n1.4537
worklist	10.1038/s41598-026-36393-6)	10.1038/s41598-026-36393-6
worklist	10.1039/d6ra00117c_v2_review1)	10.1039/d6ra00117c/v2_review1
worklist	10.1039/d5ra06511a)	10.1039/d5ra06511a
worklist	10.3389/fmicb.2026.1774713)	10.3389/fmicb.2026.1774713
worklist	10.1039/d5ra08809g)	10.1039/d5ra08809g
worklist	10.3389/fmicb.2026.1777863)	10.3389/fmicb.2026.1777863
worklist	10.7717/peerj.18722)	10.7717/peerj.18722
worklist	10.14202/vetworld.2024.2725-2730)	10.14202/vetworld.2024.2725-2730
worklist	10.1515/biol-2022-0927)	10.1515/biol-2022-0927
worklist	10.1186/s13568-024-01701-8)	10.1186/s13568-024-01701-8
worklist	10.2147/dddt.s511271)	10.2147/dddt.s511271
worklist	10.1038/s41564-025-02114-4)	10.1038/s41564-025-02114-4
worklist	10.1038/s41598-025-06228-x)	10.1038/s41598-025-06228-x
worklist	10.1038/s41598-025-19875-x)	10.1038/s41598-025-19875-x
worklist	10.1038/s41598-025-24762-6)	10.1038/s41598-025-24762-6
worklist	10.1186/s13568-025-01938-x)	10.1186/s13568-025-01938-x
worklist	10.3390/antibiotics14070632)	10.3390/antibiotics14070632
worklist	10.1186/s12866-025-04354-0)	10.1186/s12866-025-04354-0
worklist	10.7759/cureus.92917)	10.7759/cureus.92917
worklist	10.1186/s13287-025-04138-3)	10.1186/s13287-025-04138-3
worklist	10.1186/s12866-025-03906-8)	10.1186/s12866-025-03906-8
worklist	10.3389/fmed.2025.1664265)	10.3389/fmed.2025.1664265
worklist	10.1186/s12893-025-03225-9)	10.1186/s12893-025-03225-9
worklist	10.1038/s41467-025-62604-1)	10.1038/s41467-025-62604-1
worklist	10.1172/jci185430)	10.1172/jci185430
worklist	10.1002/ange.202501299)	10.1002/ange.202501299
worklist	10.1128/spectrum.01848-25)	10.1128/spectrum.01848-25
worklist	10.3390/antibiotics14121258)	10.3390/antibiotics14121258
worklist	10.2147/idr.s562024)	10.2147/idr.s562024
worklist	10.1038/s41598-025-18623-5)	10.1038/s41598-025-18623-5
worklist	10.1038/s41598-025-12550-1)	10.1038/s41598-025-12550-1
worklist	10.1007/s00253-025-13631-x)	10.1007/s00253-025-13631-x
worklist	10.1101/2025.08.01.668193)	10.1101/2025.08.01.668193
worklist	10.1007/s13205-025-04475-3)	10.1007/s13205-025-04475-3
worklist	10.1007/s00726-025-03458-1)	10.1007/s00726-025-03458-1
worklist	10.2147/idr.s552862)	10.2147/idr.s552862
worklist	10.1038/s41598-025-27050-5)	10.1038/s41598-025-27050-5
worklist	10.3390/microorganisms13092076)	10.3390/microorganisms13092076
worklist	10.7150/thno.110538)	10.7150/thno.110538
worklist	10.1186/s12890-025-03958-6)	10.1186/s12890-025-03958-6
worklist	10.2147/idr.s573970)	10.2147/idr.s573970
worklist	10.3389/fphar.2025.1679268)	10.3389/fphar.2025.1679268
worklist	10.3389/fmicb.2025.1754398)	10.3389/fmicb.2025.1754398
worklist	10.3389/fchem.2025.1636763)	10.3389/fchem.2025.1636763
worklist	10.1007/s10856-025-06983-3)	10.1007/s10856-025-06983-3
worklist	10.5194/jbji-10-561-2025)	10.5194/jbji-10-561-2025
worklist	10.1038/s41598-025-24924-6)	10.1038/s41598-025-24924-6
worklist	10.1186/s11671-024-04140-3)	10.1186/s11671-024-04140-3
worklist	10.1038/s41598-025-22965-5)	10.1038/s41598-025-22965-5
worklist	10.1038/s41598-025-20756-6)	10.1038/s41598-025-20756-6
worklist	10.1186/s13567-024-01428-1)	10.1186/s13567-024-01428-1
worklist	10.4014/jmb.2507.07004)	10.4014/jmb.2507.07004
worklist	10.1038/s41598-025-08454-9)	10.1038/s41598-025-08454-9
worklist	10.3390/books978-3-7258-5308-3)	10.3390/books978-3-7258-5308-3
worklist	10.1039/d4dt02844a)	10.1039/d4dt02844a
worklist	10.1186/s12917-025-04617-y)	10.1186/s12917-025-04617-y
worklist	10.3390/pathogens14121216)	10.3390/pathogens14121216
worklist	10.1038/s41598-025-30054-w)	10.1038/s41598-025-30054-w
worklist	10.1038/s41598-025-28876-9)	10.1038/s41598-025-28876-9
worklist	10.1039/d5ra05169j)	10.1039/d5ra05169j
worklist	10.1038/s41598-025-12736-7)	10.1038/s41598-025-12736-7
worklist	10.1038/s41598-025-19561-y)	10.1038/s41598-025-19561-y
worklist	10.3389/fmicb.2025.1645341)	10.3389/fmicb.2025.1645341
worklist	10.1186/s12951-025-03601-w)	10.1186/s12951-025-03601-w
worklist	10.21203/rs.3.rs-6261550_v1)	10.21203/rs.3.rs-6261550/v1
worklist	10.1038/s41598-025-18872-4)	10.1038/s41598-025-18872-4
worklist	10.1186/s12906-025-05108-1)	10.1186/s12906-025-05108-1
worklist	10.21203/rs.3.rs-5631852_v1)	10.21203/rs.3.rs-5631852/v1
worklist	10.1038/s41598-025-20360-8)	10.1038/s41598-025-20360-8
worklist	10.2147/nsa.s548941)	10.2147/nsa.s548941
worklist	10.1186/s12906-025-05057-9)	10.1186/s12906-025-05057-9
worklist	10.1038/s41598-025-30978-3)	10.1038/s41598-025-30978-3
worklist	10.1016/j.fbio.2025.107624)	10.1016/j.fbio.2025.107624
worklist	10.1039/d5ra02745d)	10.1039/d5ra02745d
worklist	10.1038/s41598-025-98330-3)	10.1038/s41598-025-98330-3
worklist	10.21203/rs.3.rs-7306037_v1)	10.21203/rs.3.rs-7306037/v1
worklist	10.1007/s00726-025-03477-y)	10.1007/s00726-025-03477-y
worklist	10.1111/acel.70161)	10.1111/acel.70161
worklist	10.1038/s41598-025-18609-3)	10.1038/s41598-025-18609-3
worklist	10.1038/s41598-025-33436-2)	10.1038/s41598-025-33436-2
worklist	10.3389/fcimb.2025.1552872)	10.3389/fcimb.2025.1552872
worklist	10.1038/s41598-025-19694-0)	10.1038/s41598-025-19694-0
worklist	10.1111/1751-7915.70275)	10.1111/1751-7915.70275
worklist	10.1039/d5ra07708g)	10.1039/d5ra07708g
worklist	10.1021/acschembio.5c00632)	10.1021/acschembio.5c00632
worklist	10.2147/jep.s530376)	10.2147/jep.s530376
worklist	10.1038/s41598-025-27847-4)	10.1038/s41598-025-27847-4
worklist	10.1038/s41598-025-23064-1)	10.1038/s41598-025-23064-1
worklist	10.1016/j.xgen.2025.100983)	10.1016/j.xgen.2025.100983
worklist	10.1186/s42238-025-00336-1)	10.1186/s42238-025-00336-1
worklist	10.3389/fmicb.2025.1713216)	10.3389/fmicb.2025.1713216
worklist	10.1099/jmm.0.002030)	10.1099/jmm.0.002030
worklist	10.1038/s41598-025-07358-y)	10.1038/s41598-025-07358-y
worklist	10.1016/j.psj.2025.105917)	10.1016/j.psj.2025.105917
worklist	10.3389/fmicb.2025.1569719)	10.3389/fmicb.2025.1569719
worklist	10.3390/vetsci12080691)	10.3390/vetsci12080691
worklist	10.3389/fpls.2025.1717793)	10.3389/fpls.2025.1717793
worklist	10.2147/idr.s531926)	10.2147/idr.s531926
worklist	10.1039/d5sc06369h)	10.1039/d5sc06369h
worklist	10.1038/s41598-026-37665-x)	10.1038/s41598-026-37665-x
worklist	10.21203/rs.3.rs-8929596_v1)	10.21203/rs.3.rs-8929596/v1
worklist	10.3390/vetsci13010070)	10.3390/vetsci13010070
worklist	10.3389/fnut.2026.1764021)	10.3389/fnut.2026.1764021
worklist	10.1038/s41598-026-38590-9)	10.1038/s41598-026-38590-9
worklist	10.1038/s41467-026-69967-z)	10.1038/s41467-026-69967-z
worklist	10.3390/pharmaceutics18030350)	10.3390/pharmaceutics18030350
worklist	10.1007/s11259-026-11142-2)	10.1007/s11259-026-11142-2
worklist	10.3389/fvets.2026.1761682)	10.3389/fvets.2026.1761682
worklist	10.1038/s41598-026-39148-5)	10.1038/s41598-026-39148-5
worklist	10.1038/s41598-025-33484-8)	10.1038/s41598-025-33484-8
worklist	10.56975/jetir.v13i2.576370)	10.56975/jetir.v13i2.576370
worklist	10.1038/s41467-026-68495-0)	10.1038/s41467-026-68495-0
worklist	10.1039/d6ta00399k_v1_review1)	10.1039/d6ta00399k/v1_review1
worklist	10.1186/s12929-025-01207-w)	10.1186/s12929-025-01207-w
worklist	10.1039/d5ra08618c)	10.1039/d5ra08618c
worklist	10.1186/s11671-026-04500-1)	10.1186/s11671-026-04500-1
worklist	10.1038/s41598-025-31706-7)	10.1038/s41598-025-31706-7
worklist	10.1007/s11130-026-01478-0)	10.1007/s11130-026-01478-0
worklist	10.1093/femsyr_foag007)	10.1093/femsyr/foag007
worklist	10.1007/s44445-026-00121-7)	10.1007/s44445-026-00121-7
worklist	10.1038/s41598-026-39607-z)	10.1038/s41598-026-39607-z
worklist	10.1021/acsomega.5c11601)	10.1021/acsomega.5c11601
worklist	10.1038/s41598-025-34848-w)	10.1038/s41598-025-34848-w
worklist	10.3390/medicina62010218)	10.3390/medicina62010218
worklist	10.1155/ijm_1969553)	10.1155/ijm/1969553
worklist	10.1186/s12866-024-03325-1)	10.1186/s12866-024-03325-1
worklist	10.3390/antibiotics13121113)	10.3390/antibiotics13121113
worklist	10.1039/d5ra03481g)	10.1039/d5ra03481g
worklist	10.1038/s41598-025-04901-9)	10.1038/s41598-025-04901-9
worklist	10.3389/fmicb.2025.1676135)	10.3389/fmicb.2025.1676135
worklist	10.3389/fmicb.2025.1604820)	10.3389/fmicb.2025.1604820
worklist	10.3389/fmicb.2025.1728482)	10.3389/fmicb.2025.1728482
worklist	10.1039/d5ra07917a)	10.1039/d5ra07917a
worklist	10.1186/s12903-025-06217-6)	10.1186/s12903-025-06217-6
worklist	10.1038/s41598-025-32173-w)	10.1038/s41598-025-32173-w
worklist	10.21203/rs.3.rs-7957853_v1)	10.21203/rs.3.rs-7957853/v1
worklist	10.1186/s13568-025-01942-1)	10.1186/s13568-025-01942-1
worklist	10.1186/s12985-025-03001-4)	10.1186/s12985-025-03001-4
worklist	10.3390/microorganisms13122738)	10.3390/microorganisms13122738
worklist	10.1038/s41598-024-80440-z)	10.1038/s41598-024-80440-z
worklist	10.3389/fmicb.2025.1619416)	10.3389/fmicb.2025.1619416
worklist	10.1186/s13568-025-01947-w)	10.1186/s13568-025-01947-w
worklist	10.5455/ovj.2025.v15.i8.41)	10.5455/ovj.2025.v15.i8.41
worklist	10.7717/peerj.19735)	10.7717/peerj.19735
worklist	10.1038/s41598-025-26744-0)	10.1038/s41598-025-26744-0
worklist	10.1038/s41419-025-08044-7)	10.1038/s41419-025-08044-7
worklist	10.1186/s13568-025-01912-7)	10.1186/s13568-025-01912-7
worklist	10.1038/s41522-025-00852-1)	10.1038/s41522-025-00852-1
worklist	10.3390/biom15070966)	10.3390/biom15070966
worklist	10.1080/20002297.2025.2561213)	10.1080/20002297.2025.2561213
worklist	10.1371/journal.pone.0331440)	10.1371/journal.pone.0331440
worklist	10.3389/fimmu.2025.1708169)	10.3389/fimmu.2025.1708169
worklist	10.1007/s11259-025-11000-7)	10.1007/s11259-025-11000-7
worklist	10.3390/plants15010115)	10.3390/plants15010115
worklist	10.1039/d5ra04814a)	10.1039/d5ra04814a
worklist	10.1038/s41598-025-89450-x)	10.1038/s41598-025-89450-x
worklist	10.3389/fbioe.2025.1624106)	10.3389/fbioe.2025.1624106
worklist	10.1021/acsomega.5c01067)	10.1021/acsomega.5c01067
worklist	10.1038/s41598-025-03832-9)	10.1038/s41598-025-03832-9
worklist	10.3390/pharmaceutics17121557)	10.3390/pharmaceutics17121557
worklist	10.3389/fmicb.2025.1569217)	10.3389/fmicb.2025.1569217
worklist	10.1128/spectrum.00825-25)	10.1128/spectrum.00825-25
worklist	10.3389/fcimb.2025.1707694)	10.3389/fcimb.2025.1707694
worklist	10.3390/antibiotics14100960)	10.3390/antibiotics14100960
worklist	10.1016/j.psj.2025.106000)	10.1016/j.psj.2025.106000
worklist	10.1038/s41598-025-23539-1)	10.1038/s41598-025-23539-1
worklist	10.1371/journal.pone.0331669)	10.1371/journal.pone.0331669
worklist	10.3389/fcimb.2025.1616501)	10.3389/fcimb.2025.1616501
worklist	10.1186/s12896-025-01052-7)	10.1186/s12896-025-01052-7
worklist	10.1039/d5ra04198h)	10.1039/d5ra04198h
worklist	10.1038/s42003-025-09348-2)	10.1038/s42003-025-09348-2
worklist	10.3389/fbioe.2026.1751442)	10.3389/fbioe.2026.1751442
worklist	10.1038/s41598-025-34709-6)	10.1038/s41598-025-34709-6
worklist	10.1007/s10123-026-00783-7)	10.1007/s10123-026-00783-7
worklist	10.1007/s00345-026-06333-0)	10.1007/s00345-026-06333-0
worklist	10.1038/s41598-026-41503-5)	10.1038/s41598-026-41503-5
worklist	10.7150/thno.126844)	10.7150/thno.126844
worklist	10.3389/fmicb.2026.1783760)	10.3389/fmicb.2026.1783760
worklist	10.1039/d5ra09260d)	10.1039/d5ra09260d
worklist	10.1038/s41598-025-30539-8)	10.1038/s41598-025-30539-8
worklist	10.33073/pjm-2026-003)	10.33073/pjm-2026-003
worklist	10.1186/s12951-026-04052-7)	10.1186/s12951-026-04052-7
worklist	10.3390/antibiotics15010077)	10.3390/antibiotics15010077
worklist	10.3389/fmicb.2026.1786444)	10.3389/fmicb.2026.1786444
worklist	10.1186/s40643-026-01011-w)	10.1186/s40643-026-01011-w
worklist	10.3389/fmicb.2026.1800825)	10.3389/fmicb.2026.1800825
worklist	10.3892/br.2026.2117)	10.3892/br.2026.2117
worklist	10.3389/fsurg.2026.1739629)	10.3389/fsurg.2026.1739629
worklist	10.1038/s41598-026-38203-5)	10.1038/s41598-026-38203-5
worklist	10.1038/s41598-026-37714-5)	10.1038/s41598-026-37714-5
worklist	10.1007/s42770-026-01883-2)	10.1007/s42770-026-01883-2
worklist	10.3390/antiox15030274)	10.3390/antiox15030274
worklist	10.1039/d6ra00724d)	10.1039/d6ra00724d
worklist	10.1038/s41598-025-32900-3)	10.1038/s41598-025-32900-3
worklist	10.1039/d5ra10074g)	10.1039/d5ra10074g
worklist	10.1111/apm.70167)	10.1111/apm.70167
worklist	10.1039/d5ra09816e)	10.1039/d5ra09816e
worklist	10.21203/rs.3.rs-8660214_v1)	10.21203/rs.3.rs-8660214/v1
worklist	10.1039/d5ra09320a)	10.1039/d5ra09320a
worklist	10.1007/s42770-026-01898-9)	10.1007/s42770-026-01898-9
worklist	10.1038/s41598-026-37682-w)	10.1038/s41598-026-37682-w
worklist	10.1039/d5ra08848h)	10.1039/d5ra08848h
worklist	10.1007/s00253-026-13727-y)	10.1007/s00253-026-13727-y
worklist	10.3389/fmicb.2026.1779848)	10.3389/fmicb.2026.1779848
worklist	10.1039/d5ra07099f)	10.1039/d5ra07099f
worklist	10.1039/d5na00787a)	10.1039/d5na00787a
worklist	10.1039/d5ra09845a)	10.1039/d5ra09845a
worklist	10.3390/pathogens15030274)	10.3390/pathogens15030274
worklist	10.3389/fphar.2026.1734075)	10.3389/fphar.2026.1734075
worklist	10.1039/d6ra00442c)	10.1039/d6ra00442c
worklist	10.1039/d6ra00644b)	10.1039/d6ra00644b
worklist	10.1007/s00705-026-06527-2)	10.1007/s00705-026-06527-2
worklist	10.3389/fmicb.2026.1758802)	10.3389/fmicb.2026.1758802
worklist	10.1039/d5ra06488k)	10.1039/d5ra06488k
worklist	10.3390/ijms27062529)	10.3390/ijms27062529
worklist	10.3390/molecules31050844)	10.3390/molecules31050844
worklist	10.1038/s41598-026-42389-z)	10.1038/s41598-026-42389-z
worklist	10.1007/s13205-026-04754-7)	10.1007/s13205-026-04754-7
worklist	10.14202/vetworld.2026.745-759)	10.14202/vetworld.2026.745-759
worklist	10.1039/d6ra00999a)	10.1039/d6ra00999a
worklist	10.1038/s41598-025-28621-2)	10.1038/s41598-025-28621-2
worklist	10.1002/smll.202506893)	10.1002/smll.202506893
worklist	10.1038/s41598-025-16109-y)	10.1038/s41598-025-16109-y
worklist	10.4014/jmb.2502.02011)	10.4014/jmb.2502.02011
worklist	10.1039/d5ra07686b)	10.1039/d5ra07686b
worklist	10.37090/14f8qw67)	10.37090/14f8qw67
worklist	10.1186/s12906-025-05148-7)	10.1186/s12906-025-05148-7
worklist	10.3390/nano15171318)	10.3390/nano15171318
worklist	10.1038/s41598-025-21755-3)	10.1038/s41598-025-21755-3
worklist	10.1186/s12866-025-04265-0)	10.1186/s12866-025-04265-0
worklist	10.1038/s41598-025-26960-8)	10.1038/s41598-025-26960-8
worklist	10.3389/fcimb.2025.1678489)	10.3389/fcimb.2025.1678489
worklist	10.3389/fmicb.2025.1640392)	10.3389/fmicb.2025.1640392
worklist	10.3390/ph18121868)	10.3390/ph18121868
worklist	10.1038/s41598-025-30720-z)	10.1038/s41598-025-30720-z
worklist	10.1039/d5na00621j)	10.1039/d5na00621j
worklist	10.7853/kjvs.2025.48.1.55)	10.7853/kjvs.2025.48.1.55
worklist	10.1038/s41598-025-27272-7)	10.1038/s41598-025-27272-7
worklist	10.1186/s13568-025-01977-4)	10.1186/s13568-025-01977-4
worklist	10.1007/s00253-025-13635-7)	10.1007/s00253-025-13635-7
worklist	10.3389/fmicb.2025.1625659)	10.3389/fmicb.2025.1625659
worklist	10.1038/s41598-025-15260-w)	10.1038/s41598-025-15260-w
worklist	10.1038/s41598-025-21192-2)	10.1038/s41598-025-21192-2
worklist	10.1038/s41598-025-30276-y)	10.1038/s41598-025-30276-y
worklist	10.1007/s11274-025-04533-1)	10.1007/s11274-025-04533-1
worklist	10.3389/fmicb.2025.1658320)	10.3389/fmicb.2025.1658320
worklist	10.1007/s12602-025-10483-9)	10.1007/s12602-025-10483-9
worklist	10.1186/s12906-025-05147-8)	10.1186/s12906-025-05147-8
worklist	10.1038/s41598-025-15558-9)	10.1038/s41598-025-15558-9
worklist	10.1038/s41598-025-01062-7)	10.1038/s41598-025-01062-7
worklist	10.1186/s13099-025-00718-z)	10.1186/s13099-025-00718-z
worklist	10.1038/s41598-025-29075-2)	10.1038/s41598-025-29075-2
worklist	10.1039/d5ra03971a)	10.1039/d5ra03971a
worklist	10.3389/fphar.2025.1530043)	10.3389/fphar.2025.1530043
worklist	10.1038/s41598-025-13384-7)	10.1038/s41598-025-13384-7
worklist	10.1038/s41598-025-17002-4)	10.1038/s41598-025-17002-4
worklist	10.3389/fnut.2025.1624539)	10.3389/fnut.2025.1624539
worklist	10.1186/s12866-025-04382-w)	10.1186/s12866-025-04382-w
worklist	10.21203/rs.3.rs-7542671_v1)	10.21203/rs.3.rs-7542671/v1
worklist	10.3762/bjnano.16.145)	10.3762/bjnano.16.145
worklist	10.1038/s41598-025-27644-z)	10.1038/s41598-025-27644-z
worklist	10.1186/s12870-025-07684-3)	10.1186/s12870-025-07684-3
worklist	10.1038/s41598-025-30573-6)	10.1038/s41598-025-30573-6
worklist	10.3389/fchem.2025.1627543)	10.3389/fchem.2025.1627543
worklist	10.1038/s41598-025-16485-5)	10.1038/s41598-025-16485-5
worklist	10.1038/s41598-025-29501-5)	10.1038/s41598-025-29501-5
worklist	10.3390/ijerph22111725)	10.3390/ijerph22111725
worklist	10.4102/ajlm.v14i1.2895)	10.4102/ajlm.v14i1.2895
worklist	10.1007/s00203-025-04640-5)	10.1007/s00203-025-04640-5
worklist	10.2478/jvetres-2026-0005)	10.2478/jvetres-2026-0005
worklist	10.1038/s42003-026-09739-z)	10.1038/s42003-026-09739-z
worklist	10.21873/invivo.14245)	10.21873/invivo.14245
worklist	10.1038/s41598-026-36976-3)	10.1038/s41598-026-36976-3
worklist	10.3389/fmicb.2026.1758540)	10.3389/fmicb.2026.1758540
worklist	10.3389/fmicb.2026.1771100)	10.3389/fmicb.2026.1771100
worklist	10.1007/s10482-026-02260-7)	10.1007/s10482-026-02260-7
worklist	10.1186/s12866-026-04819-w)	10.1186/s12866-026-04819-w
worklist	10.7759/cureus.104772)	10.7759/cureus.104772
worklist	10.1039/d6ra00680a)	10.1039/d6ra00680a
worklist	10.1038/s41598-025-34899-z)	10.1038/s41598-025-34899-z
worklist	10.1186/s11671-026-04489-7)	10.1186/s11671-026-04489-7
worklist	10.1186/s13054-026-05884-3)	10.1186/s13054-026-05884-3
worklist	10.1038/s41598-026-39547-8)	10.1038/s41598-026-39547-8
worklist	10.2147/ijn.s565719)	10.2147/ijn.s565719
worklist	10.1039/d6ra01488g)	10.1039/d6ra01488g
worklist	10.2147/idr.s598477)	10.2147/idr.s598477
worklist	10.2478/jvetres-2026-0017)	10.2478/jvetres-2026-0017
worklist	10.3389/fmicb.2026.1763675)	10.3389/fmicb.2026.1763675
worklist	10.1007/s00253-026-13771-8)	10.1007/s00253-026-13771-8
worklist	10.4014/jmb.2601.01065)	10.4014/jmb.2601.01065
worklist	10.3389/fcimb.2026.1768480)	10.3389/fcimb.2026.1768480
worklist	10.1038/s41598-026-42070-5)	10.1038/s41598-026-42070-5
worklist	10.2147/idr.s571281)	10.2147/idr.s571281
worklist	10.3389/fmicb.2026.1782549)	10.3389/fmicb.2026.1782549
worklist	10.1007/s00253-026-13738-9)	10.1007/s00253-026-13738-9
worklist	10.1292/jvms.25-0260)	10.1292/jvms.25-0260
worklist	10.1039/d5ra08511j)	10.1039/d5ra08511j
worklist	10.1007/s44463-025-00013-0)	10.1007/s44463-025-00013-0
worklist	10.1038/s41598-026-40885-w)	10.1038/s41598-026-40885-w
worklist	10.1186/s11671-026-04518-5)	10.1186/s11671-026-04518-5
worklist	10.3389/fchem.2026.1753350)	10.3389/fchem.2026.1753350
worklist	10.1038/s41598-026-41092-3)	10.1038/s41598-026-41092-3
worklist	10.1038/s41598-026-40844-5)	10.1038/s41598-026-40844-5
worklist	10.3390/ma19050897)	10.3390/ma19050897
worklist	10.1186/s11671-026-04467-z)	10.1186/s11671-026-04467-z
worklist	10.3389/fcimb.2026.1769865)	10.3389/fcimb.2026.1769865
worklist	10.1038/s41598-026-37480-4)	10.1038/s41598-026-37480-4
worklist	10.4014/jmb.2601.01011)	10.4014/jmb.2601.01011
worklist	10.7759/cureus.103918)	10.7759/cureus.103918
worklist	10.3390/ijms27062569)	10.3390/ijms27062569
worklist	10.1038/s41598-026-37625-5)	10.1038/s41598-026-37625-5
worklist	10.1007/s11356-026-37525-1)	10.1007/s11356-026-37525-1
worklist	10.1038/s41598-026-42384-4)	10.1038/s41598-026-42384-4
worklist	10.7759/cureus.104470)	10.7759/cureus.104470
worklist	10.1099/mic.0.001669)	10.1099/mic.0.001669
worklist	10.1038/s41598-026-39752-5)	10.1038/s41598-026-39752-5
worklist	10.1016/j.psj.2026.106708)	10.1016/j.psj.2026.106708
worklist	10.1021/acsomega.5c08705)	10.1021/acsomega.5c08705
worklist	10.3389/fcimb.2026.1757780)	10.3389/fcimb.2026.1757780
worklist	10.1248/cpb.22.1827)	10.1248/cpb.22.1827
worklist	10.7164/antibiotics.30.932)	10.7164/antibiotics.30.932
worklist	10.7164/antibiotics.32.828)	10.7164/antibiotics.32.828
worklist	10.7164/antibiotics.39.888)	10.7164/antibiotics.39.888
worklist	10.7164/antibiotics.40.437)	10.7164/antibiotics.40.437
worklist	10.7164/antibiotics.43.616)	10.7164/antibiotics.43.616
worklist	10.7164/antibiotics.43.1403)	10.7164/antibiotics.43.1403
worklist	10.7164/antibiotics.43.267)	10.7164/antibiotics.43.267
worklist	10.7164/antibiotics.45.832)	10.7164/antibiotics.45.832
worklist	10.1172/jci115880)	10.1172/jci115880
worklist	10.7164/antibiotics.46.1666)	10.7164/antibiotics.46.1666
worklist	10.7164/antibiotics.47.301)	10.7164/antibiotics.47.301
worklist	10.7164/antibiotics.48.233)	10.7164/antibiotics.48.233
worklist	10.1248/bpb.18.457)	10.1248/bpb.18.457
worklist	10.7164/antibiotics.48.433)	10.7164/antibiotics.48.433
worklist	10.7164/antibiotics.49.129)	10.7164/antibiotics.49.129
worklist	10.1172/jci2410)	10.1172/jci2410
worklist	10.3389/fmicb.2020.00537)	10.3389/fmicb.2020.00537
worklist	10.1186/1743-422x-2-49)	10.1186/1743-422x-2-49
worklist	10.1186/1475-2867-5-21)	10.1186/1475-2867-5-21
worklist	10.1128/aem.02940-05)	10.1128/aem.02940-05
worklist	10.1371/journal.pone.0000201)	10.1371/journal.pone.0000201
worklist	10.1186/1476-0711-6-14)	10.1186/1476-0711-6-14
worklist	10.1186/1471-2229-8-75)	10.1186/1471-2229-8-75
worklist	10.1186/1742-4690-5-70)	10.1186/1742-4690-5-70
worklist	10.3858/emm.2008.40.4.370)	10.3858/emm.2008.40.4.370
worklist	10.1371/journal.pone.0003217)	10.1371/journal.pone.0003217
worklist	10.1371/journal.pone.0007191)	10.1371/journal.pone.0007191
worklist	10.1186/1471-2180-9-187)	10.1186/1471-2180-9-187
worklist	10.1371/journal.ppat.1000509)	10.1371/journal.ppat.1000509
worklist	10.1371/journal.pone.0075582)	10.1371/journal.pone.0075582
worklist	10.1186/1743-422x-6-187)	10.1186/1743-422x-6-187
worklist	10.1371/journal.pntd.0000721)	10.1371/journal.pntd.0000721
worklist	10.1371/journal.pone.0012684)	10.1371/journal.pone.0012684
worklist	10.1371/journal.ppat.1000857)	10.1371/journal.ppat.1000857
worklist	10.1371/journal.pone.0009505)	10.1371/journal.pone.0009505
worklist	10.1186/1471-2164-11-187)	10.1186/1471-2164-11-187
worklist	10.1371/journal.pone.0023417)	10.1371/journal.pone.0023417
worklist	10.1186/1756-3305-4-63)	10.1186/1756-3305-4-63
worklist	10.1186/1756-0500-4-459)	10.1186/1756-0500-4-459
worklist	10.1371/journal.pone.0018756)	10.1371/journal.pone.0018756
worklist	10.1371/journal.pntd.0001141)	10.1371/journal.pntd.0001141
worklist	10.1371/journal.pone.0016400)	10.1371/journal.pone.0016400
worklist	10.1186/1743-422x-8-76)	10.1186/1743-422x-8-76
worklist	10.1371/journal.ppat.1002331)	10.1371/journal.ppat.1002331
worklist	10.1371/journal.pone.0018550)	10.1371/journal.pone.0018550
worklist	10.1186/1476-0711-10-11)	10.1186/1476-0711-10-11
worklist	10.1371/journal.pone.0024030)	10.1371/journal.pone.0024030
worklist	10.1371/journal.pone.0048721)	10.1371/journal.pone.0048721
worklist	10.3762/bjoc.8.200)	10.3762/bjoc.8.200
worklist	10.3389/fmicb.2012.00324)	10.3389/fmicb.2012.00324
worklist	10.1186/2191-0855-2-67)	10.1186/2191-0855-2-67
worklist	10.1371/journal.pone.0045848)	10.1371/journal.pone.0045848
worklist	10.1371/journal.pone.0040135)	10.1371/journal.pone.0040135
worklist	10.1186/1471-2172-13-61)	10.1186/1471-2172-13-61
worklist	10.1371/journal.pone.0034947)	10.1371/journal.pone.0034947
worklist	10.3762/bjoc.8.130)	10.3762/bjoc.8.130
worklist	10.3762/bjoc.8.204)	10.3762/bjoc.8.204
worklist	10.1186/1471-2180-12-24)	10.1186/1471-2180-12-24
worklist	10.1371/journal.pone.0047642)	10.1371/journal.pone.0047642
worklist	10.1371/journal.pone.0050995)	10.1371/journal.pone.0050995
worklist	10.1371/journal.pone.0047047)	10.1371/journal.pone.0047047
worklist	10.1371/journal.pone.0033639)	10.1371/journal.pone.0033639
worklist	10.1371/journal.pone.0050263)	10.1371/journal.pone.0050263
worklist	10.1371/journal.pone.0040125)	10.1371/journal.pone.0040125
worklist	10.1371/journal.ppat.1002891)	10.1371/journal.ppat.1002891
worklist	10.1371/journal.pone.0031498)	10.1371/journal.pone.0031498
worklist	10.1371/journal.pone.0044351)	10.1371/journal.pone.0044351
worklist	10.7150/ijms.5037)	10.7150/ijms.5037
worklist	10.1371/journal.pone.0085515)	10.1371/journal.pone.0085515
worklist	10.1371/journal.pone.0058709)	10.1371/journal.pone.0058709
worklist	10.1371/journal.pone.0076981)	10.1371/journal.pone.0076981
worklist	10.1371/journal.ppat.1003425)	10.1371/journal.ppat.1003425
worklist	10.1371/journal.pone.0059255)	10.1371/journal.pone.0059255
worklist	10.1186/1471-2180-13-212)	10.1186/1471-2180-13-212
worklist	10.1371/journal.pone.0064010)	10.1371/journal.pone.0064010
worklist	10.1007/s00726-012-1388-6)	10.1007/s00726-012-1388-6
worklist	10.1371/journal.pone.0061614)	10.1371/journal.pone.0061614
worklist	10.1371/journal.pone.0053491)	10.1371/journal.pone.0053491
worklist	10.1186/1471-2180-13-87)	10.1186/1471-2180-13-87
worklist	10.1371/journal.pone.0057991)	10.1371/journal.pone.0057991
worklist	10.1371/journal.pone.0067597)	10.1371/journal.pone.0067597
worklist	10.1371/journal.pone.0066084)	10.1371/journal.pone.0066084
worklist	10.1371/journal.pone.0082081)	10.1371/journal.pone.0082081
worklist	10.1371/journal.pcbi.1003212)	10.1371/journal.pcbi.1003212
worklist	10.1371/journal.pone.0070484)	10.1371/journal.pone.0070484
worklist	10.1371/journal.pone.0083044)	10.1371/journal.pone.0083044
worklist	10.1371/journal.pone.0080025)	10.1371/journal.pone.0080025
worklist	10.1371/journal.pone.0077031)	10.1371/journal.pone.0077031
worklist	10.1371/journal.pone.0053326)	10.1371/journal.pone.0053326
worklist	10.1371/journal.pone.0070782)	10.1371/journal.pone.0070782
worklist	10.1371/journal.pone.0059119)	10.1371/journal.pone.0059119
worklist	10.1371/journal.pgen.1003662)	10.1371/journal.pgen.1003662
worklist	10.1371/journal.pone.0067937)	10.1371/journal.pone.0067937
worklist	10.3389/fmicb.2013.00332)	10.3389/fmicb.2013.00332
worklist	10.1371/journal.pone.0062302)	10.1371/journal.pone.0062302
worklist	10.1371/journal.pone.0056081)	10.1371/journal.pone.0056081
worklist	10.1186/2191-0855-3-35)	10.1186/2191-0855-3-35
worklist	10.3892/ol.2012.1042)	10.3892/ol.2012.1042
worklist	10.1371/journal.pone.0058997)	10.1371/journal.pone.0058997
worklist	10.1371/journal.pntd.0002307)	10.1371/journal.pntd.0002307
worklist	10.1371/journal.pone.0061964)	10.1371/journal.pone.0061964
worklist	10.1371/journal.pone.0060462)	10.1371/journal.pone.0060462
worklist	10.1371/journal.pone.0071687)	10.1371/journal.pone.0071687
worklist	10.1371/journal.pone.0072923)	10.1371/journal.pone.0072923
worklist	10.5423/ppj.oa.02.2014.0011)	10.5423/ppj.oa.02.2014.0011
worklist	10.1371/journal.ppat.1004152)	10.1371/journal.ppat.1004152
worklist	10.7150/ijbs.9859)	10.7150/ijbs.9859
worklist	10.1371/journal.pone.0105441)	10.1371/journal.pone.0105441
worklist	10.1371/journal.pone.0091007)	10.1371/journal.pone.0091007
worklist	10.1371/journal.pone.0090397)	10.1371/journal.pone.0090397
worklist	10.1371/journal.pone.0102577)	10.1371/journal.pone.0102577
worklist	10.1371/journal.pone.0087730)	10.1371/journal.pone.0087730
worklist	10.1371/journal.pone.0097539)	10.1371/journal.pone.0097539
worklist	10.1371/journal.pone.0093216)	10.1371/journal.pone.0093216
worklist	10.1038/ncomms4067)	10.1038/ncomms4067
worklist	10.1371/journal.pone.0086364)	10.1371/journal.pone.0086364
worklist	10.1371/journal.pone.0086339)	10.1371/journal.pone.0086339
worklist	10.1371/journal.pone.0101742)	10.1371/journal.pone.0101742
worklist	10.1186/1471-2180-14-140)	10.1186/1471-2180-14-140
worklist	10.1186/s12866-014-0226-2)	10.1186/s12866-014-0226-2
worklist	10.1371/journal.pone.0105549)	10.1371/journal.pone.0105549
worklist	10.1371/journal.pone.0095737)	10.1371/journal.pone.0095737
worklist	10.1371/journal.pone.0095939)	10.1371/journal.pone.0095939
worklist	10.1371/journal.ppat.1004071)	10.1371/journal.ppat.1004071
worklist	10.1371/journal.pone.0098935)	10.1371/journal.pone.0098935
worklist	10.1371/journal.pone.0106543)	10.1371/journal.pone.0106543
worklist	10.1371/journal.pone.0110221)	10.1371/journal.pone.0110221
worklist	10.1371/journal.pone.0162537)	10.1371/journal.pone.0162537
worklist	10.1371/journal.pone.0114453)	10.1371/journal.pone.0114453
worklist	10.1371/journal.pone.0116259)	10.1371/journal.pone.0116259
worklist	10.1186/s13568-014-0078-z)	10.1186/s13568-014-0078-z
worklist	10.1371/journal.pone.0114605)	10.1371/journal.pone.0114605
worklist	10.1371/journal.pone.0124210)	10.1371/journal.pone.0124210
worklist	10.1371/journal.pone.0117394)	10.1371/journal.pone.0117394
worklist	10.1371/journal.pone.0137414)	10.1371/journal.pone.0137414
worklist	10.1038/srep13412)	10.1038/srep13412
worklist	10.1371/journal.pone.0126390)	10.1371/journal.pone.0126390
worklist	10.1038/srep11951)	10.1038/srep11951
worklist	10.3389/fmicb.2015.00876)	10.3389/fmicb.2015.00876
worklist	10.1371/journal.pone.0144611)	10.1371/journal.pone.0144611
worklist	10.1038/srep17260)	10.1038/srep17260
worklist	10.1371/journal.pcbi.1004074)	10.1371/journal.pcbi.1004074
worklist	10.1038/srep09388)	10.1038/srep09388
worklist	10.1371/journal.ppat.1005159)	10.1371/journal.ppat.1005159
worklist	10.1371/journal.pone.0138911)	10.1371/journal.pone.0138911
worklist	10.1038/srep09216)	10.1038/srep09216
worklist	10.1371/journal.pone.0128532)	10.1371/journal.pone.0128532
worklist	10.1007/s10989-014-9423-y)	10.1007/s10989-014-9423-y
worklist	10.1371/journal.pone.0140377)	10.1371/journal.pone.0140377
worklist	10.1038/srep09761)	10.1038/srep09761
worklist	10.1038/srep12048)	10.1038/srep12048
worklist	10.1371/journal.pone.0117913)	10.1371/journal.pone.0117913
worklist	10.1038/srep18355)	10.1038/srep18355
worklist	10.1038/srep09657)	10.1038/srep09657
worklist	10.1371/journal.pone.0116379)	10.1371/journal.pone.0116379
worklist	10.1186/s12934-015-0302-9)	10.1186/s12934-015-0302-9
worklist	10.1371/journal.pone.0142451)	10.1371/journal.pone.0142451
worklist	10.1038/srep10558)	10.1038/srep10558
worklist	10.1371/journal.pone.0128576)	10.1371/journal.pone.0128576
worklist	10.1371/journal.pone.0119525)	10.1371/journal.pone.0119525
worklist	10.1186/s12866-015-0473-x)	10.1186/s12866-015-0473-x
worklist	10.1038/srep09127)	10.1038/srep09127
worklist	10.1371/journal.pone.0132701)	10.1371/journal.pone.0132701
worklist	10.1038/srep15963)	10.1038/srep15963
worklist	10.1186/s13071-014-0625-0)	10.1186/s13071-014-0625-0
worklist	10.1186/s13071-015-0669-9)	10.1186/s13071-015-0669-9
worklist	10.1186/s13071-015-1176-8)	10.1186/s13071-015-1176-8
worklist	10.1038/srep11082)	10.1038/srep11082
worklist	10.1371/journal.pone.0139578)	10.1371/journal.pone.0139578
worklist	10.1038/srep20832)	10.1038/srep20832
worklist	10.1021/acs.langmuir.6b03477)	10.1021/acs.langmuir.6b03477
worklist	10.1371/journal.pone.0161573)	10.1371/journal.pone.0161573
worklist	10.1186/s12866-016-0799-z)	10.1186/s12866-016-0799-z
worklist	10.3389/fmicb.2016.02006)	10.3389/fmicb.2016.02006
worklist	10.3389/fcell.2016.00039)	10.3389/fcell.2016.00039
worklist	10.1038/srep26077)	10.1038/srep26077
worklist	10.3389/fmicb.2016.01682)	10.3389/fmicb.2016.01682
worklist	10.3389/fimmu.2016.00664)	10.3389/fimmu.2016.00664
worklist	10.1038/srep21385)	10.1038/srep21385
worklist	10.1371/journal.pone.0135961)	10.1371/journal.pone.0135961
worklist	10.1038/srep24000)	10.1038/srep24000
worklist	10.1371/journal.pone.0149729)	10.1371/journal.pone.0149729
worklist	10.1186/s40409-016-0070-y)	10.1186/s40409-016-0070-y
worklist	10.3389/fmicb.2016.01844)	10.3389/fmicb.2016.01844
worklist	10.1371/journal.pone.0150196)	10.1371/journal.pone.0150196
worklist	10.1007/s10989-015-9494-4)	10.1007/s10989-015-9494-4
worklist	10.1371/journal.pone.0155304)	10.1371/journal.pone.0155304
worklist	10.1007/s12539-016-0163-x)	10.1007/s12539-016-0163-x
worklist	10.3389/fmicb.2016.01801)	10.3389/fmicb.2016.01801
worklist	10.1371/journal.pone.0162007)	10.1371/journal.pone.0162007
worklist	10.1038/srep20823)	10.1038/srep20823
worklist	10.1038/srep27258)	10.1038/srep27258
worklist	10.1186/s13071-016-1360-5)	10.1186/s13071-016-1360-5
worklist	10.18632/oncotarget.6794)	10.18632/oncotarget.6794
worklist	10.1371/journal.pone.0151694)	10.1371/journal.pone.0151694
worklist	10.1038/srep35019)	10.1038/srep35019
worklist	10.1371/journal.pone.0159423)	10.1371/journal.pone.0159423
worklist	10.1371/journal.pone.0167953)	10.1371/journal.pone.0167953
worklist	10.3389/fmicb.2016.01140)	10.3389/fmicb.2016.01140
worklist	10.1007/s00253-016-7400-4)	10.1007/s00253-016-7400-4
worklist	10.1038/srep35465)	10.1038/srep35465
worklist	10.1371/journal.pone.0151820)	10.1371/journal.pone.0151820
worklist	10.1038/srep29145)	10.1038/srep29145
worklist	10.3389/fmicb.2016.01484)	10.3389/fmicb.2016.01484
worklist	10.1371/journal.pone.0151639)	10.1371/journal.pone.0151639
worklist	10.1038/srep32121)	10.1038/srep32121
worklist	10.1038/srep24684)	10.1038/srep24684
worklist	10.1038/srep22875)	10.1038/srep22875
worklist	10.3389/fcell.2016.00086)	10.3389/fcell.2016.00086
worklist	10.3389/fmicb.2016.01115)	10.3389/fmicb.2016.01115
worklist	10.1186/s12866-016-0828-y)	10.1186/s12866-016-0828-y
worklist	10.1038/srep27394)	10.1038/srep27394
worklist	10.1038/srep22008)	10.1038/srep22008
worklist	10.1186/s13568-016-0295-8)	10.1186/s13568-016-0295-8
worklist	10.1371/journal.pone.0176088)	10.1371/journal.pone.0176088
worklist	10.1038/srep46541)	10.1038/srep46541
worklist	10.1038/s41598-017-01698-0)	10.1038/s41598-017-01698-0
worklist	10.1186/s12941-017-0193-1)	10.1186/s12941-017-0193-1
worklist	10.1371/journal.pone.0186442)	10.1371/journal.pone.0186442
worklist	10.3389/fmicb.2017.00775)	10.3389/fmicb.2017.00775
worklist	10.1038/srep40228)	10.1038/srep40228
worklist	10.3389/fmicb.2017.00051)	10.3389/fmicb.2017.00051
worklist	10.3389/fmicb.2017.00628)	10.3389/fmicb.2017.00628
worklist	10.3389/fchem.2017.00024)	10.3389/fchem.2017.00024
worklist	10.3389/fmicb.2017.00123)	10.3389/fmicb.2017.00123
worklist	10.1186/s40409-017-0094-y)	10.1186/s40409-017-0094-y
worklist	10.1038/srep44278)	10.1038/srep44278
worklist	10.1039/c7sc01599b)	10.1039/c7sc01599b
worklist	10.3389/fmicb.2017.00994)	10.3389/fmicb.2017.00994
worklist	10.3892/mmr.2017.7418)	10.3892/mmr.2017.7418
worklist	10.1038/s41598-017-01474-0)	10.1038/s41598-017-01474-0
worklist	10.1186/s40409-017-0119-6)	10.1186/s40409-017-0119-6
worklist	10.1186/s40409-017-0130-y)	10.1186/s40409-017-0130-y
worklist	10.1186/s13568-017-0430-1)	10.1186/s13568-017-0430-1
worklist	10.1038/s41598-017-16784-6)	10.1038/s41598-017-16784-6
worklist	10.1038/srep39925)	10.1038/srep39925
worklist	10.1038/s41598-017-10839-4)	10.1038/s41598-017-10839-4
worklist	10.3389/fchem.2017.00001)	10.3389/fchem.2017.00001
worklist	10.3389/fmicb.2017.00761)	10.3389/fmicb.2017.00761
worklist	10.3389/fmicb.2017.00544)	10.3389/fmicb.2017.00544
worklist	10.1038/s41467-017-00419-5)	10.1038/s41467-017-00419-5
worklist	10.1038/srep43384)	10.1038/srep43384
worklist	10.1038/srep43610)	10.1038/srep43610
worklist	10.1038/s41598-017-02373-0)	10.1038/s41598-017-02373-0
worklist	10.1038/srep45282)	10.1038/srep45282
worklist	10.1038/s41598-017-07440-0)	10.1038/s41598-017-07440-0
worklist	10.1007/s00726-017-2449-7)	10.1007/s00726-017-2449-7
worklist	10.1007/s00726-017-2473-7)	10.1007/s00726-017-2473-7
worklist	10.3389/fmicb.2017.00774)	10.3389/fmicb.2017.00774
worklist	10.1038/s41522-017-0042-1)	10.1038/s41522-017-0042-1
worklist	10.1371/journal.pone.0169678)	10.1371/journal.pone.0169678
worklist	10.1186/s13568-017-0497-8)	10.1186/s13568-017-0497-8
worklist	10.1038/s41598-017-11832-7)	10.1038/s41598-017-11832-7
worklist	10.1038/s41598-017-11396-6)	10.1038/s41598-017-11396-6
worklist	10.1186/s13568-016-0315-8)	10.1186/s13568-016-0315-8
worklist	10.1371/journal.pone.0174024)	10.1371/journal.pone.0174024
worklist	10.1038/s41598-017-13685-6)	10.1038/s41598-017-13685-6
worklist	10.1371/journal.pone.0178785)	10.1371/journal.pone.0178785
worklist	10.1038/srep42994)	10.1038/srep42994
worklist	10.1371/journal.pone.0170821)	10.1371/journal.pone.0170821
worklist	10.1007/s11274-016-2171-8)	10.1007/s11274-016-2171-8
worklist	10.1186/s13071-017-2397-9)	10.1186/s13071-017-2397-9
worklist	10.1038/srep41772)	10.1038/srep41772
worklist	10.1371/journal.pone.0173783)	10.1371/journal.pone.0173783
worklist	10.1371/journal.pone.0187914)	10.1371/journal.pone.0187914
worklist	10.3389/fmicb.2017.00273)	10.3389/fmicb.2017.00273
worklist	10.1038/srep40854)	10.1038/srep40854
worklist	10.1038/s41598-017-07331-4)	10.1038/s41598-017-07331-4
worklist	10.1038/s41598-017-03664-2)	10.1038/s41598-017-03664-2
worklist	10.1186/s12866-017-0959-9)	10.1186/s12866-017-0959-9
worklist	10.1038/s41598-017-04274-8)	10.1038/s41598-017-04274-8
worklist	10.1038/s41598-017-15436-z)	10.1038/s41598-017-15436-z
worklist	10.1038/hdy.2016.117)	10.1038/hdy.2016.117
worklist	10.1017/s0031182017000506)	10.1017/s0031182017000506
worklist	10.1038/s41598-018-20002-2)	10.1038/s41598-018-20002-2
worklist	10.1038/s41598-018-19434-7)	10.1038/s41598-018-19434-7
worklist	10.1371/journal.pone.0190778)	10.1371/journal.pone.0190778
worklist	10.7150/thno.21425)	10.7150/thno.21425
worklist	10.1039/c8cc05790g)	10.1039/c8cc05790g
worklist	10.3389/fmicb.2018.02846)	10.3389/fmicb.2018.02846
worklist	10.1038/s41598-018-27225-3)	10.1038/s41598-018-27225-3
worklist	10.1371/journal.pone.0205727)	10.1371/journal.pone.0205727
worklist	10.3389/fmicb.2018.01440)	10.3389/fmicb.2018.01440
worklist	10.7150/ijbs.23419)	10.7150/ijbs.23419
worklist	10.1371/journal.pone.0205509)	10.1371/journal.pone.0205509
worklist	10.1038/s41598-018-27417-x)	10.1038/s41598-018-27417-x
worklist	10.3389/fchem.2018.00394)	10.3389/fchem.2018.00394
worklist	10.3389/fcimb.2018.00354)	10.3389/fcimb.2018.00354
worklist	10.3389/fmicb.2018.02249)	10.3389/fmicb.2018.02249
worklist	10.1371/journal.pone.0197742)	10.1371/journal.pone.0197742
worklist	10.3389/fmicb.2018.02153)	10.3389/fmicb.2018.02153
worklist	10.3389/fmicb.2018.02600)	10.3389/fmicb.2018.02600
worklist	10.3389/fmicb.2018.00320)	10.3389/fmicb.2018.00320
worklist	10.1038/s41598-018-19669-4)	10.1038/s41598-018-19669-4
worklist	10.1038/s41598-018-34684-1)	10.1038/s41598-018-34684-1
worklist	10.1038/s41564-018-0110-1)	10.1038/s41564-018-0110-1
worklist	10.3892/etm.2017.5631)	10.3892/etm.2017.5631
worklist	10.1038/s41598-018-29826-4)	10.1038/s41598-018-29826-4
worklist	10.1371/journal.pone.0203451)	10.1371/journal.pone.0203451
worklist	10.1038/s41598-018-20912-1)	10.1038/s41598-018-20912-1
worklist	10.1038/s41598-018-29444-0)	10.1038/s41598-018-29444-0
worklist	10.1371/journal.pone.0201668)	10.1371/journal.pone.0201668
worklist	10.1038/s41467-018-05781-6)	10.1038/s41467-018-05781-6
worklist	10.1038/s41598-018-29566-5)	10.1038/s41598-018-29566-5
worklist	10.3389/fmicb.2018.01159)	10.3389/fmicb.2018.01159
worklist	10.1038/s41598-018-32947-5)	10.1038/s41598-018-32947-5
worklist	10.1186/s13568-018-0710-4)	10.1186/s13568-018-0710-4
worklist	10.1038/s41598-018-27231-5)	10.1038/s41598-018-27231-5
worklist	10.1371/journal.pone.0201571)	10.1371/journal.pone.0201571
worklist	10.3389/fchem.2018.00359)	10.3389/fchem.2018.00359
worklist	10.3389/fchem.2018.00309)	10.3389/fchem.2018.00309
worklist	10.1038/s41598-018-33289-y)	10.1038/s41598-018-33289-y
worklist	10.1371/journal.pone.0196295)	10.1371/journal.pone.0196295
worklist	10.1038/s41467-018-03746-3)	10.1038/s41467-018-03746-3
worklist	10.3389/fmicb.2018.00667)	10.3389/fmicb.2018.00667
worklist	10.1038/s41598-018-35530-0)	10.1038/s41598-018-35530-0
worklist	10.3389/fmicb.2018.01655)	10.3389/fmicb.2018.01655
worklist	10.1371/journal.pone.0206578)	10.1371/journal.pone.0206578
worklist	10.3762/bjoc.14.144)	10.3762/bjoc.14.144
worklist	10.3389/fmicb.2018.00393)	10.3389/fmicb.2018.00393
worklist	10.3389/fmicb.2018.00541)	10.3389/fmicb.2018.00541
worklist	10.1038/s41598-018-32981-3)	10.1038/s41598-018-32981-3
worklist	10.1186/s12866-018-1190-z)	10.1186/s12866-018-1190-z
worklist	10.1007/s00726-018-2575-x)	10.1007/s00726-018-2575-x
worklist	10.1371/journal.pone.0212447)	10.1371/journal.pone.0212447
worklist	10.1039/c9md00031c)	10.1039/c9md00031c
worklist	10.1371/journal.ppat.1008082)	10.1371/journal.ppat.1008082
worklist	10.1371/journal.pone.0220656)	10.1371/journal.pone.0220656
worklist	10.1371/journal.pone.0222438)	10.1371/journal.pone.0222438
worklist	10.1038/s41598-019-50061-y)	10.1038/s41598-019-50061-y
worklist	10.1371/journal.ppat.1007552)	10.1371/journal.ppat.1007552
worklist	10.3389/fmicb.2019.02327)	10.3389/fmicb.2019.02327
worklist	10.1186/s12870-018-1611-z)	10.1186/s12870-018-1611-z
worklist	10.1038/s41598-019-47568-9)	10.1038/s41598-019-47568-9
worklist	10.1371/journal.pone.0216669)	10.1371/journal.pone.0216669
worklist	10.1038/s41598-019-39042-3)	10.1038/s41598-019-39042-3
worklist	10.1038/s41598-018-38442-1)	10.1038/s41598-018-38442-1
worklist	10.1186/s12985-019-1199-4)	10.1186/s12985-019-1199-4
worklist	10.3389/fcimb.2019.00174)	10.3389/fcimb.2019.00174
worklist	10.1038/s41467-019-10754-4)	10.1038/s41467-019-10754-4
worklist	10.1038/s41598-019-54716-8)	10.1038/s41598-019-54716-8
worklist	10.1007/s12602-018-9444-5)	10.1007/s12602-018-9444-5
worklist	10.1186/s13568-019-0739-z)	10.1186/s13568-019-0739-z
worklist	10.1038/s41598-019-40577-8)	10.1038/s41598-019-40577-8
worklist	10.1038/s41396-018-0293-8)	10.1038/s41396-018-0293-8
worklist	10.1186/s13568-019-0843-0)	10.1186/s13568-019-0843-0
worklist	10.1038/s41598-019-39219-w)	10.1038/s41598-019-39219-w
worklist	10.3389/fimmu.2019.00872)	10.3389/fimmu.2019.00872
worklist	10.1371/journal.pone.0223541)	10.1371/journal.pone.0223541
worklist	10.1038/s41467-019-11503-3)	10.1038/s41467-019-11503-3
worklist	10.1038/s41598-018-37630-3)	10.1038/s41598-018-37630-3
worklist	10.1038/s41598-019-47327-w)	10.1038/s41598-019-47327-w
worklist	10.1007/s12602-018-9501-0)	10.1007/s12602-018-9501-0
worklist	10.1038/s41598-019-47108-5)	10.1038/s41598-019-47108-5
worklist	10.1186/s40360-019-0309-7)	10.1186/s40360-019-0309-7
worklist	10.1371/journal.pbio.3000337)	10.1371/journal.pbio.3000337
worklist	10.1038/s41598-019-41005-7)	10.1038/s41598-019-41005-7
worklist	10.3389/fmicb.2019.02740)	10.3389/fmicb.2019.02740
worklist	10.1038/s41598-019-44256-6)	10.1038/s41598-019-44256-6
worklist	10.3389/fcimb.2019.00419)	10.3389/fcimb.2019.00419
worklist	10.1038/s41598-019-47955-2)	10.1038/s41598-019-47955-2
worklist	10.3389/fmicb.2019.02593)	10.3389/fmicb.2019.02593
worklist	10.1039/c9ra00708c)	10.1039/c9ra00708c
worklist	10.3389/fmicb.2019.01688)	10.3389/fmicb.2019.01688
worklist	10.1038/s41598-019-42440-2)	10.1038/s41598-019-42440-2
worklist	10.1371/journal.pone.0215703)	10.1371/journal.pone.0215703
worklist	10.1371/journal.pntd.0007217)	10.1371/journal.pntd.0007217
worklist	10.3389/fcimb.2019.00048)	10.3389/fcimb.2019.00048
worklist	10.3389/fcimb.2019.00128)	10.3389/fcimb.2019.00128
worklist	10.3389/fmicb.2019.02854)	10.3389/fmicb.2019.02854
worklist	10.1038/s41598-020-60570-w)	10.1038/s41598-020-60570-w
worklist	10.1038/s41598-020-60829-2)	10.1038/s41598-020-60829-2
worklist	10.1038/s41598-020-60623-0)	10.1038/s41598-020-60623-0
worklist	10.3389/fmicb.2020.569118)	10.3389/fmicb.2020.569118
worklist	10.1038/s41598-020-59665-1)	10.1038/s41598-020-59665-1
worklist	10.1038/s42003-020-0761-3)	10.1038/s42003-020-0761-3
worklist	10.1038/s41423-020-0374-2)	10.1038/s41423-020-0374-2
worklist	10.1038/s41598-020-58014-6)	10.1038/s41598-020-58014-6
worklist	10.3389/fmicb.2020.00174)	10.3389/fmicb.2020.00174
worklist	10.3389/fbioe.2020.552035)	10.3389/fbioe.2020.552035
worklist	10.1371/journal.pone.0228740)	10.1371/journal.pone.0228740
worklist	10.1038/s41598-020-67041-2)	10.1038/s41598-020-67041-2
worklist	10.1038/s41467-020-16950-x)	10.1038/s41467-020-16950-x
worklist	10.1038/s41598-020-62746-w)	10.1038/s41598-020-62746-w
worklist	10.1038/s41598-020-69995-9)	10.1038/s41598-020-69995-9
worklist	10.1186/s13568-020-01139-8)	10.1186/s13568-020-01139-8
worklist	10.3389/fmicb.2020.00270)	10.3389/fmicb.2020.00270
worklist	10.3389/fmicb.2020.00417)	10.3389/fmicb.2020.00417
worklist	10.4014/jmb.2003.03009)	10.4014/jmb.2003.03009
worklist	10.1038/s41598-020-65688-5)	10.1038/s41598-020-65688-5
worklist	10.3389/fmicb.2020.561060)	10.3389/fmicb.2020.561060
worklist	10.1128/aem.01981-20)	10.1128/aem.01981-20
worklist	10.1186/s12866-020-01925-1)	10.1186/s12866-020-01925-1
worklist	10.3389/fmicb.2020.563030)	10.3389/fmicb.2020.563030
worklist	10.1038/s42003-020-01420-3)	10.1038/s42003-020-01420-3
worklist	10.1371/journal.pone.0235892)	10.1371/journal.pone.0235892
worklist	10.1038/s41598-020-71771-8)	10.1038/s41598-020-71771-8
worklist	10.1038/s41598-020-69485-y)	10.1038/s41598-020-69485-y
worklist	10.1038/s41598-020-66164-w)	10.1038/s41598-020-66164-w
worklist	10.1186/s12917-020-02620-z)	10.1186/s12917-020-02620-z
worklist	10.3389/fmicb.2020.01767)	10.3389/fmicb.2020.01767
worklist	10.1038/s41598-020-69162-0)	10.1038/s41598-020-69162-0
worklist	10.3389/fmicb.2020.00820)	10.3389/fmicb.2020.00820
worklist	10.3389/fchem.2020.616147)	10.3389/fchem.2020.616147
worklist	10.1038/s41422-020-0305-x)	10.1038/s41422-020-0305-x
worklist	10.1038/s41467-020-17986-9)	10.1038/s41467-020-17986-9
worklist	10.1038/s41598-021-90613-9)	10.1038/s41598-021-90613-9
worklist	10.1039/d1cb00124h)	10.1039/d1cb00124h
worklist	10.1039/d1sc01713f)	10.1039/d1sc01713f
worklist	10.1039/d1sc03628a)	10.1039/d1sc03628a
worklist	10.3389/fmicb.2021.678330)	10.3389/fmicb.2021.678330
worklist	10.1038/s41598-021-91670-w)	10.1038/s41598-021-91670-w
worklist	10.1038/s41598-021-91765-4)	10.1038/s41598-021-91765-4
worklist	10.3389/fmicb.2021.632008)	10.3389/fmicb.2021.632008
worklist	10.1038/s41598-021-81394-2)	10.1038/s41598-021-81394-2
worklist	10.3389/fphar.2021.769739)	10.3389/fphar.2021.769739
worklist	10.1039/d1ra04882a)	10.1039/d1ra04882a
worklist	10.1038/s41598-021-89485-w)	10.1038/s41598-021-89485-w
worklist	10.1038/s42003-021-01736-8)	10.1038/s42003-021-01736-8
worklist	10.1038/s41598-020-80596-4)	10.1038/s41598-020-80596-4
worklist	10.1186/s13568-021-01272-y)	10.1186/s13568-021-01272-y
worklist	10.1007/s00018-020-03755-w)	10.1007/s00018-020-03755-w
worklist	10.1038/s41598-021-81734-2)	10.1038/s41598-021-81734-2
worklist	10.1371/journal.pone.0249658)	10.1371/journal.pone.0249658
worklist	10.3389/fmicb.2021.729026)	10.3389/fmicb.2021.729026
worklist	10.3389/fphar.2021.731499)	10.3389/fphar.2021.731499
worklist	10.1038/s41598-021-97821-3)	10.1038/s41598-021-97821-3
worklist	10.3389/fmicb.2021.815980)	10.3389/fmicb.2021.815980
worklist	10.1038/s41538-021-00109-z)	10.1038/s41538-021-00109-z
worklist	10.3389/fmolb.2021.707013)	10.3389/fmolb.2021.707013
worklist	10.3389/fmicb.2021.720381)	10.3389/fmicb.2021.720381
worklist	10.3389/fmicb.2021.733441)	10.3389/fmicb.2021.733441
worklist	10.3389/fmicb.2021.772038)	10.3389/fmicb.2021.772038
worklist	10.3389/fmicb.2021.747760)	10.3389/fmicb.2021.747760
worklist	10.3389/fphar.2021.731056)	10.3389/fphar.2021.731056
worklist	10.3389/fchem.2021.741290)	10.3389/fchem.2021.741290
worklist	10.3389/fmicb.2021.682437)	10.3389/fmicb.2021.682437
worklist	10.3389/fmicb.2021.663151)	10.3389/fmicb.2021.663151
worklist	10.3389/fmicb.2021.624465)	10.3389/fmicb.2021.624465
worklist	10.3389/fmicb.2021.693725)	10.3389/fmicb.2021.693725
worklist	10.3389/fmicb.2021.693117)	10.3389/fmicb.2021.693117
worklist	10.3389/fmicb.2021.732771)	10.3389/fmicb.2021.732771
worklist	10.1038/s41598-022-08247-4)	10.1038/s41598-022-08247-4
worklist	10.1039/d1sc06998e)	10.1039/d1sc06998e
worklist	10.1039/d1sc05662j)	10.1039/d1sc05662j
worklist	10.3389/fimmu.2022.821070)	10.3389/fimmu.2022.821070
worklist	10.1038/s41467-021-27655-0)	10.1038/s41467-021-27655-0
worklist	10.1039/d1sc07190d)	10.1039/d1sc07190d
worklist	10.3389/fchem.2022.1000765)	10.3389/fchem.2022.1000765
worklist	10.3389/fmicb.2022.1045984)	10.3389/fmicb.2022.1045984
worklist	10.1038/s41598-022-20236-1)	10.1038/s41598-022-20236-1
worklist	10.1038/s42003-022-04164-4)	10.1038/s42003-022-04164-4
worklist	10.1186/s12915-022-01304-4)	10.1186/s12915-022-01304-4
worklist	10.3389/fmicb.2022.862834)	10.3389/fmicb.2022.862834
worklist	10.3389/fmicb.2022.864374)	10.3389/fmicb.2022.864374
worklist	10.3389/fmolb.2022.870460)	10.3389/fmolb.2022.870460
worklist	10.1038/s41598-022-19450-8)	10.1038/s41598-022-19450-8
worklist	10.1371/journal.pone.0278419)	10.1371/journal.pone.0278419
worklist	10.1038/s41522-022-00320-0)	10.1038/s41522-022-00320-0
worklist	10.1038/s41598-022-16303-2)	10.1038/s41598-022-16303-2
worklist	10.1038/s42003-022-03899-4)	10.1038/s42003-022-03899-4
worklist	10.1007/s10526-022-10132-y)	10.1007/s10526-022-10132-y
worklist	10.1007/s00018-022-04440-w)	10.1007/s00018-022-04440-w
worklist	10.1186/s12866-022-02621-y)	10.1186/s12866-022-02621-y
worklist	10.1038/s41598-023-41581-9)	10.1038/s41598-023-41581-9
worklist	10.3389/fmicb.2023.1244325)	10.3389/fmicb.2023.1244325
worklist	10.1007/s12602-022-10036-4)	10.1007/s12602-022-10036-4
worklist	10.3389/fchem.2023.1233938)	10.3389/fchem.2023.1233938
worklist	10.1038/s41467-023-37003-z)	10.1038/s41467-023-37003-z
worklist	10.1038/s41467-023-42387-z)	10.1038/s41467-023-42387-z
worklist	10.1038/s41598-023-28502-6)	10.1038/s41598-023-28502-6
worklist	10.14202/vetworld.2023.1284-1288)	10.14202/vetworld.2023.1284-1288
worklist	10.3389/fmicb.2023.1201505)	10.3389/fmicb.2023.1201505
worklist	10.1371/journal.ppat.1011508)	10.1371/journal.ppat.1011508
worklist	10.3389/fpls.2023.1250906)	10.3389/fpls.2023.1250906
worklist	10.1038/s41598-023-28386-6)	10.1038/s41598-023-28386-6
worklist	10.1038/s41598-023-45875-w)	10.1038/s41598-023-45875-w
worklist	10.3389/fmicb.2023.1207367)	10.3389/fmicb.2023.1207367
worklist	10.1039/d3ra02473c)	10.1039/d3ra02473c
worklist	10.3389/fmicb.2023.1304825)	10.3389/fmicb.2023.1304825
worklist	10.1186/s40168-023-01521-1)	10.1186/s40168-023-01521-1
worklist	10.1038/s41467-023-42434-9)	10.1038/s41467-023-42434-9
worklist	10.1038/s41598-023-39785-0)	10.1038/s41598-023-39785-0
worklist	10.1038/s41598-023-30427-z)	10.1038/s41598-023-30427-z
worklist	10.3389/fmicb.2023.1249175)	10.3389/fmicb.2023.1249175
worklist	10.1038/s41598-023-43274-9)	10.1038/s41598-023-43274-9
worklist	10.1038/s41467-023-36994-z)	10.1038/s41467-023-36994-z
worklist	10.1038/s42003-023-05560-0)	10.1038/s42003-023-05560-0
worklist	10.1039/d3ra04100j)	10.1039/d3ra04100j
worklist	10.1038/s41467-023-36280-y)	10.1038/s41467-023-36280-y
worklist	10.1038/s41598-023-31185-8)	10.1038/s41598-023-31185-8
worklist	10.3389/fmicb.2023.1102789)	10.3389/fmicb.2023.1102789
worklist	10.1038/s41598-024-52721-0)	10.1038/s41598-024-52721-0
worklist	10.1038/s41598-024-76553-0)	10.1038/s41598-024-76553-0
worklist	10.1038/s41598-024-63552-4)	10.1038/s41598-024-63552-4
worklist	10.1186/s12929-024-01007-8)	10.1186/s12929-024-01007-8
worklist	10.1039/d3ra08313f)	10.1039/d3ra08313f
worklist	10.1186/s12917-024-04202-9)	10.1186/s12917-024-04202-9
worklist	10.1038/s41467-024-49215-y)	10.1038/s41467-024-49215-y
worklist	10.1186/s13567-024-01402-x)	10.1186/s13567-024-01402-x
worklist	10.3389/fcimb.2024.1450353)	10.3389/fcimb.2024.1450353
worklist	10.3389/fcimb.2024.1390934)	10.3389/fcimb.2024.1390934
worklist	10.1038/s44319-024-00277-5)	10.1038/s44319-024-00277-5
worklist	10.1038/s41467-024-51933-2)	10.1038/s41467-024-51933-2
worklist	10.1038/s41598-024-60246-9)	10.1038/s41598-024-60246-9
worklist	10.1038/s41598-024-67777-1)	10.1038/s41598-024-67777-1
worklist	10.3389/fphar.2024.1334419)	10.3389/fphar.2024.1334419
worklist	10.3389/fphar.2024.1443497)	10.3389/fphar.2024.1443497
worklist	10.1039/d4md00383g)	10.1039/d4md00383g
worklist	10.1007/s00253-023-12887-5)	10.1007/s00253-023-12887-5
worklist	10.1038/s41467-024-53309-y)	10.1038/s41467-024-53309-y
worklist	10.3389/fphar.2024.1487338)	10.3389/fphar.2024.1487338
worklist	10.3389/fcimb.2024.1334378)	10.3389/fcimb.2024.1334378
worklist	10.3389/fcimb.2024.1389020)	10.3389/fcimb.2024.1389020
worklist	10.1038/s41551-024-01201-x)	10.1038/s41551-024-01201-x
worklist	10.1186/s12941-024-00701-7)	10.1186/s12941-024-00701-7
worklist	10.1038/s42003-024-07216-z)	10.1038/s42003-024-07216-z
worklist	10.7150/thno.87916)	10.7150/thno.87916
worklist	10.1039/d4sc06689h)	10.1039/d4sc06689h
worklist	10.1101/2025.05.28.656599)	10.1101/2025.05.28.656599
worklist	10.1186/s40168-025-02145-3)	10.1186/s40168-025-02145-3
worklist	10.1038/s41467-025-64378-y)	10.1038/s41467-025-64378-y
worklist	10.1186/s12866-025-04160-8)	10.1186/s12866-025-04160-8
worklist	10.1038/s41586-025-08615-w)	10.1038/s41586-025-08615-w
worklist	10.1038/s41467-025-60051-6)	10.1038/s41467-025-60051-6
worklist	10.1038/s42256-025-01119-2)	10.1038/s42256-025-01119-2
worklist	10.1038/s41598-025-18026-6)	10.1038/s41598-025-18026-6
worklist	10.1186/s12866-025-04343-3)	10.1186/s12866-025-04343-3
worklist	10.1038/s44259-025-00121-3)	10.1038/s44259-025-00121-3
worklist	10.3389/fchem.2025.1579097)	10.3389/fchem.2025.1579097
worklist	10.1038/s41522-024-00637-y)	10.1038/s41522-024-00637-y
worklist	10.3389/fvets.2025.1689589)	10.3389/fvets.2025.1689589
worklist	10.1038/s41467-025-65449-w)	10.1038/s41467-025-65449-w
worklist	10.1038/s41557-025-01979-6)	10.1038/s41557-025-01979-6
worklist	10.1007/s12602-025-10542-1)	10.1007/s12602-025-10542-1
state	10.1007/s00253-016-7400-4)	10.1007/s00253-016-7400-4
state	10.1007/s00726-017-2449-7)	10.1007/s00726-017-2449-7
state	10.1007/s10989-015-9494-4)	10.1007/s10989-015-9494-4
state	10.1007/s11274-016-2171-8)	10.1007/s11274-016-2171-8
state	10.1007/s12539-016-0163-x)	10.1007/s12539-016-0163-x
state	10.1007/s12602-018-9444-5)	10.1007/s12602-018-9444-5
state	10.1017/s0031182017000506)	10.1017/s0031182017000506
state	10.1021/acs.langmuir.6b03477)	10.1021/acs.langmuir.6b03477
state	10.1038/ncomms4067)	10.1038/ncomms4067
state	10.1038/s41396-018-0293-8)	10.1038/s41396-018-0293-8
state	10.1038/s41467-017-00419-5)	10.1038/s41467-017-00419-5
state	10.1038/s41467-018-03746-3)	10.1038/s41467-018-03746-3
state	10.1038/s41564-018-0110-1)	10.1038/s41564-018-0110-1
state	10.1038/s41598-017-02373-0)	10.1038/s41598-017-02373-0
state	10.1038/s41598-017-04274-8)	10.1038/s41598-017-04274-8
state	10.1038/s41598-017-07331-4)	10.1038/s41598-017-07331-4
state	10.1038/s41598-017-11396-6)	10.1038/s41598-017-11396-6
state	10.1038/s41598-017-15436-z)	10.1038/s41598-017-15436-z
state	10.1038/s41598-018-19669-4)	10.1038/s41598-018-19669-4
state	10.1038/s41598-018-20002-2)	10.1038/s41598-018-20002-2
state	10.1038/s41598-018-20912-1)	10.1038/s41598-018-20912-1
state	10.1038/s41598-018-27231-5)	10.1038/s41598-018-27231-5
state	10.1038/s41598-018-27417-x)	10.1038/s41598-018-27417-x
state	10.1038/s41598-018-29444-0)	10.1038/s41598-018-29444-0
state	10.1038/s41598-018-29566-5)	10.1038/s41598-018-29566-5
state	10.1038/s41598-018-29826-4)	10.1038/s41598-018-29826-4
state	10.1038/s41598-018-32947-5)	10.1038/s41598-018-32947-5
state	10.1038/s41598-018-32981-3)	10.1038/s41598-018-32981-3
state	10.1038/s41598-018-33289-y)	10.1038/s41598-018-33289-y
state	10.1038/s41598-018-34684-1)	10.1038/s41598-018-34684-1
state	10.1038/s41598-018-35530-0)	10.1038/s41598-018-35530-0
state	10.1038/s41598-018-38442-1)	10.1038/s41598-018-38442-1
state	10.1038/s41598-019-47568-9)	10.1038/s41598-019-47568-9
state	10.1038/s41598-019-50061-y)	10.1038/s41598-019-50061-y
state	10.1038/s41598-019-54716-8)	10.1038/s41598-019-54716-8
state	10.1038/srep09127)	10.1038/srep09127
state	10.1038/srep09388)	10.1038/srep09388
state	10.1038/srep11082)	10.1038/srep11082
state	10.1038/srep11951)	10.1038/srep11951
state	10.1038/srep12048)	10.1038/srep12048
state	10.1038/srep13412)	10.1038/srep13412
state	10.1038/srep15963)	10.1038/srep15963
state	10.1038/srep17260)	10.1038/srep17260
state	10.1038/srep18355)	10.1038/srep18355
state	10.1038/srep20823)	10.1038/srep20823
state	10.1038/srep21385)	10.1038/srep21385
state	10.1038/srep22008)	10.1038/srep22008
state	10.1038/srep22875)	10.1038/srep22875
state	10.1038/srep24684)	10.1038/srep24684
state	10.1038/srep26077)	10.1038/srep26077
state	10.1038/srep29145)	10.1038/srep29145
state	10.1038/srep32121)	10.1038/srep32121
state	10.1038/srep35465)	10.1038/srep35465
state	10.1038/srep39925)	10.1038/srep39925
state	10.1038/srep40228)	10.1038/srep40228
state	10.1038/srep40854)	10.1038/srep40854
state	10.1038/srep41772)	10.1038/srep41772
state	10.1038/srep42994)	10.1038/srep42994
state	10.1038/srep43384)	10.1038/srep43384
state	10.1038/srep43610)	10.1038/srep43610
state	10.1038/srep45282)	10.1038/srep45282
state	10.1038/srep46541)	10.1038/srep46541
state	10.1039/c8cc05790g)	10.1039/c8cc05790g
state	10.1039/c9md00031c)	10.1039/c9md00031c
state	10.1186/1471-2180-14-140)	10.1186/1471-2180-14-140
state	10.1186/1743-422x-6-187)	10.1186/1743-422x-6-187
state	10.1186/2191-0855-3-35)	10.1186/2191-0855-3-35
state	10.1186/s12866-014-0226-2)	10.1186/s12866-014-0226-2
state	10.1186/s12870-018-1611-z)	10.1186/s12870-018-1611-z
state	10.1186/s12934-015-0302-9)	10.1186/s12934-015-0302-9
state	10.1186/s12941-017-0193-1)	10.1186/s12941-017-0193-1
state	10.1186/s13071-014-0625-0)	10.1186/s13071-014-0625-0
state	10.1186/s13071-015-0669-9)	10.1186/s13071-015-0669-9
state	10.1186/s13071-015-1176-8)	10.1186/s13071-015-1176-8
state	10.1186/s13071-016-1360-5)	10.1186/s13071-016-1360-5
state	10.1186/s13071-017-2397-9)	10.1186/s13071-017-2397-9
state	10.1186/s13568-014-0078-z)	10.1186/s13568-014-0078-z
state	10.1186/s13568-016-0295-8)	10.1186/s13568-016-0295-8
state	10.1186/s13568-016-0315-8)	10.1186/s13568-016-0315-8
state	10.1186/s13568-017-0497-8)	10.1186/s13568-017-0497-8
state	10.1186/s13568-018-0710-4)	10.1186/s13568-018-0710-4
state	10.1186/s13568-019-0739-z)	10.1186/s13568-019-0739-z
state	10.1186/s40409-016-0070-y)	10.1186/s40409-016-0070-y
state	10.1186/s40409-017-0094-y)	10.1186/s40409-017-0094-y
state	10.1186/s40409-017-0119-6)	10.1186/s40409-017-0119-6
state	10.1186/s40409-017-0130-y)	10.1186/s40409-017-0130-y
state	10.1248/bpb.18.457)	10.1248/bpb.18.457
state	10.1248/cpb.22.1827)	10.1248/cpb.22.1827
state	10.1371/journal.pcbi.1003212)	10.1371/journal.pcbi.1003212
state	10.1371/journal.pcbi.1004074)	10.1371/journal.pcbi.1004074
state	10.1371/journal.pone.0057991)	10.1371/journal.pone.0057991
state	10.1371/journal.pone.0058997)	10.1371/journal.pone.0058997
state	10.1371/journal.pone.0059119)	10.1371/journal.pone.0059119
state	10.1371/journal.pone.0060462)	10.1371/journal.pone.0060462
state	10.1371/journal.pone.0062302)	10.1371/journal.pone.0062302
state	10.1371/journal.pone.0066084)	10.1371/journal.pone.0066084
state	10.1371/journal.pone.0070484)	10.1371/journal.pone.0070484
state	10.1371/journal.pone.0070782)	10.1371/journal.pone.0070782
state	10.1371/journal.pone.0072923)	10.1371/journal.pone.0072923
state	10.1371/journal.pone.0077031)	10.1371/journal.pone.0077031
state	10.1371/journal.pone.0082081)	10.1371/journal.pone.0082081
state	10.1371/journal.pone.0083044)	10.1371/journal.pone.0083044
state	10.1371/journal.pone.0086339)	10.1371/journal.pone.0086339
state	10.1371/journal.pone.0091007)	10.1371/journal.pone.0091007
state	10.1371/journal.pone.0095737)	10.1371/journal.pone.0095737
state	10.1371/journal.pone.0095939)	10.1371/journal.pone.0095939
state	10.1371/journal.pone.0097539)	10.1371/journal.pone.0097539
state	10.1371/journal.pone.0102577)	10.1371/journal.pone.0102577
state	10.1371/journal.pone.0105441)	10.1371/journal.pone.0105441
state	10.1371/journal.pone.0105549)	10.1371/journal.pone.0105549
state	10.1371/journal.pone.0106543)	10.1371/journal.pone.0106543
state	10.1371/journal.pone.0110221)	10.1371/journal.pone.0110221
state	10.1371/journal.pone.0116379)	10.1371/journal.pone.0116379
state	10.1371/journal.pone.0117394)	10.1371/journal.pone.0117394
state	10.1371/journal.pone.0119525)	10.1371/journal.pone.0119525
state	10.1371/journal.pone.0126390)	10.1371/journal.pone.0126390
state	10.1371/journal.pone.0128576)	10.1371/journal.pone.0128576
state	10.1371/journal.pone.0132701)	10.1371/journal.pone.0132701
state	10.1371/journal.pone.0137414)	10.1371/journal.pone.0137414
state	10.1371/journal.pone.0138911)	10.1371/journal.pone.0138911
state	10.1371/journal.pone.0139578)	10.1371/journal.pone.0139578
state	10.1371/journal.pone.0142451)	10.1371/journal.pone.0142451
state	10.1371/journal.pone.0149729)	10.1371/journal.pone.0149729
state	10.1371/journal.pone.0151820)	10.1371/journal.pone.0151820
state	10.1371/journal.pone.0159423)	10.1371/journal.pone.0159423
state	10.1371/journal.pone.0161573)	10.1371/journal.pone.0161573
state	10.1371/journal.pone.0162007)	10.1371/journal.pone.0162007
state	10.1371/journal.pone.0162537)	10.1371/journal.pone.0162537
state	10.1371/journal.pone.0167953)	10.1371/journal.pone.0167953
state	10.1371/journal.pone.0173783)	10.1371/journal.pone.0173783
state	10.1371/journal.pone.0176088)	10.1371/journal.pone.0176088
state	10.1371/journal.pone.0178785)	10.1371/journal.pone.0178785
state	10.1371/journal.pone.0187914)	10.1371/journal.pone.0187914
state	10.1371/journal.pone.0196295)	10.1371/journal.pone.0196295
state	10.1371/journal.pone.0201668)	10.1371/journal.pone.0201668
state	10.1371/journal.pone.0205509)	10.1371/journal.pone.0205509
state	10.1371/journal.pone.0205727)	10.1371/journal.pone.0205727
state	10.1371/journal.pone.0206578)	10.1371/journal.pone.0206578
state	10.1371/journal.pone.0216669)	10.1371/journal.pone.0216669
state	10.1371/journal.pone.0220656)	10.1371/journal.pone.0220656
state	10.1371/journal.pone.0222438)	10.1371/journal.pone.0222438
state	10.1371/journal.ppat.1004071)	10.1371/journal.ppat.1004071
state	10.1371/journal.ppat.1004152)	10.1371/journal.ppat.1004152
state	10.1371/journal.ppat.1005159)	10.1371/journal.ppat.1005159
state	10.18632/oncotarget.6794)	10.18632/oncotarget.6794
state	10.3389/fcell.2016.00086)	10.3389/fcell.2016.00086
state	10.3389/fchem.2017.00001)	10.3389/fchem.2017.00001
state	10.3389/fchem.2018.00394)	10.3389/fchem.2018.00394
state	10.3389/fcimb.2018.00354)	10.3389/fcimb.2018.00354
state	10.3389/fcimb.2019.00174)	10.3389/fcimb.2019.00174
state	10.3389/fimmu.2016.00664)	10.3389/fimmu.2016.00664
state	10.3389/fmicb.2013.00332)	10.3389/fmicb.2013.00332
state	10.3389/fmicb.2016.01115)	10.3389/fmicb.2016.01115
state	10.3389/fmicb.2016.01140)	10.3389/fmicb.2016.01140
state	10.3389/fmicb.2016.01484)	10.3389/fmicb.2016.01484
state	10.3389/fmicb.2016.01682)	10.3389/fmicb.2016.01682
state	10.3389/fmicb.2016.01801)	10.3389/fmicb.2016.01801
state	10.3389/fmicb.2016.02006)	10.3389/fmicb.2016.02006
state	10.3389/fmicb.2017.00051)	10.3389/fmicb.2017.00051
state	10.3389/fmicb.2017.00273)	10.3389/fmicb.2017.00273
state	10.3389/fmicb.2017.00544)	10.3389/fmicb.2017.00544
state	10.3389/fmicb.2017.00628)	10.3389/fmicb.2017.00628
state	10.3389/fmicb.2017.00761)	10.3389/fmicb.2017.00761
state	10.3389/fmicb.2017.00774)	10.3389/fmicb.2017.00774
state	10.3389/fmicb.2017.00775)	10.3389/fmicb.2017.00775
state	10.3389/fmicb.2017.00994)	10.3389/fmicb.2017.00994
state	10.3389/fmicb.2018.00393)	10.3389/fmicb.2018.00393
state	10.3389/fmicb.2018.00541)	10.3389/fmicb.2018.00541
state	10.3389/fmicb.2018.00667)	10.3389/fmicb.2018.00667
state	10.3389/fmicb.2018.01159)	10.3389/fmicb.2018.01159
state	10.3389/fmicb.2018.02249)	10.3389/fmicb.2018.02249
state	10.3389/fmicb.2018.02600)	10.3389/fmicb.2018.02600
state	10.3389/fmicb.2018.02846)	10.3389/fmicb.2018.02846
state	10.3389/fmicb.2019.02327)	10.3389/fmicb.2019.02327
state	10.3762/bjoc.14.144)	10.3762/bjoc.14.144
state	10.3892/etm.2017.5631)	10.3892/etm.2017.5631
state	10.3892/mmr.2017.7418)	10.3892/mmr.2017.7418
state	10.3892/ol.2012.1042)	10.3892/ol.2012.1042
state	10.5423/ppj.oa.02.2014.0011)	10.5423/ppj.oa.02.2014.0011
state	10.7150/ijbs.23419)	10.7150/ijbs.23419
state	10.7150/ijbs.9859)	10.7150/ijbs.9859
state	10.7150/thno.21425)	10.7150/thno.21425
extracted	10.3389/fmicb.2013.00332)	10.3389/fmicb.2013.00332
extracted	10.3389/fmicb.2013.00332)	10.3389/fmicb.2013.00332
extracted	10.3389/fmicb.2013.00332)	10.3389/fmicb.2013.00332
extracted	10.3389/fmicb.2013.00332)	10.3389/fmicb.2013.00332
extracted	10.3389/fmicb.2013.00332)	10.3389/fmicb.2013.00332
extracted	10.1371/journal.pone.0083044)	10.1371/journal.pone.0083044
extracted	10.1371/journal.pone.0083044)	10.1371/journal.pone.0083044
extracted	10.1371/journal.pone.0083044)	10.1371/journal.pone.0083044
extracted	10.1371/journal.pone.0083044)	10.1371/journal.pone.0083044
extracted	10.1371/journal.pone.0083044)	10.1371/journal.pone.0083044
extracted	10.1371/journal.pone.0083044)	10.1371/journal.pone.0083044
extracted	10.1371/journal.pone.0082081)	10.1371/journal.pone.0082081
extracted	10.1371/journal.pone.0082081)	10.1371/journal.pone.0082081
extracted	10.1371/journal.pone.0082081)	10.1371/journal.pone.0082081
extracted	10.1371/journal.pone.0082081)	10.1371/journal.pone.0082081
extracted	10.1371/journal.pone.0082081)	10.1371/journal.pone.0082081
extracted	10.1371/journal.pone.0082081)	10.1371/journal.pone.0082081
extracted	10.1371/journal.pone.0082081)	10.1371/journal.pone.0082081
extracted	10.1371/journal.pone.0082081)	10.1371/journal.pone.0082081
extracted	10.1371/journal.pone.0082081)	10.1371/journal.pone.0082081
extracted	10.1371/journal.pone.0082081)	10.1371/journal.pone.0082081
extracted	10.1371/journal.pone.0082081)	10.1371/journal.pone.0082081
extracted	10.1371/journal.pone.0082081)	10.1371/journal.pone.0082081
extracted	10.1371/journal.pone.0082081)	10.1371/journal.pone.0082081
extracted	10.1371/journal.pone.0082081)	10.1371/journal.pone.0082081
extracted	10.1371/journal.pone.0057991)	10.1371/journal.pone.0057991
extracted	10.1371/journal.pone.0057991)	10.1371/journal.pone.0057991
extracted	10.1371/journal.pone.0057991)	10.1371/journal.pone.0057991
extracted	10.1371/journal.pone.0057991)	10.1371/journal.pone.0057991
extracted	10.1371/journal.pone.0070484)	10.1371/journal.pone.0070484
extracted	10.1371/journal.pone.0070484)	10.1371/journal.pone.0070484
extracted	10.1371/journal.pone.0070484)	10.1371/journal.pone.0070484
extracted	10.1371/journal.pone.0070484)	10.1371/journal.pone.0070484
extracted	10.1371/journal.pone.0070484)	10.1371/journal.pone.0070484
extracted	10.1371/journal.pone.0070484)	10.1371/journal.pone.0070484
extracted	10.1371/journal.pone.0070484)	10.1371/journal.pone.0070484
extracted	10.1371/journal.pone.0070484)	10.1371/journal.pone.0070484
extracted	10.1371/journal.pone.0070484)	10.1371/journal.pone.0070484
extracted	10.1371/journal.pone.0070484)	10.1371/journal.pone.0070484
extracted	10.1371/journal.pone.0070484)	10.1371/journal.pone.0070484
extracted	10.1371/journal.pone.0070484)	10.1371/journal.pone.0070484
extracted	10.1371/journal.pone.0072923)	10.1371/journal.pone.0072923
extracted	10.1371/journal.pone.0072923)	10.1371/journal.pone.0072923
extracted	10.1371/journal.pone.0072923)	10.1371/journal.pone.0072923
extracted	10.1371/journal.pone.0072923)	10.1371/journal.pone.0072923
extracted	10.1371/journal.pone.0072923)	10.1371/journal.pone.0072923
extracted	10.1371/journal.pone.0062302)	10.1371/journal.pone.0062302
extracted	10.1371/journal.pone.0062302)	10.1371/journal.pone.0062302
extracted	10.1371/journal.pone.0062302)	10.1371/journal.pone.0062302
extracted	10.1371/journal.pone.0062302)	10.1371/journal.pone.0062302
extracted	10.1371/journal.pone.0062302)	10.1371/journal.pone.0062302
extracted	10.1371/journal.pone.0062302)	10.1371/journal.pone.0062302
extracted	10.1371/journal.pone.0062302)	10.1371/journal.pone.0062302
extracted	10.1371/journal.pone.0062302)	10.1371/journal.pone.0062302
extracted	10.1371/journal.pone.0062302)	10.1371/journal.pone.0062302
extracted	10.1371/journal.pone.0062302)	10.1371/journal.pone.0062302
extracted	10.1371/journal.pone.0062302)	10.1371/journal.pone.0062302
extracted	10.1371/journal.pone.0062302)	10.1371/journal.pone.0062302
extracted	10.1371/journal.pone.0062302)	10.1371/journal.pone.0062302
extracted	10.1371/journal.pone.0062302)	10.1371/journal.pone.0062302
extracted	10.1371/journal.pone.0077031)	10.1371/journal.pone.0077031
extracted	10.1371/journal.pone.0077031)	10.1371/journal.pone.0077031
extracted	10.1371/journal.pone.0077031)	10.1371/journal.pone.0077031
extracted	10.1371/journal.pone.0077031)	10.1371/journal.pone.0077031
extracted	10.1371/journal.pone.0077031)	10.1371/journal.pone.0077031
extracted	10.1371/journal.pone.0077031)	10.1371/journal.pone.0077031
extracted	10.1371/journal.pone.0077031)	10.1371/journal.pone.0077031
extracted	10.1371/journal.pone.0077031)	10.1371/journal.pone.0077031
extracted	10.1371/journal.pone.0077031)	10.1371/journal.pone.0077031
extracted	10.1371/journal.pone.0077031)	10.1371/journal.pone.0077031
extracted	10.1371/journal.pone.0077031)	10.1371/journal.pone.0077031
extracted	10.3892/ol.2012.1042)	10.3892/ol.2012.1042
extracted	10.3892/ol.2012.1042)	10.3892/ol.2012.1042
extracted	10.3892/ol.2012.1042)	10.3892/ol.2012.1042
extracted	10.3892/ol.2012.1042)	10.3892/ol.2012.1042
extracted	10.3892/ol.2012.1042)	10.3892/ol.2012.1042
extracted	10.3892/ol.2012.1042)	10.3892/ol.2012.1042
extracted	10.3892/ol.2012.1042)	10.3892/ol.2012.1042
extracted	10.3892/ol.2012.1042)	10.3892/ol.2012.1042
extracted	10.3892/ol.2012.1042)	10.3892/ol.2012.1042
extracted	10.3892/ol.2012.1042)	10.3892/ol.2012.1042
extracted	10.3892/ol.2012.1042)	10.3892/ol.2012.1042
extracted	10.3892/ol.2012.1042)	10.3892/ol.2012.1042
extracted	10.3892/ol.2012.1042)	10.3892/ol.2012.1042
extracted	10.3892/ol.2012.1042)	10.3892/ol.2012.1042
extracted	10.3892/ol.2012.1042)	10.3892/ol.2012.1042
extracted	10.3892/ol.2012.1042)	10.3892/ol.2012.1042
extracted	10.3892/ol.2012.1042)	10.3892/ol.2012.1042
extracted	10.3892/ol.2012.1042)	10.3892/ol.2012.1042
extracted	10.3892/ol.2012.1042)	10.3892/ol.2012.1042
extracted	10.3892/ol.2012.1042)	10.3892/ol.2012.1042
extracted	10.3892/ol.2012.1042)	10.3892/ol.2012.1042
extracted	10.3892/ol.2012.1042)	10.3892/ol.2012.1042
extracted	10.3892/ol.2012.1042)	10.3892/ol.2012.1042
extracted	10.1371/journal.pone.0060462)	10.1371/journal.pone.0060462
extracted	10.1371/journal.pone.0060462)	10.1371/journal.pone.0060462
extracted	10.1371/journal.pone.0060462)	10.1371/journal.pone.0060462
extracted	10.1371/journal.pone.0060462)	10.1371/journal.pone.0060462
extracted	10.1371/journal.pone.0060462)	10.1371/journal.pone.0060462
extracted	10.1371/journal.pone.0060462)	10.1371/journal.pone.0060462
extracted	10.1371/journal.pone.0060462)	10.1371/journal.pone.0060462
extracted	10.1371/journal.pone.0060462)	10.1371/journal.pone.0060462
extracted	10.1371/journal.pone.0060462)	10.1371/journal.pone.0060462
extracted	10.1371/journal.pone.0060462)	10.1371/journal.pone.0060462
extracted	10.1371/journal.pone.0059119)	10.1371/journal.pone.0059119
extracted	10.1371/journal.pone.0059119)	10.1371/journal.pone.0059119
extracted	10.1371/journal.pone.0059119)	10.1371/journal.pone.0059119
extracted	10.1371/journal.pone.0059119)	10.1371/journal.pone.0059119
extracted	10.1371/journal.pone.0059119)	10.1371/journal.pone.0059119
extracted	10.1371/journal.pone.0059119)	10.1371/journal.pone.0059119
extracted	10.1371/journal.pone.0059119)	10.1371/journal.pone.0059119
extracted	10.1371/journal.pone.0059119)	10.1371/journal.pone.0059119
extracted	10.1371/journal.pone.0059119)	10.1371/journal.pone.0059119
extracted	10.1371/journal.pone.0059119)	10.1371/journal.pone.0059119
extracted	10.1371/journal.pone.0059119)	10.1371/journal.pone.0059119
extracted	10.1371/journal.pone.0059119)	10.1371/journal.pone.0059119
extracted	10.1371/journal.pone.0059119)	10.1371/journal.pone.0059119
extracted	10.1371/journal.pone.0059119)	10.1371/journal.pone.0059119
extracted	10.1371/journal.pone.0059119)	10.1371/journal.pone.0059119
extracted	10.1371/journal.pone.0059119)	10.1371/journal.pone.0059119
extracted	10.1371/journal.pcbi.1003212)	10.1371/journal.pcbi.1003212
extracted	10.1371/journal.pcbi.1003212)	10.1371/journal.pcbi.1003212
extracted	10.1371/journal.pcbi.1003212)	10.1371/journal.pcbi.1003212
extracted	10.1371/journal.pcbi.1003212)	10.1371/journal.pcbi.1003212
extracted	10.1371/journal.pcbi.1003212)	10.1371/journal.pcbi.1003212
extracted	10.1371/journal.pcbi.1003212)	10.1371/journal.pcbi.1003212
extracted	10.1371/journal.pcbi.1003212)	10.1371/journal.pcbi.1003212
extracted	10.1371/journal.pcbi.1003212)	10.1371/journal.pcbi.1003212
extracted	10.1371/journal.pcbi.1003212)	10.1371/journal.pcbi.1003212
extracted	10.1371/journal.pcbi.1003212)	10.1371/journal.pcbi.1003212
extracted	10.1186/2191-0855-3-35)	10.1186/2191-0855-3-35
extracted	10.1186/2191-0855-3-35)	10.1186/2191-0855-3-35
extracted	10.1186/2191-0855-3-35)	10.1186/2191-0855-3-35
extracted	10.1186/2191-0855-3-35)	10.1186/2191-0855-3-35
extracted	10.1186/2191-0855-3-35)	10.1186/2191-0855-3-35
extracted	10.1186/2191-0855-3-35)	10.1186/2191-0855-3-35
extracted	10.1186/2191-0855-3-35)	10.1186/2191-0855-3-35
extracted	10.1186/2191-0855-3-35)	10.1186/2191-0855-3-35
extracted	10.1186/2191-0855-3-35)	10.1186/2191-0855-3-35
extracted	10.1186/2191-0855-3-35)	10.1186/2191-0855-3-35
extracted	10.1186/2191-0855-3-35)	10.1186/2191-0855-3-35
extracted	10.1186/2191-0855-3-35)	10.1186/2191-0855-3-35
extracted	10.1186/2191-0855-3-35)	10.1186/2191-0855-3-35
extracted	10.1186/2191-0855-3-35)	10.1186/2191-0855-3-35
extracted	10.1186/2191-0855-3-35)	10.1186/2191-0855-3-35
extracted	10.1186/2191-0855-3-35)	10.1186/2191-0855-3-35
extracted	10.1186/2191-0855-3-35)	10.1186/2191-0855-3-35
extracted	10.1186/2191-0855-3-35)	10.1186/2191-0855-3-35
extracted	10.1186/2191-0855-3-35)	10.1186/2191-0855-3-35
extracted	10.1186/2191-0855-3-35)	10.1186/2191-0855-3-35
extracted	10.1186/2191-0855-3-35)	10.1186/2191-0855-3-35
extracted	10.1186/2191-0855-3-35)	10.1186/2191-0855-3-35
extracted	10.1186/2191-0855-3-35)	10.1186/2191-0855-3-35
extracted	10.1186/2191-0855-3-35)	10.1186/2191-0855-3-35
extracted	10.1186/2191-0855-3-35)	10.1186/2191-0855-3-35
extracted	10.1186/2191-0855-3-35)	10.1186/2191-0855-3-35
extracted	10.1186/2191-0855-3-35)	10.1186/2191-0855-3-35
extracted	10.1186/2191-0855-3-35)	10.1186/2191-0855-3-35
extracted	10.1186/2191-0855-3-35)	10.1186/2191-0855-3-35
extracted	10.1186/2191-0855-3-35)	10.1186/2191-0855-3-35
extracted	10.1186/2191-0855-3-35)	10.1186/2191-0855-3-35
extracted	10.1186/2191-0855-3-35)	10.1186/2191-0855-3-35
extracted	10.1186/2191-0855-3-35)	10.1186/2191-0855-3-35
extracted	10.1186/2191-0855-3-35)	10.1186/2191-0855-3-35
extracted	10.1186/2191-0855-3-35)	10.1186/2191-0855-3-35
extracted	10.1186/2191-0855-3-35)	10.1186/2191-0855-3-35
extracted	10.1186/2191-0855-3-35)	10.1186/2191-0855-3-35
extracted	10.1186/2191-0855-3-35)	10.1186/2191-0855-3-35
extracted	10.1371/journal.pone.0066084)	10.1371/journal.pone.0066084
extracted	10.1371/journal.pone.0066084)	10.1371/journal.pone.0066084
extracted	10.1371/journal.pone.0066084)	10.1371/journal.pone.0066084
extracted	10.1371/journal.pone.0066084)	10.1371/journal.pone.0066084
extracted	10.1371/journal.pone.0066084)	10.1371/journal.pone.0066084
extracted	10.1371/journal.pone.0066084)	10.1371/journal.pone.0066084
extracted	10.1371/journal.pone.0066084)	10.1371/journal.pone.0066084
extracted	10.1371/journal.pone.0066084)	10.1371/journal.pone.0066084
extracted	10.1371/journal.pone.0066084)	10.1371/journal.pone.0066084
extracted	10.1371/journal.pone.0066084)	10.1371/journal.pone.0066084
extracted	10.1371/journal.pone.0066084)	10.1371/journal.pone.0066084
extracted	10.1371/journal.pone.0066084)	10.1371/journal.pone.0066084
extracted	10.1371/journal.pone.0066084)	10.1371/journal.pone.0066084
extracted	10.1371/journal.pone.0066084)	10.1371/journal.pone.0066084
extracted	10.1371/journal.pone.0066084)	10.1371/journal.pone.0066084
extracted	10.1371/journal.pone.0066084)	10.1371/journal.pone.0066084
extracted	10.1371/journal.pone.0066084)	10.1371/journal.pone.0066084
extracted	10.1371/journal.pone.0066084)	10.1371/journal.pone.0066084
extracted	10.1371/journal.pone.0066084)	10.1371/journal.pone.0066084
extracted	10.1371/journal.pone.0066084)	10.1371/journal.pone.0066084
extracted	10.1371/journal.pone.0066084)	10.1371/journal.pone.0066084
extracted	10.1371/journal.pone.0066084)	10.1371/journal.pone.0066084
extracted	10.1371/journal.pone.0066084)	10.1371/journal.pone.0066084
extracted	10.1371/journal.pone.0066084)	10.1371/journal.pone.0066084
extracted	10.1371/journal.pone.0066084)	10.1371/journal.pone.0066084
extracted	10.1371/journal.pone.0066084)	10.1371/journal.pone.0066084
extracted	10.7150/ijbs.9859)	10.7150/ijbs.9859
extracted	10.7150/ijbs.9859)	10.7150/ijbs.9859
extracted	10.7150/ijbs.9859)	10.7150/ijbs.9859
extracted	10.7150/ijbs.9859)	10.7150/ijbs.9859
extracted	10.7150/ijbs.9859)	10.7150/ijbs.9859
extracted	10.7150/ijbs.9859)	10.7150/ijbs.9859
extracted	10.7150/ijbs.9859)	10.7150/ijbs.9859
extracted	10.7150/ijbs.9859)	10.7150/ijbs.9859
extracted	10.7150/ijbs.9859)	10.7150/ijbs.9859
extracted	10.7150/ijbs.9859)	10.7150/ijbs.9859
extracted	10.7150/ijbs.9859)	10.7150/ijbs.9859
extracted	10.7150/ijbs.9859)	10.7150/ijbs.9859
extracted	10.7150/ijbs.9859)	10.7150/ijbs.9859
extracted	10.7150/ijbs.9859)	10.7150/ijbs.9859
extracted	10.7150/ijbs.9859)	10.7150/ijbs.9859
extracted	10.7150/ijbs.9859)	10.7150/ijbs.9859
extracted	10.7150/ijbs.9859)	10.7150/ijbs.9859
extracted	10.7150/ijbs.9859)	10.7150/ijbs.9859
extracted	10.7150/ijbs.9859)	10.7150/ijbs.9859
extracted	10.7150/ijbs.9859)	10.7150/ijbs.9859
extracted	10.7150/ijbs.9859)	10.7150/ijbs.9859
extracted	10.7150/ijbs.9859)	10.7150/ijbs.9859
extracted	10.7150/ijbs.9859)	10.7150/ijbs.9859
extracted	10.7150/ijbs.9859)	10.7150/ijbs.9859
extracted	10.7150/ijbs.9859)	10.7150/ijbs.9859
extracted	10.5423/ppj.oa.02.2014.0011)	10.5423/ppj.oa.02.2014.0011
extracted	10.5423/ppj.oa.02.2014.0011)	10.5423/ppj.oa.02.2014.0011
extracted	10.5423/ppj.oa.02.2014.0011)	10.5423/ppj.oa.02.2014.0011
extracted	10.5423/ppj.oa.02.2014.0011)	10.5423/ppj.oa.02.2014.0011
extracted	10.5423/ppj.oa.02.2014.0011)	10.5423/ppj.oa.02.2014.0011
extracted	10.5423/ppj.oa.02.2014.0011)	10.5423/ppj.oa.02.2014.0011
extracted	10.5423/ppj.oa.02.2014.0011)	10.5423/ppj.oa.02.2014.0011
extracted	10.5423/ppj.oa.02.2014.0011)	10.5423/ppj.oa.02.2014.0011
extracted	10.5423/ppj.oa.02.2014.0011)	10.5423/ppj.oa.02.2014.0011
extracted	10.5423/ppj.oa.02.2014.0011)	10.5423/ppj.oa.02.2014.0011
extracted	10.5423/ppj.oa.02.2014.0011)	10.5423/ppj.oa.02.2014.0011
extracted	10.5423/ppj.oa.02.2014.0011)	10.5423/ppj.oa.02.2014.0011
extracted	10.5423/ppj.oa.02.2014.0011)	10.5423/ppj.oa.02.2014.0011
extracted	10.5423/ppj.oa.02.2014.0011)	10.5423/ppj.oa.02.2014.0011
extracted	10.5423/ppj.oa.02.2014.0011)	10.5423/ppj.oa.02.2014.0011
extracted	10.5423/ppj.oa.02.2014.0011)	10.5423/ppj.oa.02.2014.0011
extracted	10.5423/ppj.oa.02.2014.0011)	10.5423/ppj.oa.02.2014.0011
extracted	10.5423/ppj.oa.02.2014.0011)	10.5423/ppj.oa.02.2014.0011
extracted	10.5423/ppj.oa.02.2014.0011)	10.5423/ppj.oa.02.2014.0011
extracted	10.5423/ppj.oa.02.2014.0011)	10.5423/ppj.oa.02.2014.0011
extracted	10.5423/ppj.oa.02.2014.0011)	10.5423/ppj.oa.02.2014.0011
extracted	10.5423/ppj.oa.02.2014.0011)	10.5423/ppj.oa.02.2014.0011
extracted	10.5423/ppj.oa.02.2014.0011)	10.5423/ppj.oa.02.2014.0011
extracted	10.5423/ppj.oa.02.2014.0011)	10.5423/ppj.oa.02.2014.0011
extracted	10.1371/journal.pone.0058997)	10.1371/journal.pone.0058997
extracted	10.1371/journal.pone.0058997)	10.1371/journal.pone.0058997
extracted	10.1371/journal.pone.0058997)	10.1371/journal.pone.0058997
extracted	10.1371/journal.pone.0058997)	10.1371/journal.pone.0058997
extracted	10.1371/journal.pone.0058997)	10.1371/journal.pone.0058997
extracted	10.1371/journal.pone.0058997)	10.1371/journal.pone.0058997
extracted	10.1371/journal.pone.0058997)	10.1371/journal.pone.0058997
extracted	10.1371/journal.pone.0058997)	10.1371/journal.pone.0058997
extracted	10.1371/journal.pone.0058997)	10.1371/journal.pone.0058997
extracted	10.1371/journal.pone.0058997)	10.1371/journal.pone.0058997
extracted	10.1371/journal.pone.0058997)	10.1371/journal.pone.0058997
extracted	10.1371/journal.pone.0058997)	10.1371/journal.pone.0058997
extracted	10.1371/journal.pone.0058997)	10.1371/journal.pone.0058997
extracted	10.1371/journal.pone.0058997)	10.1371/journal.pone.0058997
extracted	10.1371/journal.pone.0058997)	10.1371/journal.pone.0058997
extracted	10.1371/journal.pone.0058997)	10.1371/journal.pone.0058997
extracted	10.1371/journal.pone.0058997)	10.1371/journal.pone.0058997
extracted	10.1371/journal.pone.0058997)	10.1371/journal.pone.0058997
extracted	10.1371/journal.pone.0058997)	10.1371/journal.pone.0058997
extracted	10.1371/journal.pone.0058997)	10.1371/journal.pone.0058997
extracted	10.1371/journal.pone.0058997)	10.1371/journal.pone.0058997
extracted	10.1371/journal.pone.0058997)	10.1371/journal.pone.0058997
extracted	10.1371/journal.pone.0058997)	10.1371/journal.pone.0058997
extracted	10.1371/journal.pone.0058997)	10.1371/journal.pone.0058997
extracted	10.1371/journal.pone.0058997)	10.1371/journal.pone.0058997
extracted	10.1371/journal.pone.0058997)	10.1371/journal.pone.0058997
extracted	10.1371/journal.pone.0058997)	10.1371/journal.pone.0058997
extracted	10.1371/journal.pone.0070782)	10.1371/journal.pone.0070782
extracted	10.1371/journal.pone.0070782)	10.1371/journal.pone.0070782
extracted	10.1371/journal.pone.0070782)	10.1371/journal.pone.0070782
extracted	10.1371/journal.pone.0070782)	10.1371/journal.pone.0070782
extracted	10.1371/journal.pone.0070782)	10.1371/journal.pone.0070782
extracted	10.1371/journal.pone.0070782)	10.1371/journal.pone.0070782
extracted	10.1371/journal.pone.0070782)	10.1371/journal.pone.0070782
extracted	10.1371/journal.pone.0070782)	10.1371/journal.pone.0070782
extracted	10.1371/journal.pone.0070782)	10.1371/journal.pone.0070782
extracted	10.1371/journal.pone.0070782)	10.1371/journal.pone.0070782
extracted	10.1371/journal.pone.0070782)	10.1371/journal.pone.0070782
extracted	10.1371/journal.pone.0070782)	10.1371/journal.pone.0070782
extracted	10.1371/journal.pone.0070782)	10.1371/journal.pone.0070782
extracted	10.1371/journal.pone.0070782)	10.1371/journal.pone.0070782
extracted	10.1371/journal.pone.0070782)	10.1371/journal.pone.0070782
extracted	10.1371/journal.pone.0070782)	10.1371/journal.pone.0070782
extracted	10.1371/journal.pone.0070782)	10.1371/journal.pone.0070782
extracted	10.1371/journal.pone.0070782)	10.1371/journal.pone.0070782
extracted	10.1371/journal.pone.0070782)	10.1371/journal.pone.0070782
extracted	10.1371/journal.pone.0070782)	10.1371/journal.pone.0070782
extracted	10.1371/journal.pone.0070782)	10.1371/journal.pone.0070782
extracted	10.1371/journal.pone.0070782)	10.1371/journal.pone.0070782
extracted	10.1371/journal.pone.0070782)	10.1371/journal.pone.0070782
extracted	10.1371/journal.pone.0070782)	10.1371/journal.pone.0070782
extracted	10.1371/journal.pone.0070782)	10.1371/journal.pone.0070782
extracted	10.1371/journal.pone.0070782)	10.1371/journal.pone.0070782
extracted	10.1371/journal.pone.0070782)	10.1371/journal.pone.0070782
extracted	10.1371/journal.pone.0070782)	10.1371/journal.pone.0070782
extracted	10.1371/journal.pone.0070782)	10.1371/journal.pone.0070782
extracted	10.1371/journal.pone.0070782)	10.1371/journal.pone.0070782
extracted	10.1371/journal.pone.0070782)	10.1371/journal.pone.0070782
extracted	10.1371/journal.pone.0070782)	10.1371/journal.pone.0070782
extracted	10.1371/journal.pone.0070782)	10.1371/journal.pone.0070782
extracted	10.1371/journal.pone.0070782)	10.1371/journal.pone.0070782
extracted	10.1371/journal.pone.0070782)	10.1371/journal.pone.0070782
extracted	10.1371/journal.pone.0070782)	10.1371/journal.pone.0070782
extracted	10.1371/journal.pone.0070782)	10.1371/journal.pone.0070782
extracted	10.1371/journal.pone.0070782)	10.1371/journal.pone.0070782
extracted	10.1371/journal.pone.0070782)	10.1371/journal.pone.0070782
extracted	10.1371/journal.pone.0070782)	10.1371/journal.pone.0070782
extracted	10.1371/journal.pone.0102577)	10.1371/journal.pone.0102577
extracted	10.1371/journal.pone.0102577)	10.1371/journal.pone.0102577
extracted	10.1371/journal.pone.0102577)	10.1371/journal.pone.0102577
extracted	10.1371/journal.pone.0102577)	10.1371/journal.pone.0102577
extracted	10.1371/journal.pone.0102577)	10.1371/journal.pone.0102577
extracted	10.1371/journal.pone.0102577)	10.1371/journal.pone.0102577
extracted	10.1371/journal.pone.0102577)	10.1371/journal.pone.0102577
extracted	10.1371/journal.pone.0102577)	10.1371/journal.pone.0102577
extracted	10.1371/journal.pone.0102577)	10.1371/journal.pone.0102577
extracted	10.1371/journal.pone.0102577)	10.1371/journal.pone.0102577
extracted	10.1371/journal.pone.0102577)	10.1371/journal.pone.0102577
extracted	10.1371/journal.pone.0102577)	10.1371/journal.pone.0102577
extracted	10.1371/journal.pone.0102577)	10.1371/journal.pone.0102577
extracted	10.1371/journal.pone.0102577)	10.1371/journal.pone.0102577
extracted	10.1371/journal.pone.0102577)	10.1371/journal.pone.0102577
extracted	10.1371/journal.pone.0102577)	10.1371/journal.pone.0102577
extracted	10.1371/journal.pone.0102577)	10.1371/journal.pone.0102577
extracted	10.1371/journal.pone.0102577)	10.1371/journal.pone.0102577
extracted	10.1371/journal.pone.0102577)	10.1371/journal.pone.0102577
extracted	10.1371/journal.pone.0095737)	10.1371/journal.pone.0095737
extracted	10.1371/journal.pone.0095737)	10.1371/journal.pone.0095737
extracted	10.1371/journal.pone.0095737)	10.1371/journal.pone.0095737
extracted	10.1371/journal.pone.0095737)	10.1371/journal.pone.0095737
extracted	10.1371/journal.pone.0095737)	10.1371/journal.pone.0095737
extracted	10.1371/journal.pone.0095737)	10.1371/journal.pone.0095737
extracted	10.1371/journal.pone.0095737)	10.1371/journal.pone.0095737
extracted	10.1371/journal.pone.0095737)	10.1371/journal.pone.0095737
extracted	10.1371/journal.pone.0095737)	10.1371/journal.pone.0095737
extracted	10.1371/journal.pone.0095737)	10.1371/journal.pone.0095737
extracted	10.1371/journal.pone.0095737)	10.1371/journal.pone.0095737
extracted	10.1371/journal.pone.0106543)	10.1371/journal.pone.0106543
extracted	10.1371/journal.pone.0106543)	10.1371/journal.pone.0106543
extracted	10.1371/journal.pone.0106543)	10.1371/journal.pone.0106543
extracted	10.1371/journal.pone.0106543)	10.1371/journal.pone.0106543
extracted	10.1371/journal.pone.0106543)	10.1371/journal.pone.0106543
extracted	10.1371/journal.pone.0106543)	10.1371/journal.pone.0106543
extracted	10.1371/journal.pone.0106543)	10.1371/journal.pone.0106543
extracted	10.1371/journal.pone.0106543)	10.1371/journal.pone.0106543
extracted	10.1371/journal.pone.0106543)	10.1371/journal.pone.0106543
extracted	10.1371/journal.pone.0106543)	10.1371/journal.pone.0106543
extracted	10.1186/1471-2180-14-140)	10.1186/1471-2180-14-140
extracted	10.1186/1471-2180-14-140)	10.1186/1471-2180-14-140
extracted	10.1186/1471-2180-14-140)	10.1186/1471-2180-14-140
extracted	10.1186/1471-2180-14-140)	10.1186/1471-2180-14-140
extracted	10.1186/1471-2180-14-140)	10.1186/1471-2180-14-140
extracted	10.1186/1471-2180-14-140)	10.1186/1471-2180-14-140
extracted	10.1186/1471-2180-14-140)	10.1186/1471-2180-14-140
extracted	10.1186/1471-2180-14-140)	10.1186/1471-2180-14-140
extracted	10.1186/1471-2180-14-140)	10.1186/1471-2180-14-140
extracted	10.1186/1471-2180-14-140)	10.1186/1471-2180-14-140
extracted	10.1186/1471-2180-14-140)	10.1186/1471-2180-14-140
extracted	10.1186/1471-2180-14-140)	10.1186/1471-2180-14-140
extracted	10.1186/1471-2180-14-140)	10.1186/1471-2180-14-140
extracted	10.1186/1471-2180-14-140)	10.1186/1471-2180-14-140
extracted	10.1186/1471-2180-14-140)	10.1186/1471-2180-14-140
extracted	10.1186/1471-2180-14-140)	10.1186/1471-2180-14-140
extracted	10.1186/1471-2180-14-140)	10.1186/1471-2180-14-140
extracted	10.1186/1471-2180-14-140)	10.1186/1471-2180-14-140
extracted	10.1186/1471-2180-14-140)	10.1186/1471-2180-14-140
extracted	10.1186/1471-2180-14-140)	10.1186/1471-2180-14-140
extracted	10.1371/journal.ppat.1004152)	10.1371/journal.ppat.1004152
extracted	10.1371/journal.ppat.1004152)	10.1371/journal.ppat.1004152
extracted	10.1371/journal.ppat.1004152)	10.1371/journal.ppat.1004152
extracted	10.1371/journal.ppat.1004152)	10.1371/journal.ppat.1004152
extracted	10.1371/journal.ppat.1004152)	10.1371/journal.ppat.1004152
extracted	10.1371/journal.ppat.1004152)	10.1371/journal.ppat.1004152
extracted	10.1371/journal.ppat.1004152)	10.1371/journal.ppat.1004152
extracted	10.1371/journal.ppat.1004152)	10.1371/journal.ppat.1004152
extracted	10.1371/journal.ppat.1004152)	10.1371/journal.ppat.1004152
extracted	10.1371/journal.ppat.1004152)	10.1371/journal.ppat.1004152
extracted	10.1371/journal.ppat.1004152)	10.1371/journal.ppat.1004152
extracted	10.1371/journal.ppat.1004152)	10.1371/journal.ppat.1004152
extracted	10.1371/journal.ppat.1004152)	10.1371/journal.ppat.1004152
extracted	10.1371/journal.ppat.1004152)	10.1371/journal.ppat.1004152
extracted	10.1371/journal.ppat.1004152)	10.1371/journal.ppat.1004152
extracted	10.1371/journal.ppat.1004152)	10.1371/journal.ppat.1004152
extracted	10.1371/journal.ppat.1004152)	10.1371/journal.ppat.1004152
extracted	10.1371/journal.ppat.1004152)	10.1371/journal.ppat.1004152
extracted	10.1371/journal.ppat.1004152)	10.1371/journal.ppat.1004152
extracted	10.1371/journal.ppat.1004152)	10.1371/journal.ppat.1004152
extracted	10.1371/journal.pone.0086339)	10.1371/journal.pone.0086339
extracted	10.1371/journal.pone.0086339)	10.1371/journal.pone.0086339
extracted	10.1371/journal.pone.0086339)	10.1371/journal.pone.0086339
extracted	10.1371/journal.pone.0086339)	10.1371/journal.pone.0086339
extracted	10.1371/journal.pone.0086339)	10.1371/journal.pone.0086339
extracted	10.1371/journal.pone.0086339)	10.1371/journal.pone.0086339
extracted	10.1371/journal.pone.0086339)	10.1371/journal.pone.0086339
extracted	10.1371/journal.pone.0086339)	10.1371/journal.pone.0086339
extracted	10.1371/journal.pone.0086339)	10.1371/journal.pone.0086339
extracted	10.1371/journal.pone.0086339)	10.1371/journal.pone.0086339
extracted	10.1371/journal.pone.0086339)	10.1371/journal.pone.0086339
extracted	10.1371/journal.pone.0086339)	10.1371/journal.pone.0086339
extracted	10.1371/journal.pone.0086339)	10.1371/journal.pone.0086339
extracted	10.1371/journal.pone.0086339)	10.1371/journal.pone.0086339
extracted	10.1371/journal.pone.0110221)	10.1371/journal.pone.0110221
extracted	10.1371/journal.pone.0110221)	10.1371/journal.pone.0110221
extracted	10.1371/journal.pone.0110221)	10.1371/journal.pone.0110221
extracted	10.1371/journal.pone.0110221)	10.1371/journal.pone.0110221
extracted	10.1371/journal.pone.0110221)	10.1371/journal.pone.0110221
extracted	10.1371/journal.pone.0110221)	10.1371/journal.pone.0110221
extracted	10.1371/journal.pone.0110221)	10.1371/journal.pone.0110221
extracted	10.1371/journal.pone.0110221)	10.1371/journal.pone.0110221
extracted	10.1038/ncomms4067)	10.1038/ncomms4067
extracted	10.1038/ncomms4067)	10.1038/ncomms4067
extracted	10.1038/ncomms4067)	10.1038/ncomms4067
extracted	10.1038/ncomms4067)	10.1038/ncomms4067
extracted	10.1038/ncomms4067)	10.1038/ncomms4067
extracted	10.1038/ncomms4067)	10.1038/ncomms4067
extracted	10.1038/ncomms4067)	10.1038/ncomms4067
extracted	10.1038/ncomms4067)	10.1038/ncomms4067
extracted	10.1038/ncomms4067)	10.1038/ncomms4067
extracted	10.1038/ncomms4067)	10.1038/ncomms4067
extracted	10.1038/ncomms4067)	10.1038/ncomms4067
extracted	10.1038/ncomms4067)	10.1038/ncomms4067
extracted	10.1371/journal.pone.0105441)	10.1371/journal.pone.0105441
extracted	10.1371/journal.pone.0105441)	10.1371/journal.pone.0105441
extracted	10.1371/journal.pone.0105441)	10.1371/journal.pone.0105441
extracted	10.1371/journal.pone.0105441)	10.1371/journal.pone.0105441
extracted	10.1371/journal.pone.0105441)	10.1371/journal.pone.0105441
extracted	10.1371/journal.pone.0105441)	10.1371/journal.pone.0105441
extracted	10.1371/journal.pone.0105441)	10.1371/journal.pone.0105441
extracted	10.1371/journal.pone.0105441)	10.1371/journal.pone.0105441
extracted	10.1371/journal.pone.0105441)	10.1371/journal.pone.0105441
extracted	10.1371/journal.pone.0091007)	10.1371/journal.pone.0091007
extracted	10.1371/journal.pone.0091007)	10.1371/journal.pone.0091007
extracted	10.1371/journal.pone.0091007)	10.1371/journal.pone.0091007
extracted	10.1371/journal.pone.0091007)	10.1371/journal.pone.0091007
extracted	10.1371/journal.pone.0091007)	10.1371/journal.pone.0091007
extracted	10.1371/journal.pone.0091007)	10.1371/journal.pone.0091007
extracted	10.1371/journal.pone.0091007)	10.1371/journal.pone.0091007
extracted	10.1371/journal.pone.0091007)	10.1371/journal.pone.0091007
extracted	10.1371/journal.pone.0091007)	10.1371/journal.pone.0091007
extracted	10.1371/journal.pone.0091007)	10.1371/journal.pone.0091007
extracted	10.1371/journal.pone.0091007)	10.1371/journal.pone.0091007
extracted	10.1371/journal.pone.0091007)	10.1371/journal.pone.0091007
extracted	10.1371/journal.pone.0091007)	10.1371/journal.pone.0091007
extracted	10.1371/journal.pone.0091007)	10.1371/journal.pone.0091007
extracted	10.1371/journal.pone.0091007)	10.1371/journal.pone.0091007
extracted	10.1371/journal.pone.0091007)	10.1371/journal.pone.0091007
extracted	10.1371/journal.pone.0091007)	10.1371/journal.pone.0091007
extracted	10.1371/journal.pone.0091007)	10.1371/journal.pone.0091007
extracted	10.1371/journal.pone.0091007)	10.1371/journal.pone.0091007
extracted	10.1371/journal.pone.0091007)	10.1371/journal.pone.0091007
extracted	10.1371/journal.pone.0091007)	10.1371/journal.pone.0091007
extracted	10.1371/journal.pone.0091007)	10.1371/journal.pone.0091007
extracted	10.1371/journal.pone.0091007)	10.1371/journal.pone.0091007
extracted	10.1371/journal.pone.0091007)	10.1371/journal.pone.0091007
extracted	10.1371/journal.pone.0091007)	10.1371/journal.pone.0091007
extracted	10.1371/journal.pone.0091007)	10.1371/journal.pone.0091007
extracted	10.1371/journal.pone.0097539)	10.1371/journal.pone.0097539
extracted	10.1371/journal.pone.0097539)	10.1371/journal.pone.0097539
extracted	10.1371/journal.pone.0097539)	10.1371/journal.pone.0097539
extracted	10.1371/journal.pone.0097539)	10.1371/journal.pone.0097539
extracted	10.1371/journal.pone.0097539)	10.1371/journal.pone.0097539
extracted	10.1371/journal.pone.0097539)	10.1371/journal.pone.0097539
extracted	10.1371/journal.pone.0097539)	10.1371/journal.pone.0097539
extracted	10.1371/journal.pone.0097539)	10.1371/journal.pone.0097539
extracted	10.1371/journal.pone.0097539)	10.1371/journal.pone.0097539
extracted	10.1371/journal.pone.0097539)	10.1371/journal.pone.0097539
extracted	10.1371/journal.pone.0097539)	10.1371/journal.pone.0097539
extracted	10.1371/journal.pone.0097539)	10.1371/journal.pone.0097539
extracted	10.1371/journal.pone.0097539)	10.1371/journal.pone.0097539
extracted	10.1371/journal.pone.0097539)	10.1371/journal.pone.0097539
extracted	10.1371/journal.pone.0137414)	10.1371/journal.pone.0137414
extracted	10.1371/journal.pone.0137414)	10.1371/journal.pone.0137414
extracted	10.1371/journal.pone.0137414)	10.1371/journal.pone.0137414
extracted	10.1371/journal.pone.0137414)	10.1371/journal.pone.0137414
extracted	10.1038/srep13412)	10.1038/srep13412
extracted	10.1038/srep13412)	10.1038/srep13412
extracted	10.1038/srep13412)	10.1038/srep13412
extracted	10.1038/srep13412)	10.1038/srep13412
extracted	10.1038/srep13412)	10.1038/srep13412
extracted	10.1371/journal.pone.0105549)	10.1371/journal.pone.0105549
extracted	10.1371/journal.pone.0105549)	10.1371/journal.pone.0105549
extracted	10.1371/journal.pone.0105549)	10.1371/journal.pone.0105549
extracted	10.1371/journal.pone.0105549)	10.1371/journal.pone.0105549
extracted	10.1371/journal.pone.0105549)	10.1371/journal.pone.0105549
extracted	10.1371/journal.pone.0105549)	10.1371/journal.pone.0105549
extracted	10.1371/journal.pone.0105549)	10.1371/journal.pone.0105549
extracted	10.1371/journal.pone.0105549)	10.1371/journal.pone.0105549
extracted	10.1371/journal.pone.0105549)	10.1371/journal.pone.0105549
extracted	10.1371/journal.pone.0105549)	10.1371/journal.pone.0105549
extracted	10.1371/journal.pone.0105549)	10.1371/journal.pone.0105549
extracted	10.1371/journal.pone.0105549)	10.1371/journal.pone.0105549
extracted	10.1371/journal.pone.0105549)	10.1371/journal.pone.0105549
extracted	10.1371/journal.pone.0105549)	10.1371/journal.pone.0105549
extracted	10.1371/journal.pone.0105549)	10.1371/journal.pone.0105549
extracted	10.1371/journal.pone.0105549)	10.1371/journal.pone.0105549
extracted	10.1371/journal.pone.0105549)	10.1371/journal.pone.0105549
extracted	10.1371/journal.pone.0105549)	10.1371/journal.pone.0105549
extracted	10.1371/journal.pone.0105549)	10.1371/journal.pone.0105549
extracted	10.1371/journal.pone.0105549)	10.1371/journal.pone.0105549
extracted	10.1371/journal.pone.0105549)	10.1371/journal.pone.0105549
extracted	10.1371/journal.pone.0105549)	10.1371/journal.pone.0105549
extracted	10.1371/journal.pone.0105549)	10.1371/journal.pone.0105549
extracted	10.1371/journal.pone.0105549)	10.1371/journal.pone.0105549
extracted	10.1371/journal.pone.0105549)	10.1371/journal.pone.0105549
extracted	10.1371/journal.pone.0105549)	10.1371/journal.pone.0105549
extracted	10.1371/journal.pone.0105549)	10.1371/journal.pone.0105549
extracted	10.1371/journal.pone.0105549)	10.1371/journal.pone.0105549
extracted	10.1371/journal.pone.0105549)	10.1371/journal.pone.0105549
extracted	10.1186/s12866-014-0226-2)	10.1186/s12866-014-0226-2
extracted	10.1186/s12866-014-0226-2)	10.1186/s12866-014-0226-2
extracted	10.1186/s12866-014-0226-2)	10.1186/s12866-014-0226-2
extracted	10.1186/s12866-014-0226-2)	10.1186/s12866-014-0226-2
extracted	10.1186/s12866-014-0226-2)	10.1186/s12866-014-0226-2
extracted	10.1186/s12866-014-0226-2)	10.1186/s12866-014-0226-2
extracted	10.1186/s12866-014-0226-2)	10.1186/s12866-014-0226-2
extracted	10.1186/s12866-014-0226-2)	10.1186/s12866-014-0226-2
extracted	10.1186/s12866-014-0226-2)	10.1186/s12866-014-0226-2
extracted	10.1186/s12866-014-0226-2)	10.1186/s12866-014-0226-2
extracted	10.1186/s12866-014-0226-2)	10.1186/s12866-014-0226-2
extracted	10.1186/s12866-014-0226-2)	10.1186/s12866-014-0226-2
extracted	10.1186/s12866-014-0226-2)	10.1186/s12866-014-0226-2
extracted	10.1186/s12866-014-0226-2)	10.1186/s12866-014-0226-2
extracted	10.1186/s12866-014-0226-2)	10.1186/s12866-014-0226-2
extracted	10.1186/s12866-014-0226-2)	10.1186/s12866-014-0226-2
extracted	10.1186/s12866-014-0226-2)	10.1186/s12866-014-0226-2
extracted	10.1186/s12866-014-0226-2)	10.1186/s12866-014-0226-2
extracted	10.1186/s12866-014-0226-2)	10.1186/s12866-014-0226-2
extracted	10.1186/s12866-014-0226-2)	10.1186/s12866-014-0226-2
extracted	10.1186/s12866-014-0226-2)	10.1186/s12866-014-0226-2
extracted	10.1186/s12866-014-0226-2)	10.1186/s12866-014-0226-2
extracted	10.1186/s12866-014-0226-2)	10.1186/s12866-014-0226-2
extracted	10.1186/s12866-014-0226-2)	10.1186/s12866-014-0226-2
extracted	10.1186/s12866-014-0226-2)	10.1186/s12866-014-0226-2
extracted	10.1186/s12866-014-0226-2)	10.1186/s12866-014-0226-2
extracted	10.1186/s12866-014-0226-2)	10.1186/s12866-014-0226-2
extracted	10.1186/s12866-014-0226-2)	10.1186/s12866-014-0226-2
extracted	10.1186/s12866-014-0226-2)	10.1186/s12866-014-0226-2
extracted	10.1371/journal.pone.0162537)	10.1371/journal.pone.0162537
extracted	10.1371/journal.pone.0162537)	10.1371/journal.pone.0162537
extracted	10.1371/journal.pone.0162537)	10.1371/journal.pone.0162537
extracted	10.1371/journal.pone.0162537)	10.1371/journal.pone.0162537
extracted	10.1371/journal.pone.0162537)	10.1371/journal.pone.0162537
extracted	10.1371/journal.pone.0162537)	10.1371/journal.pone.0162537
extracted	10.1371/journal.pone.0162537)	10.1371/journal.pone.0162537
extracted	10.1371/journal.pone.0162537)	10.1371/journal.pone.0162537
extracted	10.1371/journal.pone.0162537)	10.1371/journal.pone.0162537
extracted	10.1371/journal.pone.0162537)	10.1371/journal.pone.0162537
extracted	10.1371/journal.pone.0162537)	10.1371/journal.pone.0162537
extracted	10.1371/journal.pone.0162537)	10.1371/journal.pone.0162537
extracted	10.1371/journal.pone.0162537)	10.1371/journal.pone.0162537
extracted	10.1371/journal.pone.0162537)	10.1371/journal.pone.0162537
extracted	10.1371/journal.pone.0162537)	10.1371/journal.pone.0162537
extracted	10.1371/journal.pone.0162537)	10.1371/journal.pone.0162537
extracted	10.1038/srep17260)	10.1038/srep17260
extracted	10.1038/srep17260)	10.1038/srep17260
extracted	10.1038/srep17260)	10.1038/srep17260
extracted	10.1038/srep17260)	10.1038/srep17260
extracted	10.1038/srep17260)	10.1038/srep17260
extracted	10.1038/srep17260)	10.1038/srep17260
extracted	10.1038/srep17260)	10.1038/srep17260
extracted	10.1038/srep17260)	10.1038/srep17260
extracted	10.1038/srep17260)	10.1038/srep17260
extracted	10.1038/srep17260)	10.1038/srep17260
extracted	10.1038/srep17260)	10.1038/srep17260
extracted	10.1038/srep17260)	10.1038/srep17260
extracted	10.1038/srep17260)	10.1038/srep17260
extracted	10.1038/srep17260)	10.1038/srep17260
extracted	10.1038/srep17260)	10.1038/srep17260
extracted	10.1371/journal.pone.0117394)	10.1371/journal.pone.0117394
extracted	10.1371/journal.pone.0117394)	10.1371/journal.pone.0117394
extracted	10.1371/journal.pone.0117394)	10.1371/journal.pone.0117394
extracted	10.1371/journal.pone.0117394)	10.1371/journal.pone.0117394
extracted	10.1371/journal.pone.0117394)	10.1371/journal.pone.0117394
extracted	10.1371/journal.pone.0117394)	10.1371/journal.pone.0117394
extracted	10.1371/journal.pone.0117394)	10.1371/journal.pone.0117394
extracted	10.1371/journal.pone.0117394)	10.1371/journal.pone.0117394
extracted	10.1371/journal.pone.0117394)	10.1371/journal.pone.0117394
extracted	10.1371/journal.pone.0117394)	10.1371/journal.pone.0117394
extracted	10.1371/journal.pone.0117394)	10.1371/journal.pone.0117394
extracted	10.1371/journal.pone.0117394)	10.1371/journal.pone.0117394
extracted	10.1371/journal.pone.0117394)	10.1371/journal.pone.0117394
extracted	10.1371/journal.pone.0117394)	10.1371/journal.pone.0117394
extracted	10.1371/journal.pone.0117394)	10.1371/journal.pone.0117394
extracted	10.1371/journal.pone.0117394)	10.1371/journal.pone.0117394
extracted	10.1371/journal.pone.0117394)	10.1371/journal.pone.0117394
extracted	10.1371/journal.pone.0117394)	10.1371/journal.pone.0117394
extracted	10.1371/journal.pone.0117394)	10.1371/journal.pone.0117394
extracted	10.1371/journal.pone.0117394)	10.1371/journal.pone.0117394
extracted	10.1371/journal.pone.0117394)	10.1371/journal.pone.0117394
extracted	10.1371/journal.pone.0117394)	10.1371/journal.pone.0117394
extracted	10.1371/journal.pone.0117394)	10.1371/journal.pone.0117394
extracted	10.1371/journal.pone.0117394)	10.1371/journal.pone.0117394
extracted	10.1371/journal.pone.0117394)	10.1371/journal.pone.0117394
extracted	10.1371/journal.pone.0117394)	10.1371/journal.pone.0117394
extracted	10.1371/journal.pone.0117394)	10.1371/journal.pone.0117394
extracted	10.1371/journal.pone.0117394)	10.1371/journal.pone.0117394
extracted	10.1371/journal.pone.0117394)	10.1371/journal.pone.0117394
extracted	10.1371/journal.pone.0117394)	10.1371/journal.pone.0117394
extracted	10.1371/journal.pone.0117394)	10.1371/journal.pone.0117394
extracted	10.1371/journal.pone.0117394)	10.1371/journal.pone.0117394
extracted	10.1371/journal.pone.0117394)	10.1371/journal.pone.0117394
extracted	10.1371/journal.pone.0117394)	10.1371/journal.pone.0117394
extracted	10.1371/journal.pone.0117394)	10.1371/journal.pone.0117394
extracted	10.1371/journal.pone.0117394)	10.1371/journal.pone.0117394
extracted	10.1371/journal.pone.0117394)	10.1371/journal.pone.0117394
extracted	10.1371/journal.pone.0117394)	10.1371/journal.pone.0117394
extracted	10.1371/journal.pone.0117394)	10.1371/journal.pone.0117394
extracted	10.1371/journal.pone.0117394)	10.1371/journal.pone.0117394
extracted	10.1371/journal.pone.0117394)	10.1371/journal.pone.0117394
extracted	10.1371/journal.pone.0117394)	10.1371/journal.pone.0117394
extracted	10.1371/journal.pone.0117394)	10.1371/journal.pone.0117394
extracted	10.1371/journal.pone.0117394)	10.1371/journal.pone.0117394
extracted	10.1371/journal.pone.0117394)	10.1371/journal.pone.0117394
extracted	10.1371/journal.pone.0117394)	10.1371/journal.pone.0117394
extracted	10.1371/journal.pone.0117394)	10.1371/journal.pone.0117394
extracted	10.1371/journal.pone.0138911)	10.1371/journal.pone.0138911
extracted	10.1371/journal.pone.0138911)	10.1371/journal.pone.0138911
extracted	10.1371/journal.pone.0138911)	10.1371/journal.pone.0138911
extracted	10.1371/journal.pone.0138911)	10.1371/journal.pone.0138911
extracted	10.1371/journal.pone.0138911)	10.1371/journal.pone.0138911
extracted	10.1371/journal.pone.0138911)	10.1371/journal.pone.0138911
extracted	10.1371/journal.pone.0138911)	10.1371/journal.pone.0138911
extracted	10.1371/journal.pone.0138911)	10.1371/journal.pone.0138911
extracted	10.1371/journal.pone.0138911)	10.1371/journal.pone.0138911
extracted	10.1371/journal.pone.0138911)	10.1371/journal.pone.0138911
extracted	10.1371/journal.pone.0138911)	10.1371/journal.pone.0138911
extracted	10.1371/journal.pone.0126390)	10.1371/journal.pone.0126390
extracted	10.1371/journal.pone.0126390)	10.1371/journal.pone.0126390
extracted	10.1371/journal.pone.0126390)	10.1371/journal.pone.0126390
extracted	10.1371/journal.pone.0126390)	10.1371/journal.pone.0126390
extracted	10.1371/journal.pone.0126390)	10.1371/journal.pone.0126390
extracted	10.1371/journal.pone.0126390)	10.1371/journal.pone.0126390
extracted	10.1371/journal.pone.0095939)	10.1371/journal.pone.0095939
extracted	10.1371/journal.pone.0095939)	10.1371/journal.pone.0095939
extracted	10.1371/journal.pone.0095939)	10.1371/journal.pone.0095939
extracted	10.1371/journal.pone.0095939)	10.1371/journal.pone.0095939
extracted	10.1371/journal.pone.0095939)	10.1371/journal.pone.0095939
extracted	10.1371/journal.pone.0095939)	10.1371/journal.pone.0095939
extracted	10.1371/journal.pone.0095939)	10.1371/journal.pone.0095939
extracted	10.1371/journal.pone.0095939)	10.1371/journal.pone.0095939
extracted	10.1371/journal.pone.0095939)	10.1371/journal.pone.0095939
extracted	10.1371/journal.pone.0095939)	10.1371/journal.pone.0095939
extracted	10.1371/journal.pone.0095939)	10.1371/journal.pone.0095939
extracted	10.1371/journal.pone.0095939)	10.1371/journal.pone.0095939
extracted	10.1371/journal.pone.0095939)	10.1371/journal.pone.0095939
extracted	10.1371/journal.pone.0095939)	10.1371/journal.pone.0095939
extracted	10.1371/journal.pone.0095939)	10.1371/journal.pone.0095939
extracted	10.1371/journal.pone.0095939)	10.1371/journal.pone.0095939
extracted	10.1371/journal.pone.0095939)	10.1371/journal.pone.0095939
extracted	10.1371/journal.pone.0095939)	10.1371/journal.pone.0095939
extracted	10.1371/journal.pone.0095939)	10.1371/journal.pone.0095939
extracted	10.1371/journal.pone.0095939)	10.1371/journal.pone.0095939
extracted	10.1371/journal.pone.0095939)	10.1371/journal.pone.0095939
extracted	10.1371/journal.pone.0095939)	10.1371/journal.pone.0095939
extracted	10.1371/journal.pone.0095939)	10.1371/journal.pone.0095939
extracted	10.1186/s13568-014-0078-z)	10.1186/s13568-014-0078-z
extracted	10.1186/s13568-014-0078-z)	10.1186/s13568-014-0078-z
extracted	10.1186/s13568-014-0078-z)	10.1186/s13568-014-0078-z
extracted	10.1186/s13568-014-0078-z)	10.1186/s13568-014-0078-z
extracted	10.1186/s13568-014-0078-z)	10.1186/s13568-014-0078-z
extracted	10.1186/s13568-014-0078-z)	10.1186/s13568-014-0078-z
extracted	10.1186/s13568-014-0078-z)	10.1186/s13568-014-0078-z
extracted	10.1186/s13568-014-0078-z)	10.1186/s13568-014-0078-z
extracted	10.1186/s13568-014-0078-z)	10.1186/s13568-014-0078-z
extracted	10.1186/s13568-014-0078-z)	10.1186/s13568-014-0078-z
extracted	10.1186/s13568-014-0078-z)	10.1186/s13568-014-0078-z
extracted	10.1371/journal.ppat.1005159)	10.1371/journal.ppat.1005159
extracted	10.1371/journal.ppat.1005159)	10.1371/journal.ppat.1005159
extracted	10.1371/journal.ppat.1005159)	10.1371/journal.ppat.1005159
extracted	10.1371/journal.ppat.1005159)	10.1371/journal.ppat.1005159
extracted	10.1371/journal.ppat.1005159)	10.1371/journal.ppat.1005159
extracted	10.1371/journal.ppat.1005159)	10.1371/journal.ppat.1005159
extracted	10.1371/journal.ppat.1005159)	10.1371/journal.ppat.1005159
extracted	10.1038/srep18355)	10.1038/srep18355
extracted	10.1038/srep18355)	10.1038/srep18355
extracted	10.1038/srep18355)	10.1038/srep18355
extracted	10.1038/srep18355)	10.1038/srep18355
extracted	10.1038/srep18355)	10.1038/srep18355
extracted	10.1038/srep18355)	10.1038/srep18355
extracted	10.1038/srep18355)	10.1038/srep18355
extracted	10.1038/srep18355)	10.1038/srep18355
extracted	10.1038/srep18355)	10.1038/srep18355
extracted	10.1371/journal.pone.0142451)	10.1371/journal.pone.0142451
extracted	10.1371/journal.pone.0142451)	10.1371/journal.pone.0142451
extracted	10.1371/journal.pone.0142451)	10.1371/journal.pone.0142451
extracted	10.1371/journal.pone.0142451)	10.1371/journal.pone.0142451
extracted	10.1371/journal.pone.0142451)	10.1371/journal.pone.0142451
extracted	10.1371/journal.pone.0142451)	10.1371/journal.pone.0142451
extracted	10.1371/journal.pone.0142451)	10.1371/journal.pone.0142451
extracted	10.1371/journal.pone.0142451)	10.1371/journal.pone.0142451
extracted	10.1371/journal.pone.0142451)	10.1371/journal.pone.0142451
extracted	10.1371/journal.pone.0142451)	10.1371/journal.pone.0142451
extracted	10.1371/journal.pone.0142451)	10.1371/journal.pone.0142451
extracted	10.1371/journal.pone.0142451)	10.1371/journal.pone.0142451
extracted	10.1371/journal.pone.0142451)	10.1371/journal.pone.0142451
extracted	10.1371/journal.pone.0142451)	10.1371/journal.pone.0142451
extracted	10.1371/journal.pone.0142451)	10.1371/journal.pone.0142451
extracted	10.1371/journal.pone.0142451)	10.1371/journal.pone.0142451
extracted	10.1371/journal.pone.0142451)	10.1371/journal.pone.0142451
extracted	10.1371/journal.pone.0142451)	10.1371/journal.pone.0142451
extracted	10.1371/journal.pone.0142451)	10.1371/journal.pone.0142451
extracted	10.1371/journal.pone.0142451)	10.1371/journal.pone.0142451
extracted	10.1371/journal.pone.0142451)	10.1371/journal.pone.0142451
extracted	10.1371/journal.pone.0142451)	10.1371/journal.pone.0142451
extracted	10.1371/journal.pone.0142451)	10.1371/journal.pone.0142451
extracted	10.1371/journal.pone.0142451)	10.1371/journal.pone.0142451
extracted	10.1371/journal.pone.0142451)	10.1371/journal.pone.0142451
extracted	10.1371/journal.pone.0142451)	10.1371/journal.pone.0142451
extracted	10.1371/journal.pone.0142451)	10.1371/journal.pone.0142451
extracted	10.1371/journal.pone.0142451)	10.1371/journal.pone.0142451
extracted	10.1371/journal.pone.0142451)	10.1371/journal.pone.0142451
extracted	10.1371/journal.pone.0142451)	10.1371/journal.pone.0142451
extracted	10.1371/journal.pone.0142451)	10.1371/journal.pone.0142451
extracted	10.1371/journal.pone.0142451)	10.1371/journal.pone.0142451
extracted	10.1371/journal.pone.0142451)	10.1371/journal.pone.0142451
extracted	10.1371/journal.pone.0142451)	10.1371/journal.pone.0142451
extracted	10.1038/srep11951)	10.1038/srep11951
extracted	10.1038/srep11951)	10.1038/srep11951
extracted	10.1038/srep11951)	10.1038/srep11951
extracted	10.1038/srep11951)	10.1038/srep11951
extracted	10.1038/srep11951)	10.1038/srep11951
extracted	10.1038/srep11951)	10.1038/srep11951
extracted	10.1038/srep11951)	10.1038/srep11951
extracted	10.1038/srep11951)	10.1038/srep11951
extracted	10.1038/srep11951)	10.1038/srep11951
extracted	10.1038/srep11951)	10.1038/srep11951
extracted	10.1038/srep11951)	10.1038/srep11951
extracted	10.1186/s12934-015-0302-9)	10.1186/s12934-015-0302-9
extracted	10.1186/s12934-015-0302-9)	10.1186/s12934-015-0302-9
extracted	10.1186/s12934-015-0302-9)	10.1186/s12934-015-0302-9
extracted	10.1186/s13071-015-0669-9)	10.1186/s13071-015-0669-9
extracted	10.1186/s13071-015-0669-9)	10.1186/s13071-015-0669-9
extracted	10.1186/s13071-015-0669-9)	10.1186/s13071-015-0669-9
extracted	10.1186/s13071-015-0669-9)	10.1186/s13071-015-0669-9
extracted	10.1186/s13071-015-0669-9)	10.1186/s13071-015-0669-9
extracted	10.1186/s13071-015-0669-9)	10.1186/s13071-015-0669-9
extracted	10.1186/s13071-015-0669-9)	10.1186/s13071-015-0669-9
extracted	10.1038/srep09388)	10.1038/srep09388
extracted	10.1038/srep09388)	10.1038/srep09388
extracted	10.1038/srep09388)	10.1038/srep09388
extracted	10.1038/srep09388)	10.1038/srep09388
extracted	10.1038/srep09388)	10.1038/srep09388
extracted	10.1038/srep09388)	10.1038/srep09388
extracted	10.1038/srep09388)	10.1038/srep09388
extracted	10.1038/srep09388)	10.1038/srep09388
extracted	10.1038/srep09388)	10.1038/srep09388
extracted	10.1038/srep09388)	10.1038/srep09388
extracted	10.1038/srep09388)	10.1038/srep09388
extracted	10.1038/srep09388)	10.1038/srep09388
extracted	10.1038/srep09388)	10.1038/srep09388
extracted	10.1038/srep09388)	10.1038/srep09388
extracted	10.1038/srep09388)	10.1038/srep09388
extracted	10.1038/srep09388)	10.1038/srep09388
extracted	10.1038/srep09388)	10.1038/srep09388
extracted	10.1038/srep09388)	10.1038/srep09388
extracted	10.1038/srep09388)	10.1038/srep09388
extracted	10.1038/srep09388)	10.1038/srep09388
extracted	10.1038/srep09388)	10.1038/srep09388
extracted	10.1038/srep09388)	10.1038/srep09388
extracted	10.1038/srep09388)	10.1038/srep09388
extracted	10.1038/srep09388)	10.1038/srep09388
extracted	10.1038/srep09388)	10.1038/srep09388
extracted	10.1038/srep09388)	10.1038/srep09388
extracted	10.1038/srep09388)	10.1038/srep09388
extracted	10.1038/srep09388)	10.1038/srep09388
extracted	10.1038/srep09388)	10.1038/srep09388
extracted	10.1038/srep09388)	10.1038/srep09388
extracted	10.1038/srep09388)	10.1038/srep09388
extracted	10.1038/srep09388)	10.1038/srep09388
extracted	10.1038/srep09388)	10.1038/srep09388
extracted	10.1038/srep09388)	10.1038/srep09388
extracted	10.1038/srep09388)	10.1038/srep09388
extracted	10.1038/srep09388)	10.1038/srep09388
extracted	10.1038/srep09388)	10.1038/srep09388
extracted	10.1038/srep09388)	10.1038/srep09388
extracted	10.1038/srep09388)	10.1038/srep09388
extracted	10.1038/srep09388)	10.1038/srep09388
extracted	10.1038/srep09388)	10.1038/srep09388
extracted	10.1038/srep09388)	10.1038/srep09388
extracted	10.1038/srep09388)	10.1038/srep09388
extracted	10.1038/srep09388)	10.1038/srep09388
extracted	10.1038/srep09388)	10.1038/srep09388
extracted	10.1038/srep09388)	10.1038/srep09388
extracted	10.1038/srep09388)	10.1038/srep09388
extracted	10.1038/srep09388)	10.1038/srep09388
extracted	10.1038/srep09388)	10.1038/srep09388
extracted	10.1038/srep09388)	10.1038/srep09388
extracted	10.1038/srep09388)	10.1038/srep09388
extracted	10.1038/srep09388)	10.1038/srep09388
extracted	10.1038/srep09388)	10.1038/srep09388
extracted	10.1038/srep09388)	10.1038/srep09388
extracted	10.1038/srep09388)	10.1038/srep09388
extracted	10.1038/srep09388)	10.1038/srep09388
extracted	10.1038/srep09388)	10.1038/srep09388
extracted	10.1038/srep09388)	10.1038/srep09388
extracted	10.1038/srep09388)	10.1038/srep09388
extracted	10.1038/srep09388)	10.1038/srep09388
extracted	10.1038/srep09388)	10.1038/srep09388
extracted	10.1038/srep09388)	10.1038/srep09388
extracted	10.1038/srep09388)	10.1038/srep09388
extracted	10.1038/srep09388)	10.1038/srep09388
extracted	10.1038/srep09388)	10.1038/srep09388
extracted	10.1186/s13071-014-0625-0)	10.1186/s13071-014-0625-0
extracted	10.1186/s13071-014-0625-0)	10.1186/s13071-014-0625-0
extracted	10.1186/s13071-014-0625-0)	10.1186/s13071-014-0625-0
extracted	10.1186/s13071-014-0625-0)	10.1186/s13071-014-0625-0
extracted	10.1186/s13071-014-0625-0)	10.1186/s13071-014-0625-0
extracted	10.1186/s13071-014-0625-0)	10.1186/s13071-014-0625-0
extracted	10.1186/s13071-014-0625-0)	10.1186/s13071-014-0625-0
extracted	10.1186/s13071-014-0625-0)	10.1186/s13071-014-0625-0
extracted	10.1186/s13071-014-0625-0)	10.1186/s13071-014-0625-0
extracted	10.1371/journal.pone.0116379)	10.1371/journal.pone.0116379
extracted	10.1371/journal.pone.0116379)	10.1371/journal.pone.0116379
extracted	10.1371/journal.pone.0116379)	10.1371/journal.pone.0116379
extracted	10.1371/journal.pone.0116379)	10.1371/journal.pone.0116379
extracted	10.1371/journal.pone.0116379)	10.1371/journal.pone.0116379
extracted	10.1371/journal.pone.0116379)	10.1371/journal.pone.0116379
extracted	10.1371/journal.pone.0116379)	10.1371/journal.pone.0116379
extracted	10.1371/journal.pone.0116379)	10.1371/journal.pone.0116379
extracted	10.1371/journal.pone.0116379)	10.1371/journal.pone.0116379
extracted	10.1371/journal.pone.0116379)	10.1371/journal.pone.0116379
extracted	10.1371/journal.pone.0116379)	10.1371/journal.pone.0116379
extracted	10.1371/journal.pone.0116379)	10.1371/journal.pone.0116379
extracted	10.1371/journal.pone.0116379)	10.1371/journal.pone.0116379
extracted	10.1371/journal.pone.0116379)	10.1371/journal.pone.0116379
extracted	10.1371/journal.pone.0116379)	10.1371/journal.pone.0116379
extracted	10.1371/journal.pone.0116379)	10.1371/journal.pone.0116379
extracted	10.1371/journal.pone.0116379)	10.1371/journal.pone.0116379
extracted	10.1371/journal.pone.0116379)	10.1371/journal.pone.0116379
extracted	10.1371/journal.pone.0116379)	10.1371/journal.pone.0116379
extracted	10.1371/journal.pone.0116379)	10.1371/journal.pone.0116379
extracted	10.1371/journal.pone.0116379)	10.1371/journal.pone.0116379
extracted	10.1371/journal.pone.0116379)	10.1371/journal.pone.0116379
extracted	10.1371/journal.pone.0116379)	10.1371/journal.pone.0116379
extracted	10.1371/journal.pone.0116379)	10.1371/journal.pone.0116379
extracted	10.1371/journal.pone.0116379)	10.1371/journal.pone.0116379
extracted	10.1371/journal.pone.0116379)	10.1371/journal.pone.0116379
extracted	10.1371/journal.pone.0116379)	10.1371/journal.pone.0116379
extracted	10.1371/journal.pone.0116379)	10.1371/journal.pone.0116379
extracted	10.1371/journal.pone.0116379)	10.1371/journal.pone.0116379
extracted	10.1371/journal.pone.0116379)	10.1371/journal.pone.0116379
extracted	10.1371/journal.pone.0116379)	10.1371/journal.pone.0116379
extracted	10.1371/journal.pone.0116379)	10.1371/journal.pone.0116379
extracted	10.1186/s13071-015-1176-8)	10.1186/s13071-015-1176-8
extracted	10.1186/s13071-015-1176-8)	10.1186/s13071-015-1176-8
extracted	10.1186/s13071-015-1176-8)	10.1186/s13071-015-1176-8
extracted	10.1186/s13071-015-1176-8)	10.1186/s13071-015-1176-8
extracted	10.1186/s13071-015-1176-8)	10.1186/s13071-015-1176-8
extracted	10.1186/s13071-015-1176-8)	10.1186/s13071-015-1176-8
extracted	10.1186/s13071-015-1176-8)	10.1186/s13071-015-1176-8
extracted	10.1186/s13071-015-1176-8)	10.1186/s13071-015-1176-8
extracted	10.1186/s13071-015-1176-8)	10.1186/s13071-015-1176-8
extracted	10.1186/s13071-015-1176-8)	10.1186/s13071-015-1176-8
extracted	10.1371/journal.pone.0139578)	10.1371/journal.pone.0139578
extracted	10.1371/journal.pone.0139578)	10.1371/journal.pone.0139578
extracted	10.1371/journal.pone.0139578)	10.1371/journal.pone.0139578
extracted	10.1371/journal.pone.0139578)	10.1371/journal.pone.0139578
extracted	10.1371/journal.pone.0139578)	10.1371/journal.pone.0139578
extracted	10.1038/srep12048)	10.1038/srep12048
extracted	10.1038/srep12048)	10.1038/srep12048
extracted	10.1038/srep12048)	10.1038/srep12048
extracted	10.1038/srep12048)	10.1038/srep12048
extracted	10.1038/srep12048)	10.1038/srep12048
extracted	10.1038/srep12048)	10.1038/srep12048
extracted	10.1038/srep12048)	10.1038/srep12048
extracted	10.1038/srep12048)	10.1038/srep12048
extracted	10.1038/srep12048)	10.1038/srep12048
extracted	10.1038/srep12048)	10.1038/srep12048
extracted	10.1038/srep12048)	10.1038/srep12048
extracted	10.1038/srep12048)	10.1038/srep12048
extracted	10.1038/srep12048)	10.1038/srep12048
extracted	10.1038/srep12048)	10.1038/srep12048
extracted	10.1038/srep12048)	10.1038/srep12048
extracted	10.1038/srep12048)	10.1038/srep12048
extracted	10.1038/srep12048)	10.1038/srep12048
extracted	10.1038/srep12048)	10.1038/srep12048
extracted	10.1038/srep12048)	10.1038/srep12048
extracted	10.1038/srep12048)	10.1038/srep12048
extracted	10.1038/srep12048)	10.1038/srep12048
extracted	10.1038/srep12048)	10.1038/srep12048
extracted	10.1038/srep12048)	10.1038/srep12048
extracted	10.1038/srep12048)	10.1038/srep12048
extracted	10.1038/srep12048)	10.1038/srep12048
extracted	10.1038/srep12048)	10.1038/srep12048
extracted	10.1038/srep12048)	10.1038/srep12048
extracted	10.1038/srep12048)	10.1038/srep12048
extracted	10.1038/srep12048)	10.1038/srep12048
extracted	10.1038/srep12048)	10.1038/srep12048
extracted	10.1038/srep12048)	10.1038/srep12048
extracted	10.1038/srep12048)	10.1038/srep12048
extracted	10.1038/srep12048)	10.1038/srep12048
extracted	10.1038/srep12048)	10.1038/srep12048
extracted	10.1038/srep12048)	10.1038/srep12048
extracted	10.1038/srep12048)	10.1038/srep12048
extracted	10.1038/srep12048)	10.1038/srep12048
extracted	10.1038/srep12048)	10.1038/srep12048
extracted	10.1038/srep12048)	10.1038/srep12048
extracted	10.1038/srep12048)	10.1038/srep12048
extracted	10.1038/srep12048)	10.1038/srep12048
extracted	10.1038/srep12048)	10.1038/srep12048
extracted	10.1038/srep12048)	10.1038/srep12048
extracted	10.1038/srep12048)	10.1038/srep12048
extracted	10.1038/srep12048)	10.1038/srep12048
extracted	10.1038/srep12048)	10.1038/srep12048
extracted	10.1038/srep12048)	10.1038/srep12048
extracted	10.1038/srep12048)	10.1038/srep12048
extracted	10.1038/srep12048)	10.1038/srep12048
extracted	10.1038/srep12048)	10.1038/srep12048
extracted	10.1038/srep12048)	10.1038/srep12048
extracted	10.1038/srep12048)	10.1038/srep12048
extracted	10.1038/srep12048)	10.1038/srep12048
extracted	10.1038/srep12048)	10.1038/srep12048
extracted	10.1038/srep12048)	10.1038/srep12048
extracted	10.1038/srep12048)	10.1038/srep12048
extracted	10.1038/srep12048)	10.1038/srep12048
extracted	10.1038/srep12048)	10.1038/srep12048
extracted	10.1038/srep12048)	10.1038/srep12048
extracted	10.1038/srep12048)	10.1038/srep12048
extracted	10.1038/srep12048)	10.1038/srep12048
extracted	10.1038/srep12048)	10.1038/srep12048
extracted	10.1038/srep12048)	10.1038/srep12048
extracted	10.1038/srep12048)	10.1038/srep12048
extracted	10.1038/srep12048)	10.1038/srep12048
extracted	10.1038/srep12048)	10.1038/srep12048
extracted	10.1038/srep12048)	10.1038/srep12048
extracted	10.1038/srep12048)	10.1038/srep12048
extracted	10.1021/acs.langmuir.6b03477)	10.1021/acs.langmuir.6b03477
extracted	10.1021/acs.langmuir.6b03477)	10.1021/acs.langmuir.6b03477
extracted	10.1021/acs.langmuir.6b03477)	10.1021/acs.langmuir.6b03477
extracted	10.1021/acs.langmuir.6b03477)	10.1021/acs.langmuir.6b03477
extracted	10.1021/acs.langmuir.6b03477)	10.1021/acs.langmuir.6b03477
extracted	10.1021/acs.langmuir.6b03477)	10.1021/acs.langmuir.6b03477
extracted	10.1021/acs.langmuir.6b03477)	10.1021/acs.langmuir.6b03477
extracted	10.1021/acs.langmuir.6b03477)	10.1021/acs.langmuir.6b03477
extracted	10.1021/acs.langmuir.6b03477)	10.1021/acs.langmuir.6b03477
extracted	10.1371/journal.pone.0128576)	10.1371/journal.pone.0128576
extracted	10.1371/journal.pone.0128576)	10.1371/journal.pone.0128576
extracted	10.1371/journal.pone.0128576)	10.1371/journal.pone.0128576
extracted	10.1371/journal.pone.0128576)	10.1371/journal.pone.0128576
extracted	10.1371/journal.pone.0128576)	10.1371/journal.pone.0128576
extracted	10.1371/journal.pone.0128576)	10.1371/journal.pone.0128576
extracted	10.1371/journal.pone.0128576)	10.1371/journal.pone.0128576
extracted	10.1371/journal.pone.0128576)	10.1371/journal.pone.0128576
extracted	10.1371/journal.pone.0128576)	10.1371/journal.pone.0128576
extracted	10.1371/journal.pone.0128576)	10.1371/journal.pone.0128576
extracted	10.1371/journal.pone.0128576)	10.1371/journal.pone.0128576
extracted	10.1371/journal.pone.0128576)	10.1371/journal.pone.0128576
extracted	10.1371/journal.pone.0128576)	10.1371/journal.pone.0128576
extracted	10.1371/journal.pone.0128576)	10.1371/journal.pone.0128576
extracted	10.1371/journal.pone.0128576)	10.1371/journal.pone.0128576
extracted	10.1371/journal.pone.0128576)	10.1371/journal.pone.0128576
extracted	10.1371/journal.pone.0128576)	10.1371/journal.pone.0128576
extracted	10.1371/journal.pone.0128576)	10.1371/journal.pone.0128576
extracted	10.1371/journal.pone.0128576)	10.1371/journal.pone.0128576
extracted	10.1371/journal.pone.0128576)	10.1371/journal.pone.0128576
extracted	10.1186/s40409-016-0070-y)	10.1186/s40409-016-0070-y
extracted	10.1186/s40409-016-0070-y)	10.1186/s40409-016-0070-y
extracted	10.1186/s40409-016-0070-y)	10.1186/s40409-016-0070-y
extracted	10.1186/s40409-016-0070-y)	10.1186/s40409-016-0070-y
extracted	10.1371/journal.pone.0132701)	10.1371/journal.pone.0132701
extracted	10.1371/journal.pone.0132701)	10.1371/journal.pone.0132701
extracted	10.1371/journal.pone.0132701)	10.1371/journal.pone.0132701
extracted	10.1371/journal.pone.0132701)	10.1371/journal.pone.0132701
extracted	10.1371/journal.pone.0132701)	10.1371/journal.pone.0132701
extracted	10.1371/journal.pone.0132701)	10.1371/journal.pone.0132701
extracted	10.1371/journal.pone.0132701)	10.1371/journal.pone.0132701
extracted	10.1371/journal.pone.0132701)	10.1371/journal.pone.0132701
extracted	10.1371/journal.pone.0132701)	10.1371/journal.pone.0132701
extracted	10.1371/journal.pone.0132701)	10.1371/journal.pone.0132701
extracted	10.1371/journal.pone.0132701)	10.1371/journal.pone.0132701
extracted	10.1371/journal.pone.0132701)	10.1371/journal.pone.0132701
extracted	10.1371/journal.pone.0132701)	10.1371/journal.pone.0132701
extracted	10.1371/journal.pone.0132701)	10.1371/journal.pone.0132701
extracted	10.1371/journal.pone.0132701)	10.1371/journal.pone.0132701
extracted	10.1371/journal.pone.0132701)	10.1371/journal.pone.0132701
extracted	10.1371/journal.pone.0132701)	10.1371/journal.pone.0132701
extracted	10.1371/journal.pone.0132701)	10.1371/journal.pone.0132701
extracted	10.1371/journal.pone.0132701)	10.1371/journal.pone.0132701
extracted	10.1371/journal.pone.0132701)	10.1371/journal.pone.0132701
extracted	10.1371/journal.pone.0132701)	10.1371/journal.pone.0132701
extracted	10.1038/srep09127)	10.1038/srep09127
extracted	10.1038/srep09127)	10.1038/srep09127
extracted	10.1038/srep09127)	10.1038/srep09127
extracted	10.1038/srep09127)	10.1038/srep09127
extracted	10.1038/srep09127)	10.1038/srep09127
extracted	10.1038/srep09127)	10.1038/srep09127
extracted	10.1038/srep09127)	10.1038/srep09127
extracted	10.1038/srep09127)	10.1038/srep09127
extracted	10.1038/srep09127)	10.1038/srep09127
extracted	10.1038/srep09127)	10.1038/srep09127
extracted	10.1038/srep09127)	10.1038/srep09127
extracted	10.1038/srep09127)	10.1038/srep09127
extracted	10.1038/srep09127)	10.1038/srep09127
extracted	10.1038/srep09127)	10.1038/srep09127
extracted	10.1038/srep09127)	10.1038/srep09127
extracted	10.1038/srep09127)	10.1038/srep09127
extracted	10.1038/srep09127)	10.1038/srep09127
extracted	10.1038/srep09127)	10.1038/srep09127
extracted	10.1038/srep09127)	10.1038/srep09127
extracted	10.1038/srep09127)	10.1038/srep09127
extracted	10.1038/srep09127)	10.1038/srep09127
extracted	10.1038/srep09127)	10.1038/srep09127
extracted	10.1038/srep09127)	10.1038/srep09127
extracted	10.1038/srep09127)	10.1038/srep09127
extracted	10.1038/srep09127)	10.1038/srep09127
extracted	10.1038/srep09127)	10.1038/srep09127
extracted	10.1038/srep21385)	10.1038/srep21385
extracted	10.1038/srep21385)	10.1038/srep21385
extracted	10.1038/srep21385)	10.1038/srep21385
extracted	10.1038/srep21385)	10.1038/srep21385
extracted	10.1038/srep21385)	10.1038/srep21385
extracted	10.1038/srep21385)	10.1038/srep21385
extracted	10.1038/srep21385)	10.1038/srep21385
extracted	10.1038/srep21385)	10.1038/srep21385
extracted	10.1038/srep21385)	10.1038/srep21385
extracted	10.1038/srep21385)	10.1038/srep21385
extracted	10.1038/srep21385)	10.1038/srep21385
extracted	10.1038/srep21385)	10.1038/srep21385
extracted	10.1371/journal.pone.0119525)	10.1371/journal.pone.0119525
extracted	10.1371/journal.pone.0119525)	10.1371/journal.pone.0119525
extracted	10.1371/journal.pone.0119525)	10.1371/journal.pone.0119525
extracted	10.1371/journal.pone.0119525)	10.1371/journal.pone.0119525
extracted	10.1371/journal.pone.0119525)	10.1371/journal.pone.0119525
extracted	10.1371/journal.pone.0119525)	10.1371/journal.pone.0119525
extracted	10.1371/journal.pone.0119525)	10.1371/journal.pone.0119525
extracted	10.1371/journal.pone.0119525)	10.1371/journal.pone.0119525
extracted	10.1371/journal.pone.0119525)	10.1371/journal.pone.0119525
extracted	10.1371/journal.pone.0119525)	10.1371/journal.pone.0119525
extracted	10.1371/journal.pone.0119525)	10.1371/journal.pone.0119525
extracted	10.1371/journal.pone.0119525)	10.1371/journal.pone.0119525
extracted	10.1371/journal.pone.0119525)	10.1371/journal.pone.0119525
extracted	10.1371/journal.pone.0119525)	10.1371/journal.pone.0119525
extracted	10.1371/journal.pone.0119525)	10.1371/journal.pone.0119525
extracted	10.1371/journal.pone.0119525)	10.1371/journal.pone.0119525
extracted	10.1371/journal.pone.0119525)	10.1371/journal.pone.0119525
extracted	10.1371/journal.pone.0119525)	10.1371/journal.pone.0119525
extracted	10.1371/journal.pone.0119525)	10.1371/journal.pone.0119525
extracted	10.1371/journal.pone.0119525)	10.1371/journal.pone.0119525
extracted	10.1371/journal.pone.0119525)	10.1371/journal.pone.0119525
extracted	10.1371/journal.pone.0119525)	10.1371/journal.pone.0119525
extracted	10.1007/s12539-016-0163-x)	10.1007/s12539-016-0163-x
extracted	10.1007/s12539-016-0163-x)	10.1007/s12539-016-0163-x
extracted	10.1007/s12539-016-0163-x)	10.1007/s12539-016-0163-x
extracted	10.1007/s12539-016-0163-x)	10.1007/s12539-016-0163-x
extracted	10.1007/s12539-016-0163-x)	10.1007/s12539-016-0163-x
extracted	10.1007/s12539-016-0163-x)	10.1007/s12539-016-0163-x
extracted	10.1007/s12539-016-0163-x)	10.1007/s12539-016-0163-x
extracted	10.1007/s12539-016-0163-x)	10.1007/s12539-016-0163-x
extracted	10.1007/s12539-016-0163-x)	10.1007/s12539-016-0163-x
extracted	10.1007/s12539-016-0163-x)	10.1007/s12539-016-0163-x
extracted	10.1007/s12539-016-0163-x)	10.1007/s12539-016-0163-x
extracted	10.1007/s12539-016-0163-x)	10.1007/s12539-016-0163-x
extracted	10.1007/s12539-016-0163-x)	10.1007/s12539-016-0163-x
extracted	10.1007/s12539-016-0163-x)	10.1007/s12539-016-0163-x
extracted	10.1007/s12539-016-0163-x)	10.1007/s12539-016-0163-x
extracted	10.1007/s12539-016-0163-x)	10.1007/s12539-016-0163-x
extracted	10.1007/s12539-016-0163-x)	10.1007/s12539-016-0163-x
extracted	10.1007/s12539-016-0163-x)	10.1007/s12539-016-0163-x
extracted	10.1007/s12539-016-0163-x)	10.1007/s12539-016-0163-x
extracted	10.1007/s12539-016-0163-x)	10.1007/s12539-016-0163-x
extracted	10.1007/s12539-016-0163-x)	10.1007/s12539-016-0163-x
extracted	10.1007/s12539-016-0163-x)	10.1007/s12539-016-0163-x
extracted	10.1007/s12539-016-0163-x)	10.1007/s12539-016-0163-x
extracted	10.1007/s12539-016-0163-x)	10.1007/s12539-016-0163-x
extracted	10.1007/s12539-016-0163-x)	10.1007/s12539-016-0163-x
extracted	10.1007/s12539-016-0163-x)	10.1007/s12539-016-0163-x
extracted	10.1007/s12539-016-0163-x)	10.1007/s12539-016-0163-x
extracted	10.1038/srep11082)	10.1038/srep11082
extracted	10.1038/srep11082)	10.1038/srep11082
extracted	10.1038/srep11082)	10.1038/srep11082
extracted	10.1038/srep11082)	10.1038/srep11082
extracted	10.1038/srep11082)	10.1038/srep11082
extracted	10.1038/srep11082)	10.1038/srep11082
extracted	10.1038/srep11082)	10.1038/srep11082
extracted	10.1038/srep11082)	10.1038/srep11082
extracted	10.1038/srep11082)	10.1038/srep11082
extracted	10.1038/srep11082)	10.1038/srep11082
extracted	10.1038/srep11082)	10.1038/srep11082
extracted	10.1038/srep11082)	10.1038/srep11082
extracted	10.1038/srep11082)	10.1038/srep11082
extracted	10.1038/srep11082)	10.1038/srep11082
extracted	10.1038/srep11082)	10.1038/srep11082
extracted	10.1038/srep11082)	10.1038/srep11082
extracted	10.1038/srep11082)	10.1038/srep11082
extracted	10.1038/srep11082)	10.1038/srep11082
extracted	10.1038/srep11082)	10.1038/srep11082
extracted	10.1038/srep11082)	10.1038/srep11082
extracted	10.1038/srep11082)	10.1038/srep11082
extracted	10.1038/srep11082)	10.1038/srep11082
extracted	10.1038/srep11082)	10.1038/srep11082
extracted	10.1038/srep11082)	10.1038/srep11082
extracted	10.1038/srep11082)	10.1038/srep11082
extracted	10.1371/journal.pone.0161573)	10.1371/journal.pone.0161573
extracted	10.1371/journal.pone.0161573)	10.1371/journal.pone.0161573
extracted	10.1371/journal.pone.0161573)	10.1371/journal.pone.0161573
extracted	10.1371/journal.pone.0161573)	10.1371/journal.pone.0161573
extracted	10.1371/journal.pone.0161573)	10.1371/journal.pone.0161573
extracted	10.1371/journal.pone.0161573)	10.1371/journal.pone.0161573
extracted	10.1371/journal.pone.0161573)	10.1371/journal.pone.0161573
extracted	10.1371/journal.pone.0161573)	10.1371/journal.pone.0161573
extracted	10.1371/journal.pone.0161573)	10.1371/journal.pone.0161573
extracted	10.3389/fmicb.2016.01801)	10.3389/fmicb.2016.01801
extracted	10.3389/fmicb.2016.01801)	10.3389/fmicb.2016.01801
extracted	10.3389/fmicb.2016.01801)	10.3389/fmicb.2016.01801
extracted	10.3389/fmicb.2016.01801)	10.3389/fmicb.2016.01801
extracted	10.3389/fmicb.2016.01801)	10.3389/fmicb.2016.01801
extracted	10.3389/fmicb.2016.01801)	10.3389/fmicb.2016.01801
extracted	10.3389/fmicb.2016.01801)	10.3389/fmicb.2016.01801
extracted	10.3389/fmicb.2016.01801)	10.3389/fmicb.2016.01801
extracted	10.3389/fmicb.2016.01801)	10.3389/fmicb.2016.01801
extracted	10.3389/fmicb.2016.01801)	10.3389/fmicb.2016.01801
extracted	10.3389/fmicb.2016.01801)	10.3389/fmicb.2016.01801
extracted	10.1038/srep15963)	10.1038/srep15963
extracted	10.1038/srep15963)	10.1038/srep15963
extracted	10.1038/srep15963)	10.1038/srep15963
extracted	10.1038/srep15963)	10.1038/srep15963
extracted	10.1038/srep15963)	10.1038/srep15963
extracted	10.1038/srep15963)	10.1038/srep15963
extracted	10.1038/srep15963)	10.1038/srep15963
extracted	10.1038/srep15963)	10.1038/srep15963
extracted	10.1038/srep15963)	10.1038/srep15963
extracted	10.1038/srep15963)	10.1038/srep15963
extracted	10.1038/srep15963)	10.1038/srep15963
extracted	10.1038/srep15963)	10.1038/srep15963
extracted	10.1038/srep15963)	10.1038/srep15963
extracted	10.1038/srep15963)	10.1038/srep15963
extracted	10.1038/srep15963)	10.1038/srep15963
extracted	10.1038/srep15963)	10.1038/srep15963
extracted	10.1038/srep15963)	10.1038/srep15963
extracted	10.1038/srep15963)	10.1038/srep15963
extracted	10.1038/srep15963)	10.1038/srep15963
extracted	10.1038/srep15963)	10.1038/srep15963
extracted	10.1038/srep15963)	10.1038/srep15963
extracted	10.1038/srep15963)	10.1038/srep15963
extracted	10.1038/srep15963)	10.1038/srep15963
extracted	10.1038/srep15963)	10.1038/srep15963
extracted	10.1038/srep15963)	10.1038/srep15963
extracted	10.1038/srep15963)	10.1038/srep15963
extracted	10.1038/srep15963)	10.1038/srep15963
extracted	10.1038/srep15963)	10.1038/srep15963
extracted	10.1038/srep15963)	10.1038/srep15963
extracted	10.1038/srep15963)	10.1038/srep15963
extracted	10.1038/srep15963)	10.1038/srep15963
extracted	10.1038/srep15963)	10.1038/srep15963
extracted	10.1038/srep15963)	10.1038/srep15963
extracted	10.1038/srep15963)	10.1038/srep15963
extracted	10.1038/srep15963)	10.1038/srep15963
extracted	10.1038/srep15963)	10.1038/srep15963
extracted	10.1038/srep15963)	10.1038/srep15963
extracted	10.1038/srep15963)	10.1038/srep15963
extracted	10.1038/srep15963)	10.1038/srep15963
extracted	10.1038/srep15963)	10.1038/srep15963
extracted	10.1038/srep15963)	10.1038/srep15963
extracted	10.1038/srep15963)	10.1038/srep15963
extracted	10.1038/srep15963)	10.1038/srep15963
extracted	10.1038/srep15963)	10.1038/srep15963
extracted	10.1038/srep15963)	10.1038/srep15963
extracted	10.1038/srep15963)	10.1038/srep15963
extracted	10.1038/srep15963)	10.1038/srep15963
extracted	10.1038/srep15963)	10.1038/srep15963
extracted	10.1038/srep15963)	10.1038/srep15963
extracted	10.1371/journal.pone.0162007)	10.1371/journal.pone.0162007
extracted	10.1371/journal.pone.0162007)	10.1371/journal.pone.0162007
extracted	10.1371/journal.pone.0162007)	10.1371/journal.pone.0162007
extracted	10.1371/journal.pone.0162007)	10.1371/journal.pone.0162007
extracted	10.1371/journal.pone.0162007)	10.1371/journal.pone.0162007
extracted	10.1371/journal.pone.0162007)	10.1371/journal.pone.0162007
extracted	10.1371/journal.pone.0162007)	10.1371/journal.pone.0162007
extracted	10.1371/journal.pone.0162007)	10.1371/journal.pone.0162007
extracted	10.1371/journal.pone.0162007)	10.1371/journal.pone.0162007
extracted	10.1371/journal.pone.0162007)	10.1371/journal.pone.0162007
extracted	10.1371/journal.pone.0162007)	10.1371/journal.pone.0162007
extracted	10.1371/journal.pone.0162007)	10.1371/journal.pone.0162007
extracted	10.3389/fmicb.2016.02006)	10.3389/fmicb.2016.02006
extracted	10.3389/fmicb.2016.02006)	10.3389/fmicb.2016.02006
extracted	10.3389/fmicb.2016.02006)	10.3389/fmicb.2016.02006
extracted	10.3389/fmicb.2016.02006)	10.3389/fmicb.2016.02006
extracted	10.3389/fmicb.2016.02006)	10.3389/fmicb.2016.02006
extracted	10.3389/fmicb.2016.02006)	10.3389/fmicb.2016.02006
extracted	10.3389/fmicb.2016.02006)	10.3389/fmicb.2016.02006
extracted	10.3389/fmicb.2016.02006)	10.3389/fmicb.2016.02006
extracted	10.3389/fmicb.2016.02006)	10.3389/fmicb.2016.02006
extracted	10.3389/fmicb.2016.02006)	10.3389/fmicb.2016.02006
extracted	10.3389/fmicb.2016.02006)	10.3389/fmicb.2016.02006
extracted	10.3389/fmicb.2016.02006)	10.3389/fmicb.2016.02006
extracted	10.3389/fmicb.2016.02006)	10.3389/fmicb.2016.02006
extracted	10.3389/fmicb.2016.02006)	10.3389/fmicb.2016.02006
extracted	10.3389/fmicb.2016.02006)	10.3389/fmicb.2016.02006
extracted	10.3389/fmicb.2016.02006)	10.3389/fmicb.2016.02006
extracted	10.3389/fmicb.2016.02006)	10.3389/fmicb.2016.02006
extracted	10.3389/fmicb.2016.02006)	10.3389/fmicb.2016.02006
extracted	10.3389/fimmu.2016.00664)	10.3389/fimmu.2016.00664
extracted	10.3389/fimmu.2016.00664)	10.3389/fimmu.2016.00664
extracted	10.3389/fimmu.2016.00664)	10.3389/fimmu.2016.00664
extracted	10.3389/fimmu.2016.00664)	10.3389/fimmu.2016.00664
extracted	10.3389/fimmu.2016.00664)	10.3389/fimmu.2016.00664
extracted	10.3389/fimmu.2016.00664)	10.3389/fimmu.2016.00664
extracted	10.3389/fimmu.2016.00664)	10.3389/fimmu.2016.00664
extracted	10.3389/fimmu.2016.00664)	10.3389/fimmu.2016.00664
extracted	10.3389/fimmu.2016.00664)	10.3389/fimmu.2016.00664
extracted	10.3389/fimmu.2016.00664)	10.3389/fimmu.2016.00664
extracted	10.3389/fimmu.2016.00664)	10.3389/fimmu.2016.00664
extracted	10.3389/fimmu.2016.00664)	10.3389/fimmu.2016.00664
extracted	10.3389/fimmu.2016.00664)	10.3389/fimmu.2016.00664
extracted	10.1038/srep26077)	10.1038/srep26077
extracted	10.1038/srep26077)	10.1038/srep26077
extracted	10.1038/srep26077)	10.1038/srep26077
extracted	10.1038/srep26077)	10.1038/srep26077
extracted	10.1038/srep26077)	10.1038/srep26077
extracted	10.1038/srep26077)	10.1038/srep26077
extracted	10.1038/srep26077)	10.1038/srep26077
extracted	10.1038/srep26077)	10.1038/srep26077
extracted	10.1038/srep26077)	10.1038/srep26077
extracted	10.1038/srep26077)	10.1038/srep26077
extracted	10.1038/srep26077)	10.1038/srep26077
extracted	10.1038/srep26077)	10.1038/srep26077
extracted	10.1038/srep26077)	10.1038/srep26077
extracted	10.1038/srep26077)	10.1038/srep26077
extracted	10.1038/srep26077)	10.1038/srep26077
extracted	10.1038/srep26077)	10.1038/srep26077
extracted	10.1038/srep26077)	10.1038/srep26077
extracted	10.1038/srep26077)	10.1038/srep26077
extracted	10.1038/srep26077)	10.1038/srep26077
extracted	10.1038/srep26077)	10.1038/srep26077
extracted	10.1038/srep26077)	10.1038/srep26077
extracted	10.1038/srep26077)	10.1038/srep26077
extracted	10.1038/srep26077)	10.1038/srep26077
extracted	10.1038/srep26077)	10.1038/srep26077
extracted	10.1038/srep26077)	10.1038/srep26077
extracted	10.1038/srep26077)	10.1038/srep26077
extracted	10.1038/srep26077)	10.1038/srep26077
extracted	10.1038/srep26077)	10.1038/srep26077
extracted	10.1038/srep26077)	10.1038/srep26077
extracted	10.3389/fmicb.2016.01682)	10.3389/fmicb.2016.01682
extracted	10.3389/fmicb.2016.01682)	10.3389/fmicb.2016.01682
extracted	10.3389/fmicb.2016.01682)	10.3389/fmicb.2016.01682
extracted	10.3389/fmicb.2016.01682)	10.3389/fmicb.2016.01682
extracted	10.3389/fmicb.2016.01682)	10.3389/fmicb.2016.01682
extracted	10.3389/fmicb.2016.01682)	10.3389/fmicb.2016.01682
extracted	10.3389/fmicb.2016.01682)	10.3389/fmicb.2016.01682
extracted	10.3389/fmicb.2016.01682)	10.3389/fmicb.2016.01682
extracted	10.3389/fmicb.2016.01682)	10.3389/fmicb.2016.01682
extracted	10.1371/journal.pone.0149729)	10.1371/journal.pone.0149729
extracted	10.1371/journal.pone.0149729)	10.1371/journal.pone.0149729
extracted	10.1371/journal.pone.0149729)	10.1371/journal.pone.0149729
extracted	10.1371/journal.pone.0149729)	10.1371/journal.pone.0149729
extracted	10.1371/journal.pone.0149729)	10.1371/journal.pone.0149729
extracted	10.1371/journal.pone.0149729)	10.1371/journal.pone.0149729
extracted	10.1371/journal.pone.0149729)	10.1371/journal.pone.0149729
extracted	10.1371/journal.pone.0149729)	10.1371/journal.pone.0149729
extracted	10.1007/s10989-015-9494-4)	10.1007/s10989-015-9494-4
extracted	10.1007/s10989-015-9494-4)	10.1007/s10989-015-9494-4
extracted	10.1007/s10989-015-9494-4)	10.1007/s10989-015-9494-4
extracted	10.1007/s10989-015-9494-4)	10.1007/s10989-015-9494-4
extracted	10.1007/s10989-015-9494-4)	10.1007/s10989-015-9494-4
extracted	10.1007/s10989-015-9494-4)	10.1007/s10989-015-9494-4
extracted	10.1007/s10989-015-9494-4)	10.1007/s10989-015-9494-4
extracted	10.1007/s10989-015-9494-4)	10.1007/s10989-015-9494-4
extracted	10.1007/s10989-015-9494-4)	10.1007/s10989-015-9494-4
extracted	10.1007/s10989-015-9494-4)	10.1007/s10989-015-9494-4
extracted	10.1007/s10989-015-9494-4)	10.1007/s10989-015-9494-4
extracted	10.1007/s10989-015-9494-4)	10.1007/s10989-015-9494-4
extracted	10.1007/s10989-015-9494-4)	10.1007/s10989-015-9494-4
extracted	10.1007/s10989-015-9494-4)	10.1007/s10989-015-9494-4
extracted	10.1007/s10989-015-9494-4)	10.1007/s10989-015-9494-4
extracted	10.1007/s10989-015-9494-4)	10.1007/s10989-015-9494-4
extracted	10.1007/s10989-015-9494-4)	10.1007/s10989-015-9494-4
extracted	10.1007/s10989-015-9494-4)	10.1007/s10989-015-9494-4
extracted	10.1007/s10989-015-9494-4)	10.1007/s10989-015-9494-4
extracted	10.1007/s10989-015-9494-4)	10.1007/s10989-015-9494-4
extracted	10.1007/s10989-015-9494-4)	10.1007/s10989-015-9494-4
extracted	10.1007/s10989-015-9494-4)	10.1007/s10989-015-9494-4
extracted	10.1007/s10989-015-9494-4)	10.1007/s10989-015-9494-4
extracted	10.1007/s10989-015-9494-4)	10.1007/s10989-015-9494-4
extracted	10.1007/s10989-015-9494-4)	10.1007/s10989-015-9494-4
extracted	10.1007/s10989-015-9494-4)	10.1007/s10989-015-9494-4
extracted	10.1007/s10989-015-9494-4)	10.1007/s10989-015-9494-4
extracted	10.1007/s10989-015-9494-4)	10.1007/s10989-015-9494-4
extracted	10.1007/s10989-015-9494-4)	10.1007/s10989-015-9494-4
extracted	10.1007/s10989-015-9494-4)	10.1007/s10989-015-9494-4
extracted	10.1007/s10989-015-9494-4)	10.1007/s10989-015-9494-4
extracted	10.1007/s10989-015-9494-4)	10.1007/s10989-015-9494-4
extracted	10.1007/s10989-015-9494-4)	10.1007/s10989-015-9494-4
extracted	10.1007/s10989-015-9494-4)	10.1007/s10989-015-9494-4
extracted	10.1007/s10989-015-9494-4)	10.1007/s10989-015-9494-4
extracted	10.1038/srep24684)	10.1038/srep24684
extracted	10.1038/srep24684)	10.1038/srep24684
extracted	10.1038/srep24684)	10.1038/srep24684
extracted	10.1038/srep24684)	10.1038/srep24684
extracted	10.1038/srep24684)	10.1038/srep24684
extracted	10.1038/srep24684)	10.1038/srep24684
extracted	10.1038/srep24684)	10.1038/srep24684
extracted	10.1038/srep24684)	10.1038/srep24684
extracted	10.1038/srep24684)	10.1038/srep24684
extracted	10.1038/srep24684)	10.1038/srep24684
extracted	10.1038/srep24684)	10.1038/srep24684
extracted	10.1038/srep24684)	10.1038/srep24684
extracted	10.1038/srep24684)	10.1038/srep24684
extracted	10.1038/srep24684)	10.1038/srep24684
extracted	10.1038/srep24684)	10.1038/srep24684
extracted	10.1038/srep24684)	10.1038/srep24684
extracted	10.1038/srep24684)	10.1038/srep24684
extracted	10.1186/s13071-016-1360-5)	10.1186/s13071-016-1360-5
extracted	10.1186/s13071-016-1360-5)	10.1186/s13071-016-1360-5
extracted	10.1186/s13071-016-1360-5)	10.1186/s13071-016-1360-5
extracted	10.1186/s13071-016-1360-5)	10.1186/s13071-016-1360-5
extracted	10.1186/s13071-016-1360-5)	10.1186/s13071-016-1360-5
extracted	10.1186/s13071-016-1360-5)	10.1186/s13071-016-1360-5
extracted	10.1186/s13071-016-1360-5)	10.1186/s13071-016-1360-5
extracted	10.1186/s13071-016-1360-5)	10.1186/s13071-016-1360-5
extracted	10.1186/s13071-016-1360-5)	10.1186/s13071-016-1360-5
extracted	10.1186/s13071-016-1360-5)	10.1186/s13071-016-1360-5
extracted	10.1186/s13071-016-1360-5)	10.1186/s13071-016-1360-5
extracted	10.1186/s13071-016-1360-5)	10.1186/s13071-016-1360-5
extracted	10.1186/s13071-016-1360-5)	10.1186/s13071-016-1360-5
extracted	10.1186/s13071-016-1360-5)	10.1186/s13071-016-1360-5
extracted	10.1186/s13071-016-1360-5)	10.1186/s13071-016-1360-5
extracted	10.1186/s13071-016-1360-5)	10.1186/s13071-016-1360-5
extracted	10.1371/journal.pone.0167953)	10.1371/journal.pone.0167953
extracted	10.1371/journal.pone.0167953)	10.1371/journal.pone.0167953
extracted	10.1371/journal.pone.0167953)	10.1371/journal.pone.0167953
extracted	10.1371/journal.pone.0167953)	10.1371/journal.pone.0167953
extracted	10.1371/journal.pone.0167953)	10.1371/journal.pone.0167953
extracted	10.1371/journal.pone.0167953)	10.1371/journal.pone.0167953
extracted	10.1038/srep22875)	10.1038/srep22875
extracted	10.1038/srep22875)	10.1038/srep22875
extracted	10.1038/srep22875)	10.1038/srep22875
extracted	10.1038/srep22875)	10.1038/srep22875
extracted	10.1038/srep22875)	10.1038/srep22875
extracted	10.1038/srep22875)	10.1038/srep22875
extracted	10.1038/srep22875)	10.1038/srep22875
extracted	10.1038/srep22875)	10.1038/srep22875
extracted	10.1038/srep22875)	10.1038/srep22875
extracted	10.1038/srep22875)	10.1038/srep22875
extracted	10.1038/srep22875)	10.1038/srep22875
extracted	10.1038/srep22875)	10.1038/srep22875
extracted	10.1038/srep22875)	10.1038/srep22875
extracted	10.1038/srep22875)	10.1038/srep22875
extracted	10.1007/s00253-016-7400-4)	10.1007/s00253-016-7400-4
extracted	10.1007/s00253-016-7400-4)	10.1007/s00253-016-7400-4
extracted	10.1038/srep20823)	10.1038/srep20823
extracted	10.1038/srep20823)	10.1038/srep20823
extracted	10.1038/srep20823)	10.1038/srep20823
extracted	10.1038/srep20823)	10.1038/srep20823
extracted	10.1038/srep20823)	10.1038/srep20823
extracted	10.1038/srep20823)	10.1038/srep20823
extracted	10.1038/srep20823)	10.1038/srep20823
extracted	10.1038/srep29145)	10.1038/srep29145
extracted	10.1038/srep29145)	10.1038/srep29145
extracted	10.1038/srep29145)	10.1038/srep29145
extracted	10.1038/srep29145)	10.1038/srep29145
extracted	10.1038/srep29145)	10.1038/srep29145
extracted	10.1038/srep29145)	10.1038/srep29145
extracted	10.1038/srep29145)	10.1038/srep29145
extracted	10.1038/srep29145)	10.1038/srep29145
extracted	10.1038/srep29145)	10.1038/srep29145
extracted	10.1038/srep29145)	10.1038/srep29145
extracted	10.1038/srep29145)	10.1038/srep29145
extracted	10.1038/srep29145)	10.1038/srep29145
extracted	10.1038/srep29145)	10.1038/srep29145
extracted	10.1038/srep29145)	10.1038/srep29145
extracted	10.1038/srep29145)	10.1038/srep29145
extracted	10.1038/srep29145)	10.1038/srep29145
extracted	10.1038/srep29145)	10.1038/srep29145
extracted	10.1038/srep29145)	10.1038/srep29145
extracted	10.1038/srep29145)	10.1038/srep29145
extracted	10.1038/srep29145)	10.1038/srep29145
extracted	10.1038/srep29145)	10.1038/srep29145
extracted	10.1038/srep29145)	10.1038/srep29145
extracted	10.1038/srep29145)	10.1038/srep29145
extracted	10.1038/srep29145)	10.1038/srep29145
extracted	10.1038/srep29145)	10.1038/srep29145
extracted	10.1038/srep29145)	10.1038/srep29145
extracted	10.1038/srep29145)	10.1038/srep29145
extracted	10.1038/srep29145)	10.1038/srep29145
extracted	10.1038/srep29145)	10.1038/srep29145
extracted	10.1038/srep29145)	10.1038/srep29145
extracted	10.1038/srep29145)	10.1038/srep29145
extracted	10.1038/srep29145)	10.1038/srep29145
extracted	10.1038/srep29145)	10.1038/srep29145
extracted	10.1038/srep29145)	10.1038/srep29145
extracted	10.1038/srep29145)	10.1038/srep29145
extracted	10.1038/srep29145)	10.1038/srep29145
extracted	10.1038/srep29145)	10.1038/srep29145
extracted	10.1038/srep29145)	10.1038/srep29145
extracted	10.1038/srep29145)	10.1038/srep29145
extracted	10.1038/srep29145)	10.1038/srep29145
extracted	10.1038/srep29145)	10.1038/srep29145
extracted	10.1038/srep29145)	10.1038/srep29145
extracted	10.1038/srep29145)	10.1038/srep29145
extracted	10.1038/srep29145)	10.1038/srep29145
extracted	10.1038/srep29145)	10.1038/srep29145
extracted	10.1038/srep29145)	10.1038/srep29145
extracted	10.1038/srep29145)	10.1038/srep29145
extracted	10.1038/srep29145)	10.1038/srep29145
extracted	10.1038/srep29145)	10.1038/srep29145
extracted	10.1038/srep29145)	10.1038/srep29145
extracted	10.1038/srep29145)	10.1038/srep29145
extracted	10.1038/srep29145)	10.1038/srep29145
extracted	10.1038/srep29145)	10.1038/srep29145
extracted	10.1038/srep29145)	10.1038/srep29145
extracted	10.1038/srep29145)	10.1038/srep29145
extracted	10.1038/srep29145)	10.1038/srep29145
extracted	10.1038/srep29145)	10.1038/srep29145
extracted	10.1038/srep29145)	10.1038/srep29145
extracted	10.1038/srep29145)	10.1038/srep29145
extracted	10.1038/srep29145)	10.1038/srep29145
extracted	10.1038/srep29145)	10.1038/srep29145
extracted	10.1038/srep29145)	10.1038/srep29145
extracted	10.1038/srep29145)	10.1038/srep29145
extracted	10.1038/srep29145)	10.1038/srep29145
extracted	10.1038/srep29145)	10.1038/srep29145
extracted	10.1038/srep29145)	10.1038/srep29145
extracted	10.1038/srep29145)	10.1038/srep29145
extracted	10.1038/srep29145)	10.1038/srep29145
extracted	10.1038/srep29145)	10.1038/srep29145
extracted	10.1038/srep29145)	10.1038/srep29145
extracted	10.1038/srep29145)	10.1038/srep29145
extracted	10.3389/fmicb.2016.01484)	10.3389/fmicb.2016.01484
extracted	10.3389/fmicb.2016.01484)	10.3389/fmicb.2016.01484
extracted	10.3389/fmicb.2016.01484)	10.3389/fmicb.2016.01484
extracted	10.3389/fmicb.2016.01484)	10.3389/fmicb.2016.01484
extracted	10.3389/fmicb.2016.01484)	10.3389/fmicb.2016.01484
extracted	10.3389/fmicb.2016.01484)	10.3389/fmicb.2016.01484
extracted	10.3389/fmicb.2016.01484)	10.3389/fmicb.2016.01484
extracted	10.3389/fmicb.2016.01484)	10.3389/fmicb.2016.01484
extracted	10.3389/fmicb.2016.01484)	10.3389/fmicb.2016.01484
extracted	10.3389/fmicb.2016.01484)	10.3389/fmicb.2016.01484
extracted	10.3389/fmicb.2016.01484)	10.3389/fmicb.2016.01484
extracted	10.3389/fmicb.2016.01484)	10.3389/fmicb.2016.01484
extracted	10.3389/fmicb.2016.01484)	10.3389/fmicb.2016.01484
extracted	10.3389/fmicb.2016.01484)	10.3389/fmicb.2016.01484
extracted	10.3389/fmicb.2016.01484)	10.3389/fmicb.2016.01484
extracted	10.3389/fmicb.2016.01484)	10.3389/fmicb.2016.01484
extracted	10.3389/fmicb.2016.01484)	10.3389/fmicb.2016.01484
extracted	10.3389/fmicb.2016.01484)	10.3389/fmicb.2016.01484
extracted	10.3389/fmicb.2016.01484)	10.3389/fmicb.2016.01484
extracted	10.3389/fmicb.2016.01484)	10.3389/fmicb.2016.01484
extracted	10.3389/fmicb.2016.01484)	10.3389/fmicb.2016.01484
extracted	10.3389/fmicb.2016.01484)	10.3389/fmicb.2016.01484
extracted	10.3389/fmicb.2016.01484)	10.3389/fmicb.2016.01484
extracted	10.3389/fmicb.2016.01484)	10.3389/fmicb.2016.01484
extracted	10.3389/fmicb.2016.01484)	10.3389/fmicb.2016.01484
extracted	10.3389/fmicb.2016.01484)	10.3389/fmicb.2016.01484
extracted	10.3389/fmicb.2016.01484)	10.3389/fmicb.2016.01484
extracted	10.3389/fmicb.2016.01484)	10.3389/fmicb.2016.01484
extracted	10.3389/fmicb.2016.01484)	10.3389/fmicb.2016.01484
extracted	10.3389/fmicb.2016.01484)	10.3389/fmicb.2016.01484
extracted	10.3389/fcell.2016.00086)	10.3389/fcell.2016.00086
extracted	10.3389/fcell.2016.00086)	10.3389/fcell.2016.00086
extracted	10.3389/fcell.2016.00086)	10.3389/fcell.2016.00086
extracted	10.3389/fcell.2016.00086)	10.3389/fcell.2016.00086
extracted	10.3389/fcell.2016.00086)	10.3389/fcell.2016.00086
extracted	10.3389/fcell.2016.00086)	10.3389/fcell.2016.00086
extracted	10.3389/fcell.2016.00086)	10.3389/fcell.2016.00086
extracted	10.3389/fcell.2016.00086)	10.3389/fcell.2016.00086
extracted	10.3389/fcell.2016.00086)	10.3389/fcell.2016.00086
extracted	10.3389/fcell.2016.00086)	10.3389/fcell.2016.00086
extracted	10.3389/fcell.2016.00086)	10.3389/fcell.2016.00086
extracted	10.3389/fcell.2016.00086)	10.3389/fcell.2016.00086
extracted	10.3389/fcell.2016.00086)	10.3389/fcell.2016.00086
extracted	10.3389/fcell.2016.00086)	10.3389/fcell.2016.00086
extracted	10.3389/fcell.2016.00086)	10.3389/fcell.2016.00086
extracted	10.3389/fcell.2016.00086)	10.3389/fcell.2016.00086
extracted	10.3389/fcell.2016.00086)	10.3389/fcell.2016.00086
extracted	10.3389/fcell.2016.00086)	10.3389/fcell.2016.00086
extracted	10.3389/fcell.2016.00086)	10.3389/fcell.2016.00086
extracted	10.3389/fcell.2016.00086)	10.3389/fcell.2016.00086
extracted	10.3389/fcell.2016.00086)	10.3389/fcell.2016.00086
extracted	10.3389/fcell.2016.00086)	10.3389/fcell.2016.00086
extracted	10.3389/fcell.2016.00086)	10.3389/fcell.2016.00086
extracted	10.3389/fcell.2016.00086)	10.3389/fcell.2016.00086
extracted	10.3389/fcell.2016.00086)	10.3389/fcell.2016.00086
extracted	10.3389/fcell.2016.00086)	10.3389/fcell.2016.00086
extracted	10.3389/fcell.2016.00086)	10.3389/fcell.2016.00086
extracted	10.3389/fcell.2016.00086)	10.3389/fcell.2016.00086
extracted	10.3389/fmicb.2016.01140)	10.3389/fmicb.2016.01140
extracted	10.3389/fmicb.2016.01140)	10.3389/fmicb.2016.01140
extracted	10.3389/fmicb.2016.01140)	10.3389/fmicb.2016.01140
extracted	10.3389/fmicb.2016.01140)	10.3389/fmicb.2016.01140
extracted	10.3389/fmicb.2016.01140)	10.3389/fmicb.2016.01140
extracted	10.3389/fmicb.2016.01140)	10.3389/fmicb.2016.01140
extracted	10.3389/fmicb.2016.01140)	10.3389/fmicb.2016.01140
extracted	10.3389/fmicb.2016.01140)	10.3389/fmicb.2016.01140
extracted	10.3389/fmicb.2016.01140)	10.3389/fmicb.2016.01140
extracted	10.3389/fmicb.2016.01140)	10.3389/fmicb.2016.01140
extracted	10.3389/fmicb.2016.01140)	10.3389/fmicb.2016.01140
extracted	10.3389/fmicb.2016.01140)	10.3389/fmicb.2016.01140
extracted	10.3389/fmicb.2016.01140)	10.3389/fmicb.2016.01140
extracted	10.3389/fmicb.2016.01140)	10.3389/fmicb.2016.01140
extracted	10.3389/fmicb.2016.01140)	10.3389/fmicb.2016.01140
extracted	10.3389/fmicb.2016.01140)	10.3389/fmicb.2016.01140
extracted	10.3389/fmicb.2016.01140)	10.3389/fmicb.2016.01140
extracted	10.3389/fmicb.2016.01140)	10.3389/fmicb.2016.01140
extracted	10.1038/srep35465)	10.1038/srep35465
extracted	10.1038/srep35465)	10.1038/srep35465
extracted	10.1038/srep35465)	10.1038/srep35465
extracted	10.1038/srep35465)	10.1038/srep35465
extracted	10.1038/srep35465)	10.1038/srep35465
extracted	10.1038/srep35465)	10.1038/srep35465
extracted	10.1038/srep35465)	10.1038/srep35465
extracted	10.1038/srep35465)	10.1038/srep35465
extracted	10.1038/srep35465)	10.1038/srep35465
extracted	10.1038/srep35465)	10.1038/srep35465
extracted	10.1038/srep35465)	10.1038/srep35465
extracted	10.1038/srep35465)	10.1038/srep35465
extracted	10.1038/srep35465)	10.1038/srep35465
extracted	10.1038/srep35465)	10.1038/srep35465
extracted	10.1038/srep35465)	10.1038/srep35465
extracted	10.1038/srep35465)	10.1038/srep35465
extracted	10.1038/srep35465)	10.1038/srep35465
extracted	10.1038/srep35465)	10.1038/srep35465
extracted	10.1038/srep35465)	10.1038/srep35465
extracted	10.1038/srep35465)	10.1038/srep35465
extracted	10.1038/srep35465)	10.1038/srep35465
extracted	10.3389/fmicb.2016.01115)	10.3389/fmicb.2016.01115
extracted	10.3389/fmicb.2016.01115)	10.3389/fmicb.2016.01115
extracted	10.3389/fmicb.2016.01115)	10.3389/fmicb.2016.01115
extracted	10.3389/fmicb.2016.01115)	10.3389/fmicb.2016.01115
extracted	10.3389/fmicb.2016.01115)	10.3389/fmicb.2016.01115
extracted	10.3389/fmicb.2016.01115)	10.3389/fmicb.2016.01115
extracted	10.3389/fmicb.2016.01115)	10.3389/fmicb.2016.01115
extracted	10.3389/fmicb.2016.01115)	10.3389/fmicb.2016.01115
extracted	10.3389/fmicb.2016.01115)	10.3389/fmicb.2016.01115
extracted	10.3389/fmicb.2016.01115)	10.3389/fmicb.2016.01115
extracted	10.3389/fmicb.2016.01115)	10.3389/fmicb.2016.01115
extracted	10.3389/fmicb.2016.01115)	10.3389/fmicb.2016.01115
extracted	10.3389/fmicb.2016.01115)	10.3389/fmicb.2016.01115
extracted	10.3389/fmicb.2016.01115)	10.3389/fmicb.2016.01115
extracted	10.3389/fmicb.2016.01115)	10.3389/fmicb.2016.01115
extracted	10.3389/fmicb.2016.01115)	10.3389/fmicb.2016.01115
extracted	10.3389/fmicb.2016.01115)	10.3389/fmicb.2016.01115
extracted	10.3389/fmicb.2016.01115)	10.3389/fmicb.2016.01115
extracted	10.3389/fmicb.2016.01115)	10.3389/fmicb.2016.01115
extracted	10.3389/fmicb.2016.01115)	10.3389/fmicb.2016.01115
extracted	10.3389/fmicb.2016.01115)	10.3389/fmicb.2016.01115
extracted	10.3389/fmicb.2016.01115)	10.3389/fmicb.2016.01115
extracted	10.3389/fmicb.2017.00775)	10.3389/fmicb.2017.00775
extracted	10.3389/fmicb.2017.00775)	10.3389/fmicb.2017.00775
extracted	10.3389/fmicb.2017.00775)	10.3389/fmicb.2017.00775
extracted	10.3389/fmicb.2017.00775)	10.3389/fmicb.2017.00775
extracted	10.3389/fmicb.2017.00775)	10.3389/fmicb.2017.00775
extracted	10.3389/fmicb.2017.00775)	10.3389/fmicb.2017.00775
extracted	10.3389/fmicb.2017.00775)	10.3389/fmicb.2017.00775
extracted	10.3389/fmicb.2017.00775)	10.3389/fmicb.2017.00775
extracted	10.3389/fmicb.2017.00775)	10.3389/fmicb.2017.00775
extracted	10.3389/fmicb.2017.00775)	10.3389/fmicb.2017.00775
extracted	10.3389/fmicb.2017.00775)	10.3389/fmicb.2017.00775
extracted	10.3389/fmicb.2017.00775)	10.3389/fmicb.2017.00775
extracted	10.3389/fmicb.2017.00775)	10.3389/fmicb.2017.00775
extracted	10.3389/fmicb.2017.00775)	10.3389/fmicb.2017.00775
extracted	10.3389/fmicb.2017.00775)	10.3389/fmicb.2017.00775
extracted	10.3389/fmicb.2017.00775)	10.3389/fmicb.2017.00775
extracted	10.3389/fmicb.2017.00775)	10.3389/fmicb.2017.00775
extracted	10.3389/fmicb.2017.00775)	10.3389/fmicb.2017.00775
extracted	10.3389/fmicb.2017.00775)	10.3389/fmicb.2017.00775
extracted	10.3389/fmicb.2017.00775)	10.3389/fmicb.2017.00775
extracted	10.3389/fmicb.2017.00775)	10.3389/fmicb.2017.00775
extracted	10.3389/fmicb.2017.00775)	10.3389/fmicb.2017.00775
extracted	10.3389/fmicb.2017.00775)	10.3389/fmicb.2017.00775
extracted	10.3389/fmicb.2017.00775)	10.3389/fmicb.2017.00775
extracted	10.3389/fmicb.2017.00051)	10.3389/fmicb.2017.00051
extracted	10.3389/fmicb.2017.00051)	10.3389/fmicb.2017.00051
extracted	10.3389/fmicb.2017.00051)	10.3389/fmicb.2017.00051
extracted	10.3389/fmicb.2017.00051)	10.3389/fmicb.2017.00051
extracted	10.3389/fmicb.2017.00051)	10.3389/fmicb.2017.00051
extracted	10.3389/fmicb.2017.00051)	10.3389/fmicb.2017.00051
extracted	10.3389/fmicb.2017.00051)	10.3389/fmicb.2017.00051
extracted	10.3389/fmicb.2017.00051)	10.3389/fmicb.2017.00051
extracted	10.3389/fmicb.2017.00051)	10.3389/fmicb.2017.00051
extracted	10.3389/fmicb.2017.00051)	10.3389/fmicb.2017.00051
extracted	10.3389/fmicb.2017.00051)	10.3389/fmicb.2017.00051
extracted	10.3389/fmicb.2017.00051)	10.3389/fmicb.2017.00051
extracted	10.3389/fmicb.2017.00051)	10.3389/fmicb.2017.00051
extracted	10.3389/fmicb.2017.00051)	10.3389/fmicb.2017.00051
extracted	10.3389/fmicb.2017.00051)	10.3389/fmicb.2017.00051
extracted	10.3389/fmicb.2017.00051)	10.3389/fmicb.2017.00051
extracted	10.3389/fmicb.2017.00051)	10.3389/fmicb.2017.00051
extracted	10.1038/srep32121)	10.1038/srep32121
extracted	10.1038/srep32121)	10.1038/srep32121
extracted	10.1038/srep32121)	10.1038/srep32121
extracted	10.1038/srep32121)	10.1038/srep32121
extracted	10.1038/srep32121)	10.1038/srep32121
extracted	10.1038/srep32121)	10.1038/srep32121
extracted	10.1038/srep32121)	10.1038/srep32121
extracted	10.1038/srep32121)	10.1038/srep32121
extracted	10.1038/srep32121)	10.1038/srep32121
extracted	10.1038/srep32121)	10.1038/srep32121
extracted	10.1038/srep32121)	10.1038/srep32121
extracted	10.1038/srep32121)	10.1038/srep32121
extracted	10.1038/srep32121)	10.1038/srep32121
extracted	10.1038/srep32121)	10.1038/srep32121
extracted	10.1038/srep32121)	10.1038/srep32121
extracted	10.1038/srep32121)	10.1038/srep32121
extracted	10.1038/srep32121)	10.1038/srep32121
extracted	10.1038/srep32121)	10.1038/srep32121
extracted	10.1038/srep32121)	10.1038/srep32121
extracted	10.1038/srep32121)	10.1038/srep32121
extracted	10.1038/srep32121)	10.1038/srep32121
extracted	10.1038/srep32121)	10.1038/srep32121
extracted	10.1038/srep32121)	10.1038/srep32121
extracted	10.1038/srep32121)	10.1038/srep32121
extracted	10.1038/srep32121)	10.1038/srep32121
extracted	10.1038/srep32121)	10.1038/srep32121
extracted	10.1038/srep32121)	10.1038/srep32121
extracted	10.1038/srep32121)	10.1038/srep32121
extracted	10.1038/srep32121)	10.1038/srep32121
extracted	10.1038/srep32121)	10.1038/srep32121
extracted	10.1038/srep32121)	10.1038/srep32121
extracted	10.1038/srep32121)	10.1038/srep32121
extracted	10.1038/srep32121)	10.1038/srep32121
extracted	10.1038/srep32121)	10.1038/srep32121
extracted	10.1038/srep32121)	10.1038/srep32121
extracted	10.1038/srep32121)	10.1038/srep32121
extracted	10.1038/srep32121)	10.1038/srep32121
extracted	10.1038/srep32121)	10.1038/srep32121
extracted	10.1038/srep32121)	10.1038/srep32121
extracted	10.1038/srep32121)	10.1038/srep32121
extracted	10.1038/srep32121)	10.1038/srep32121
extracted	10.1038/srep32121)	10.1038/srep32121
extracted	10.1038/srep32121)	10.1038/srep32121
extracted	10.1038/srep32121)	10.1038/srep32121
extracted	10.1038/srep32121)	10.1038/srep32121
extracted	10.1038/srep32121)	10.1038/srep32121
extracted	10.1038/srep32121)	10.1038/srep32121
extracted	10.1038/srep32121)	10.1038/srep32121
extracted	10.1038/srep32121)	10.1038/srep32121
extracted	10.1038/srep32121)	10.1038/srep32121
extracted	10.1038/srep32121)	10.1038/srep32121
extracted	10.1038/srep32121)	10.1038/srep32121
extracted	10.1038/srep32121)	10.1038/srep32121
extracted	10.1038/srep32121)	10.1038/srep32121
extracted	10.1038/srep32121)	10.1038/srep32121
extracted	10.1038/srep32121)	10.1038/srep32121
extracted	10.1038/srep32121)	10.1038/srep32121
extracted	10.1038/srep32121)	10.1038/srep32121
extracted	10.1038/srep32121)	10.1038/srep32121
extracted	10.1038/srep32121)	10.1038/srep32121
extracted	10.1038/srep32121)	10.1038/srep32121
extracted	10.1038/srep32121)	10.1038/srep32121
extracted	10.1038/srep32121)	10.1038/srep32121
extracted	10.1038/srep32121)	10.1038/srep32121
extracted	10.1038/srep32121)	10.1038/srep32121
extracted	10.1038/srep32121)	10.1038/srep32121
extracted	10.1038/srep32121)	10.1038/srep32121
extracted	10.1038/srep32121)	10.1038/srep32121
extracted	10.1038/srep32121)	10.1038/srep32121
extracted	10.1038/srep32121)	10.1038/srep32121
extracted	10.1038/srep32121)	10.1038/srep32121
extracted	10.1038/srep32121)	10.1038/srep32121
extracted	10.1038/srep32121)	10.1038/srep32121
extracted	10.1186/s13568-016-0295-8)	10.1186/s13568-016-0295-8
extracted	10.1186/s13568-016-0295-8)	10.1186/s13568-016-0295-8
extracted	10.1186/s13568-016-0295-8)	10.1186/s13568-016-0295-8
extracted	10.1186/s13568-016-0295-8)	10.1186/s13568-016-0295-8
extracted	10.1186/s13568-016-0295-8)	10.1186/s13568-016-0295-8
extracted	10.1186/s13568-016-0295-8)	10.1186/s13568-016-0295-8
extracted	10.1186/s13568-016-0295-8)	10.1186/s13568-016-0295-8
extracted	10.1186/s13568-016-0295-8)	10.1186/s13568-016-0295-8
extracted	10.1186/s13568-016-0295-8)	10.1186/s13568-016-0295-8
extracted	10.1186/s13568-016-0295-8)	10.1186/s13568-016-0295-8
extracted	10.1186/s13568-016-0295-8)	10.1186/s13568-016-0295-8
extracted	10.1186/s13568-016-0295-8)	10.1186/s13568-016-0295-8
extracted	10.1186/s13568-016-0295-8)	10.1186/s13568-016-0295-8
extracted	10.1186/s13568-016-0295-8)	10.1186/s13568-016-0295-8
extracted	10.1186/s13568-016-0295-8)	10.1186/s13568-016-0295-8
extracted	10.1186/s13568-016-0295-8)	10.1186/s13568-016-0295-8
extracted	10.1186/s13568-016-0295-8)	10.1186/s13568-016-0295-8
extracted	10.1186/s13568-016-0295-8)	10.1186/s13568-016-0295-8
extracted	10.1186/s13568-016-0295-8)	10.1186/s13568-016-0295-8
extracted	10.1186/s13568-016-0295-8)	10.1186/s13568-016-0295-8
extracted	10.1186/s13568-016-0295-8)	10.1186/s13568-016-0295-8
extracted	10.1186/s13568-016-0295-8)	10.1186/s13568-016-0295-8
extracted	10.1186/s13568-016-0295-8)	10.1186/s13568-016-0295-8
extracted	10.1186/s13568-016-0295-8)	10.1186/s13568-016-0295-8
extracted	10.1186/s13568-016-0295-8)	10.1186/s13568-016-0295-8
extracted	10.1186/s13568-016-0295-8)	10.1186/s13568-016-0295-8
extracted	10.1186/s13568-016-0295-8)	10.1186/s13568-016-0295-8
extracted	10.1186/s13568-016-0295-8)	10.1186/s13568-016-0295-8
extracted	10.1186/s13568-016-0295-8)	10.1186/s13568-016-0295-8
extracted	10.1186/s13568-016-0295-8)	10.1186/s13568-016-0295-8
extracted	10.1186/s13568-016-0295-8)	10.1186/s13568-016-0295-8
extracted	10.1186/s13568-016-0295-8)	10.1186/s13568-016-0295-8
extracted	10.1186/s13568-016-0295-8)	10.1186/s13568-016-0295-8
extracted	10.3892/mmr.2017.7418)	10.3892/mmr.2017.7418
extracted	10.3892/mmr.2017.7418)	10.3892/mmr.2017.7418
extracted	10.3892/mmr.2017.7418)	10.3892/mmr.2017.7418
extracted	10.3892/mmr.2017.7418)	10.3892/mmr.2017.7418
extracted	10.3892/mmr.2017.7418)	10.3892/mmr.2017.7418
extracted	10.3892/mmr.2017.7418)	10.3892/mmr.2017.7418
extracted	10.3892/mmr.2017.7418)	10.3892/mmr.2017.7418
extracted	10.3892/mmr.2017.7418)	10.3892/mmr.2017.7418
extracted	10.3892/mmr.2017.7418)	10.3892/mmr.2017.7418
extracted	10.3892/mmr.2017.7418)	10.3892/mmr.2017.7418
extracted	10.3892/mmr.2017.7418)	10.3892/mmr.2017.7418
extracted	10.3892/mmr.2017.7418)	10.3892/mmr.2017.7418
extracted	10.1038/srep46541)	10.1038/srep46541
extracted	10.1038/srep46541)	10.1038/srep46541
extracted	10.1038/srep46541)	10.1038/srep46541
extracted	10.1038/srep46541)	10.1038/srep46541
extracted	10.1038/srep46541)	10.1038/srep46541
extracted	10.1038/srep46541)	10.1038/srep46541
extracted	10.1038/srep46541)	10.1038/srep46541
extracted	10.1038/srep46541)	10.1038/srep46541
extracted	10.1038/srep46541)	10.1038/srep46541
extracted	10.1038/srep46541)	10.1038/srep46541
extracted	10.1038/srep46541)	10.1038/srep46541
extracted	10.1038/srep46541)	10.1038/srep46541
extracted	10.1038/srep46541)	10.1038/srep46541
extracted	10.1038/srep46541)	10.1038/srep46541
extracted	10.1038/srep46541)	10.1038/srep46541
extracted	10.1038/srep46541)	10.1038/srep46541
extracted	10.1038/srep46541)	10.1038/srep46541
extracted	10.1038/srep46541)	10.1038/srep46541
extracted	10.1038/srep46541)	10.1038/srep46541
extracted	10.1038/srep46541)	10.1038/srep46541
extracted	10.1038/srep46541)	10.1038/srep46541
extracted	10.1038/srep46541)	10.1038/srep46541
extracted	10.1038/srep46541)	10.1038/srep46541
extracted	10.1038/srep46541)	10.1038/srep46541
extracted	10.1038/srep46541)	10.1038/srep46541
extracted	10.1186/s40409-017-0094-y)	10.1186/s40409-017-0094-y
extracted	10.1186/s40409-017-0094-y)	10.1186/s40409-017-0094-y
extracted	10.1186/s40409-017-0094-y)	10.1186/s40409-017-0094-y
extracted	10.1186/s40409-017-0094-y)	10.1186/s40409-017-0094-y
extracted	10.1186/s40409-017-0094-y)	10.1186/s40409-017-0094-y
extracted	10.1186/s40409-017-0094-y)	10.1186/s40409-017-0094-y
extracted	10.1186/s40409-017-0094-y)	10.1186/s40409-017-0094-y
extracted	10.1186/s40409-017-0094-y)	10.1186/s40409-017-0094-y
extracted	10.1186/s40409-017-0094-y)	10.1186/s40409-017-0094-y
extracted	10.1186/s40409-017-0094-y)	10.1186/s40409-017-0094-y
extracted	10.1186/s40409-017-0094-y)	10.1186/s40409-017-0094-y
extracted	10.1038/srep22008)	10.1038/srep22008
extracted	10.1038/srep22008)	10.1038/srep22008
extracted	10.1038/srep22008)	10.1038/srep22008
extracted	10.1038/srep22008)	10.1038/srep22008
extracted	10.1038/srep22008)	10.1038/srep22008
extracted	10.1038/srep22008)	10.1038/srep22008
extracted	10.1038/srep22008)	10.1038/srep22008
extracted	10.1038/srep22008)	10.1038/srep22008
extracted	10.1038/srep22008)	10.1038/srep22008
extracted	10.1038/srep22008)	10.1038/srep22008
extracted	10.1038/srep22008)	10.1038/srep22008
extracted	10.1038/srep22008)	10.1038/srep22008
extracted	10.1186/s40409-017-0130-y)	10.1186/s40409-017-0130-y
extracted	10.1186/s40409-017-0130-y)	10.1186/s40409-017-0130-y
extracted	10.1186/s40409-017-0130-y)	10.1186/s40409-017-0130-y
extracted	10.1186/s40409-017-0130-y)	10.1186/s40409-017-0130-y
extracted	10.1186/s40409-017-0130-y)	10.1186/s40409-017-0130-y
extracted	10.1186/s40409-017-0130-y)	10.1186/s40409-017-0130-y
extracted	10.1186/s40409-017-0130-y)	10.1186/s40409-017-0130-y
extracted	10.1186/s40409-017-0130-y)	10.1186/s40409-017-0130-y
extracted	10.1371/journal.pone.0176088)	10.1371/journal.pone.0176088
extracted	10.1371/journal.pone.0176088)	10.1371/journal.pone.0176088
extracted	10.1371/journal.pone.0176088)	10.1371/journal.pone.0176088
extracted	10.1371/journal.pone.0176088)	10.1371/journal.pone.0176088
extracted	10.1371/journal.pone.0176088)	10.1371/journal.pone.0176088
extracted	10.1371/journal.pone.0176088)	10.1371/journal.pone.0176088
extracted	10.1371/journal.pone.0176088)	10.1371/journal.pone.0176088
extracted	10.1371/journal.pone.0176088)	10.1371/journal.pone.0176088
extracted	10.1371/journal.pone.0176088)	10.1371/journal.pone.0176088
extracted	10.1371/journal.pone.0176088)	10.1371/journal.pone.0176088
extracted	10.1371/journal.pone.0176088)	10.1371/journal.pone.0176088
extracted	10.1371/journal.pone.0176088)	10.1371/journal.pone.0176088
extracted	10.1371/journal.pone.0176088)	10.1371/journal.pone.0176088
extracted	10.1371/journal.pone.0176088)	10.1371/journal.pone.0176088
extracted	10.1371/journal.pone.0176088)	10.1371/journal.pone.0176088
extracted	10.1371/journal.pone.0176088)	10.1371/journal.pone.0176088
extracted	10.1371/journal.pone.0176088)	10.1371/journal.pone.0176088
extracted	10.1371/journal.pone.0176088)	10.1371/journal.pone.0176088
extracted	10.1371/journal.pone.0176088)	10.1371/journal.pone.0176088
extracted	10.1371/journal.pone.0176088)	10.1371/journal.pone.0176088
extracted	10.1371/journal.pone.0176088)	10.1371/journal.pone.0176088
extracted	10.1371/journal.pone.0176088)	10.1371/journal.pone.0176088
extracted	10.1371/journal.pone.0176088)	10.1371/journal.pone.0176088
extracted	10.1371/journal.pone.0176088)	10.1371/journal.pone.0176088
extracted	10.1371/journal.pone.0176088)	10.1371/journal.pone.0176088
extracted	10.1371/journal.pone.0176088)	10.1371/journal.pone.0176088
extracted	10.1371/journal.pone.0176088)	10.1371/journal.pone.0176088
extracted	10.1371/journal.pone.0176088)	10.1371/journal.pone.0176088
extracted	10.1371/journal.pone.0176088)	10.1371/journal.pone.0176088
extracted	10.1371/journal.pone.0176088)	10.1371/journal.pone.0176088
extracted	10.1371/journal.pone.0176088)	10.1371/journal.pone.0176088
extracted	10.1371/journal.pone.0176088)	10.1371/journal.pone.0176088
extracted	10.1371/journal.pone.0176088)	10.1371/journal.pone.0176088
extracted	10.1371/journal.pone.0176088)	10.1371/journal.pone.0176088
extracted	10.1371/journal.pone.0176088)	10.1371/journal.pone.0176088
extracted	10.1371/journal.pone.0176088)	10.1371/journal.pone.0176088
extracted	10.1371/journal.pone.0176088)	10.1371/journal.pone.0176088
extracted	10.1371/journal.pone.0176088)	10.1371/journal.pone.0176088
extracted	10.1371/journal.pone.0176088)	10.1371/journal.pone.0176088
extracted	10.1371/journal.pone.0176088)	10.1371/journal.pone.0176088
extracted	10.1371/journal.pone.0176088)	10.1371/journal.pone.0176088
extracted	10.1371/journal.pone.0176088)	10.1371/journal.pone.0176088
extracted	10.1371/journal.pone.0176088)	10.1371/journal.pone.0176088
extracted	10.1371/journal.pone.0176088)	10.1371/journal.pone.0176088
extracted	10.1371/journal.pone.0176088)	10.1371/journal.pone.0176088
extracted	10.1371/journal.pone.0176088)	10.1371/journal.pone.0176088
extracted	10.1371/journal.pone.0176088)	10.1371/journal.pone.0176088
extracted	10.3389/fmicb.2017.00628)	10.3389/fmicb.2017.00628
extracted	10.3389/fmicb.2017.00628)	10.3389/fmicb.2017.00628
extracted	10.3389/fmicb.2017.00628)	10.3389/fmicb.2017.00628
extracted	10.3389/fmicb.2017.00628)	10.3389/fmicb.2017.00628
extracted	10.3389/fmicb.2017.00628)	10.3389/fmicb.2017.00628
extracted	10.3389/fmicb.2017.00628)	10.3389/fmicb.2017.00628
extracted	10.3389/fmicb.2017.00628)	10.3389/fmicb.2017.00628
extracted	10.3389/fmicb.2017.00628)	10.3389/fmicb.2017.00628
extracted	10.3389/fmicb.2017.00628)	10.3389/fmicb.2017.00628
extracted	10.3389/fmicb.2017.00628)	10.3389/fmicb.2017.00628
extracted	10.3389/fmicb.2017.00628)	10.3389/fmicb.2017.00628
extracted	10.3389/fmicb.2017.00628)	10.3389/fmicb.2017.00628
extracted	10.3389/fmicb.2017.00628)	10.3389/fmicb.2017.00628
extracted	10.3389/fmicb.2017.00628)	10.3389/fmicb.2017.00628
extracted	10.3389/fmicb.2017.00628)	10.3389/fmicb.2017.00628
extracted	10.3389/fmicb.2017.00628)	10.3389/fmicb.2017.00628
extracted	10.3389/fmicb.2017.00628)	10.3389/fmicb.2017.00628
extracted	10.3389/fmicb.2017.00628)	10.3389/fmicb.2017.00628
extracted	10.3389/fmicb.2017.00628)	10.3389/fmicb.2017.00628
extracted	10.3389/fmicb.2017.00628)	10.3389/fmicb.2017.00628
extracted	10.3389/fmicb.2017.00628)	10.3389/fmicb.2017.00628
extracted	10.3389/fmicb.2017.00628)	10.3389/fmicb.2017.00628
extracted	10.3389/fmicb.2017.00628)	10.3389/fmicb.2017.00628
extracted	10.3389/fmicb.2017.00628)	10.3389/fmicb.2017.00628
extracted	10.3389/fmicb.2017.00628)	10.3389/fmicb.2017.00628
extracted	10.3389/fmicb.2017.00628)	10.3389/fmicb.2017.00628
extracted	10.3389/fmicb.2017.00628)	10.3389/fmicb.2017.00628
extracted	10.3389/fmicb.2017.00628)	10.3389/fmicb.2017.00628
extracted	10.3389/fmicb.2017.00628)	10.3389/fmicb.2017.00628
extracted	10.3389/fmicb.2017.00628)	10.3389/fmicb.2017.00628
extracted	10.3389/fmicb.2017.00628)	10.3389/fmicb.2017.00628
extracted	10.3389/fmicb.2017.00628)	10.3389/fmicb.2017.00628
extracted	10.3389/fmicb.2017.00628)	10.3389/fmicb.2017.00628
extracted	10.3389/fmicb.2017.00628)	10.3389/fmicb.2017.00628
extracted	10.3389/fmicb.2017.00628)	10.3389/fmicb.2017.00628
extracted	10.3389/fmicb.2017.00628)	10.3389/fmicb.2017.00628
extracted	10.3389/fmicb.2017.00628)	10.3389/fmicb.2017.00628
extracted	10.3389/fmicb.2017.00628)	10.3389/fmicb.2017.00628
extracted	10.3389/fmicb.2017.00628)	10.3389/fmicb.2017.00628
extracted	10.3389/fmicb.2017.00628)	10.3389/fmicb.2017.00628
extracted	10.3389/fmicb.2017.00628)	10.3389/fmicb.2017.00628
extracted	10.1186/s12941-017-0193-1)	10.1186/s12941-017-0193-1
extracted	10.1186/s12941-017-0193-1)	10.1186/s12941-017-0193-1
extracted	10.1186/s12941-017-0193-1)	10.1186/s12941-017-0193-1
extracted	10.1186/s12941-017-0193-1)	10.1186/s12941-017-0193-1
extracted	10.1186/s12941-017-0193-1)	10.1186/s12941-017-0193-1
extracted	10.1186/s12941-017-0193-1)	10.1186/s12941-017-0193-1
extracted	10.1186/s12941-017-0193-1)	10.1186/s12941-017-0193-1
extracted	10.1186/s12941-017-0193-1)	10.1186/s12941-017-0193-1
extracted	10.1186/s12941-017-0193-1)	10.1186/s12941-017-0193-1
extracted	10.1186/s12941-017-0193-1)	10.1186/s12941-017-0193-1
extracted	10.1186/s12941-017-0193-1)	10.1186/s12941-017-0193-1
extracted	10.1186/s12941-017-0193-1)	10.1186/s12941-017-0193-1
extracted	10.1186/s12941-017-0193-1)	10.1186/s12941-017-0193-1
extracted	10.1186/s12941-017-0193-1)	10.1186/s12941-017-0193-1
extracted	10.1186/s12941-017-0193-1)	10.1186/s12941-017-0193-1
extracted	10.1186/s12941-017-0193-1)	10.1186/s12941-017-0193-1
extracted	10.1186/s12941-017-0193-1)	10.1186/s12941-017-0193-1
extracted	10.1186/s12941-017-0193-1)	10.1186/s12941-017-0193-1
extracted	10.1186/s12941-017-0193-1)	10.1186/s12941-017-0193-1
extracted	10.1186/s12941-017-0193-1)	10.1186/s12941-017-0193-1
extracted	10.1186/s12941-017-0193-1)	10.1186/s12941-017-0193-1
extracted	10.1186/s12941-017-0193-1)	10.1186/s12941-017-0193-1
extracted	10.1186/s12941-017-0193-1)	10.1186/s12941-017-0193-1
extracted	10.1186/s12941-017-0193-1)	10.1186/s12941-017-0193-1
extracted	10.1186/s12941-017-0193-1)	10.1186/s12941-017-0193-1
extracted	10.1186/s12941-017-0193-1)	10.1186/s12941-017-0193-1
extracted	10.1186/s12941-017-0193-1)	10.1186/s12941-017-0193-1
extracted	10.1186/s12941-017-0193-1)	10.1186/s12941-017-0193-1
extracted	10.1186/s12941-017-0193-1)	10.1186/s12941-017-0193-1
extracted	10.1186/s12941-017-0193-1)	10.1186/s12941-017-0193-1
extracted	10.1186/s12941-017-0193-1)	10.1186/s12941-017-0193-1
extracted	10.1186/s12941-017-0193-1)	10.1186/s12941-017-0193-1
extracted	10.1186/s12941-017-0193-1)	10.1186/s12941-017-0193-1
extracted	10.1186/s12941-017-0193-1)	10.1186/s12941-017-0193-1
extracted	10.1186/s12941-017-0193-1)	10.1186/s12941-017-0193-1
extracted	10.1186/s12941-017-0193-1)	10.1186/s12941-017-0193-1
extracted	10.1186/s12941-017-0193-1)	10.1186/s12941-017-0193-1
extracted	10.1186/s12941-017-0193-1)	10.1186/s12941-017-0193-1
extracted	10.1186/s12941-017-0193-1)	10.1186/s12941-017-0193-1
extracted	10.1186/s12941-017-0193-1)	10.1186/s12941-017-0193-1
extracted	10.1186/s12941-017-0193-1)	10.1186/s12941-017-0193-1
extracted	10.1186/s12941-017-0193-1)	10.1186/s12941-017-0193-1
extracted	10.1186/s12941-017-0193-1)	10.1186/s12941-017-0193-1
extracted	10.1186/s12941-017-0193-1)	10.1186/s12941-017-0193-1
extracted	10.1186/s12941-017-0193-1)	10.1186/s12941-017-0193-1
extracted	10.1186/s12941-017-0193-1)	10.1186/s12941-017-0193-1
extracted	10.3389/fchem.2017.00001)	10.3389/fchem.2017.00001
extracted	10.3389/fchem.2017.00001)	10.3389/fchem.2017.00001
extracted	10.3389/fchem.2017.00001)	10.3389/fchem.2017.00001
extracted	10.3389/fchem.2017.00001)	10.3389/fchem.2017.00001
extracted	10.3389/fchem.2017.00001)	10.3389/fchem.2017.00001
extracted	10.3389/fchem.2017.00001)	10.3389/fchem.2017.00001
extracted	10.3389/fchem.2017.00001)	10.3389/fchem.2017.00001
extracted	10.3389/fchem.2017.00001)	10.3389/fchem.2017.00001
extracted	10.3389/fchem.2017.00001)	10.3389/fchem.2017.00001
extracted	10.3389/fchem.2017.00001)	10.3389/fchem.2017.00001
extracted	10.3389/fchem.2017.00001)	10.3389/fchem.2017.00001
extracted	10.3389/fchem.2017.00001)	10.3389/fchem.2017.00001
extracted	10.3389/fchem.2017.00001)	10.3389/fchem.2017.00001
extracted	10.3389/fchem.2017.00001)	10.3389/fchem.2017.00001
extracted	10.3389/fchem.2017.00001)	10.3389/fchem.2017.00001
extracted	10.3389/fchem.2017.00001)	10.3389/fchem.2017.00001
extracted	10.3389/fchem.2017.00001)	10.3389/fchem.2017.00001
extracted	10.3389/fchem.2017.00001)	10.3389/fchem.2017.00001
extracted	10.3389/fchem.2017.00001)	10.3389/fchem.2017.00001
extracted	10.3389/fchem.2017.00001)	10.3389/fchem.2017.00001
extracted	10.3389/fchem.2017.00001)	10.3389/fchem.2017.00001
extracted	10.3389/fchem.2017.00001)	10.3389/fchem.2017.00001
extracted	10.3389/fchem.2017.00001)	10.3389/fchem.2017.00001
extracted	10.3389/fchem.2017.00001)	10.3389/fchem.2017.00001
extracted	10.3389/fchem.2017.00001)	10.3389/fchem.2017.00001
extracted	10.3389/fchem.2017.00001)	10.3389/fchem.2017.00001
extracted	10.1038/srep40228)	10.1038/srep40228
extracted	10.1038/srep40228)	10.1038/srep40228
extracted	10.1038/srep40228)	10.1038/srep40228
extracted	10.1038/srep40228)	10.1038/srep40228
extracted	10.1038/srep40228)	10.1038/srep40228
extracted	10.1038/srep40228)	10.1038/srep40228
extracted	10.1038/srep40228)	10.1038/srep40228
extracted	10.1038/srep40228)	10.1038/srep40228
extracted	10.1038/srep40228)	10.1038/srep40228
extracted	10.1038/srep40228)	10.1038/srep40228
extracted	10.1038/srep40228)	10.1038/srep40228
extracted	10.1038/srep40228)	10.1038/srep40228
extracted	10.1038/srep40228)	10.1038/srep40228
extracted	10.1038/srep40228)	10.1038/srep40228
extracted	10.1038/srep40228)	10.1038/srep40228
extracted	10.1038/srep40228)	10.1038/srep40228
extracted	10.1038/srep40228)	10.1038/srep40228
extracted	10.1038/srep40228)	10.1038/srep40228
extracted	10.1038/srep40228)	10.1038/srep40228
extracted	10.1038/srep40228)	10.1038/srep40228
extracted	10.1038/srep40228)	10.1038/srep40228
extracted	10.1038/srep40228)	10.1038/srep40228
extracted	10.3389/fmicb.2017.00544)	10.3389/fmicb.2017.00544
extracted	10.3389/fmicb.2017.00544)	10.3389/fmicb.2017.00544
extracted	10.3389/fmicb.2017.00544)	10.3389/fmicb.2017.00544
extracted	10.3389/fmicb.2017.00544)	10.3389/fmicb.2017.00544
extracted	10.3389/fmicb.2017.00544)	10.3389/fmicb.2017.00544
extracted	10.3389/fmicb.2017.00544)	10.3389/fmicb.2017.00544
extracted	10.3389/fmicb.2017.00544)	10.3389/fmicb.2017.00544
extracted	10.3389/fmicb.2017.00544)	10.3389/fmicb.2017.00544
extracted	10.3389/fmicb.2017.00544)	10.3389/fmicb.2017.00544
extracted	10.3389/fmicb.2017.00544)	10.3389/fmicb.2017.00544
extracted	10.3389/fmicb.2017.00544)	10.3389/fmicb.2017.00544
extracted	10.3389/fmicb.2017.00544)	10.3389/fmicb.2017.00544
extracted	10.3389/fmicb.2017.00544)	10.3389/fmicb.2017.00544
extracted	10.3389/fmicb.2017.00544)	10.3389/fmicb.2017.00544
extracted	10.3389/fmicb.2017.00544)	10.3389/fmicb.2017.00544
extracted	10.1186/s40409-017-0119-6)	10.1186/s40409-017-0119-6
extracted	10.1186/s40409-017-0119-6)	10.1186/s40409-017-0119-6
extracted	10.1186/s40409-017-0119-6)	10.1186/s40409-017-0119-6
extracted	10.1186/s40409-017-0119-6)	10.1186/s40409-017-0119-6
extracted	10.1186/s40409-017-0119-6)	10.1186/s40409-017-0119-6
extracted	10.1186/s40409-017-0119-6)	10.1186/s40409-017-0119-6
extracted	10.1186/s40409-017-0119-6)	10.1186/s40409-017-0119-6
extracted	10.1186/s40409-017-0119-6)	10.1186/s40409-017-0119-6
extracted	10.1186/s40409-017-0119-6)	10.1186/s40409-017-0119-6
extracted	10.1186/s40409-017-0119-6)	10.1186/s40409-017-0119-6
extracted	10.1186/s40409-017-0119-6)	10.1186/s40409-017-0119-6
extracted	10.1186/s40409-017-0119-6)	10.1186/s40409-017-0119-6
extracted	10.1186/s40409-017-0119-6)	10.1186/s40409-017-0119-6
extracted	10.1186/s40409-017-0119-6)	10.1186/s40409-017-0119-6
extracted	10.1186/s40409-017-0119-6)	10.1186/s40409-017-0119-6
extracted	10.1186/s40409-017-0119-6)	10.1186/s40409-017-0119-6
extracted	10.1186/s40409-017-0119-6)	10.1186/s40409-017-0119-6
extracted	10.1186/s40409-017-0119-6)	10.1186/s40409-017-0119-6
extracted	10.1186/s40409-017-0119-6)	10.1186/s40409-017-0119-6
extracted	10.1186/s40409-017-0119-6)	10.1186/s40409-017-0119-6
extracted	10.1186/s40409-017-0119-6)	10.1186/s40409-017-0119-6
extracted	10.1186/s40409-017-0119-6)	10.1186/s40409-017-0119-6
extracted	10.1186/s40409-017-0119-6)	10.1186/s40409-017-0119-6
extracted	10.1186/s40409-017-0119-6)	10.1186/s40409-017-0119-6
extracted	10.1186/s40409-017-0119-6)	10.1186/s40409-017-0119-6
extracted	10.1038/srep43384)	10.1038/srep43384
extracted	10.1038/srep43384)	10.1038/srep43384
extracted	10.1038/srep43384)	10.1038/srep43384
extracted	10.1038/srep43384)	10.1038/srep43384
extracted	10.1038/srep43384)	10.1038/srep43384
extracted	10.1038/srep43384)	10.1038/srep43384
extracted	10.1038/srep43384)	10.1038/srep43384
extracted	10.1038/srep43384)	10.1038/srep43384
extracted	10.1038/srep43384)	10.1038/srep43384
extracted	10.1038/srep43384)	10.1038/srep43384
extracted	10.1038/srep43384)	10.1038/srep43384
extracted	10.1038/srep43384)	10.1038/srep43384
extracted	10.1038/srep43384)	10.1038/srep43384
extracted	10.1038/srep43384)	10.1038/srep43384
extracted	10.1038/srep43384)	10.1038/srep43384
extracted	10.1038/srep43384)	10.1038/srep43384
extracted	10.1038/srep43384)	10.1038/srep43384
extracted	10.1038/srep43384)	10.1038/srep43384
extracted	10.1038/srep43384)	10.1038/srep43384
extracted	10.1038/srep43384)	10.1038/srep43384
extracted	10.1038/srep43384)	10.1038/srep43384
extracted	10.1038/srep43384)	10.1038/srep43384
extracted	10.1038/srep43384)	10.1038/srep43384
extracted	10.1038/srep43384)	10.1038/srep43384
extracted	10.1038/srep43384)	10.1038/srep43384
extracted	10.1038/srep43384)	10.1038/srep43384
extracted	10.3389/fmicb.2017.00994)	10.3389/fmicb.2017.00994
extracted	10.3389/fmicb.2017.00994)	10.3389/fmicb.2017.00994
extracted	10.3389/fmicb.2017.00994)	10.3389/fmicb.2017.00994
extracted	10.3389/fmicb.2017.00994)	10.3389/fmicb.2017.00994
extracted	10.3389/fmicb.2017.00994)	10.3389/fmicb.2017.00994
extracted	10.3389/fmicb.2017.00994)	10.3389/fmicb.2017.00994
extracted	10.3389/fmicb.2017.00994)	10.3389/fmicb.2017.00994
extracted	10.3389/fmicb.2017.00994)	10.3389/fmicb.2017.00994
extracted	10.3389/fmicb.2017.00994)	10.3389/fmicb.2017.00994
extracted	10.3389/fmicb.2017.00994)	10.3389/fmicb.2017.00994
extracted	10.3389/fmicb.2017.00994)	10.3389/fmicb.2017.00994
extracted	10.3389/fmicb.2017.00994)	10.3389/fmicb.2017.00994
extracted	10.3389/fmicb.2017.00994)	10.3389/fmicb.2017.00994
extracted	10.3389/fmicb.2017.00994)	10.3389/fmicb.2017.00994
extracted	10.3389/fmicb.2017.00994)	10.3389/fmicb.2017.00994
extracted	10.3389/fmicb.2017.00994)	10.3389/fmicb.2017.00994
extracted	10.1038/s41467-017-00419-5)	10.1038/s41467-017-00419-5
extracted	10.1038/s41467-017-00419-5)	10.1038/s41467-017-00419-5
extracted	10.1038/s41467-017-00419-5)	10.1038/s41467-017-00419-5
extracted	10.1038/s41467-017-00419-5)	10.1038/s41467-017-00419-5
extracted	10.1038/s41467-017-00419-5)	10.1038/s41467-017-00419-5
extracted	10.1038/s41467-017-00419-5)	10.1038/s41467-017-00419-5
extracted	10.1038/s41467-017-00419-5)	10.1038/s41467-017-00419-5
extracted	10.1038/s41467-017-00419-5)	10.1038/s41467-017-00419-5
extracted	10.1038/s41467-017-00419-5)	10.1038/s41467-017-00419-5
extracted	10.1038/s41467-017-00419-5)	10.1038/s41467-017-00419-5
extracted	10.1038/s41467-017-00419-5)	10.1038/s41467-017-00419-5
extracted	10.1038/s41467-017-00419-5)	10.1038/s41467-017-00419-5
extracted	10.1038/s41467-017-00419-5)	10.1038/s41467-017-00419-5
extracted	10.1038/s41467-017-00419-5)	10.1038/s41467-017-00419-5
extracted	10.1038/s41467-017-00419-5)	10.1038/s41467-017-00419-5
extracted	10.1038/s41467-017-00419-5)	10.1038/s41467-017-00419-5
extracted	10.1007/s00726-017-2449-7)	10.1007/s00726-017-2449-7
extracted	10.1007/s00726-017-2449-7)	10.1007/s00726-017-2449-7
extracted	10.1007/s00726-017-2449-7)	10.1007/s00726-017-2449-7
extracted	10.1007/s00726-017-2449-7)	10.1007/s00726-017-2449-7
extracted	10.1007/s00726-017-2449-7)	10.1007/s00726-017-2449-7
extracted	10.1007/s00726-017-2449-7)	10.1007/s00726-017-2449-7
extracted	10.1007/s00726-017-2449-7)	10.1007/s00726-017-2449-7
extracted	10.1007/s00726-017-2449-7)	10.1007/s00726-017-2449-7
extracted	10.1007/s00726-017-2449-7)	10.1007/s00726-017-2449-7
extracted	10.1007/s00726-017-2449-7)	10.1007/s00726-017-2449-7
extracted	10.1007/s00726-017-2449-7)	10.1007/s00726-017-2449-7
extracted	10.1007/s00726-017-2449-7)	10.1007/s00726-017-2449-7
extracted	10.1007/s00726-017-2449-7)	10.1007/s00726-017-2449-7
extracted	10.1007/s00726-017-2449-7)	10.1007/s00726-017-2449-7
extracted	10.1007/s00726-017-2449-7)	10.1007/s00726-017-2449-7
extracted	10.1007/s00726-017-2449-7)	10.1007/s00726-017-2449-7
extracted	10.1007/s00726-017-2449-7)	10.1007/s00726-017-2449-7
extracted	10.3389/fmicb.2017.00761)	10.3389/fmicb.2017.00761
extracted	10.3389/fmicb.2017.00761)	10.3389/fmicb.2017.00761
extracted	10.3389/fmicb.2017.00761)	10.3389/fmicb.2017.00761
extracted	10.3389/fmicb.2017.00761)	10.3389/fmicb.2017.00761
extracted	10.3389/fmicb.2017.00761)	10.3389/fmicb.2017.00761
extracted	10.3389/fmicb.2017.00761)	10.3389/fmicb.2017.00761
extracted	10.3389/fmicb.2017.00761)	10.3389/fmicb.2017.00761
extracted	10.3389/fmicb.2017.00761)	10.3389/fmicb.2017.00761
extracted	10.3389/fmicb.2017.00761)	10.3389/fmicb.2017.00761
extracted	10.3389/fmicb.2017.00761)	10.3389/fmicb.2017.00761
extracted	10.3389/fmicb.2017.00761)	10.3389/fmicb.2017.00761
extracted	10.3389/fmicb.2017.00761)	10.3389/fmicb.2017.00761
extracted	10.3389/fmicb.2017.00761)	10.3389/fmicb.2017.00761
extracted	10.3389/fmicb.2017.00761)	10.3389/fmicb.2017.00761
extracted	10.3389/fmicb.2017.00761)	10.3389/fmicb.2017.00761
extracted	10.3389/fmicb.2017.00761)	10.3389/fmicb.2017.00761
extracted	10.3389/fmicb.2017.00761)	10.3389/fmicb.2017.00761
extracted	10.3389/fmicb.2017.00761)	10.3389/fmicb.2017.00761
extracted	10.3389/fmicb.2017.00761)	10.3389/fmicb.2017.00761
extracted	10.3389/fmicb.2017.00761)	10.3389/fmicb.2017.00761
extracted	10.3389/fmicb.2017.00761)	10.3389/fmicb.2017.00761
extracted	10.3389/fmicb.2017.00761)	10.3389/fmicb.2017.00761
extracted	10.3389/fmicb.2017.00761)	10.3389/fmicb.2017.00761
extracted	10.3389/fmicb.2017.00761)	10.3389/fmicb.2017.00761
extracted	10.3389/fmicb.2017.00761)	10.3389/fmicb.2017.00761
extracted	10.3389/fmicb.2017.00761)	10.3389/fmicb.2017.00761
extracted	10.3389/fmicb.2017.00761)	10.3389/fmicb.2017.00761
extracted	10.3389/fmicb.2017.00761)	10.3389/fmicb.2017.00761
extracted	10.3389/fmicb.2017.00761)	10.3389/fmicb.2017.00761
extracted	10.3389/fmicb.2017.00761)	10.3389/fmicb.2017.00761
extracted	10.1038/srep39925)	10.1038/srep39925
extracted	10.1038/srep39925)	10.1038/srep39925
extracted	10.1038/srep39925)	10.1038/srep39925
extracted	10.1038/srep39925)	10.1038/srep39925
extracted	10.1038/srep39925)	10.1038/srep39925
extracted	10.1038/srep39925)	10.1038/srep39925
extracted	10.1038/srep39925)	10.1038/srep39925
extracted	10.1038/srep39925)	10.1038/srep39925
extracted	10.1038/srep39925)	10.1038/srep39925
extracted	10.1038/srep39925)	10.1038/srep39925
extracted	10.1038/srep39925)	10.1038/srep39925
extracted	10.1038/srep39925)	10.1038/srep39925
extracted	10.1038/srep39925)	10.1038/srep39925
extracted	10.1038/srep39925)	10.1038/srep39925
extracted	10.1038/srep39925)	10.1038/srep39925
extracted	10.1038/srep39925)	10.1038/srep39925
extracted	10.1038/srep39925)	10.1038/srep39925
extracted	10.1038/srep39925)	10.1038/srep39925
extracted	10.1038/srep39925)	10.1038/srep39925
extracted	10.1038/srep39925)	10.1038/srep39925
extracted	10.1038/srep39925)	10.1038/srep39925
extracted	10.1038/srep39925)	10.1038/srep39925
extracted	10.1038/srep39925)	10.1038/srep39925
extracted	10.1038/srep39925)	10.1038/srep39925
extracted	10.1038/srep39925)	10.1038/srep39925
extracted	10.1038/srep39925)	10.1038/srep39925
extracted	10.1038/srep39925)	10.1038/srep39925
extracted	10.1038/srep39925)	10.1038/srep39925
extracted	10.1038/srep39925)	10.1038/srep39925
extracted	10.1038/srep39925)	10.1038/srep39925
extracted	10.1038/srep39925)	10.1038/srep39925
extracted	10.1038/srep45282)	10.1038/srep45282
extracted	10.1038/srep45282)	10.1038/srep45282
extracted	10.1038/srep45282)	10.1038/srep45282
extracted	10.1038/srep45282)	10.1038/srep45282
extracted	10.1038/srep45282)	10.1038/srep45282
extracted	10.1038/srep45282)	10.1038/srep45282
extracted	10.1038/srep45282)	10.1038/srep45282
extracted	10.1038/srep45282)	10.1038/srep45282
extracted	10.1038/srep45282)	10.1038/srep45282
extracted	10.1038/srep45282)	10.1038/srep45282
extracted	10.3389/fmicb.2017.00774)	10.3389/fmicb.2017.00774
extracted	10.3389/fmicb.2017.00774)	10.3389/fmicb.2017.00774
extracted	10.3389/fmicb.2017.00774)	10.3389/fmicb.2017.00774
extracted	10.3389/fmicb.2017.00774)	10.3389/fmicb.2017.00774
extracted	10.3389/fmicb.2017.00774)	10.3389/fmicb.2017.00774
extracted	10.3389/fmicb.2017.00774)	10.3389/fmicb.2017.00774
extracted	10.3389/fmicb.2017.00774)	10.3389/fmicb.2017.00774
extracted	10.3389/fmicb.2017.00774)	10.3389/fmicb.2017.00774
extracted	10.3389/fmicb.2017.00774)	10.3389/fmicb.2017.00774
extracted	10.3389/fmicb.2017.00774)	10.3389/fmicb.2017.00774
extracted	10.3389/fmicb.2017.00774)	10.3389/fmicb.2017.00774
extracted	10.3389/fmicb.2017.00774)	10.3389/fmicb.2017.00774
extracted	10.3389/fmicb.2017.00774)	10.3389/fmicb.2017.00774
extracted	10.3389/fmicb.2017.00774)	10.3389/fmicb.2017.00774
extracted	10.3389/fmicb.2017.00774)	10.3389/fmicb.2017.00774
extracted	10.3389/fmicb.2017.00774)	10.3389/fmicb.2017.00774
extracted	10.3389/fmicb.2017.00774)	10.3389/fmicb.2017.00774
extracted	10.3389/fmicb.2017.00774)	10.3389/fmicb.2017.00774
extracted	10.3389/fmicb.2017.00774)	10.3389/fmicb.2017.00774
extracted	10.3389/fmicb.2017.00774)	10.3389/fmicb.2017.00774
extracted	10.3389/fmicb.2017.00774)	10.3389/fmicb.2017.00774
extracted	10.3389/fmicb.2017.00774)	10.3389/fmicb.2017.00774
extracted	10.3389/fmicb.2017.00774)	10.3389/fmicb.2017.00774
extracted	10.3389/fmicb.2017.00774)	10.3389/fmicb.2017.00774
extracted	10.3389/fmicb.2017.00774)	10.3389/fmicb.2017.00774
extracted	10.3389/fmicb.2017.00774)	10.3389/fmicb.2017.00774
extracted	10.3389/fmicb.2017.00774)	10.3389/fmicb.2017.00774
extracted	10.3389/fmicb.2017.00774)	10.3389/fmicb.2017.00774
extracted	10.3389/fmicb.2017.00774)	10.3389/fmicb.2017.00774
extracted	10.3389/fmicb.2017.00774)	10.3389/fmicb.2017.00774
extracted	10.3389/fmicb.2017.00774)	10.3389/fmicb.2017.00774
extracted	10.3389/fmicb.2017.00774)	10.3389/fmicb.2017.00774
extracted	10.3389/fmicb.2017.00774)	10.3389/fmicb.2017.00774
extracted	10.3389/fmicb.2017.00774)	10.3389/fmicb.2017.00774
extracted	10.3389/fmicb.2017.00774)	10.3389/fmicb.2017.00774
extracted	10.3389/fmicb.2017.00774)	10.3389/fmicb.2017.00774
extracted	10.3389/fmicb.2017.00774)	10.3389/fmicb.2017.00774
extracted	10.3389/fmicb.2017.00774)	10.3389/fmicb.2017.00774
extracted	10.3389/fmicb.2017.00774)	10.3389/fmicb.2017.00774
extracted	10.3389/fmicb.2017.00774)	10.3389/fmicb.2017.00774
extracted	10.3389/fmicb.2017.00774)	10.3389/fmicb.2017.00774
extracted	10.3389/fmicb.2017.00774)	10.3389/fmicb.2017.00774
extracted	10.1038/srep43610)	10.1038/srep43610
extracted	10.1038/srep43610)	10.1038/srep43610
extracted	10.1038/srep43610)	10.1038/srep43610
extracted	10.1038/srep43610)	10.1038/srep43610
extracted	10.1038/srep43610)	10.1038/srep43610
extracted	10.1038/srep43610)	10.1038/srep43610
extracted	10.1038/srep43610)	10.1038/srep43610
extracted	10.1038/srep43610)	10.1038/srep43610
extracted	10.1038/srep43610)	10.1038/srep43610
extracted	10.1038/srep43610)	10.1038/srep43610
extracted	10.1038/srep43610)	10.1038/srep43610
extracted	10.1038/srep43610)	10.1038/srep43610
extracted	10.1038/srep43610)	10.1038/srep43610
extracted	10.1038/srep43610)	10.1038/srep43610
extracted	10.1038/srep43610)	10.1038/srep43610
extracted	10.1038/srep43610)	10.1038/srep43610
extracted	10.1038/srep43610)	10.1038/srep43610
extracted	10.1038/srep43610)	10.1038/srep43610
extracted	10.1038/srep43610)	10.1038/srep43610
extracted	10.1038/srep43610)	10.1038/srep43610
extracted	10.1038/srep43610)	10.1038/srep43610
extracted	10.1038/srep43610)	10.1038/srep43610
extracted	10.1038/srep43610)	10.1038/srep43610
extracted	10.1038/srep43610)	10.1038/srep43610
extracted	10.1038/srep43610)	10.1038/srep43610
extracted	10.1038/srep43610)	10.1038/srep43610
extracted	10.1038/srep43610)	10.1038/srep43610
extracted	10.1038/srep43610)	10.1038/srep43610
extracted	10.1038/srep43610)	10.1038/srep43610
extracted	10.1038/srep43610)	10.1038/srep43610
extracted	10.1038/srep43610)	10.1038/srep43610
extracted	10.1038/srep43610)	10.1038/srep43610
extracted	10.1038/srep43610)	10.1038/srep43610
extracted	10.1038/srep43610)	10.1038/srep43610
extracted	10.1038/srep43610)	10.1038/srep43610
extracted	10.1038/s41598-017-07331-4)	10.1038/s41598-017-07331-4
extracted	10.1038/s41598-017-07331-4)	10.1038/s41598-017-07331-4
extracted	10.1038/s41598-017-07331-4)	10.1038/s41598-017-07331-4
extracted	10.1038/s41598-017-02373-0)	10.1038/s41598-017-02373-0
extracted	10.1038/s41598-017-02373-0)	10.1038/s41598-017-02373-0
extracted	10.1038/s41598-017-02373-0)	10.1038/s41598-017-02373-0
extracted	10.1038/s41598-017-02373-0)	10.1038/s41598-017-02373-0
extracted	10.1038/s41598-017-02373-0)	10.1038/s41598-017-02373-0
extracted	10.1038/s41598-017-02373-0)	10.1038/s41598-017-02373-0
extracted	10.1038/s41598-017-02373-0)	10.1038/s41598-017-02373-0
extracted	10.1038/s41598-017-02373-0)	10.1038/s41598-017-02373-0
extracted	10.1038/s41598-017-02373-0)	10.1038/s41598-017-02373-0
extracted	10.1038/s41598-017-02373-0)	10.1038/s41598-017-02373-0
extracted	10.1038/s41598-017-02373-0)	10.1038/s41598-017-02373-0
extracted	10.1038/s41598-017-02373-0)	10.1038/s41598-017-02373-0
extracted	10.1038/s41598-017-02373-0)	10.1038/s41598-017-02373-0
extracted	10.1038/s41598-017-02373-0)	10.1038/s41598-017-02373-0
extracted	10.1038/s41598-017-02373-0)	10.1038/s41598-017-02373-0
extracted	10.1038/s41598-017-02373-0)	10.1038/s41598-017-02373-0
extracted	10.1038/s41598-017-02373-0)	10.1038/s41598-017-02373-0
extracted	10.1038/s41598-017-02373-0)	10.1038/s41598-017-02373-0
extracted	10.1038/s41598-017-02373-0)	10.1038/s41598-017-02373-0
extracted	10.1038/s41598-017-02373-0)	10.1038/s41598-017-02373-0
extracted	10.1038/s41598-017-02373-0)	10.1038/s41598-017-02373-0
extracted	10.1038/s41598-017-02373-0)	10.1038/s41598-017-02373-0
extracted	10.1038/s41598-017-02373-0)	10.1038/s41598-017-02373-0
extracted	10.1038/s41598-017-02373-0)	10.1038/s41598-017-02373-0
extracted	10.1038/s41598-017-02373-0)	10.1038/s41598-017-02373-0
extracted	10.1038/s41598-017-02373-0)	10.1038/s41598-017-02373-0
extracted	10.1038/s41598-017-02373-0)	10.1038/s41598-017-02373-0
extracted	10.1038/s41598-017-02373-0)	10.1038/s41598-017-02373-0
extracted	10.1038/srep41772)	10.1038/srep41772
extracted	10.1038/srep41772)	10.1038/srep41772
extracted	10.1038/srep41772)	10.1038/srep41772
extracted	10.1038/srep41772)	10.1038/srep41772
extracted	10.1038/srep41772)	10.1038/srep41772
extracted	10.1038/srep41772)	10.1038/srep41772
extracted	10.1038/srep41772)	10.1038/srep41772
extracted	10.1038/srep41772)	10.1038/srep41772
extracted	10.1038/srep41772)	10.1038/srep41772
extracted	10.1038/srep41772)	10.1038/srep41772
extracted	10.1038/srep41772)	10.1038/srep41772
extracted	10.1007/s11274-016-2171-8)	10.1007/s11274-016-2171-8
extracted	10.1007/s11274-016-2171-8)	10.1007/s11274-016-2171-8
extracted	10.1007/s11274-016-2171-8)	10.1007/s11274-016-2171-8
extracted	10.1007/s11274-016-2171-8)	10.1007/s11274-016-2171-8
extracted	10.1007/s11274-016-2171-8)	10.1007/s11274-016-2171-8
extracted	10.1007/s11274-016-2171-8)	10.1007/s11274-016-2171-8
extracted	10.1007/s11274-016-2171-8)	10.1007/s11274-016-2171-8
extracted	10.1007/s11274-016-2171-8)	10.1007/s11274-016-2171-8
extracted	10.1007/s11274-016-2171-8)	10.1007/s11274-016-2171-8
extracted	10.1007/s11274-016-2171-8)	10.1007/s11274-016-2171-8
extracted	10.1007/s11274-016-2171-8)	10.1007/s11274-016-2171-8
extracted	10.1007/s11274-016-2171-8)	10.1007/s11274-016-2171-8
extracted	10.1007/s11274-016-2171-8)	10.1007/s11274-016-2171-8
extracted	10.1007/s11274-016-2171-8)	10.1007/s11274-016-2171-8
extracted	10.1007/s11274-016-2171-8)	10.1007/s11274-016-2171-8
extracted	10.1007/s11274-016-2171-8)	10.1007/s11274-016-2171-8
extracted	10.1007/s11274-016-2171-8)	10.1007/s11274-016-2171-8
extracted	10.1007/s11274-016-2171-8)	10.1007/s11274-016-2171-8
extracted	10.1007/s11274-016-2171-8)	10.1007/s11274-016-2171-8
extracted	10.1007/s11274-016-2171-8)	10.1007/s11274-016-2171-8
extracted	10.1007/s11274-016-2171-8)	10.1007/s11274-016-2171-8
extracted	10.1007/s11274-016-2171-8)	10.1007/s11274-016-2171-8
extracted	10.1007/s11274-016-2171-8)	10.1007/s11274-016-2171-8
extracted	10.1007/s11274-016-2171-8)	10.1007/s11274-016-2171-8
extracted	10.1007/s11274-016-2171-8)	10.1007/s11274-016-2171-8
extracted	10.1007/s11274-016-2171-8)	10.1007/s11274-016-2171-8
extracted	10.1007/s11274-016-2171-8)	10.1007/s11274-016-2171-8
extracted	10.1007/s11274-016-2171-8)	10.1007/s11274-016-2171-8
extracted	10.1007/s11274-016-2171-8)	10.1007/s11274-016-2171-8
extracted	10.1007/s11274-016-2171-8)	10.1007/s11274-016-2171-8
extracted	10.1007/s11274-016-2171-8)	10.1007/s11274-016-2171-8
extracted	10.1007/s11274-016-2171-8)	10.1007/s11274-016-2171-8
extracted	10.1007/s11274-016-2171-8)	10.1007/s11274-016-2171-8
extracted	10.1007/s11274-016-2171-8)	10.1007/s11274-016-2171-8
extracted	10.1007/s11274-016-2171-8)	10.1007/s11274-016-2171-8
extracted	10.1007/s11274-016-2171-8)	10.1007/s11274-016-2171-8
extracted	10.1007/s11274-016-2171-8)	10.1007/s11274-016-2171-8
extracted	10.1007/s11274-016-2171-8)	10.1007/s11274-016-2171-8
extracted	10.1007/s11274-016-2171-8)	10.1007/s11274-016-2171-8
extracted	10.1007/s11274-016-2171-8)	10.1007/s11274-016-2171-8
extracted	10.1007/s11274-016-2171-8)	10.1007/s11274-016-2171-8
extracted	10.1007/s11274-016-2171-8)	10.1007/s11274-016-2171-8
extracted	10.1007/s11274-016-2171-8)	10.1007/s11274-016-2171-8
extracted	10.1007/s11274-016-2171-8)	10.1007/s11274-016-2171-8
extracted	10.1007/s11274-016-2171-8)	10.1007/s11274-016-2171-8
extracted	10.1007/s11274-016-2171-8)	10.1007/s11274-016-2171-8
extracted	10.1186/s13568-017-0497-8)	10.1186/s13568-017-0497-8
extracted	10.1186/s13568-017-0497-8)	10.1186/s13568-017-0497-8
extracted	10.1186/s13568-017-0497-8)	10.1186/s13568-017-0497-8
extracted	10.1186/s13568-017-0497-8)	10.1186/s13568-017-0497-8
extracted	10.1186/s13568-017-0497-8)	10.1186/s13568-017-0497-8
extracted	10.1186/s13568-017-0497-8)	10.1186/s13568-017-0497-8
extracted	10.1186/s13568-017-0497-8)	10.1186/s13568-017-0497-8
extracted	10.1186/s13568-017-0497-8)	10.1186/s13568-017-0497-8
extracted	10.1186/s13568-017-0497-8)	10.1186/s13568-017-0497-8
extracted	10.1186/s13568-017-0497-8)	10.1186/s13568-017-0497-8
extracted	10.1186/s13568-017-0497-8)	10.1186/s13568-017-0497-8
extracted	10.1186/s13568-017-0497-8)	10.1186/s13568-017-0497-8
extracted	10.1186/s13568-017-0497-8)	10.1186/s13568-017-0497-8
extracted	10.1186/s13568-017-0497-8)	10.1186/s13568-017-0497-8
extracted	10.1186/s13568-017-0497-8)	10.1186/s13568-017-0497-8
extracted	10.1186/s13568-017-0497-8)	10.1186/s13568-017-0497-8
extracted	10.1371/journal.pone.0173783)	10.1371/journal.pone.0173783
extracted	10.1371/journal.pone.0173783)	10.1371/journal.pone.0173783
extracted	10.1371/journal.pone.0173783)	10.1371/journal.pone.0173783
extracted	10.1371/journal.pone.0173783)	10.1371/journal.pone.0173783
extracted	10.1371/journal.pone.0173783)	10.1371/journal.pone.0173783
extracted	10.1371/journal.pone.0173783)	10.1371/journal.pone.0173783
extracted	10.1371/journal.pone.0173783)	10.1371/journal.pone.0173783
extracted	10.1371/journal.pone.0173783)	10.1371/journal.pone.0173783
extracted	10.1371/journal.pone.0173783)	10.1371/journal.pone.0173783
extracted	10.1371/journal.pone.0173783)	10.1371/journal.pone.0173783
extracted	10.1371/journal.pone.0173783)	10.1371/journal.pone.0173783
extracted	10.3389/fmicb.2017.00273)	10.3389/fmicb.2017.00273
extracted	10.3389/fmicb.2017.00273)	10.3389/fmicb.2017.00273
extracted	10.3389/fmicb.2017.00273)	10.3389/fmicb.2017.00273
extracted	10.3389/fmicb.2017.00273)	10.3389/fmicb.2017.00273
extracted	10.3389/fmicb.2017.00273)	10.3389/fmicb.2017.00273
extracted	10.3389/fmicb.2017.00273)	10.3389/fmicb.2017.00273
extracted	10.3389/fmicb.2017.00273)	10.3389/fmicb.2017.00273
extracted	10.3389/fmicb.2017.00273)	10.3389/fmicb.2017.00273
extracted	10.3389/fmicb.2017.00273)	10.3389/fmicb.2017.00273
extracted	10.3389/fmicb.2017.00273)	10.3389/fmicb.2017.00273
extracted	10.3389/fmicb.2017.00273)	10.3389/fmicb.2017.00273
extracted	10.3389/fmicb.2017.00273)	10.3389/fmicb.2017.00273
extracted	10.1038/s41598-017-11396-6)	10.1038/s41598-017-11396-6
extracted	10.1038/s41598-017-11396-6)	10.1038/s41598-017-11396-6
extracted	10.1038/s41598-017-11396-6)	10.1038/s41598-017-11396-6
extracted	10.1038/s41598-017-11396-6)	10.1038/s41598-017-11396-6
extracted	10.1038/s41598-017-11396-6)	10.1038/s41598-017-11396-6
extracted	10.1038/s41598-017-11396-6)	10.1038/s41598-017-11396-6
extracted	10.1038/s41598-017-11396-6)	10.1038/s41598-017-11396-6
extracted	10.1038/s41598-017-11396-6)	10.1038/s41598-017-11396-6
extracted	10.1038/s41598-017-11396-6)	10.1038/s41598-017-11396-6
extracted	10.1038/s41598-017-11396-6)	10.1038/s41598-017-11396-6
extracted	10.1038/s41598-017-11396-6)	10.1038/s41598-017-11396-6
extracted	10.1038/s41598-017-11396-6)	10.1038/s41598-017-11396-6
extracted	10.1038/s41598-017-11396-6)	10.1038/s41598-017-11396-6
extracted	10.1038/s41598-017-11396-6)	10.1038/s41598-017-11396-6
extracted	10.1038/s41598-017-11396-6)	10.1038/s41598-017-11396-6
extracted	10.1038/s41598-017-11396-6)	10.1038/s41598-017-11396-6
extracted	10.1038/s41598-017-11396-6)	10.1038/s41598-017-11396-6
extracted	10.1038/s41598-017-11396-6)	10.1038/s41598-017-11396-6
extracted	10.1038/s41598-017-11396-6)	10.1038/s41598-017-11396-6
extracted	10.1038/s41598-017-11396-6)	10.1038/s41598-017-11396-6
extracted	10.1038/s41598-017-11396-6)	10.1038/s41598-017-11396-6
extracted	10.1038/s41598-017-11396-6)	10.1038/s41598-017-11396-6
extracted	10.1038/s41598-017-11396-6)	10.1038/s41598-017-11396-6
extracted	10.1038/s41598-017-11396-6)	10.1038/s41598-017-11396-6
extracted	10.1038/s41598-017-11396-6)	10.1038/s41598-017-11396-6
extracted	10.1038/s41598-017-11396-6)	10.1038/s41598-017-11396-6
extracted	10.1038/s41598-017-11396-6)	10.1038/s41598-017-11396-6
extracted	10.1038/s41598-017-11396-6)	10.1038/s41598-017-11396-6
extracted	10.1038/s41598-017-11396-6)	10.1038/s41598-017-11396-6
extracted	10.1038/s41598-017-11396-6)	10.1038/s41598-017-11396-6
extracted	10.1038/s41598-017-11396-6)	10.1038/s41598-017-11396-6
extracted	10.1038/s41598-017-11396-6)	10.1038/s41598-017-11396-6
extracted	10.1038/s41598-017-11396-6)	10.1038/s41598-017-11396-6
extracted	10.1038/s41598-017-11396-6)	10.1038/s41598-017-11396-6
extracted	10.1038/s41598-017-11396-6)	10.1038/s41598-017-11396-6
extracted	10.1038/s41598-017-11396-6)	10.1038/s41598-017-11396-6
extracted	10.1038/s41598-017-11396-6)	10.1038/s41598-017-11396-6
extracted	10.1038/s41598-017-11396-6)	10.1038/s41598-017-11396-6
extracted	10.1186/s13568-016-0315-8)	10.1186/s13568-016-0315-8
extracted	10.1186/s13568-016-0315-8)	10.1186/s13568-016-0315-8
extracted	10.1186/s13568-016-0315-8)	10.1186/s13568-016-0315-8
extracted	10.1186/s13568-016-0315-8)	10.1186/s13568-016-0315-8
extracted	10.1186/s13568-016-0315-8)	10.1186/s13568-016-0315-8
extracted	10.1186/s13568-016-0315-8)	10.1186/s13568-016-0315-8
extracted	10.1186/s13568-016-0315-8)	10.1186/s13568-016-0315-8
extracted	10.1186/s13568-016-0315-8)	10.1186/s13568-016-0315-8
extracted	10.1186/s13568-016-0315-8)	10.1186/s13568-016-0315-8
extracted	10.1186/s13568-016-0315-8)	10.1186/s13568-016-0315-8
extracted	10.1186/s13568-016-0315-8)	10.1186/s13568-016-0315-8
extracted	10.1186/s13568-016-0315-8)	10.1186/s13568-016-0315-8
extracted	10.1371/journal.pone.0178785)	10.1371/journal.pone.0178785
extracted	10.1371/journal.pone.0178785)	10.1371/journal.pone.0178785
extracted	10.1371/journal.pone.0178785)	10.1371/journal.pone.0178785
extracted	10.1371/journal.pone.0178785)	10.1371/journal.pone.0178785
extracted	10.1371/journal.pone.0178785)	10.1371/journal.pone.0178785
extracted	10.1371/journal.pone.0178785)	10.1371/journal.pone.0178785
extracted	10.1371/journal.pone.0178785)	10.1371/journal.pone.0178785
extracted	10.1371/journal.pone.0178785)	10.1371/journal.pone.0178785
extracted	10.1371/journal.pone.0178785)	10.1371/journal.pone.0178785
extracted	10.1371/journal.pone.0178785)	10.1371/journal.pone.0178785
extracted	10.1371/journal.pone.0178785)	10.1371/journal.pone.0178785
extracted	10.1371/journal.pone.0178785)	10.1371/journal.pone.0178785
extracted	10.1371/journal.pone.0178785)	10.1371/journal.pone.0178785
extracted	10.1371/journal.pone.0178785)	10.1371/journal.pone.0178785
extracted	10.1371/journal.pone.0178785)	10.1371/journal.pone.0178785
extracted	10.1371/journal.pone.0178785)	10.1371/journal.pone.0178785
extracted	10.1371/journal.pone.0178785)	10.1371/journal.pone.0178785
extracted	10.1371/journal.pone.0178785)	10.1371/journal.pone.0178785
extracted	10.1371/journal.pone.0178785)	10.1371/journal.pone.0178785
extracted	10.1371/journal.pone.0178785)	10.1371/journal.pone.0178785
extracted	10.1371/journal.pone.0178785)	10.1371/journal.pone.0178785
extracted	10.1371/journal.pone.0178785)	10.1371/journal.pone.0178785
extracted	10.1371/journal.pone.0178785)	10.1371/journal.pone.0178785
extracted	10.1371/journal.pone.0178785)	10.1371/journal.pone.0178785
extracted	10.1371/journal.pone.0178785)	10.1371/journal.pone.0178785
extracted	10.1371/journal.pone.0178785)	10.1371/journal.pone.0178785
extracted	10.1017/s0031182017000506)	10.1017/s0031182017000506
extracted	10.1017/s0031182017000506)	10.1017/s0031182017000506
extracted	10.1017/s0031182017000506)	10.1017/s0031182017000506
extracted	10.1017/s0031182017000506)	10.1017/s0031182017000506
extracted	10.1017/s0031182017000506)	10.1017/s0031182017000506
extracted	10.1017/s0031182017000506)	10.1017/s0031182017000506
extracted	10.1017/s0031182017000506)	10.1017/s0031182017000506
extracted	10.1017/s0031182017000506)	10.1017/s0031182017000506
extracted	10.1038/srep42994)	10.1038/srep42994
extracted	10.1038/srep42994)	10.1038/srep42994
extracted	10.1038/srep42994)	10.1038/srep42994
extracted	10.1038/srep42994)	10.1038/srep42994
extracted	10.1038/srep42994)	10.1038/srep42994
extracted	10.1038/srep42994)	10.1038/srep42994
extracted	10.1038/srep42994)	10.1038/srep42994
extracted	10.1038/srep42994)	10.1038/srep42994
extracted	10.1038/srep42994)	10.1038/srep42994
extracted	10.1038/srep42994)	10.1038/srep42994
extracted	10.1038/srep42994)	10.1038/srep42994
extracted	10.1038/srep42994)	10.1038/srep42994
extracted	10.1038/srep42994)	10.1038/srep42994
extracted	10.1038/srep42994)	10.1038/srep42994
extracted	10.1038/srep42994)	10.1038/srep42994
extracted	10.1038/srep42994)	10.1038/srep42994
extracted	10.1038/srep42994)	10.1038/srep42994
extracted	10.1038/srep42994)	10.1038/srep42994
extracted	10.1038/srep42994)	10.1038/srep42994
extracted	10.1038/srep42994)	10.1038/srep42994
extracted	10.1038/srep42994)	10.1038/srep42994
extracted	10.1038/srep42994)	10.1038/srep42994
extracted	10.1038/srep42994)	10.1038/srep42994
extracted	10.1038/srep42994)	10.1038/srep42994
extracted	10.1038/srep42994)	10.1038/srep42994
extracted	10.1038/srep42994)	10.1038/srep42994
extracted	10.1038/srep42994)	10.1038/srep42994
extracted	10.1038/srep42994)	10.1038/srep42994
extracted	10.1038/srep42994)	10.1038/srep42994
extracted	10.1038/srep42994)	10.1038/srep42994
extracted	10.1038/srep42994)	10.1038/srep42994
extracted	10.1038/srep42994)	10.1038/srep42994
extracted	10.1038/srep42994)	10.1038/srep42994
extracted	10.1038/srep42994)	10.1038/srep42994
extracted	10.1038/srep42994)	10.1038/srep42994
extracted	10.1038/srep42994)	10.1038/srep42994
extracted	10.1038/srep42994)	10.1038/srep42994
extracted	10.1038/srep42994)	10.1038/srep42994
extracted	10.1038/srep42994)	10.1038/srep42994
extracted	10.1038/srep42994)	10.1038/srep42994
extracted	10.1038/srep42994)	10.1038/srep42994
extracted	10.1038/srep42994)	10.1038/srep42994
extracted	10.1038/srep42994)	10.1038/srep42994
extracted	10.1038/srep42994)	10.1038/srep42994
extracted	10.1038/srep42994)	10.1038/srep42994
extracted	10.1038/srep42994)	10.1038/srep42994
extracted	10.1038/srep42994)	10.1038/srep42994
extracted	10.1038/srep42994)	10.1038/srep42994
extracted	10.1038/srep42994)	10.1038/srep42994
extracted	10.1038/srep42994)	10.1038/srep42994
extracted	10.1038/srep42994)	10.1038/srep42994
extracted	10.1038/srep42994)	10.1038/srep42994
extracted	10.1038/srep42994)	10.1038/srep42994
extracted	10.1038/srep42994)	10.1038/srep42994
extracted	10.1038/srep42994)	10.1038/srep42994
extracted	10.1038/srep42994)	10.1038/srep42994
extracted	10.1038/srep42994)	10.1038/srep42994
extracted	10.1038/srep42994)	10.1038/srep42994
extracted	10.1038/srep42994)	10.1038/srep42994
extracted	10.1038/srep42994)	10.1038/srep42994
extracted	10.1038/srep42994)	10.1038/srep42994
extracted	10.1038/srep42994)	10.1038/srep42994
extracted	10.1038/srep42994)	10.1038/srep42994
extracted	10.1038/srep42994)	10.1038/srep42994
extracted	10.1038/srep42994)	10.1038/srep42994
extracted	10.1038/srep42994)	10.1038/srep42994
extracted	10.1038/srep42994)	10.1038/srep42994
extracted	10.1038/srep42994)	10.1038/srep42994
extracted	10.1038/srep42994)	10.1038/srep42994
extracted	10.1038/srep42994)	10.1038/srep42994
extracted	10.1038/srep42994)	10.1038/srep42994
extracted	10.1038/srep42994)	10.1038/srep42994
extracted	10.1038/srep42994)	10.1038/srep42994
extracted	10.1038/srep42994)	10.1038/srep42994
extracted	10.1038/srep42994)	10.1038/srep42994
extracted	10.1038/srep42994)	10.1038/srep42994
extracted	10.1038/srep42994)	10.1038/srep42994
extracted	10.1038/srep42994)	10.1038/srep42994
extracted	10.1038/srep42994)	10.1038/srep42994
extracted	10.1038/srep42994)	10.1038/srep42994
extracted	10.1038/srep42994)	10.1038/srep42994
extracted	10.1038/s41598-018-27417-x)	10.1038/s41598-018-27417-x
extracted	10.1038/s41598-018-27417-x)	10.1038/s41598-018-27417-x
extracted	10.1038/s41598-018-27417-x)	10.1038/s41598-018-27417-x
extracted	10.1038/s41598-018-27417-x)	10.1038/s41598-018-27417-x
extracted	10.1038/s41598-018-27417-x)	10.1038/s41598-018-27417-x
extracted	10.1038/s41598-018-27417-x)	10.1038/s41598-018-27417-x
extracted	10.1038/s41598-018-27417-x)	10.1038/s41598-018-27417-x
extracted	10.1038/s41598-018-27417-x)	10.1038/s41598-018-27417-x
extracted	10.1038/s41598-018-27417-x)	10.1038/s41598-018-27417-x
extracted	10.1038/s41598-018-27417-x)	10.1038/s41598-018-27417-x
extracted	10.1038/s41598-018-27417-x)	10.1038/s41598-018-27417-x
extracted	10.1038/s41598-018-27417-x)	10.1038/s41598-018-27417-x
extracted	10.1038/s41598-018-27417-x)	10.1038/s41598-018-27417-x
extracted	10.1038/s41598-018-27417-x)	10.1038/s41598-018-27417-x
extracted	10.1038/s41598-018-27417-x)	10.1038/s41598-018-27417-x
extracted	10.1038/s41598-018-27417-x)	10.1038/s41598-018-27417-x
extracted	10.1038/s41598-018-27417-x)	10.1038/s41598-018-27417-x
extracted	10.1038/s41598-018-27417-x)	10.1038/s41598-018-27417-x
extracted	10.1186/s13071-017-2397-9)	10.1186/s13071-017-2397-9
extracted	10.1186/s13071-017-2397-9)	10.1186/s13071-017-2397-9
extracted	10.1186/s13071-017-2397-9)	10.1186/s13071-017-2397-9
extracted	10.1186/s13071-017-2397-9)	10.1186/s13071-017-2397-9
extracted	10.1186/s13071-017-2397-9)	10.1186/s13071-017-2397-9
extracted	10.1186/s13071-017-2397-9)	10.1186/s13071-017-2397-9
extracted	10.1186/s13071-017-2397-9)	10.1186/s13071-017-2397-9
extracted	10.1186/s13071-017-2397-9)	10.1186/s13071-017-2397-9
extracted	10.1186/s13071-017-2397-9)	10.1186/s13071-017-2397-9
extracted	10.1186/s13071-017-2397-9)	10.1186/s13071-017-2397-9
extracted	10.1186/s13071-017-2397-9)	10.1186/s13071-017-2397-9
extracted	10.1186/s13071-017-2397-9)	10.1186/s13071-017-2397-9
extracted	10.1186/s13071-017-2397-9)	10.1186/s13071-017-2397-9
extracted	10.1186/s13071-017-2397-9)	10.1186/s13071-017-2397-9
extracted	10.1186/s13071-017-2397-9)	10.1186/s13071-017-2397-9
extracted	10.1186/s13071-017-2397-9)	10.1186/s13071-017-2397-9
extracted	10.1186/s13071-017-2397-9)	10.1186/s13071-017-2397-9
extracted	10.1186/s13071-017-2397-9)	10.1186/s13071-017-2397-9
extracted	10.1186/s13071-017-2397-9)	10.1186/s13071-017-2397-9
extracted	10.1186/s13071-017-2397-9)	10.1186/s13071-017-2397-9
extracted	10.1186/s13071-017-2397-9)	10.1186/s13071-017-2397-9
extracted	10.1186/s13071-017-2397-9)	10.1186/s13071-017-2397-9
extracted	10.1186/s13071-017-2397-9)	10.1186/s13071-017-2397-9
extracted	10.1186/s13071-017-2397-9)	10.1186/s13071-017-2397-9
extracted	10.1186/s13071-017-2397-9)	10.1186/s13071-017-2397-9
extracted	10.1186/s13071-017-2397-9)	10.1186/s13071-017-2397-9
extracted	10.1186/s13071-017-2397-9)	10.1186/s13071-017-2397-9
extracted	10.1186/s13071-017-2397-9)	10.1186/s13071-017-2397-9
extracted	10.1186/s13071-017-2397-9)	10.1186/s13071-017-2397-9
extracted	10.1186/s13071-017-2397-9)	10.1186/s13071-017-2397-9
extracted	10.1186/s13071-017-2397-9)	10.1186/s13071-017-2397-9
extracted	10.1186/s13071-017-2397-9)	10.1186/s13071-017-2397-9
extracted	10.1186/s13071-017-2397-9)	10.1186/s13071-017-2397-9
extracted	10.1371/journal.pone.0205509)	10.1371/journal.pone.0205509
extracted	10.1371/journal.pone.0205509)	10.1371/journal.pone.0205509
extracted	10.1371/journal.pone.0205509)	10.1371/journal.pone.0205509
extracted	10.1371/journal.pone.0205509)	10.1371/journal.pone.0205509
extracted	10.1371/journal.pone.0205509)	10.1371/journal.pone.0205509
extracted	10.1371/journal.pone.0205509)	10.1371/journal.pone.0205509
extracted	10.1371/journal.pone.0205509)	10.1371/journal.pone.0205509
extracted	10.1371/journal.pone.0205509)	10.1371/journal.pone.0205509
extracted	10.1371/journal.pone.0205509)	10.1371/journal.pone.0205509
extracted	10.1371/journal.pone.0205509)	10.1371/journal.pone.0205509
extracted	10.1371/journal.pone.0205509)	10.1371/journal.pone.0205509
extracted	10.1371/journal.pone.0205509)	10.1371/journal.pone.0205509
extracted	10.1371/journal.pone.0205509)	10.1371/journal.pone.0205509
extracted	10.1371/journal.pone.0205509)	10.1371/journal.pone.0205509
extracted	10.1038/s41598-017-04274-8)	10.1038/s41598-017-04274-8
extracted	10.1038/s41598-017-04274-8)	10.1038/s41598-017-04274-8
extracted	10.1038/s41598-017-04274-8)	10.1038/s41598-017-04274-8
extracted	10.1038/s41598-017-04274-8)	10.1038/s41598-017-04274-8
extracted	10.1038/s41598-017-04274-8)	10.1038/s41598-017-04274-8
extracted	10.1038/s41598-017-04274-8)	10.1038/s41598-017-04274-8
extracted	10.1038/s41598-017-04274-8)	10.1038/s41598-017-04274-8
extracted	10.1038/s41598-017-04274-8)	10.1038/s41598-017-04274-8
extracted	10.1038/s41598-017-04274-8)	10.1038/s41598-017-04274-8
extracted	10.1038/s41598-017-04274-8)	10.1038/s41598-017-04274-8
extracted	10.1038/s41598-017-04274-8)	10.1038/s41598-017-04274-8
extracted	10.1038/s41598-017-04274-8)	10.1038/s41598-017-04274-8
extracted	10.1038/s41598-017-04274-8)	10.1038/s41598-017-04274-8
extracted	10.1038/s41598-017-04274-8)	10.1038/s41598-017-04274-8
extracted	10.1038/s41598-017-04274-8)	10.1038/s41598-017-04274-8
extracted	10.1038/s41598-017-04274-8)	10.1038/s41598-017-04274-8
extracted	10.1038/s41598-017-04274-8)	10.1038/s41598-017-04274-8
extracted	10.1038/s41598-017-04274-8)	10.1038/s41598-017-04274-8
extracted	10.1038/s41598-017-04274-8)	10.1038/s41598-017-04274-8
extracted	10.1038/s41598-017-04274-8)	10.1038/s41598-017-04274-8
extracted	10.1038/s41598-017-04274-8)	10.1038/s41598-017-04274-8
extracted	10.1038/s41598-017-04274-8)	10.1038/s41598-017-04274-8
extracted	10.1038/s41598-017-04274-8)	10.1038/s41598-017-04274-8
extracted	10.1038/s41598-017-04274-8)	10.1038/s41598-017-04274-8
extracted	10.1038/s41598-017-04274-8)	10.1038/s41598-017-04274-8
extracted	10.1038/s41598-017-04274-8)	10.1038/s41598-017-04274-8
extracted	10.1038/s41598-017-04274-8)	10.1038/s41598-017-04274-8
extracted	10.1038/s41598-017-04274-8)	10.1038/s41598-017-04274-8
extracted	10.1038/s41598-017-04274-8)	10.1038/s41598-017-04274-8
extracted	10.1038/s41598-017-04274-8)	10.1038/s41598-017-04274-8
extracted	10.1038/s41598-017-04274-8)	10.1038/s41598-017-04274-8
extracted	10.1038/s41598-017-04274-8)	10.1038/s41598-017-04274-8
extracted	10.1039/c8cc05790g)	10.1039/c8cc05790g
extracted	10.1039/c8cc05790g)	10.1039/c8cc05790g
extracted	10.1039/c8cc05790g)	10.1039/c8cc05790g
extracted	10.1039/c8cc05790g)	10.1039/c8cc05790g
extracted	10.1039/c8cc05790g)	10.1039/c8cc05790g
extracted	10.1039/c8cc05790g)	10.1039/c8cc05790g
extracted	10.1039/c8cc05790g)	10.1039/c8cc05790g
extracted	10.1039/c8cc05790g)	10.1039/c8cc05790g
extracted	10.1039/c8cc05790g)	10.1039/c8cc05790g
extracted	10.1039/c8cc05790g)	10.1039/c8cc05790g
extracted	10.1039/c8cc05790g)	10.1039/c8cc05790g
extracted	10.1039/c8cc05790g)	10.1039/c8cc05790g
extracted	10.1039/c8cc05790g)	10.1039/c8cc05790g
extracted	10.1039/c8cc05790g)	10.1039/c8cc05790g
extracted	10.1039/c8cc05790g)	10.1039/c8cc05790g
extracted	10.1039/c8cc05790g)	10.1039/c8cc05790g
extracted	10.1039/c8cc05790g)	10.1039/c8cc05790g
extracted	10.1039/c8cc05790g)	10.1039/c8cc05790g
extracted	10.1039/c8cc05790g)	10.1039/c8cc05790g
extracted	10.1039/c8cc05790g)	10.1039/c8cc05790g
extracted	10.1039/c8cc05790g)	10.1039/c8cc05790g
extracted	10.1039/c8cc05790g)	10.1039/c8cc05790g
extracted	10.1039/c8cc05790g)	10.1039/c8cc05790g
extracted	10.1039/c8cc05790g)	10.1039/c8cc05790g
extracted	10.1039/c8cc05790g)	10.1039/c8cc05790g
extracted	10.1039/c8cc05790g)	10.1039/c8cc05790g
extracted	10.3389/fmicb.2018.02249)	10.3389/fmicb.2018.02249
extracted	10.3389/fmicb.2018.02249)	10.3389/fmicb.2018.02249
extracted	10.3389/fmicb.2018.02249)	10.3389/fmicb.2018.02249
extracted	10.3389/fmicb.2018.02249)	10.3389/fmicb.2018.02249
extracted	10.3389/fmicb.2018.02249)	10.3389/fmicb.2018.02249
extracted	10.3389/fmicb.2018.02249)	10.3389/fmicb.2018.02249
extracted	10.3389/fmicb.2018.02249)	10.3389/fmicb.2018.02249
extracted	10.3389/fmicb.2018.02249)	10.3389/fmicb.2018.02249
extracted	10.3389/fmicb.2018.02249)	10.3389/fmicb.2018.02249
extracted	10.1038/s41598-017-15436-z)	10.1038/s41598-017-15436-z
extracted	10.1038/s41598-017-15436-z)	10.1038/s41598-017-15436-z
extracted	10.1038/s41598-017-15436-z)	10.1038/s41598-017-15436-z
extracted	10.1038/s41598-017-15436-z)	10.1038/s41598-017-15436-z
extracted	10.1038/s41598-017-15436-z)	10.1038/s41598-017-15436-z
extracted	10.1038/s41598-017-15436-z)	10.1038/s41598-017-15436-z
extracted	10.1038/s41598-017-15436-z)	10.1038/s41598-017-15436-z
extracted	10.1038/s41598-017-15436-z)	10.1038/s41598-017-15436-z
extracted	10.1038/s41598-017-15436-z)	10.1038/s41598-017-15436-z
extracted	10.1038/s41598-017-15436-z)	10.1038/s41598-017-15436-z
extracted	10.1038/s41598-017-15436-z)	10.1038/s41598-017-15436-z
extracted	10.1038/s41598-017-15436-z)	10.1038/s41598-017-15436-z
extracted	10.1038/s41598-017-15436-z)	10.1038/s41598-017-15436-z
extracted	10.1038/s41598-017-15436-z)	10.1038/s41598-017-15436-z
extracted	10.1038/s41598-017-15436-z)	10.1038/s41598-017-15436-z
extracted	10.1038/s41598-017-15436-z)	10.1038/s41598-017-15436-z
extracted	10.1038/s41598-017-15436-z)	10.1038/s41598-017-15436-z
extracted	10.1038/s41598-017-15436-z)	10.1038/s41598-017-15436-z
extracted	10.1038/s41598-017-15436-z)	10.1038/s41598-017-15436-z
extracted	10.1038/s41598-017-15436-z)	10.1038/s41598-017-15436-z
extracted	10.1038/s41598-017-15436-z)	10.1038/s41598-017-15436-z
extracted	10.1038/s41598-017-15436-z)	10.1038/s41598-017-15436-z
extracted	10.1038/s41598-017-15436-z)	10.1038/s41598-017-15436-z
extracted	10.1038/s41598-017-15436-z)	10.1038/s41598-017-15436-z
extracted	10.1038/s41598-017-15436-z)	10.1038/s41598-017-15436-z
extracted	10.1038/s41598-017-15436-z)	10.1038/s41598-017-15436-z
extracted	10.1038/s41598-017-15436-z)	10.1038/s41598-017-15436-z
extracted	10.1038/s41598-017-15436-z)	10.1038/s41598-017-15436-z
extracted	10.1038/s41598-017-15436-z)	10.1038/s41598-017-15436-z
extracted	10.1038/s41598-017-15436-z)	10.1038/s41598-017-15436-z
extracted	10.1038/s41598-017-15436-z)	10.1038/s41598-017-15436-z
extracted	10.1038/s41598-017-15436-z)	10.1038/s41598-017-15436-z
extracted	10.1038/s41598-017-15436-z)	10.1038/s41598-017-15436-z
extracted	10.1038/s41598-017-15436-z)	10.1038/s41598-017-15436-z
extracted	10.1038/s41598-017-15436-z)	10.1038/s41598-017-15436-z
extracted	10.1038/s41598-017-15436-z)	10.1038/s41598-017-15436-z
extracted	10.1038/s41598-017-15436-z)	10.1038/s41598-017-15436-z
extracted	10.1038/s41598-017-15436-z)	10.1038/s41598-017-15436-z
extracted	10.1038/s41598-017-15436-z)	10.1038/s41598-017-15436-z
extracted	10.1038/s41598-017-15436-z)	10.1038/s41598-017-15436-z
extracted	10.1038/s41598-017-15436-z)	10.1038/s41598-017-15436-z
extracted	10.1038/s41598-017-15436-z)	10.1038/s41598-017-15436-z
extracted	10.1038/s41598-017-15436-z)	10.1038/s41598-017-15436-z
extracted	10.1038/s41598-017-15436-z)	10.1038/s41598-017-15436-z
extracted	10.1038/s41598-017-15436-z)	10.1038/s41598-017-15436-z
extracted	10.1038/s41598-017-15436-z)	10.1038/s41598-017-15436-z
extracted	10.1038/s41598-017-15436-z)	10.1038/s41598-017-15436-z
extracted	10.1038/s41598-017-15436-z)	10.1038/s41598-017-15436-z
extracted	10.1371/journal.pone.0187914)	10.1371/journal.pone.0187914
extracted	10.1371/journal.pone.0187914)	10.1371/journal.pone.0187914
extracted	10.1371/journal.pone.0187914)	10.1371/journal.pone.0187914
extracted	10.1371/journal.pone.0187914)	10.1371/journal.pone.0187914
extracted	10.1371/journal.pone.0187914)	10.1371/journal.pone.0187914
extracted	10.1371/journal.pone.0187914)	10.1371/journal.pone.0187914
extracted	10.1371/journal.pone.0187914)	10.1371/journal.pone.0187914
extracted	10.1371/journal.pone.0187914)	10.1371/journal.pone.0187914
extracted	10.1371/journal.pone.0187914)	10.1371/journal.pone.0187914
extracted	10.1371/journal.pone.0187914)	10.1371/journal.pone.0187914
extracted	10.1371/journal.pone.0187914)	10.1371/journal.pone.0187914
extracted	10.1371/journal.pone.0187914)	10.1371/journal.pone.0187914
extracted	10.1371/journal.pone.0187914)	10.1371/journal.pone.0187914
extracted	10.1371/journal.pone.0187914)	10.1371/journal.pone.0187914
extracted	10.1371/journal.pone.0187914)	10.1371/journal.pone.0187914
extracted	10.1371/journal.pone.0187914)	10.1371/journal.pone.0187914
extracted	10.1371/journal.pone.0187914)	10.1371/journal.pone.0187914
extracted	10.1371/journal.pone.0187914)	10.1371/journal.pone.0187914
extracted	10.1371/journal.pone.0187914)	10.1371/journal.pone.0187914
extracted	10.1038/s41598-018-20002-2)	10.1038/s41598-018-20002-2
extracted	10.1038/s41598-018-20002-2)	10.1038/s41598-018-20002-2
extracted	10.1038/s41598-018-20002-2)	10.1038/s41598-018-20002-2
extracted	10.1038/s41598-018-20002-2)	10.1038/s41598-018-20002-2
extracted	10.1038/s41598-018-20002-2)	10.1038/s41598-018-20002-2
extracted	10.1038/s41598-018-20002-2)	10.1038/s41598-018-20002-2
extracted	10.1038/s41598-018-20002-2)	10.1038/s41598-018-20002-2
extracted	10.1038/s41598-018-20002-2)	10.1038/s41598-018-20002-2
extracted	10.1038/s41598-018-20002-2)	10.1038/s41598-018-20002-2
extracted	10.1038/s41598-018-20002-2)	10.1038/s41598-018-20002-2
extracted	10.1038/s41598-018-20002-2)	10.1038/s41598-018-20002-2
extracted	10.1038/s41598-018-20002-2)	10.1038/s41598-018-20002-2
extracted	10.1038/s41598-018-20002-2)	10.1038/s41598-018-20002-2
extracted	10.1038/s41598-018-20002-2)	10.1038/s41598-018-20002-2
extracted	10.1038/s41598-018-20002-2)	10.1038/s41598-018-20002-2
extracted	10.1038/s41598-018-20002-2)	10.1038/s41598-018-20002-2
extracted	10.1038/s41598-018-20002-2)	10.1038/s41598-018-20002-2
extracted	10.1038/s41598-018-20002-2)	10.1038/s41598-018-20002-2
extracted	10.1038/s41598-018-20002-2)	10.1038/s41598-018-20002-2
extracted	10.1038/s41598-018-20002-2)	10.1038/s41598-018-20002-2
extracted	10.1038/s41598-018-20002-2)	10.1038/s41598-018-20002-2
extracted	10.1038/s41598-018-20002-2)	10.1038/s41598-018-20002-2
extracted	10.1038/s41598-018-20002-2)	10.1038/s41598-018-20002-2
extracted	10.1038/s41598-018-20002-2)	10.1038/s41598-018-20002-2
extracted	10.1038/s41598-018-20002-2)	10.1038/s41598-018-20002-2
extracted	10.1038/s41598-018-20002-2)	10.1038/s41598-018-20002-2
extracted	10.1038/s41598-018-20002-2)	10.1038/s41598-018-20002-2
extracted	10.1038/s41598-018-20002-2)	10.1038/s41598-018-20002-2
extracted	10.1038/s41598-018-20002-2)	10.1038/s41598-018-20002-2
extracted	10.1038/s41598-018-20002-2)	10.1038/s41598-018-20002-2
extracted	10.1038/s41598-018-20002-2)	10.1038/s41598-018-20002-2
extracted	10.1038/s41598-018-20002-2)	10.1038/s41598-018-20002-2
extracted	10.1038/s41598-018-20002-2)	10.1038/s41598-018-20002-2
extracted	10.1038/s41598-018-20002-2)	10.1038/s41598-018-20002-2
extracted	10.1038/s41598-018-20002-2)	10.1038/s41598-018-20002-2
extracted	10.1038/s41598-018-20002-2)	10.1038/s41598-018-20002-2
extracted	10.1038/s41598-018-20002-2)	10.1038/s41598-018-20002-2
extracted	10.1038/s41598-018-20002-2)	10.1038/s41598-018-20002-2
extracted	10.1038/s41598-018-20002-2)	10.1038/s41598-018-20002-2
extracted	10.1038/s41598-018-20002-2)	10.1038/s41598-018-20002-2
extracted	10.1038/s41598-018-20002-2)	10.1038/s41598-018-20002-2
extracted	10.1038/s41598-018-20002-2)	10.1038/s41598-018-20002-2
extracted	10.1038/s41598-018-20002-2)	10.1038/s41598-018-20002-2
extracted	10.1038/s41598-018-20002-2)	10.1038/s41598-018-20002-2
extracted	10.1038/s41598-018-20002-2)	10.1038/s41598-018-20002-2
extracted	10.1038/s41598-018-20002-2)	10.1038/s41598-018-20002-2
extracted	10.1038/s41598-018-20002-2)	10.1038/s41598-018-20002-2
extracted	10.1038/s41598-018-20002-2)	10.1038/s41598-018-20002-2
extracted	10.1038/s41598-018-20002-2)	10.1038/s41598-018-20002-2
extracted	10.1038/s41598-018-20002-2)	10.1038/s41598-018-20002-2
extracted	10.1038/srep40854)	10.1038/srep40854
extracted	10.1038/srep40854)	10.1038/srep40854
extracted	10.1038/srep40854)	10.1038/srep40854
extracted	10.1038/srep40854)	10.1038/srep40854
extracted	10.1038/srep40854)	10.1038/srep40854
extracted	10.1038/srep40854)	10.1038/srep40854
extracted	10.1038/srep40854)	10.1038/srep40854
extracted	10.1038/srep40854)	10.1038/srep40854
extracted	10.7150/ijbs.23419)	10.7150/ijbs.23419
extracted	10.7150/ijbs.23419)	10.7150/ijbs.23419
extracted	10.7150/ijbs.23419)	10.7150/ijbs.23419
extracted	10.7150/ijbs.23419)	10.7150/ijbs.23419
extracted	10.7150/ijbs.23419)	10.7150/ijbs.23419
extracted	10.7150/ijbs.23419)	10.7150/ijbs.23419
extracted	10.7150/ijbs.23419)	10.7150/ijbs.23419
extracted	10.7150/ijbs.23419)	10.7150/ijbs.23419
extracted	10.7150/ijbs.23419)	10.7150/ijbs.23419
extracted	10.7150/ijbs.23419)	10.7150/ijbs.23419
extracted	10.7150/ijbs.23419)	10.7150/ijbs.23419
extracted	10.7150/ijbs.23419)	10.7150/ijbs.23419
extracted	10.7150/ijbs.23419)	10.7150/ijbs.23419
extracted	10.7150/ijbs.23419)	10.7150/ijbs.23419
extracted	10.7150/ijbs.23419)	10.7150/ijbs.23419
extracted	10.7150/ijbs.23419)	10.7150/ijbs.23419
extracted	10.7150/ijbs.23419)	10.7150/ijbs.23419
extracted	10.7150/ijbs.23419)	10.7150/ijbs.23419
extracted	10.7150/ijbs.23419)	10.7150/ijbs.23419
extracted	10.7150/ijbs.23419)	10.7150/ijbs.23419
extracted	10.7150/ijbs.23419)	10.7150/ijbs.23419
extracted	10.7150/ijbs.23419)	10.7150/ijbs.23419
extracted	10.7150/ijbs.23419)	10.7150/ijbs.23419
extracted	10.7150/ijbs.23419)	10.7150/ijbs.23419
extracted	10.7150/ijbs.23419)	10.7150/ijbs.23419
extracted	10.7150/ijbs.23419)	10.7150/ijbs.23419
extracted	10.7150/ijbs.23419)	10.7150/ijbs.23419
extracted	10.7150/ijbs.23419)	10.7150/ijbs.23419
extracted	10.7150/ijbs.23419)	10.7150/ijbs.23419
extracted	10.7150/ijbs.23419)	10.7150/ijbs.23419
extracted	10.7150/ijbs.23419)	10.7150/ijbs.23419
extracted	10.7150/ijbs.23419)	10.7150/ijbs.23419
extracted	10.7150/ijbs.23419)	10.7150/ijbs.23419
extracted	10.7150/ijbs.23419)	10.7150/ijbs.23419
extracted	10.7150/ijbs.23419)	10.7150/ijbs.23419
extracted	10.7150/ijbs.23419)	10.7150/ijbs.23419
extracted	10.7150/ijbs.23419)	10.7150/ijbs.23419
extracted	10.7150/ijbs.23419)	10.7150/ijbs.23419
extracted	10.7150/ijbs.23419)	10.7150/ijbs.23419
extracted	10.7150/ijbs.23419)	10.7150/ijbs.23419
extracted	10.7150/ijbs.23419)	10.7150/ijbs.23419
extracted	10.7150/ijbs.23419)	10.7150/ijbs.23419
extracted	10.7150/ijbs.23419)	10.7150/ijbs.23419
extracted	10.7150/ijbs.23419)	10.7150/ijbs.23419
extracted	10.7150/ijbs.23419)	10.7150/ijbs.23419
extracted	10.7150/ijbs.23419)	10.7150/ijbs.23419
extracted	10.7150/ijbs.23419)	10.7150/ijbs.23419
extracted	10.7150/ijbs.23419)	10.7150/ijbs.23419
extracted	10.7150/ijbs.23419)	10.7150/ijbs.23419
extracted	10.7150/ijbs.23419)	10.7150/ijbs.23419
extracted	10.7150/ijbs.23419)	10.7150/ijbs.23419
extracted	10.7150/thno.21425)	10.7150/thno.21425
extracted	10.7150/thno.21425)	10.7150/thno.21425
extracted	10.7150/thno.21425)	10.7150/thno.21425
extracted	10.7150/thno.21425)	10.7150/thno.21425
extracted	10.7150/thno.21425)	10.7150/thno.21425
extracted	10.7150/thno.21425)	10.7150/thno.21425
extracted	10.7150/thno.21425)	10.7150/thno.21425
extracted	10.7150/thno.21425)	10.7150/thno.21425
extracted	10.7150/thno.21425)	10.7150/thno.21425
extracted	10.7150/thno.21425)	10.7150/thno.21425
extracted	10.7150/thno.21425)	10.7150/thno.21425
extracted	10.7150/thno.21425)	10.7150/thno.21425
extracted	10.7150/thno.21425)	10.7150/thno.21425
extracted	10.7150/thno.21425)	10.7150/thno.21425
extracted	10.7150/thno.21425)	10.7150/thno.21425
extracted	10.7150/thno.21425)	10.7150/thno.21425
extracted	10.7150/thno.21425)	10.7150/thno.21425
extracted	10.7150/thno.21425)	10.7150/thno.21425
extracted	10.7150/thno.21425)	10.7150/thno.21425
extracted	10.7150/thno.21425)	10.7150/thno.21425
extracted	10.7150/thno.21425)	10.7150/thno.21425
extracted	10.7150/thno.21425)	10.7150/thno.21425
extracted	10.7150/thno.21425)	10.7150/thno.21425
extracted	10.7150/thno.21425)	10.7150/thno.21425
extracted	10.7150/thno.21425)	10.7150/thno.21425
extracted	10.7150/thno.21425)	10.7150/thno.21425
extracted	10.7150/thno.21425)	10.7150/thno.21425
extracted	10.7150/thno.21425)	10.7150/thno.21425
extracted	10.7150/thno.21425)	10.7150/thno.21425
extracted	10.7150/thno.21425)	10.7150/thno.21425
extracted	10.7150/thno.21425)	10.7150/thno.21425
extracted	10.7150/thno.21425)	10.7150/thno.21425
extracted	10.7150/thno.21425)	10.7150/thno.21425
extracted	10.7150/thno.21425)	10.7150/thno.21425
extracted	10.7150/thno.21425)	10.7150/thno.21425
extracted	10.7150/thno.21425)	10.7150/thno.21425
extracted	10.7150/thno.21425)	10.7150/thno.21425
extracted	10.7150/thno.21425)	10.7150/thno.21425
extracted	10.7150/thno.21425)	10.7150/thno.21425
extracted	10.7150/thno.21425)	10.7150/thno.21425
extracted	10.7150/thno.21425)	10.7150/thno.21425
extracted	10.7150/thno.21425)	10.7150/thno.21425
extracted	10.7150/thno.21425)	10.7150/thno.21425
extracted	10.7150/thno.21425)	10.7150/thno.21425
extracted	10.7150/thno.21425)	10.7150/thno.21425
extracted	10.7150/thno.21425)	10.7150/thno.21425
extracted	10.7150/thno.21425)	10.7150/thno.21425
extracted	10.7150/thno.21425)	10.7150/thno.21425
extracted	10.7150/thno.21425)	10.7150/thno.21425
extracted	10.7150/thno.21425)	10.7150/thno.21425
extracted	10.7150/thno.21425)	10.7150/thno.21425
extracted	10.7150/thno.21425)	10.7150/thno.21425
extracted	10.7150/thno.21425)	10.7150/thno.21425
extracted	10.7150/thno.21425)	10.7150/thno.21425
extracted	10.7150/thno.21425)	10.7150/thno.21425
extracted	10.7150/thno.21425)	10.7150/thno.21425
extracted	10.7150/thno.21425)	10.7150/thno.21425
extracted	10.7150/thno.21425)	10.7150/thno.21425
extracted	10.7150/thno.21425)	10.7150/thno.21425
extracted	10.7150/thno.21425)	10.7150/thno.21425
extracted	10.7150/thno.21425)	10.7150/thno.21425
extracted	10.7150/thno.21425)	10.7150/thno.21425
extracted	10.7150/thno.21425)	10.7150/thno.21425
extracted	10.3389/fchem.2018.00394)	10.3389/fchem.2018.00394
extracted	10.3389/fchem.2018.00394)	10.3389/fchem.2018.00394
extracted	10.3389/fchem.2018.00394)	10.3389/fchem.2018.00394
extracted	10.3389/fchem.2018.00394)	10.3389/fchem.2018.00394
extracted	10.3389/fchem.2018.00394)	10.3389/fchem.2018.00394
extracted	10.3389/fchem.2018.00394)	10.3389/fchem.2018.00394
extracted	10.3892/etm.2017.5631)	10.3892/etm.2017.5631
extracted	10.3892/etm.2017.5631)	10.3892/etm.2017.5631
extracted	10.3892/etm.2017.5631)	10.3892/etm.2017.5631
extracted	10.3892/etm.2017.5631)	10.3892/etm.2017.5631
extracted	10.3892/etm.2017.5631)	10.3892/etm.2017.5631
extracted	10.3892/etm.2017.5631)	10.3892/etm.2017.5631
extracted	10.3892/etm.2017.5631)	10.3892/etm.2017.5631
extracted	10.3892/etm.2017.5631)	10.3892/etm.2017.5631
extracted	10.3892/etm.2017.5631)	10.3892/etm.2017.5631
extracted	10.3892/etm.2017.5631)	10.3892/etm.2017.5631
extracted	10.3892/etm.2017.5631)	10.3892/etm.2017.5631
extracted	10.3892/etm.2017.5631)	10.3892/etm.2017.5631
extracted	10.3892/etm.2017.5631)	10.3892/etm.2017.5631
extracted	10.3892/etm.2017.5631)	10.3892/etm.2017.5631
extracted	10.3892/etm.2017.5631)	10.3892/etm.2017.5631
extracted	10.3892/etm.2017.5631)	10.3892/etm.2017.5631
extracted	10.3892/etm.2017.5631)	10.3892/etm.2017.5631
extracted	10.3892/etm.2017.5631)	10.3892/etm.2017.5631
extracted	10.3892/etm.2017.5631)	10.3892/etm.2017.5631
extracted	10.3892/etm.2017.5631)	10.3892/etm.2017.5631
extracted	10.3892/etm.2017.5631)	10.3892/etm.2017.5631
extracted	10.3892/etm.2017.5631)	10.3892/etm.2017.5631
extracted	10.3892/etm.2017.5631)	10.3892/etm.2017.5631
extracted	10.3892/etm.2017.5631)	10.3892/etm.2017.5631
extracted	10.3892/etm.2017.5631)	10.3892/etm.2017.5631
extracted	10.3892/etm.2017.5631)	10.3892/etm.2017.5631
extracted	10.3892/etm.2017.5631)	10.3892/etm.2017.5631
extracted	10.3892/etm.2017.5631)	10.3892/etm.2017.5631
extracted	10.3892/etm.2017.5631)	10.3892/etm.2017.5631
extracted	10.3892/etm.2017.5631)	10.3892/etm.2017.5631
extracted	10.3892/etm.2017.5631)	10.3892/etm.2017.5631
extracted	10.3892/etm.2017.5631)	10.3892/etm.2017.5631
extracted	10.3892/etm.2017.5631)	10.3892/etm.2017.5631
extracted	10.3892/etm.2017.5631)	10.3892/etm.2017.5631
extracted	10.3892/etm.2017.5631)	10.3892/etm.2017.5631
extracted	10.3892/etm.2017.5631)	10.3892/etm.2017.5631
extracted	10.3892/etm.2017.5631)	10.3892/etm.2017.5631
extracted	10.3892/etm.2017.5631)	10.3892/etm.2017.5631
extracted	10.3892/etm.2017.5631)	10.3892/etm.2017.5631
extracted	10.3892/etm.2017.5631)	10.3892/etm.2017.5631
extracted	10.3892/etm.2017.5631)	10.3892/etm.2017.5631
extracted	10.3892/etm.2017.5631)	10.3892/etm.2017.5631
extracted	10.3892/etm.2017.5631)	10.3892/etm.2017.5631
extracted	10.3892/etm.2017.5631)	10.3892/etm.2017.5631
extracted	10.3892/etm.2017.5631)	10.3892/etm.2017.5631
extracted	10.3892/etm.2017.5631)	10.3892/etm.2017.5631
extracted	10.3892/etm.2017.5631)	10.3892/etm.2017.5631
extracted	10.3892/etm.2017.5631)	10.3892/etm.2017.5631
extracted	10.3892/etm.2017.5631)	10.3892/etm.2017.5631
extracted	10.3892/etm.2017.5631)	10.3892/etm.2017.5631
extracted	10.3892/etm.2017.5631)	10.3892/etm.2017.5631
extracted	10.3892/etm.2017.5631)	10.3892/etm.2017.5631
extracted	10.3892/etm.2017.5631)	10.3892/etm.2017.5631
extracted	10.3892/etm.2017.5631)	10.3892/etm.2017.5631
extracted	10.1371/journal.pone.0201668)	10.1371/journal.pone.0201668
extracted	10.1371/journal.pone.0201668)	10.1371/journal.pone.0201668
extracted	10.1371/journal.pone.0201668)	10.1371/journal.pone.0201668
extracted	10.1371/journal.pone.0201668)	10.1371/journal.pone.0201668
extracted	10.1371/journal.pone.0201668)	10.1371/journal.pone.0201668
extracted	10.1371/journal.pone.0201668)	10.1371/journal.pone.0201668
extracted	10.1371/journal.pone.0201668)	10.1371/journal.pone.0201668
extracted	10.1371/journal.pone.0201668)	10.1371/journal.pone.0201668
extracted	10.1371/journal.pone.0201668)	10.1371/journal.pone.0201668
extracted	10.1371/journal.pone.0201668)	10.1371/journal.pone.0201668
extracted	10.1371/journal.pone.0201668)	10.1371/journal.pone.0201668
extracted	10.3389/fcimb.2018.00354)	10.3389/fcimb.2018.00354
extracted	10.3389/fcimb.2018.00354)	10.3389/fcimb.2018.00354
extracted	10.3389/fcimb.2018.00354)	10.3389/fcimb.2018.00354
extracted	10.3389/fcimb.2018.00354)	10.3389/fcimb.2018.00354
extracted	10.3389/fcimb.2018.00354)	10.3389/fcimb.2018.00354
extracted	10.3389/fcimb.2018.00354)	10.3389/fcimb.2018.00354
extracted	10.3389/fcimb.2018.00354)	10.3389/fcimb.2018.00354
extracted	10.3389/fcimb.2018.00354)	10.3389/fcimb.2018.00354
extracted	10.3389/fcimb.2018.00354)	10.3389/fcimb.2018.00354
extracted	10.3389/fcimb.2018.00354)	10.3389/fcimb.2018.00354
extracted	10.3389/fcimb.2018.00354)	10.3389/fcimb.2018.00354
extracted	10.3389/fcimb.2018.00354)	10.3389/fcimb.2018.00354
extracted	10.3389/fcimb.2018.00354)	10.3389/fcimb.2018.00354
extracted	10.3389/fcimb.2018.00354)	10.3389/fcimb.2018.00354
extracted	10.3389/fcimb.2018.00354)	10.3389/fcimb.2018.00354
extracted	10.3389/fmicb.2018.02846)	10.3389/fmicb.2018.02846
extracted	10.3389/fmicb.2018.02846)	10.3389/fmicb.2018.02846
extracted	10.3389/fmicb.2018.02846)	10.3389/fmicb.2018.02846
extracted	10.3389/fmicb.2018.02846)	10.3389/fmicb.2018.02846
extracted	10.3389/fmicb.2018.02846)	10.3389/fmicb.2018.02846
extracted	10.3389/fmicb.2018.02846)	10.3389/fmicb.2018.02846
extracted	10.3389/fmicb.2018.02846)	10.3389/fmicb.2018.02846
extracted	10.3389/fmicb.2018.02846)	10.3389/fmicb.2018.02846
extracted	10.3389/fmicb.2018.02846)	10.3389/fmicb.2018.02846
extracted	10.3389/fmicb.2018.02846)	10.3389/fmicb.2018.02846
extracted	10.3389/fmicb.2018.02846)	10.3389/fmicb.2018.02846
extracted	10.3389/fmicb.2018.02846)	10.3389/fmicb.2018.02846
extracted	10.3389/fmicb.2018.02846)	10.3389/fmicb.2018.02846
extracted	10.3389/fmicb.2018.02846)	10.3389/fmicb.2018.02846
extracted	10.3389/fmicb.2018.02846)	10.3389/fmicb.2018.02846
extracted	10.3389/fmicb.2018.02846)	10.3389/fmicb.2018.02846
extracted	10.3389/fmicb.2018.02846)	10.3389/fmicb.2018.02846
extracted	10.3389/fmicb.2018.02846)	10.3389/fmicb.2018.02846
extracted	10.3389/fmicb.2018.02846)	10.3389/fmicb.2018.02846
extracted	10.3389/fmicb.2018.02846)	10.3389/fmicb.2018.02846
extracted	10.3389/fmicb.2018.02846)	10.3389/fmicb.2018.02846
extracted	10.3389/fmicb.2018.02846)	10.3389/fmicb.2018.02846
extracted	10.3389/fmicb.2018.02846)	10.3389/fmicb.2018.02846
extracted	10.3389/fmicb.2018.02846)	10.3389/fmicb.2018.02846
extracted	10.3389/fmicb.2018.02846)	10.3389/fmicb.2018.02846
extracted	10.3389/fmicb.2018.02846)	10.3389/fmicb.2018.02846
extracted	10.1371/journal.pone.0205727)	10.1371/journal.pone.0205727
extracted	10.1371/journal.pone.0205727)	10.1371/journal.pone.0205727
extracted	10.1371/journal.pone.0205727)	10.1371/journal.pone.0205727
extracted	10.1371/journal.pone.0205727)	10.1371/journal.pone.0205727
extracted	10.1371/journal.pone.0205727)	10.1371/journal.pone.0205727
extracted	10.1371/journal.pone.0205727)	10.1371/journal.pone.0205727
extracted	10.1371/journal.pone.0205727)	10.1371/journal.pone.0205727
extracted	10.1371/journal.pone.0205727)	10.1371/journal.pone.0205727
extracted	10.1371/journal.pone.0205727)	10.1371/journal.pone.0205727
extracted	10.1371/journal.pone.0205727)	10.1371/journal.pone.0205727
extracted	10.1371/journal.pone.0205727)	10.1371/journal.pone.0205727
extracted	10.1371/journal.pone.0205727)	10.1371/journal.pone.0205727
extracted	10.1371/journal.pone.0205727)	10.1371/journal.pone.0205727
extracted	10.1371/journal.pone.0205727)	10.1371/journal.pone.0205727
extracted	10.1371/journal.pone.0205727)	10.1371/journal.pone.0205727
extracted	10.1371/journal.pone.0205727)	10.1371/journal.pone.0205727
extracted	10.1371/journal.pone.0205727)	10.1371/journal.pone.0205727
extracted	10.1371/journal.pone.0205727)	10.1371/journal.pone.0205727
extracted	10.1371/journal.pone.0205727)	10.1371/journal.pone.0205727
extracted	10.1371/journal.pone.0205727)	10.1371/journal.pone.0205727
extracted	10.1371/journal.pone.0205727)	10.1371/journal.pone.0205727
extracted	10.1371/journal.pone.0205727)	10.1371/journal.pone.0205727
extracted	10.1371/journal.pone.0205727)	10.1371/journal.pone.0205727
extracted	10.1371/journal.pone.0205727)	10.1371/journal.pone.0205727
extracted	10.1371/journal.pone.0205727)	10.1371/journal.pone.0205727
extracted	10.1371/journal.pone.0205727)	10.1371/journal.pone.0205727
extracted	10.1371/journal.pone.0205727)	10.1371/journal.pone.0205727
extracted	10.1038/s41598-018-32947-5)	10.1038/s41598-018-32947-5
extracted	10.1038/s41598-018-32947-5)	10.1038/s41598-018-32947-5
extracted	10.1038/s41598-018-32947-5)	10.1038/s41598-018-32947-5
extracted	10.1038/s41598-018-32947-5)	10.1038/s41598-018-32947-5
extracted	10.1038/s41598-018-32947-5)	10.1038/s41598-018-32947-5
extracted	10.1038/s41598-018-32947-5)	10.1038/s41598-018-32947-5
extracted	10.1038/s41598-018-32947-5)	10.1038/s41598-018-32947-5
extracted	10.1038/s41598-018-32947-5)	10.1038/s41598-018-32947-5
extracted	10.1038/s41598-018-32947-5)	10.1038/s41598-018-32947-5
extracted	10.1038/s41598-018-29566-5)	10.1038/s41598-018-29566-5
extracted	10.1038/s41598-018-29566-5)	10.1038/s41598-018-29566-5
extracted	10.1038/s41598-018-29566-5)	10.1038/s41598-018-29566-5
extracted	10.1038/s41598-018-29566-5)	10.1038/s41598-018-29566-5
extracted	10.1038/s41598-018-29566-5)	10.1038/s41598-018-29566-5
extracted	10.1038/s41598-018-29566-5)	10.1038/s41598-018-29566-5
extracted	10.1038/s41598-018-29566-5)	10.1038/s41598-018-29566-5
extracted	10.1038/s41598-018-29566-5)	10.1038/s41598-018-29566-5
extracted	10.1038/s41598-018-29566-5)	10.1038/s41598-018-29566-5
extracted	10.1038/s41598-018-29566-5)	10.1038/s41598-018-29566-5
extracted	10.1038/s41598-018-29566-5)	10.1038/s41598-018-29566-5
extracted	10.1038/s41598-018-29566-5)	10.1038/s41598-018-29566-5
extracted	10.1038/s41598-018-29566-5)	10.1038/s41598-018-29566-5
extracted	10.1038/s41598-018-29566-5)	10.1038/s41598-018-29566-5
extracted	10.1038/s41598-018-29566-5)	10.1038/s41598-018-29566-5
extracted	10.1038/s41598-018-29566-5)	10.1038/s41598-018-29566-5
extracted	10.1038/s41598-018-29566-5)	10.1038/s41598-018-29566-5
extracted	10.1038/s41598-018-29566-5)	10.1038/s41598-018-29566-5
extracted	10.1038/s41598-018-29566-5)	10.1038/s41598-018-29566-5
extracted	10.1038/s41598-018-29566-5)	10.1038/s41598-018-29566-5
extracted	10.1186/s13568-018-0710-4)	10.1186/s13568-018-0710-4
extracted	10.1186/s13568-018-0710-4)	10.1186/s13568-018-0710-4
extracted	10.1186/s13568-018-0710-4)	10.1186/s13568-018-0710-4
extracted	10.1186/s13568-018-0710-4)	10.1186/s13568-018-0710-4
extracted	10.1186/s13568-018-0710-4)	10.1186/s13568-018-0710-4
extracted	10.1186/s13568-018-0710-4)	10.1186/s13568-018-0710-4
extracted	10.1186/s13568-018-0710-4)	10.1186/s13568-018-0710-4
extracted	10.3389/fmicb.2018.02600)	10.3389/fmicb.2018.02600
extracted	10.3389/fmicb.2018.02600)	10.3389/fmicb.2018.02600
extracted	10.3389/fmicb.2018.02600)	10.3389/fmicb.2018.02600
extracted	10.3389/fmicb.2018.02600)	10.3389/fmicb.2018.02600
extracted	10.3389/fmicb.2018.02600)	10.3389/fmicb.2018.02600
extracted	10.3389/fmicb.2018.02600)	10.3389/fmicb.2018.02600
extracted	10.3389/fmicb.2018.02600)	10.3389/fmicb.2018.02600
extracted	10.3389/fmicb.2018.02600)	10.3389/fmicb.2018.02600
extracted	10.3389/fmicb.2018.02600)	10.3389/fmicb.2018.02600
extracted	10.3389/fmicb.2018.02600)	10.3389/fmicb.2018.02600
extracted	10.3389/fmicb.2018.02600)	10.3389/fmicb.2018.02600
extracted	10.3389/fmicb.2018.02600)	10.3389/fmicb.2018.02600
extracted	10.3389/fmicb.2018.02600)	10.3389/fmicb.2018.02600
extracted	10.3389/fmicb.2018.02600)	10.3389/fmicb.2018.02600
extracted	10.3389/fmicb.2018.02600)	10.3389/fmicb.2018.02600
extracted	10.3389/fmicb.2018.02600)	10.3389/fmicb.2018.02600
extracted	10.3389/fmicb.2018.02600)	10.3389/fmicb.2018.02600
extracted	10.3389/fmicb.2018.02600)	10.3389/fmicb.2018.02600
extracted	10.3389/fmicb.2018.02600)	10.3389/fmicb.2018.02600
extracted	10.3389/fmicb.2018.02600)	10.3389/fmicb.2018.02600
extracted	10.3389/fmicb.2018.02600)	10.3389/fmicb.2018.02600
extracted	10.3389/fmicb.2018.02600)	10.3389/fmicb.2018.02600
extracted	10.3389/fmicb.2018.02600)	10.3389/fmicb.2018.02600
extracted	10.3389/fmicb.2018.02600)	10.3389/fmicb.2018.02600
extracted	10.3389/fmicb.2018.02600)	10.3389/fmicb.2018.02600
extracted	10.3389/fmicb.2018.02600)	10.3389/fmicb.2018.02600
extracted	10.3389/fmicb.2018.02600)	10.3389/fmicb.2018.02600
extracted	10.3389/fmicb.2018.02600)	10.3389/fmicb.2018.02600
extracted	10.3389/fmicb.2018.02600)	10.3389/fmicb.2018.02600
extracted	10.3389/fmicb.2018.02600)	10.3389/fmicb.2018.02600
extracted	10.3389/fmicb.2018.02600)	10.3389/fmicb.2018.02600
extracted	10.3389/fmicb.2018.02600)	10.3389/fmicb.2018.02600
extracted	10.3389/fmicb.2018.02600)	10.3389/fmicb.2018.02600
extracted	10.1038/s41564-018-0110-1)	10.1038/s41564-018-0110-1
extracted	10.1038/s41564-018-0110-1)	10.1038/s41564-018-0110-1
extracted	10.1038/s41564-018-0110-1)	10.1038/s41564-018-0110-1
extracted	10.1038/s41564-018-0110-1)	10.1038/s41564-018-0110-1
extracted	10.1038/s41564-018-0110-1)	10.1038/s41564-018-0110-1
extracted	10.1038/s41564-018-0110-1)	10.1038/s41564-018-0110-1
extracted	10.1038/s41564-018-0110-1)	10.1038/s41564-018-0110-1
extracted	10.1038/s41564-018-0110-1)	10.1038/s41564-018-0110-1
extracted	10.1038/s41564-018-0110-1)	10.1038/s41564-018-0110-1
extracted	10.1038/s41598-018-29444-0)	10.1038/s41598-018-29444-0
extracted	10.1038/s41598-018-29444-0)	10.1038/s41598-018-29444-0
extracted	10.1038/s41598-018-29444-0)	10.1038/s41598-018-29444-0
extracted	10.1038/s41598-018-29444-0)	10.1038/s41598-018-29444-0
extracted	10.1038/s41598-018-29444-0)	10.1038/s41598-018-29444-0
extracted	10.1038/s41598-018-29444-0)	10.1038/s41598-018-29444-0
extracted	10.1038/s41598-018-29444-0)	10.1038/s41598-018-29444-0
extracted	10.1038/s41598-018-29444-0)	10.1038/s41598-018-29444-0
extracted	10.1038/s41598-018-29444-0)	10.1038/s41598-018-29444-0
extracted	10.1038/s41598-018-29444-0)	10.1038/s41598-018-29444-0
extracted	10.1038/s41598-018-29444-0)	10.1038/s41598-018-29444-0
extracted	10.1038/s41598-018-29444-0)	10.1038/s41598-018-29444-0
extracted	10.1038/s41598-018-29444-0)	10.1038/s41598-018-29444-0
extracted	10.1038/s41598-018-29444-0)	10.1038/s41598-018-29444-0
extracted	10.1038/s41598-018-29444-0)	10.1038/s41598-018-29444-0
extracted	10.1038/s41598-018-29444-0)	10.1038/s41598-018-29444-0
extracted	10.1038/s41598-018-29444-0)	10.1038/s41598-018-29444-0
extracted	10.1038/s41598-018-29444-0)	10.1038/s41598-018-29444-0
extracted	10.1038/s41598-018-29444-0)	10.1038/s41598-018-29444-0
extracted	10.1038/s41598-018-29444-0)	10.1038/s41598-018-29444-0
extracted	10.1038/s41598-018-29444-0)	10.1038/s41598-018-29444-0
extracted	10.1038/s41598-018-29444-0)	10.1038/s41598-018-29444-0
extracted	10.1038/s41598-018-29444-0)	10.1038/s41598-018-29444-0
extracted	10.1038/s41598-018-29444-0)	10.1038/s41598-018-29444-0
extracted	10.1038/s41598-018-29444-0)	10.1038/s41598-018-29444-0
extracted	10.1038/s41598-018-19669-4)	10.1038/s41598-018-19669-4
extracted	10.1038/s41598-018-19669-4)	10.1038/s41598-018-19669-4
extracted	10.1038/s41598-018-19669-4)	10.1038/s41598-018-19669-4
extracted	10.1038/s41598-018-19669-4)	10.1038/s41598-018-19669-4
extracted	10.1038/s41598-018-19669-4)	10.1038/s41598-018-19669-4
extracted	10.1038/s41598-018-19669-4)	10.1038/s41598-018-19669-4
extracted	10.1038/s41598-018-19669-4)	10.1038/s41598-018-19669-4
extracted	10.1038/s41598-018-19669-4)	10.1038/s41598-018-19669-4
extracted	10.1038/s41598-018-19669-4)	10.1038/s41598-018-19669-4
extracted	10.1038/s41598-018-19669-4)	10.1038/s41598-018-19669-4
extracted	10.1038/s41598-018-19669-4)	10.1038/s41598-018-19669-4
extracted	10.1038/s41598-018-19669-4)	10.1038/s41598-018-19669-4
extracted	10.1038/s41598-018-19669-4)	10.1038/s41598-018-19669-4
extracted	10.1038/s41598-018-19669-4)	10.1038/s41598-018-19669-4
extracted	10.1038/s41598-018-19669-4)	10.1038/s41598-018-19669-4
extracted	10.1038/s41598-018-19669-4)	10.1038/s41598-018-19669-4
extracted	10.1038/s41598-018-19669-4)	10.1038/s41598-018-19669-4
extracted	10.1038/s41598-018-19669-4)	10.1038/s41598-018-19669-4
extracted	10.1038/s41598-018-19669-4)	10.1038/s41598-018-19669-4
extracted	10.1038/s41598-018-19669-4)	10.1038/s41598-018-19669-4
extracted	10.1038/s41598-018-19669-4)	10.1038/s41598-018-19669-4
extracted	10.1038/s41598-018-19669-4)	10.1038/s41598-018-19669-4
extracted	10.1038/s41598-018-19669-4)	10.1038/s41598-018-19669-4
extracted	10.1038/s41598-018-19669-4)	10.1038/s41598-018-19669-4
extracted	10.1038/s41598-018-19669-4)	10.1038/s41598-018-19669-4
extracted	10.1038/s41598-018-19669-4)	10.1038/s41598-018-19669-4
extracted	10.1038/s41598-018-19669-4)	10.1038/s41598-018-19669-4
extracted	10.1038/s41598-018-19669-4)	10.1038/s41598-018-19669-4
extracted	10.1038/s41598-018-19669-4)	10.1038/s41598-018-19669-4
extracted	10.1038/s41598-018-29826-4)	10.1038/s41598-018-29826-4
extracted	10.1038/s41598-018-29826-4)	10.1038/s41598-018-29826-4
extracted	10.1038/s41598-018-29826-4)	10.1038/s41598-018-29826-4
extracted	10.1038/s41598-018-29826-4)	10.1038/s41598-018-29826-4
extracted	10.1038/s41598-018-29826-4)	10.1038/s41598-018-29826-4
extracted	10.1038/s41598-018-29826-4)	10.1038/s41598-018-29826-4
extracted	10.1038/s41598-018-29826-4)	10.1038/s41598-018-29826-4
extracted	10.1038/s41598-018-29826-4)	10.1038/s41598-018-29826-4
extracted	10.1038/s41598-018-29826-4)	10.1038/s41598-018-29826-4
extracted	10.1038/s41598-018-29826-4)	10.1038/s41598-018-29826-4
extracted	10.1038/s41598-018-29826-4)	10.1038/s41598-018-29826-4
extracted	10.1038/s41598-018-29826-4)	10.1038/s41598-018-29826-4
extracted	10.1038/s41598-018-29826-4)	10.1038/s41598-018-29826-4
extracted	10.1038/s41598-018-29826-4)	10.1038/s41598-018-29826-4
extracted	10.1038/s41598-018-29826-4)	10.1038/s41598-018-29826-4
extracted	10.1038/s41598-018-29826-4)	10.1038/s41598-018-29826-4
extracted	10.1038/s41598-018-29826-4)	10.1038/s41598-018-29826-4
extracted	10.1038/s41598-018-29826-4)	10.1038/s41598-018-29826-4
extracted	10.1038/s41598-018-29826-4)	10.1038/s41598-018-29826-4
extracted	10.1038/s41598-018-29826-4)	10.1038/s41598-018-29826-4
extracted	10.1038/s41598-018-29826-4)	10.1038/s41598-018-29826-4
extracted	10.1038/s41598-018-29826-4)	10.1038/s41598-018-29826-4
extracted	10.1038/s41598-018-29826-4)	10.1038/s41598-018-29826-4
extracted	10.1038/s41598-018-29826-4)	10.1038/s41598-018-29826-4
extracted	10.1038/s41598-018-29826-4)	10.1038/s41598-018-29826-4
extracted	10.1038/s41598-018-29826-4)	10.1038/s41598-018-29826-4
extracted	10.1038/s41598-018-29826-4)	10.1038/s41598-018-29826-4
extracted	10.1038/s41598-018-29826-4)	10.1038/s41598-018-29826-4
extracted	10.1038/s41598-018-29826-4)	10.1038/s41598-018-29826-4
extracted	10.1038/s41598-018-29826-4)	10.1038/s41598-018-29826-4
extracted	10.1038/s41598-018-29826-4)	10.1038/s41598-018-29826-4
extracted	10.1038/s41598-018-29826-4)	10.1038/s41598-018-29826-4
extracted	10.1038/s41598-018-29826-4)	10.1038/s41598-018-29826-4
extracted	10.1038/s41598-018-29826-4)	10.1038/s41598-018-29826-4
extracted	10.1038/s41598-018-29826-4)	10.1038/s41598-018-29826-4
extracted	10.1038/s41598-018-29826-4)	10.1038/s41598-018-29826-4
extracted	10.1038/s41598-018-29826-4)	10.1038/s41598-018-29826-4
extracted	10.1038/s41598-018-29826-4)	10.1038/s41598-018-29826-4
extracted	10.1038/s41598-018-29826-4)	10.1038/s41598-018-29826-4
extracted	10.1038/s41598-018-34684-1)	10.1038/s41598-018-34684-1
extracted	10.1038/s41598-018-34684-1)	10.1038/s41598-018-34684-1
extracted	10.1038/s41598-018-34684-1)	10.1038/s41598-018-34684-1
extracted	10.1038/s41598-018-34684-1)	10.1038/s41598-018-34684-1
extracted	10.1038/s41598-018-20912-1)	10.1038/s41598-018-20912-1
extracted	10.1038/s41598-018-20912-1)	10.1038/s41598-018-20912-1
extracted	10.1038/s41598-018-20912-1)	10.1038/s41598-018-20912-1
extracted	10.1038/s41598-018-20912-1)	10.1038/s41598-018-20912-1
extracted	10.1038/s41598-018-20912-1)	10.1038/s41598-018-20912-1
extracted	10.1038/s41598-018-20912-1)	10.1038/s41598-018-20912-1
extracted	10.1038/s41598-018-20912-1)	10.1038/s41598-018-20912-1
extracted	10.1038/s41598-018-20912-1)	10.1038/s41598-018-20912-1
extracted	10.1038/s41598-018-20912-1)	10.1038/s41598-018-20912-1
extracted	10.1038/s41598-018-20912-1)	10.1038/s41598-018-20912-1
extracted	10.1038/s41598-018-20912-1)	10.1038/s41598-018-20912-1
extracted	10.1038/s41598-018-20912-1)	10.1038/s41598-018-20912-1
extracted	10.1038/s41598-018-20912-1)	10.1038/s41598-018-20912-1
extracted	10.1038/s41598-018-20912-1)	10.1038/s41598-018-20912-1
extracted	10.1038/s41598-018-20912-1)	10.1038/s41598-018-20912-1
extracted	10.1038/s41598-018-20912-1)	10.1038/s41598-018-20912-1
extracted	10.1038/s41598-018-20912-1)	10.1038/s41598-018-20912-1
extracted	10.1038/s41598-018-20912-1)	10.1038/s41598-018-20912-1
extracted	10.1038/s41598-018-20912-1)	10.1038/s41598-018-20912-1
extracted	10.1038/s41598-018-20912-1)	10.1038/s41598-018-20912-1
extracted	10.1038/s41598-018-20912-1)	10.1038/s41598-018-20912-1
extracted	10.1038/s41598-018-20912-1)	10.1038/s41598-018-20912-1
extracted	10.1038/s41598-018-20912-1)	10.1038/s41598-018-20912-1
extracted	10.1038/s41598-018-20912-1)	10.1038/s41598-018-20912-1
extracted	10.1038/s41598-018-20912-1)	10.1038/s41598-018-20912-1
extracted	10.1038/s41598-018-20912-1)	10.1038/s41598-018-20912-1
extracted	10.1038/s41598-018-20912-1)	10.1038/s41598-018-20912-1
extracted	10.1038/s41598-018-20912-1)	10.1038/s41598-018-20912-1
extracted	10.1038/s41598-018-20912-1)	10.1038/s41598-018-20912-1
extracted	10.1038/s41598-018-20912-1)	10.1038/s41598-018-20912-1
extracted	10.1038/s41598-018-20912-1)	10.1038/s41598-018-20912-1
extracted	10.1038/s41598-018-20912-1)	10.1038/s41598-018-20912-1
extracted	10.1038/s41598-018-20912-1)	10.1038/s41598-018-20912-1
extracted	10.1038/s41598-018-20912-1)	10.1038/s41598-018-20912-1
extracted	10.1038/s41598-018-20912-1)	10.1038/s41598-018-20912-1
extracted	10.1038/s41598-018-20912-1)	10.1038/s41598-018-20912-1
extracted	10.1038/s41598-018-20912-1)	10.1038/s41598-018-20912-1
extracted	10.1038/s41598-018-20912-1)	10.1038/s41598-018-20912-1
extracted	10.1038/s41598-018-20912-1)	10.1038/s41598-018-20912-1
extracted	10.1038/s41598-018-27231-5)	10.1038/s41598-018-27231-5
extracted	10.1038/s41598-018-27231-5)	10.1038/s41598-018-27231-5
extracted	10.1038/s41598-018-27231-5)	10.1038/s41598-018-27231-5
extracted	10.1038/s41598-018-27231-5)	10.1038/s41598-018-27231-5
extracted	10.1038/s41598-018-27231-5)	10.1038/s41598-018-27231-5
extracted	10.1038/s41598-018-27231-5)	10.1038/s41598-018-27231-5
extracted	10.1038/s41598-018-27231-5)	10.1038/s41598-018-27231-5
extracted	10.1038/s41598-018-27231-5)	10.1038/s41598-018-27231-5
extracted	10.1038/s41598-018-27231-5)	10.1038/s41598-018-27231-5
extracted	10.1038/s41598-018-27231-5)	10.1038/s41598-018-27231-5
extracted	10.1038/s41598-018-27231-5)	10.1038/s41598-018-27231-5
extracted	10.1038/s41598-018-27231-5)	10.1038/s41598-018-27231-5
extracted	10.1038/s41598-018-27231-5)	10.1038/s41598-018-27231-5
extracted	10.1038/s41598-018-27231-5)	10.1038/s41598-018-27231-5
extracted	10.1038/s41598-018-27231-5)	10.1038/s41598-018-27231-5
extracted	10.1038/s41598-018-27231-5)	10.1038/s41598-018-27231-5
extracted	10.1038/s41598-018-27231-5)	10.1038/s41598-018-27231-5
extracted	10.1038/s41598-018-27231-5)	10.1038/s41598-018-27231-5
extracted	10.1038/s41598-018-27231-5)	10.1038/s41598-018-27231-5
extracted	10.1038/s41598-018-27231-5)	10.1038/s41598-018-27231-5
extracted	10.1038/s41598-018-27231-5)	10.1038/s41598-018-27231-5
extracted	10.1038/s41598-018-27231-5)	10.1038/s41598-018-27231-5
extracted	10.3389/fmicb.2018.01159)	10.3389/fmicb.2018.01159
extracted	10.3389/fmicb.2018.01159)	10.3389/fmicb.2018.01159
extracted	10.3389/fmicb.2018.01159)	10.3389/fmicb.2018.01159
extracted	10.3389/fmicb.2018.01159)	10.3389/fmicb.2018.01159
extracted	10.3389/fmicb.2018.01159)	10.3389/fmicb.2018.01159
extracted	10.3389/fmicb.2018.01159)	10.3389/fmicb.2018.01159
extracted	10.3389/fmicb.2018.01159)	10.3389/fmicb.2018.01159
extracted	10.3389/fmicb.2018.01159)	10.3389/fmicb.2018.01159
extracted	10.3389/fmicb.2018.01159)	10.3389/fmicb.2018.01159
extracted	10.3389/fmicb.2018.01159)	10.3389/fmicb.2018.01159
extracted	10.3389/fmicb.2018.01159)	10.3389/fmicb.2018.01159
extracted	10.3389/fmicb.2018.01159)	10.3389/fmicb.2018.01159
extracted	10.3389/fmicb.2018.01159)	10.3389/fmicb.2018.01159
extracted	10.3389/fmicb.2018.01159)	10.3389/fmicb.2018.01159
extracted	10.3389/fmicb.2018.01159)	10.3389/fmicb.2018.01159
extracted	10.3389/fmicb.2018.01159)	10.3389/fmicb.2018.01159
extracted	10.3389/fmicb.2018.01159)	10.3389/fmicb.2018.01159
extracted	10.3389/fmicb.2018.01159)	10.3389/fmicb.2018.01159
extracted	10.3389/fmicb.2018.01159)	10.3389/fmicb.2018.01159
extracted	10.3389/fmicb.2018.01159)	10.3389/fmicb.2018.01159
extracted	10.3389/fmicb.2018.01159)	10.3389/fmicb.2018.01159
extracted	10.3389/fmicb.2018.01159)	10.3389/fmicb.2018.01159
extracted	10.3389/fmicb.2018.01159)	10.3389/fmicb.2018.01159
extracted	10.3389/fmicb.2018.01159)	10.3389/fmicb.2018.01159
extracted	10.3389/fmicb.2018.01159)	10.3389/fmicb.2018.01159
extracted	10.3389/fmicb.2018.01159)	10.3389/fmicb.2018.01159
extracted	10.3389/fmicb.2018.01159)	10.3389/fmicb.2018.01159
extracted	10.3389/fmicb.2018.01159)	10.3389/fmicb.2018.01159
extracted	10.3389/fmicb.2018.01159)	10.3389/fmicb.2018.01159
extracted	10.3389/fmicb.2018.01159)	10.3389/fmicb.2018.01159
extracted	10.3389/fmicb.2018.01159)	10.3389/fmicb.2018.01159
extracted	10.3389/fmicb.2018.01159)	10.3389/fmicb.2018.01159
extracted	10.3389/fmicb.2018.01159)	10.3389/fmicb.2018.01159
extracted	10.3389/fmicb.2018.01159)	10.3389/fmicb.2018.01159
extracted	10.3389/fmicb.2018.01159)	10.3389/fmicb.2018.01159
extracted	10.3389/fmicb.2018.01159)	10.3389/fmicb.2018.01159
extracted	10.3389/fmicb.2018.01159)	10.3389/fmicb.2018.01159
extracted	10.3389/fmicb.2018.01159)	10.3389/fmicb.2018.01159
extracted	10.3389/fmicb.2018.01159)	10.3389/fmicb.2018.01159
extracted	10.3389/fmicb.2018.01159)	10.3389/fmicb.2018.01159
extracted	10.3389/fmicb.2018.01159)	10.3389/fmicb.2018.01159
extracted	10.3389/fmicb.2018.01159)	10.3389/fmicb.2018.01159
extracted	10.3389/fmicb.2018.01159)	10.3389/fmicb.2018.01159
extracted	10.3389/fmicb.2018.01159)	10.3389/fmicb.2018.01159
extracted	10.3389/fmicb.2018.01159)	10.3389/fmicb.2018.01159
extracted	10.3389/fmicb.2018.01159)	10.3389/fmicb.2018.01159
extracted	10.3389/fmicb.2018.01159)	10.3389/fmicb.2018.01159
extracted	10.3389/fmicb.2018.01159)	10.3389/fmicb.2018.01159
extracted	10.3389/fmicb.2018.00667)	10.3389/fmicb.2018.00667
extracted	10.3389/fmicb.2018.00667)	10.3389/fmicb.2018.00667
extracted	10.3389/fmicb.2018.00667)	10.3389/fmicb.2018.00667
extracted	10.3389/fmicb.2018.00667)	10.3389/fmicb.2018.00667
extracted	10.3389/fmicb.2018.00667)	10.3389/fmicb.2018.00667
extracted	10.3389/fmicb.2018.00667)	10.3389/fmicb.2018.00667
extracted	10.3389/fmicb.2018.00667)	10.3389/fmicb.2018.00667
extracted	10.3389/fmicb.2018.00667)	10.3389/fmicb.2018.00667
extracted	10.3389/fmicb.2018.00667)	10.3389/fmicb.2018.00667
extracted	10.3389/fmicb.2018.00667)	10.3389/fmicb.2018.00667
extracted	10.3389/fmicb.2018.00667)	10.3389/fmicb.2018.00667
extracted	10.3389/fmicb.2018.00667)	10.3389/fmicb.2018.00667
extracted	10.3389/fmicb.2018.00667)	10.3389/fmicb.2018.00667
extracted	10.3389/fmicb.2018.00667)	10.3389/fmicb.2018.00667
extracted	10.3389/fmicb.2018.00667)	10.3389/fmicb.2018.00667
extracted	10.3389/fmicb.2018.00667)	10.3389/fmicb.2018.00667
extracted	10.3389/fmicb.2018.00667)	10.3389/fmicb.2018.00667
extracted	10.1038/s41598-018-35530-0)	10.1038/s41598-018-35530-0
extracted	10.1038/s41598-018-35530-0)	10.1038/s41598-018-35530-0
extracted	10.1038/s41598-018-35530-0)	10.1038/s41598-018-35530-0
extracted	10.1038/s41598-018-35530-0)	10.1038/s41598-018-35530-0
extracted	10.1038/s41598-018-35530-0)	10.1038/s41598-018-35530-0
extracted	10.1038/s41598-018-35530-0)	10.1038/s41598-018-35530-0
extracted	10.1038/s41598-018-35530-0)	10.1038/s41598-018-35530-0
extracted	10.1038/s41598-018-35530-0)	10.1038/s41598-018-35530-0
extracted	10.1038/s41598-018-35530-0)	10.1038/s41598-018-35530-0
extracted	10.1038/s41598-018-35530-0)	10.1038/s41598-018-35530-0
extracted	10.1038/s41598-018-33289-y)	10.1038/s41598-018-33289-y
extracted	10.1038/s41598-018-33289-y)	10.1038/s41598-018-33289-y
extracted	10.1038/s41598-018-33289-y)	10.1038/s41598-018-33289-y
extracted	10.1038/s41598-018-33289-y)	10.1038/s41598-018-33289-y
extracted	10.1038/s41598-018-33289-y)	10.1038/s41598-018-33289-y
extracted	10.1038/s41598-018-33289-y)	10.1038/s41598-018-33289-y
extracted	10.1038/s41598-018-33289-y)	10.1038/s41598-018-33289-y
extracted	10.1038/s41598-018-33289-y)	10.1038/s41598-018-33289-y
extracted	10.1038/s41598-018-33289-y)	10.1038/s41598-018-33289-y
extracted	10.1038/s41598-018-33289-y)	10.1038/s41598-018-33289-y
extracted	10.1038/s41598-018-33289-y)	10.1038/s41598-018-33289-y
extracted	10.1038/s41598-018-33289-y)	10.1038/s41598-018-33289-y
extracted	10.1038/s41598-018-33289-y)	10.1038/s41598-018-33289-y
extracted	10.1038/s41598-018-33289-y)	10.1038/s41598-018-33289-y
extracted	10.1038/s41598-018-33289-y)	10.1038/s41598-018-33289-y
extracted	10.1038/s41598-018-33289-y)	10.1038/s41598-018-33289-y
extracted	10.1038/s41598-018-33289-y)	10.1038/s41598-018-33289-y
extracted	10.1038/s41598-018-33289-y)	10.1038/s41598-018-33289-y
extracted	10.1038/s41598-018-33289-y)	10.1038/s41598-018-33289-y
extracted	10.1038/s41598-018-33289-y)	10.1038/s41598-018-33289-y
extracted	10.1038/s41598-018-33289-y)	10.1038/s41598-018-33289-y
extracted	10.1038/s41598-018-33289-y)	10.1038/s41598-018-33289-y
extracted	10.1038/s41598-018-33289-y)	10.1038/s41598-018-33289-y
extracted	10.1038/s41598-018-33289-y)	10.1038/s41598-018-33289-y
extracted	10.1038/s41598-018-33289-y)	10.1038/s41598-018-33289-y
extracted	10.1038/s41598-018-33289-y)	10.1038/s41598-018-33289-y
extracted	10.1038/s41598-018-33289-y)	10.1038/s41598-018-33289-y
extracted	10.1038/s41598-018-33289-y)	10.1038/s41598-018-33289-y
extracted	10.1038/s41598-018-33289-y)	10.1038/s41598-018-33289-y
extracted	10.1038/s41598-018-33289-y)	10.1038/s41598-018-33289-y
extracted	10.1038/s41598-018-33289-y)	10.1038/s41598-018-33289-y
extracted	10.1038/s41598-018-33289-y)	10.1038/s41598-018-33289-y
extracted	10.1038/s41598-018-33289-y)	10.1038/s41598-018-33289-y
extracted	10.1038/s41598-018-33289-y)	10.1038/s41598-018-33289-y
extracted	10.1038/s41598-018-33289-y)	10.1038/s41598-018-33289-y
extracted	10.1038/s41598-018-33289-y)	10.1038/s41598-018-33289-y
extracted	10.1038/s41598-018-33289-y)	10.1038/s41598-018-33289-y
extracted	10.1038/s41598-018-33289-y)	10.1038/s41598-018-33289-y
extracted	10.1038/s41598-018-33289-y)	10.1038/s41598-018-33289-y
extracted	10.1038/s41598-018-33289-y)	10.1038/s41598-018-33289-y
extracted	10.1038/s41598-018-33289-y)	10.1038/s41598-018-33289-y
extracted	10.1038/s41598-018-33289-y)	10.1038/s41598-018-33289-y
extracted	10.1038/s41598-018-33289-y)	10.1038/s41598-018-33289-y
extracted	10.1038/s41467-018-03746-3)	10.1038/s41467-018-03746-3
extracted	10.1038/s41467-018-03746-3)	10.1038/s41467-018-03746-3
extracted	10.1038/s41467-018-03746-3)	10.1038/s41467-018-03746-3
extracted	10.1038/s41467-018-03746-3)	10.1038/s41467-018-03746-3
extracted	10.1038/s41467-018-03746-3)	10.1038/s41467-018-03746-3
extracted	10.1038/s41467-018-03746-3)	10.1038/s41467-018-03746-3
extracted	10.1038/s41467-018-03746-3)	10.1038/s41467-018-03746-3
extracted	10.1038/s41467-018-03746-3)	10.1038/s41467-018-03746-3
extracted	10.1038/s41467-018-03746-3)	10.1038/s41467-018-03746-3
extracted	10.1038/s41467-018-03746-3)	10.1038/s41467-018-03746-3
extracted	10.1038/s41467-018-03746-3)	10.1038/s41467-018-03746-3
extracted	10.1038/s41467-018-03746-3)	10.1038/s41467-018-03746-3
extracted	10.1039/c9md00031c)	10.1039/c9md00031c
extracted	10.1039/c9md00031c)	10.1039/c9md00031c
extracted	10.1039/c9md00031c)	10.1039/c9md00031c
extracted	10.1039/c9md00031c)	10.1039/c9md00031c
extracted	10.1039/c9md00031c)	10.1039/c9md00031c
extracted	10.1039/c9md00031c)	10.1039/c9md00031c
extracted	10.1039/c9md00031c)	10.1039/c9md00031c
extracted	10.1039/c9md00031c)	10.1039/c9md00031c
extracted	10.1039/c9md00031c)	10.1039/c9md00031c
extracted	10.1039/c9md00031c)	10.1039/c9md00031c
extracted	10.1039/c9md00031c)	10.1039/c9md00031c
extracted	10.1039/c9md00031c)	10.1039/c9md00031c
extracted	10.1039/c9md00031c)	10.1039/c9md00031c
extracted	10.1039/c9md00031c)	10.1039/c9md00031c
extracted	10.1039/c9md00031c)	10.1039/c9md00031c
extracted	10.1039/c9md00031c)	10.1039/c9md00031c
extracted	10.1039/c9md00031c)	10.1039/c9md00031c
extracted	10.1039/c9md00031c)	10.1039/c9md00031c
extracted	10.1039/c9md00031c)	10.1039/c9md00031c
extracted	10.1039/c9md00031c)	10.1039/c9md00031c
extracted	10.1039/c9md00031c)	10.1039/c9md00031c
extracted	10.1039/c9md00031c)	10.1039/c9md00031c
extracted	10.1039/c9md00031c)	10.1039/c9md00031c
extracted	10.1039/c9md00031c)	10.1039/c9md00031c
extracted	10.1039/c9md00031c)	10.1039/c9md00031c
extracted	10.1039/c9md00031c)	10.1039/c9md00031c
extracted	10.1039/c9md00031c)	10.1039/c9md00031c
extracted	10.1039/c9md00031c)	10.1039/c9md00031c
extracted	10.1039/c9md00031c)	10.1039/c9md00031c
extracted	10.1039/c9md00031c)	10.1039/c9md00031c
extracted	10.1039/c9md00031c)	10.1039/c9md00031c
extracted	10.1039/c9md00031c)	10.1039/c9md00031c
extracted	10.1039/c9md00031c)	10.1039/c9md00031c
extracted	10.1039/c9md00031c)	10.1039/c9md00031c
extracted	10.1039/c9md00031c)	10.1039/c9md00031c
extracted	10.1039/c9md00031c)	10.1039/c9md00031c
extracted	10.1039/c9md00031c)	10.1039/c9md00031c
extracted	10.1039/c9md00031c)	10.1039/c9md00031c
extracted	10.1039/c9md00031c)	10.1039/c9md00031c
extracted	10.1039/c9md00031c)	10.1039/c9md00031c
extracted	10.1039/c9md00031c)	10.1039/c9md00031c
extracted	10.1039/c9md00031c)	10.1039/c9md00031c
extracted	10.1039/c9md00031c)	10.1039/c9md00031c
extracted	10.1039/c9md00031c)	10.1039/c9md00031c
extracted	10.1039/c9md00031c)	10.1039/c9md00031c
extracted	10.1039/c9md00031c)	10.1039/c9md00031c
extracted	10.1039/c9md00031c)	10.1039/c9md00031c
extracted	10.1039/c9md00031c)	10.1039/c9md00031c
extracted	10.1039/c9md00031c)	10.1039/c9md00031c
extracted	10.1039/c9md00031c)	10.1039/c9md00031c
extracted	10.1039/c9md00031c)	10.1039/c9md00031c
extracted	10.1039/c9md00031c)	10.1039/c9md00031c
extracted	10.1039/c9md00031c)	10.1039/c9md00031c
extracted	10.1039/c9md00031c)	10.1039/c9md00031c
extracted	10.1039/c9md00031c)	10.1039/c9md00031c
extracted	10.1039/c9md00031c)	10.1039/c9md00031c
extracted	10.1039/c9md00031c)	10.1039/c9md00031c
extracted	10.1039/c9md00031c)	10.1039/c9md00031c
extracted	10.1039/c9md00031c)	10.1039/c9md00031c
extracted	10.1039/c9md00031c)	10.1039/c9md00031c
extracted	10.1039/c9md00031c)	10.1039/c9md00031c
extracted	10.1039/c9md00031c)	10.1039/c9md00031c
extracted	10.1039/c9md00031c)	10.1039/c9md00031c
extracted	10.1039/c9md00031c)	10.1039/c9md00031c
extracted	10.1039/c9md00031c)	10.1039/c9md00031c
extracted	10.1039/c9md00031c)	10.1039/c9md00031c
extracted	10.1039/c9md00031c)	10.1039/c9md00031c
extracted	10.1039/c9md00031c)	10.1039/c9md00031c
extracted	10.1039/c9md00031c)	10.1039/c9md00031c
extracted	10.1039/c9md00031c)	10.1039/c9md00031c
extracted	10.1039/c9md00031c)	10.1039/c9md00031c
extracted	10.1039/c9md00031c)	10.1039/c9md00031c
extracted	10.1039/c9md00031c)	10.1039/c9md00031c
extracted	10.1039/c9md00031c)	10.1039/c9md00031c
extracted	10.1371/journal.pone.0206578)	10.1371/journal.pone.0206578
extracted	10.1371/journal.pone.0206578)	10.1371/journal.pone.0206578
extracted	10.1371/journal.pone.0206578)	10.1371/journal.pone.0206578
extracted	10.1371/journal.pone.0206578)	10.1371/journal.pone.0206578
extracted	10.1371/journal.pone.0206578)	10.1371/journal.pone.0206578
extracted	10.1371/journal.pone.0206578)	10.1371/journal.pone.0206578
extracted	10.1371/journal.pone.0206578)	10.1371/journal.pone.0206578
extracted	10.1371/journal.pone.0206578)	10.1371/journal.pone.0206578
extracted	10.1371/journal.pone.0206578)	10.1371/journal.pone.0206578
extracted	10.1371/journal.pone.0206578)	10.1371/journal.pone.0206578
extracted	10.1371/journal.pone.0206578)	10.1371/journal.pone.0206578
extracted	10.1371/journal.pone.0206578)	10.1371/journal.pone.0206578
extracted	10.1371/journal.pone.0206578)	10.1371/journal.pone.0206578
extracted	10.1371/journal.pone.0206578)	10.1371/journal.pone.0206578
extracted	10.1371/journal.pone.0206578)	10.1371/journal.pone.0206578
extracted	10.1371/journal.pone.0206578)	10.1371/journal.pone.0206578
extracted	10.1371/journal.pone.0206578)	10.1371/journal.pone.0206578
extracted	10.1371/journal.pone.0220656)	10.1371/journal.pone.0220656
extracted	10.1371/journal.pone.0220656)	10.1371/journal.pone.0220656
extracted	10.1371/journal.pone.0220656)	10.1371/journal.pone.0220656
extracted	10.1371/journal.pone.0220656)	10.1371/journal.pone.0220656
extracted	10.1371/journal.pone.0220656)	10.1371/journal.pone.0220656
extracted	10.1371/journal.pone.0220656)	10.1371/journal.pone.0220656
extracted	10.1371/journal.pone.0220656)	10.1371/journal.pone.0220656
extracted	10.1371/journal.pone.0220656)	10.1371/journal.pone.0220656
extracted	10.1371/journal.pone.0220656)	10.1371/journal.pone.0220656
extracted	10.1371/journal.pone.0220656)	10.1371/journal.pone.0220656
extracted	10.1371/journal.pone.0220656)	10.1371/journal.pone.0220656
extracted	10.1371/journal.pone.0220656)	10.1371/journal.pone.0220656
extracted	10.1371/journal.pone.0220656)	10.1371/journal.pone.0220656
extracted	10.1371/journal.pone.0220656)	10.1371/journal.pone.0220656
extracted	10.1371/journal.pone.0220656)	10.1371/journal.pone.0220656
extracted	10.1371/journal.pone.0220656)	10.1371/journal.pone.0220656
extracted	10.1371/journal.pone.0220656)	10.1371/journal.pone.0220656
extracted	10.1371/journal.pone.0220656)	10.1371/journal.pone.0220656
extracted	10.1371/journal.pone.0220656)	10.1371/journal.pone.0220656
extracted	10.1371/journal.pone.0220656)	10.1371/journal.pone.0220656
extracted	10.1371/journal.pone.0220656)	10.1371/journal.pone.0220656
extracted	10.1371/journal.pone.0220656)	10.1371/journal.pone.0220656
extracted	10.1371/journal.pone.0220656)	10.1371/journal.pone.0220656
extracted	10.1371/journal.pone.0220656)	10.1371/journal.pone.0220656
extracted	10.1371/journal.pone.0220656)	10.1371/journal.pone.0220656
extracted	10.1371/journal.pone.0220656)	10.1371/journal.pone.0220656
extracted	10.1371/journal.pone.0220656)	10.1371/journal.pone.0220656
extracted	10.1371/journal.pone.0220656)	10.1371/journal.pone.0220656
extracted	10.1371/journal.pone.0220656)	10.1371/journal.pone.0220656
extracted	10.1371/journal.pone.0220656)	10.1371/journal.pone.0220656
extracted	10.1371/journal.pone.0220656)	10.1371/journal.pone.0220656
extracted	10.1371/journal.pone.0220656)	10.1371/journal.pone.0220656
extracted	10.1371/journal.pone.0220656)	10.1371/journal.pone.0220656
extracted	10.1371/journal.pone.0220656)	10.1371/journal.pone.0220656
extracted	10.1371/journal.pone.0220656)	10.1371/journal.pone.0220656
extracted	10.1371/journal.pone.0220656)	10.1371/journal.pone.0220656
extracted	10.1371/journal.pone.0220656)	10.1371/journal.pone.0220656
extracted	10.1371/journal.pone.0220656)	10.1371/journal.pone.0220656
extracted	10.1371/journal.pone.0220656)	10.1371/journal.pone.0220656
extracted	10.1371/journal.pone.0220656)	10.1371/journal.pone.0220656
extracted	10.1371/journal.pone.0220656)	10.1371/journal.pone.0220656
extracted	10.1371/journal.pone.0220656)	10.1371/journal.pone.0220656
extracted	10.1371/journal.pone.0220656)	10.1371/journal.pone.0220656
extracted	10.1371/journal.pone.0220656)	10.1371/journal.pone.0220656
extracted	10.1371/journal.pone.0220656)	10.1371/journal.pone.0220656
extracted	10.1371/journal.pone.0220656)	10.1371/journal.pone.0220656
extracted	10.1038/s41598-019-50061-y)	10.1038/s41598-019-50061-y
extracted	10.1038/s41598-019-50061-y)	10.1038/s41598-019-50061-y
extracted	10.1038/s41598-019-50061-y)	10.1038/s41598-019-50061-y
extracted	10.1038/s41598-019-50061-y)	10.1038/s41598-019-50061-y
extracted	10.1038/s41598-019-50061-y)	10.1038/s41598-019-50061-y
extracted	10.1038/s41598-019-50061-y)	10.1038/s41598-019-50061-y
extracted	10.1038/s41598-019-50061-y)	10.1038/s41598-019-50061-y
extracted	10.3762/bjoc.14.144)	10.3762/bjoc.14.144
extracted	10.3762/bjoc.14.144)	10.3762/bjoc.14.144
extracted	10.3762/bjoc.14.144)	10.3762/bjoc.14.144
extracted	10.3762/bjoc.14.144)	10.3762/bjoc.14.144
extracted	10.3762/bjoc.14.144)	10.3762/bjoc.14.144
extracted	10.3762/bjoc.14.144)	10.3762/bjoc.14.144
extracted	10.3762/bjoc.14.144)	10.3762/bjoc.14.144
extracted	10.3762/bjoc.14.144)	10.3762/bjoc.14.144
extracted	10.3762/bjoc.14.144)	10.3762/bjoc.14.144
extracted	10.3762/bjoc.14.144)	10.3762/bjoc.14.144
extracted	10.3762/bjoc.14.144)	10.3762/bjoc.14.144
extracted	10.3762/bjoc.14.144)	10.3762/bjoc.14.144
extracted	10.3762/bjoc.14.144)	10.3762/bjoc.14.144
extracted	10.3762/bjoc.14.144)	10.3762/bjoc.14.144
extracted	10.3762/bjoc.14.144)	10.3762/bjoc.14.144
extracted	10.3762/bjoc.14.144)	10.3762/bjoc.14.144
extracted	10.3762/bjoc.14.144)	10.3762/bjoc.14.144
extracted	10.3762/bjoc.14.144)	10.3762/bjoc.14.144
extracted	10.3762/bjoc.14.144)	10.3762/bjoc.14.144
extracted	10.3762/bjoc.14.144)	10.3762/bjoc.14.144
extracted	10.3762/bjoc.14.144)	10.3762/bjoc.14.144
extracted	10.3762/bjoc.14.144)	10.3762/bjoc.14.144
extracted	10.3762/bjoc.14.144)	10.3762/bjoc.14.144
extracted	10.3762/bjoc.14.144)	10.3762/bjoc.14.144
extracted	10.3762/bjoc.14.144)	10.3762/bjoc.14.144
extracted	10.3762/bjoc.14.144)	10.3762/bjoc.14.144
extracted	10.3762/bjoc.14.144)	10.3762/bjoc.14.144
extracted	10.3762/bjoc.14.144)	10.3762/bjoc.14.144
extracted	10.3762/bjoc.14.144)	10.3762/bjoc.14.144
extracted	10.3762/bjoc.14.144)	10.3762/bjoc.14.144
extracted	10.3762/bjoc.14.144)	10.3762/bjoc.14.144
extracted	10.3762/bjoc.14.144)	10.3762/bjoc.14.144
extracted	10.3762/bjoc.14.144)	10.3762/bjoc.14.144
extracted	10.3762/bjoc.14.144)	10.3762/bjoc.14.144
extracted	10.3762/bjoc.14.144)	10.3762/bjoc.14.144
extracted	10.3762/bjoc.14.144)	10.3762/bjoc.14.144
extracted	10.3762/bjoc.14.144)	10.3762/bjoc.14.144
extracted	10.3762/bjoc.14.144)	10.3762/bjoc.14.144
extracted	10.3762/bjoc.14.144)	10.3762/bjoc.14.144
extracted	10.3762/bjoc.14.144)	10.3762/bjoc.14.144
extracted	10.3762/bjoc.14.144)	10.3762/bjoc.14.144
extracted	10.3762/bjoc.14.144)	10.3762/bjoc.14.144
extracted	10.3762/bjoc.14.144)	10.3762/bjoc.14.144
extracted	10.3762/bjoc.14.144)	10.3762/bjoc.14.144
extracted	10.3762/bjoc.14.144)	10.3762/bjoc.14.144
extracted	10.3389/fmicb.2019.02327)	10.3389/fmicb.2019.02327
extracted	10.3389/fmicb.2019.02327)	10.3389/fmicb.2019.02327
extracted	10.3389/fmicb.2019.02327)	10.3389/fmicb.2019.02327
extracted	10.3389/fmicb.2019.02327)	10.3389/fmicb.2019.02327
extracted	10.3389/fmicb.2019.02327)	10.3389/fmicb.2019.02327
extracted	10.3389/fmicb.2019.02327)	10.3389/fmicb.2019.02327
extracted	10.3389/fmicb.2019.02327)	10.3389/fmicb.2019.02327
extracted	10.3389/fmicb.2019.02327)	10.3389/fmicb.2019.02327
extracted	10.3389/fmicb.2019.02327)	10.3389/fmicb.2019.02327
extracted	10.3389/fmicb.2019.02327)	10.3389/fmicb.2019.02327
extracted	10.3389/fmicb.2019.02327)	10.3389/fmicb.2019.02327
extracted	10.3389/fmicb.2019.02327)	10.3389/fmicb.2019.02327
extracted	10.3389/fmicb.2019.02327)	10.3389/fmicb.2019.02327
extracted	10.3389/fmicb.2019.02327)	10.3389/fmicb.2019.02327
extracted	10.3389/fmicb.2019.02327)	10.3389/fmicb.2019.02327
extracted	10.3389/fmicb.2019.02327)	10.3389/fmicb.2019.02327
extracted	10.3389/fmicb.2019.02327)	10.3389/fmicb.2019.02327
extracted	10.3389/fmicb.2019.02327)	10.3389/fmicb.2019.02327
extracted	10.3389/fmicb.2019.02327)	10.3389/fmicb.2019.02327
extracted	10.3389/fmicb.2019.02327)	10.3389/fmicb.2019.02327
extracted	10.3389/fmicb.2019.02327)	10.3389/fmicb.2019.02327
extracted	10.3389/fmicb.2019.02327)	10.3389/fmicb.2019.02327
extracted	10.1186/s12870-018-1611-z)	10.1186/s12870-018-1611-z
extracted	10.1186/s12870-018-1611-z)	10.1186/s12870-018-1611-z
extracted	10.1186/s12870-018-1611-z)	10.1186/s12870-018-1611-z
extracted	10.1186/s12870-018-1611-z)	10.1186/s12870-018-1611-z
extracted	10.1186/s12870-018-1611-z)	10.1186/s12870-018-1611-z
extracted	10.1186/s12870-018-1611-z)	10.1186/s12870-018-1611-z
extracted	10.1186/s12870-018-1611-z)	10.1186/s12870-018-1611-z
extracted	10.1186/s12870-018-1611-z)	10.1186/s12870-018-1611-z
extracted	10.3389/fmicb.2018.00393)	10.3389/fmicb.2018.00393
extracted	10.3389/fmicb.2018.00393)	10.3389/fmicb.2018.00393
extracted	10.3389/fmicb.2018.00393)	10.3389/fmicb.2018.00393
extracted	10.3389/fmicb.2018.00393)	10.3389/fmicb.2018.00393
extracted	10.3389/fmicb.2018.00393)	10.3389/fmicb.2018.00393
extracted	10.3389/fmicb.2018.00393)	10.3389/fmicb.2018.00393
extracted	10.3389/fmicb.2018.00393)	10.3389/fmicb.2018.00393
extracted	10.3389/fmicb.2018.00393)	10.3389/fmicb.2018.00393
extracted	10.3389/fmicb.2018.00393)	10.3389/fmicb.2018.00393
extracted	10.3389/fmicb.2018.00393)	10.3389/fmicb.2018.00393
extracted	10.3389/fmicb.2018.00393)	10.3389/fmicb.2018.00393
extracted	10.3389/fmicb.2018.00393)	10.3389/fmicb.2018.00393
extracted	10.3389/fmicb.2018.00393)	10.3389/fmicb.2018.00393
extracted	10.3389/fmicb.2018.00393)	10.3389/fmicb.2018.00393
extracted	10.3389/fmicb.2018.00393)	10.3389/fmicb.2018.00393
extracted	10.3389/fmicb.2018.00393)	10.3389/fmicb.2018.00393
extracted	10.3389/fmicb.2018.00393)	10.3389/fmicb.2018.00393
extracted	10.3389/fmicb.2018.00393)	10.3389/fmicb.2018.00393
extracted	10.3389/fmicb.2018.00393)	10.3389/fmicb.2018.00393
extracted	10.3389/fmicb.2018.00393)	10.3389/fmicb.2018.00393
extracted	10.3389/fmicb.2018.00393)	10.3389/fmicb.2018.00393
extracted	10.3389/fmicb.2018.00393)	10.3389/fmicb.2018.00393
extracted	10.3389/fmicb.2018.00393)	10.3389/fmicb.2018.00393
extracted	10.3389/fmicb.2018.00393)	10.3389/fmicb.2018.00393
extracted	10.3389/fmicb.2018.00393)	10.3389/fmicb.2018.00393
extracted	10.3389/fmicb.2018.00393)	10.3389/fmicb.2018.00393
extracted	10.3389/fmicb.2018.00393)	10.3389/fmicb.2018.00393
extracted	10.3389/fmicb.2018.00393)	10.3389/fmicb.2018.00393
extracted	10.3389/fmicb.2018.00393)	10.3389/fmicb.2018.00393
extracted	10.3389/fmicb.2018.00393)	10.3389/fmicb.2018.00393
extracted	10.3389/fmicb.2018.00393)	10.3389/fmicb.2018.00393
extracted	10.3389/fmicb.2018.00393)	10.3389/fmicb.2018.00393
extracted	10.3389/fmicb.2018.00393)	10.3389/fmicb.2018.00393
extracted	10.3389/fmicb.2018.00541)	10.3389/fmicb.2018.00541
extracted	10.3389/fmicb.2018.00541)	10.3389/fmicb.2018.00541
extracted	10.3389/fmicb.2018.00541)	10.3389/fmicb.2018.00541
extracted	10.3389/fmicb.2018.00541)	10.3389/fmicb.2018.00541
extracted	10.3389/fmicb.2018.00541)	10.3389/fmicb.2018.00541
extracted	10.3389/fmicb.2018.00541)	10.3389/fmicb.2018.00541
extracted	10.3389/fmicb.2018.00541)	10.3389/fmicb.2018.00541
extracted	10.3389/fmicb.2018.00541)	10.3389/fmicb.2018.00541
extracted	10.3389/fmicb.2018.00541)	10.3389/fmicb.2018.00541
extracted	10.3389/fmicb.2018.00541)	10.3389/fmicb.2018.00541
extracted	10.3389/fmicb.2018.00541)	10.3389/fmicb.2018.00541
extracted	10.3389/fmicb.2018.00541)	10.3389/fmicb.2018.00541
extracted	10.3389/fmicb.2018.00541)	10.3389/fmicb.2018.00541
extracted	10.3389/fmicb.2018.00541)	10.3389/fmicb.2018.00541
extracted	10.3389/fmicb.2018.00541)	10.3389/fmicb.2018.00541
extracted	10.3389/fmicb.2018.00541)	10.3389/fmicb.2018.00541
extracted	10.3389/fmicb.2018.00541)	10.3389/fmicb.2018.00541
extracted	10.3389/fmicb.2018.00541)	10.3389/fmicb.2018.00541
extracted	10.3389/fmicb.2018.00541)	10.3389/fmicb.2018.00541
extracted	10.3389/fmicb.2018.00541)	10.3389/fmicb.2018.00541
extracted	10.3389/fmicb.2018.00541)	10.3389/fmicb.2018.00541
extracted	10.3389/fmicb.2018.00541)	10.3389/fmicb.2018.00541
extracted	10.3389/fmicb.2018.00541)	10.3389/fmicb.2018.00541
extracted	10.3389/fmicb.2018.00541)	10.3389/fmicb.2018.00541
extracted	10.3389/fmicb.2018.00541)	10.3389/fmicb.2018.00541
extracted	10.3389/fmicb.2018.00541)	10.3389/fmicb.2018.00541
extracted	10.3389/fmicb.2018.00541)	10.3389/fmicb.2018.00541
extracted	10.3389/fmicb.2018.00541)	10.3389/fmicb.2018.00541
extracted	10.3389/fmicb.2018.00541)	10.3389/fmicb.2018.00541
extracted	10.1038/s41598-018-32981-3)	10.1038/s41598-018-32981-3
extracted	10.1038/s41598-018-32981-3)	10.1038/s41598-018-32981-3
extracted	10.1038/s41598-018-32981-3)	10.1038/s41598-018-32981-3
extracted	10.1038/s41598-018-32981-3)	10.1038/s41598-018-32981-3
extracted	10.1038/s41598-018-32981-3)	10.1038/s41598-018-32981-3
extracted	10.1038/s41598-018-32981-3)	10.1038/s41598-018-32981-3
extracted	10.1038/s41598-018-32981-3)	10.1038/s41598-018-32981-3
extracted	10.1038/s41598-018-32981-3)	10.1038/s41598-018-32981-3
extracted	10.1038/s41598-018-32981-3)	10.1038/s41598-018-32981-3
extracted	10.1038/s41598-018-38442-1)	10.1038/s41598-018-38442-1
extracted	10.1038/s41598-018-38442-1)	10.1038/s41598-018-38442-1
extracted	10.1038/s41598-018-38442-1)	10.1038/s41598-018-38442-1
extracted	10.1038/s41598-018-38442-1)	10.1038/s41598-018-38442-1
extracted	10.1038/s41598-018-38442-1)	10.1038/s41598-018-38442-1
extracted	10.1038/s41598-018-38442-1)	10.1038/s41598-018-38442-1
extracted	10.1038/s41598-018-38442-1)	10.1038/s41598-018-38442-1
extracted	10.1038/s41598-018-38442-1)	10.1038/s41598-018-38442-1
extracted	10.1038/s41598-018-38442-1)	10.1038/s41598-018-38442-1
extracted	10.1038/s41598-018-38442-1)	10.1038/s41598-018-38442-1
extracted	10.1038/s41598-018-38442-1)	10.1038/s41598-018-38442-1
extracted	10.1038/s41598-018-38442-1)	10.1038/s41598-018-38442-1
extracted	10.1038/s41598-018-38442-1)	10.1038/s41598-018-38442-1
extracted	10.1038/s41598-018-38442-1)	10.1038/s41598-018-38442-1
extracted	10.1038/s41598-018-38442-1)	10.1038/s41598-018-38442-1
extracted	10.1038/s41598-018-38442-1)	10.1038/s41598-018-38442-1
extracted	10.1371/journal.pone.0222438)	10.1371/journal.pone.0222438
extracted	10.1371/journal.pone.0222438)	10.1371/journal.pone.0222438
extracted	10.1371/journal.pone.0222438)	10.1371/journal.pone.0222438
extracted	10.1371/journal.pone.0222438)	10.1371/journal.pone.0222438
extracted	10.1371/journal.pone.0222438)	10.1371/journal.pone.0222438
extracted	10.1371/journal.pone.0222438)	10.1371/journal.pone.0222438
extracted	10.1371/journal.pone.0222438)	10.1371/journal.pone.0222438
extracted	10.1371/journal.pone.0222438)	10.1371/journal.pone.0222438
extracted	10.1371/journal.pone.0222438)	10.1371/journal.pone.0222438
extracted	10.1371/journal.pone.0222438)	10.1371/journal.pone.0222438
extracted	10.1371/journal.pone.0222438)	10.1371/journal.pone.0222438
extracted	10.1371/journal.pone.0222438)	10.1371/journal.pone.0222438
extracted	10.1371/journal.pone.0222438)	10.1371/journal.pone.0222438
extracted	10.1371/journal.pone.0222438)	10.1371/journal.pone.0222438
extracted	10.1371/journal.pone.0222438)	10.1371/journal.pone.0222438
extracted	10.1371/journal.pone.0222438)	10.1371/journal.pone.0222438
extracted	10.1371/journal.pone.0222438)	10.1371/journal.pone.0222438
extracted	10.1371/journal.pone.0222438)	10.1371/journal.pone.0222438
extracted	10.1371/journal.pone.0222438)	10.1371/journal.pone.0222438
extracted	10.1371/journal.pone.0222438)	10.1371/journal.pone.0222438
extracted	10.1371/journal.pone.0222438)	10.1371/journal.pone.0222438
extracted	10.1371/journal.pone.0222438)	10.1371/journal.pone.0222438
extracted	10.1371/journal.pone.0222438)	10.1371/journal.pone.0222438
extracted	10.1371/journal.pone.0222438)	10.1371/journal.pone.0222438
extracted	10.1371/journal.pone.0222438)	10.1371/journal.pone.0222438
extracted	10.1371/journal.pone.0222438)	10.1371/journal.pone.0222438
extracted	10.1371/journal.pone.0222438)	10.1371/journal.pone.0222438
extracted	10.1371/journal.pone.0222438)	10.1371/journal.pone.0222438
extracted	10.1371/journal.pone.0222438)	10.1371/journal.pone.0222438
extracted	10.1371/journal.pone.0222438)	10.1371/journal.pone.0222438
extracted	10.1371/journal.pone.0222438)	10.1371/journal.pone.0222438
extracted	10.1371/journal.pone.0222438)	10.1371/journal.pone.0222438
extracted	10.1371/journal.pone.0222438)	10.1371/journal.pone.0222438
extracted	10.1371/journal.pone.0222438)	10.1371/journal.pone.0222438
extracted	10.1371/journal.pone.0222438)	10.1371/journal.pone.0222438
extracted	10.1371/journal.pone.0222438)	10.1371/journal.pone.0222438
extracted	10.1186/s13568-019-0739-z)	10.1186/s13568-019-0739-z
extracted	10.1186/s13568-019-0739-z)	10.1186/s13568-019-0739-z
extracted	10.1186/s13568-019-0739-z)	10.1186/s13568-019-0739-z
extracted	10.1186/s13568-019-0739-z)	10.1186/s13568-019-0739-z
extracted	10.1186/s13568-019-0739-z)	10.1186/s13568-019-0739-z
extracted	10.1186/s13568-019-0739-z)	10.1186/s13568-019-0739-z
extracted	10.1186/s13568-019-0739-z)	10.1186/s13568-019-0739-z
extracted	10.1186/s13568-019-0739-z)	10.1186/s13568-019-0739-z
extracted	10.1186/s13568-019-0739-z)	10.1186/s13568-019-0739-z
extracted	10.1186/s13568-019-0739-z)	10.1186/s13568-019-0739-z
extracted	10.1038/s41598-019-47568-9)	10.1038/s41598-019-47568-9
extracted	10.1038/s41598-019-47568-9)	10.1038/s41598-019-47568-9
extracted	10.1038/s41598-019-47568-9)	10.1038/s41598-019-47568-9
extracted	10.1038/s41598-019-47568-9)	10.1038/s41598-019-47568-9
extracted	10.1038/s41598-019-47568-9)	10.1038/s41598-019-47568-9
extracted	10.1038/s41598-019-47568-9)	10.1038/s41598-019-47568-9
extracted	10.1038/s41598-019-47568-9)	10.1038/s41598-019-47568-9
extracted	10.1038/s41598-019-47568-9)	10.1038/s41598-019-47568-9
extracted	10.1038/s41598-019-47568-9)	10.1038/s41598-019-47568-9
extracted	10.1038/s41598-019-47568-9)	10.1038/s41598-019-47568-9
extracted	10.1038/s41598-019-47568-9)	10.1038/s41598-019-47568-9
extracted	10.1038/s41598-019-47568-9)	10.1038/s41598-019-47568-9
extracted	10.1038/s41598-019-47568-9)	10.1038/s41598-019-47568-9
extracted	10.1038/s41598-019-47568-9)	10.1038/s41598-019-47568-9
extracted	10.1038/s41598-019-47568-9)	10.1038/s41598-019-47568-9
extracted	10.1038/s41598-019-47568-9)	10.1038/s41598-019-47568-9
extracted	10.1038/s41598-019-47568-9)	10.1038/s41598-019-47568-9
extracted	10.1038/s41598-019-47568-9)	10.1038/s41598-019-47568-9
extracted	10.1038/s41598-019-47568-9)	10.1038/s41598-019-47568-9
extracted	10.1038/s41598-019-47568-9)	10.1038/s41598-019-47568-9
extracted	10.1038/s41598-019-47568-9)	10.1038/s41598-019-47568-9
extracted	10.1038/s41598-019-47568-9)	10.1038/s41598-019-47568-9
extracted	10.1038/s41598-019-47568-9)	10.1038/s41598-019-47568-9
extracted	10.1038/s41598-019-47568-9)	10.1038/s41598-019-47568-9
extracted	10.1038/s41598-019-47568-9)	10.1038/s41598-019-47568-9
extracted	10.1038/s41598-019-47568-9)	10.1038/s41598-019-47568-9
extracted	10.1038/s41598-019-47568-9)	10.1038/s41598-019-47568-9
extracted	10.3389/fcimb.2019.00174)	10.3389/fcimb.2019.00174
extracted	10.3389/fcimb.2019.00174)	10.3389/fcimb.2019.00174
extracted	10.3389/fcimb.2019.00174)	10.3389/fcimb.2019.00174
extracted	10.3389/fcimb.2019.00174)	10.3389/fcimb.2019.00174
extracted	10.3389/fcimb.2019.00174)	10.3389/fcimb.2019.00174
extracted	10.3389/fcimb.2019.00174)	10.3389/fcimb.2019.00174
extracted	10.3389/fcimb.2019.00174)	10.3389/fcimb.2019.00174
extracted	10.3389/fcimb.2019.00174)	10.3389/fcimb.2019.00174
extracted	10.3389/fcimb.2019.00174)	10.3389/fcimb.2019.00174
extracted	10.3389/fcimb.2019.00174)	10.3389/fcimb.2019.00174
extracted	10.3389/fcimb.2019.00174)	10.3389/fcimb.2019.00174
extracted	10.3389/fcimb.2019.00174)	10.3389/fcimb.2019.00174
extracted	10.3389/fcimb.2019.00174)	10.3389/fcimb.2019.00174
extracted	10.3389/fcimb.2019.00174)	10.3389/fcimb.2019.00174
extracted	10.3389/fcimb.2019.00174)	10.3389/fcimb.2019.00174
extracted	10.3389/fcimb.2019.00174)	10.3389/fcimb.2019.00174
extracted	10.1007/s12602-018-9444-5)	10.1007/s12602-018-9444-5
extracted	10.1007/s12602-018-9444-5)	10.1007/s12602-018-9444-5
extracted	10.1007/s12602-018-9444-5)	10.1007/s12602-018-9444-5
extracted	10.1007/s12602-018-9444-5)	10.1007/s12602-018-9444-5
extracted	10.1007/s12602-018-9444-5)	10.1007/s12602-018-9444-5
extracted	10.1007/s12602-018-9444-5)	10.1007/s12602-018-9444-5
extracted	10.1007/s12602-018-9444-5)	10.1007/s12602-018-9444-5
extracted	10.1007/s12602-018-9444-5)	10.1007/s12602-018-9444-5
extracted	10.1007/s12602-018-9444-5)	10.1007/s12602-018-9444-5
extracted	10.1007/s12602-018-9444-5)	10.1007/s12602-018-9444-5
extracted	10.1007/s12602-018-9444-5)	10.1007/s12602-018-9444-5
extracted	10.1007/s12602-018-9444-5)	10.1007/s12602-018-9444-5
extracted	10.1007/s12602-018-9444-5)	10.1007/s12602-018-9444-5
extracted	10.1007/s12602-018-9444-5)	10.1007/s12602-018-9444-5
extracted	10.1007/s12602-018-9444-5)	10.1007/s12602-018-9444-5
extracted	10.1007/s12602-018-9444-5)	10.1007/s12602-018-9444-5
extracted	10.1007/s12602-018-9444-5)	10.1007/s12602-018-9444-5
extracted	10.1007/s12602-018-9444-5)	10.1007/s12602-018-9444-5
extracted	10.1007/s12602-018-9444-5)	10.1007/s12602-018-9444-5
extracted	10.1007/s12602-018-9444-5)	10.1007/s12602-018-9444-5
extracted	10.1007/s12602-018-9444-5)	10.1007/s12602-018-9444-5
extracted	10.1007/s12602-018-9444-5)	10.1007/s12602-018-9444-5
extracted	10.1007/s12602-018-9444-5)	10.1007/s12602-018-9444-5
extracted	10.1007/s12602-018-9444-5)	10.1007/s12602-018-9444-5
extracted	10.1007/s12602-018-9444-5)	10.1007/s12602-018-9444-5
extracted	10.1007/s12602-018-9444-5)	10.1007/s12602-018-9444-5
extracted	10.1007/s12602-018-9444-5)	10.1007/s12602-018-9444-5
extracted	10.1007/s12602-018-9444-5)	10.1007/s12602-018-9444-5
extracted	10.1007/s12602-018-9444-5)	10.1007/s12602-018-9444-5
extracted	10.1007/s12602-018-9444-5)	10.1007/s12602-018-9444-5
extracted	10.1007/s12602-018-9444-5)	10.1007/s12602-018-9444-5
extracted	10.1007/s12602-018-9444-5)	10.1007/s12602-018-9444-5
extracted	10.1007/s12602-018-9444-5)	10.1007/s12602-018-9444-5
extracted	10.1007/s12602-018-9444-5)	10.1007/s12602-018-9444-5
extracted	10.1007/s12602-018-9444-5)	10.1007/s12602-018-9444-5
extracted	10.1007/s12602-018-9444-5)	10.1007/s12602-018-9444-5
extracted	10.1007/s12602-018-9444-5)	10.1007/s12602-018-9444-5
extracted	10.1007/s12602-018-9444-5)	10.1007/s12602-018-9444-5
extracted	10.1007/s12602-018-9444-5)	10.1007/s12602-018-9444-5
extracted	10.1371/journal.pone.0216669)	10.1371/journal.pone.0216669
extracted	10.1371/journal.pone.0216669)	10.1371/journal.pone.0216669
extracted	10.1371/journal.pone.0216669)	10.1371/journal.pone.0216669
extracted	10.1371/journal.pone.0216669)	10.1371/journal.pone.0216669
extracted	10.1371/journal.pone.0216669)	10.1371/journal.pone.0216669
extracted	10.1371/journal.pone.0216669)	10.1371/journal.pone.0216669
extracted	10.1371/journal.pone.0216669)	10.1371/journal.pone.0216669
extracted	10.1371/journal.pone.0216669)	10.1371/journal.pone.0216669
extracted	10.1371/journal.pone.0216669)	10.1371/journal.pone.0216669
extracted	10.1371/journal.pone.0216669)	10.1371/journal.pone.0216669
extracted	10.1371/journal.pone.0216669)	10.1371/journal.pone.0216669
extracted	10.1371/journal.pone.0216669)	10.1371/journal.pone.0216669
extracted	10.1371/journal.pone.0216669)	10.1371/journal.pone.0216669
extracted	10.1371/journal.pone.0216669)	10.1371/journal.pone.0216669
extracted	10.1371/journal.pone.0216669)	10.1371/journal.pone.0216669
extracted	10.1371/journal.pone.0216669)	10.1371/journal.pone.0216669
extracted	10.1371/journal.pone.0216669)	10.1371/journal.pone.0216669
extracted	10.1371/journal.pone.0216669)	10.1371/journal.pone.0216669
extracted	10.1371/journal.pone.0216669)	10.1371/journal.pone.0216669
extracted	10.1038/s41598-019-54716-8)	10.1038/s41598-019-54716-8
extracted	10.1038/s41598-019-54716-8)	10.1038/s41598-019-54716-8
extracted	10.1038/s41598-019-54716-8)	10.1038/s41598-019-54716-8
extracted	10.1038/s41598-019-54716-8)	10.1038/s41598-019-54716-8
extracted	10.1038/s41598-019-54716-8)	10.1038/s41598-019-54716-8
extracted	10.1038/s41598-019-54716-8)	10.1038/s41598-019-54716-8
extracted	10.1038/s41598-019-54716-8)	10.1038/s41598-019-54716-8
extracted	10.1038/s41598-019-54716-8)	10.1038/s41598-019-54716-8
extracted	10.1038/s41598-019-54716-8)	10.1038/s41598-019-54716-8
extracted	10.1038/s41598-019-54716-8)	10.1038/s41598-019-54716-8
extracted	10.1038/s41598-019-54716-8)	10.1038/s41598-019-54716-8
extracted	10.1038/s41598-019-54716-8)	10.1038/s41598-019-54716-8
extracted	10.1038/s41598-019-54716-8)	10.1038/s41598-019-54716-8
extracted	10.1038/s41598-019-54716-8)	10.1038/s41598-019-54716-8
extracted	10.1038/s41598-019-54716-8)	10.1038/s41598-019-54716-8
extracted	10.1038/s41598-019-54716-8)	10.1038/s41598-019-54716-8
extracted	10.1038/s41598-019-54716-8)	10.1038/s41598-019-54716-8
extracted	10.1038/s41598-019-54716-8)	10.1038/s41598-019-54716-8
extracted	10.1038/s41598-019-54716-8)	10.1038/s41598-019-54716-8
extracted	10.1038/s41598-019-54716-8)	10.1038/s41598-019-54716-8
extracted	10.1038/s41598-019-54716-8)	10.1038/s41598-019-54716-8
extracted	10.1038/s41598-019-54716-8)	10.1038/s41598-019-54716-8
extracted	10.1038/s41598-019-54716-8)	10.1038/s41598-019-54716-8
extracted	10.1038/s41598-019-54716-8)	10.1038/s41598-019-54716-8
extracted	10.1038/s41598-019-54716-8)	10.1038/s41598-019-54716-8
extracted	10.1038/s41598-019-54716-8)	10.1038/s41598-019-54716-8
extracted	10.1038/s41598-019-54716-8)	10.1038/s41598-019-54716-8
extracted	10.1038/s41598-019-54716-8)	10.1038/s41598-019-54716-8
extracted	10.1038/s41598-019-54716-8)	10.1038/s41598-019-54716-8
extracted	10.1038/s41396-018-0293-8)	10.1038/s41396-018-0293-8
extracted	10.1038/s41396-018-0293-8)	10.1038/s41396-018-0293-8
extracted	10.1038/s41396-018-0293-8)	10.1038/s41396-018-0293-8
extracted	10.1038/s41396-018-0293-8)	10.1038/s41396-018-0293-8
extracted	10.1038/s41396-018-0293-8)	10.1038/s41396-018-0293-8
extracted	10.1038/s41396-018-0293-8)	10.1038/s41396-018-0293-8
extracted	10.1038/s41396-018-0293-8)	10.1038/s41396-018-0293-8
extracted	10.1038/s41396-018-0293-8)	10.1038/s41396-018-0293-8
extracted	10.1038/s41396-018-0293-8)	10.1038/s41396-018-0293-8
