paper_id	claim_text	evidence_class	direct_assay_types	limitations
doi__10.1002_bip.22925	Antimicrobial peptides in general kill target cells by disrupting the cell membranes.	indirect		Cited from prior literature (ref [6]); not demonstrated de novo for ocellatin-PTs in this study.
doi__10.1002_bip.22925	Ocellatin-PT peptides interact electrostatically with the cell membranes of microorganisms.	hypothesis		Stated as a general property of cationic AMPs in the abstract; not directly measured for ocellatin-PTs in this study.
doi__10.1002_bip.22925	Ocellatin-PT peptides are unstructured (random coil) in aqueous solution but adopt alpha-helical secondary structure upon contact with lipid membranes.	direct_assay	circular dichroism in TFE gradients and in presence of LUVs	Helicity was measured in TFE (membrane-mimicking solvent) and LUVs, not in intact cell membranes; estimated helicity varied widely across peptides (17–38%).
doi__10.1002_bip.22925	Ocellatin-PT1 and PT8 develop alpha-helical character preferentially in the presence of bacterial membrane-mimicking lipids (POPE:POPG) and to a lesser extent leishmania-mimicking lipids (POPC:POPE), suggesting membrane-composition-dependent structural activation.	direct_assay	circular dichroism with LUVs	Only two of eight peptides were tested in LUV-CD experiments; results with DMPC were inconsistent between PT1 and PT8.
doi__10.1002_bip.22925	Ocellatin-PT1 and PT8 show higher binding affinity for bacteria-mimicking (POPE:POPG) and leishmania-mimicking (POPC:POPE) lipid membranes than for mammalian-mimicking (DMPC) membranes, indicating selective targeting of microbial membranes.	direct_assay	surface plasmon resonance	Only two of eight peptides tested; synthetic lipid bilayer models used, not native cell membranes; saturation could not be reached at tested concentrations so Kd values are from kinetic two-state model fits.
doi__10.1002_bip.22925	At sub-lethal concentrations (16 µg/mL, below IC50), ocellatin-PT1 and PT8 cause formation of blister-like vesicular protrusions and membrane thinning on L. infantum promastigote surfaces.	direct_assay	scanning electron microscopy, atomic force microscopy	Only two representative peptides studied morphologically; SEM requires fixation/dehydration that may introduce artefacts; BSE dark patches interpreted as thinning but not confirmed biochemically.
doi__10.1002_bip.22925	At lethal concentrations (64 µg/mL, above IC50), ocellatin-PT1 and PT8 cause deep holes penetrating into the cell body of L. infantum promastigotes, consistent with cell lysis.	direct_assay	scanning electron microscopy	Lysis is inferred from morphological appearance; direct measurement of membrane integrity (e.g., dye leakage) was not performed.
doi__10.1002_bip.22925	The blister-like protrusions and membrane holes observed by microscopy are most likely the result of vesicalization and/or micellization of membrane lipids by the peptides.	inferred		Mechanistic interpretation of SEM/AFM morphology; no direct lipid extraction or membrane composition analysis performed.
doi__10.1002_bip.22925	Ocellatin-PT peptides increase the surface roughness of L. infantum promastigote membranes, indicating disruption of membrane texture.	direct_assay	atomic force microscopy (RMS roughness measurement)	Roughness increase (2.78 nm control vs 4.22/5.08 nm treated) did not reach statistical significance (p > 0.05) due to high biological variability; only two peptides tested.
doi__10.1002_bip.22925	The selectivity of ocellatin-PTs for microbial over mammalian membranes is related to differences in lipid composition, specifically the higher content of anionic lipids (PE, PG) in microbial membranes versus low anionic lipid content in mammalian membranes.	inferred		Inferred from SPR affinity data combined with known lipid composition differences; not tested by varying lipid composition systematically.
doi__10.1002_bip.22925	The mechanism of action of ocellatin-PT peptides on L. infantum is distinct from that of the AMP DRS-01, based on qualitatively different morphological effects (localized blistering and holes vs. global rounding, shortening, and flagellar changes).	inferred		Comparison is indirect, based on contrasting microscopy results across two separate studies using the same parasite model.
doi__10.1002_adfm.201606623	SAAP-145 and SAAP-276 kill S. aureus by rapidly permeabilizing the bacterial cytoplasmic membrane, resulting in bacterial death within minutes.	direct_assay	membrane permeabilization (propidium iodide influx flow cytometry on live S. aureus), fluorescent dye leakage (ANTS/DPX from POPG liposomes), time-kill assay	All membrane permeabilization assays performed in PBS; activity reduced in 50% human plasma, suggesting physiological conditions may affect potency
doi__10.1002_adfm.201606623	SAAP-145 resides preferentially at the membrane interface, inducing chain-interdigitation in the gel phase and membrane thinning in the fluid phase of the bacterial membrane mimic.	direct_assay	differential scanning calorimetry (DSC) on DPPG liposomes	DPPG liposomes are a simplified membrane mimic; thermotropic behavior in artificial bilayers may not fully recapitulate interaction with intact bacterial membranes
doi__10.1002_adfm.201606623	SAAP-276 penetrates deeper into the bilayer core than SAAP-145, strongly perturbing hydrocarbon chain packing, consistent with its larger hydrophobic region.	direct_assay	differential scanning calorimetry (DSC) on DPPG liposomes, helical wheel projection (hydrophobicity analysis)	Depth of membrane penetration inferred from thermotropic phase behavior changes and hydrophobicity calculations, not directly measured (e.g., by neutron scattering or fluorescence depth quenching)
doi__10.1002_adfm.201606623	The cationic and amphipathic nature of SAAP-145 and SAAP-276 drives electrostatic binding to the anionic bacterial cell surface and insertion into the cytoplasmic membrane, resulting in membrane perturbation.	inferred		Attributed by the authors as a general AMP class mechanism applicable to these LL-37-derived peptides; electrostatic binding to live bacterial surface not directly measured for SAAP-145/276 specifically
doi__10.1002_adfm.201606623	Membrane permeabilization/disruption by SAAP-145 and SAAP-276, acting without a specific intracellular target, implies efficacy against both dividing and metabolically inactive non-dividing bacteria residing in biofilms.	inferred		Authors state this as an implication of the membrane MOA; direct killing of non-dividing or biofilm-embedded bacteria by the membrane mechanism was not experimentally demonstrated in this study (anti-biofilm assays used a medium that prevented killing)
doi__10.1002_adfm.201606623	Because SAAP-145 and SAAP-276 attack the bacterial membrane rather than a specific molecular target, resistance development is unlikely, consistent with the absence of resistance induction observed over 22 serial passages.	hypothesis		Authors note that resistance to AMPs via efflux pumps, surface charge modification, proteolytic degradation, and biofilm matrix can occur; the mechanistic link between membrane targeting and low resistance is a long-standing hypothesis, not proven causally here
doi__10.1002_bip.22624	Melittin binds to lipid bilayers and causes membrane permeabilization through the formation of transmembrane pores or lesions.	direct_assay	membrane permeabilization (ONPG/β-galactosidase inner membrane assay, nitrocefin/β-lactamase outer membrane assay, DAPI membrane integrity assay), electrophysiology (transmembrane current across planar lipid bilayers), MIC assay	Pore geometry and exact molecular architecture not directly resolved in this study; E. coli inner membrane permeabilization was incomplete relative to detergent control, attributed to the peptide first needing to traverse the outer membrane.
doi__10.1002_bip.22624	Membrane permeabilization by melittin is a concentration-dependent phenomenon requiring four to six melittin peptides to homooligomerize into a lesion-competent structure, most likely forming a stable barrel-stave model pore.	inferred		Qualifier 'most likely' used by the authors; oligomeric state and pore geometry not directly measured in this study; claim is drawn from prior literature (ref 35).
doi__10.1002_bip.22624	More recent data suggest the melittin pore may be more transient rather than a stable barrel-stave structure.	hypothesis		Presented as an alternative model based on prior literature (ref 36); not directly tested or resolved in this study.
doi__10.1002_bip.22624	Melittin disrupts both the outer and inner membranes of Escherichia coli in a concentration-dependent manner.	direct_assay	outer membrane permeabilization via nitrocefin/β-lactamase enzymatic assay, inner membrane permeabilization via ONPG/β-galactosidase enzymatic assay	Inner membrane permeabilization did not reach the level of the detergent (CTAB) control, attributed to the requirement for the peptide to first bind and traverse the outer membrane before accessing the inner membrane.
doi__10.1002_bip.22624	Melittin disrupts the membrane of Staphylococcus aureus in a concentration-dependent manner, allowing normally membrane-impermeant molecules to enter the cell and access bacterial DNA.	direct_assay	membrane permeability assay using DAPI fluorescent DNA-binding reporter	
doi__10.1002_bip.22624	Melittin adopts an alpha-helical secondary structure upon binding to phospholipid bilayers, representing the membrane-active conformation of the peptide.	direct_assay	circular dichroism spectroscopy	CD indicates bulk secondary structure and cannot resolve local conformational heterogeneity or transmembrane vs. surface-adsorbed populations.
doi__10.1002_bip.22624	Upon membrane binding, melittin inserts into the hydrophobic core of the lipid bilayer, positioning the tryptophan residue in close proximity to the acyl chain region.	direct_assay	fluorescence quenching with membrane-embedded quencher 10-doxyl nonadecane (10-DN), dual quencher analysis (DQA) comparing aqueous acrylamide vs. membrane-embedded 10-DN quenching	Exact fluorescence lifetime values for AzAla at various bilayer depths have not been determined, so DQA results are interpreted as relative; slight changes in pore-forming conformation could alter quencher accessibility and influence the quenching ratio.
doi__10.1002_bip.22624	Melittin creates functional ion-conducting transmembrane channels (pores) in model lipid bilayer membranes, as evidenced by measurable conductance increases.	direct_assay	electrophysiology (patch-clamp-style transmembrane current recording across planar DPhyPC bilayers)	Measurements performed in a cell-free model membrane system (DPhyPC planar bilayers); single-channel vs. multi-channel conductance events not fully resolved at all conditions; local peptide concentration at membrane surface subject to uncertainty from tip position and applied pressure.
doi__10.1002_bip.22624	Melittin's interaction with lipid bilayers is relatively non-specific, with lipid headgroup composition modulating the degree of permeabilization rather than preventing pore formation.	indirect		Stated as an established property from prior literature (refs 33, 34); not directly re-tested with a pore-formation readout across varied lipid compositions in this study, though differential quenching constants across PC vs. PC:PG vesicles are consistent with this claim.
doi__10.1002_bip.22624	Melittin inhibits various ion channels through calmodulin-mediated pathways.	indirect		Cited as a known secondary activity from prior literature (ref 39); not investigated or tested in this study.
doi__10.1002_j.1460-2075.1983.tb01561.x	Seminalplasmin specifically interferes with RNA synthesis in E. coli.	direct_assay	inhibition of RNA synthesis in E. coli	Mechanism of RNA synthesis inhibition is not elucidated; assay used as a proxy for biological activity throughout, not to characterize mechanism per se
doi__10.1002_j.1460-2075.1983.tb01561.x	Seminalplasmin very likely must penetrate cells to be effective.	inferred		Explicitly flagged as unpublished data (Scheit et al., unpublished); no experimental details provided in this paper
doi__10.1002_j.1460-2075.1983.tb01561.x	Treatment of seminalplasmin with trypsin, chymotrypsin, thermolysin, aminopeptidase M, or carboxypeptidase Y completely eliminated biological activity.	direct_assay	inhibition of RNA synthesis in E. coli	Activity loss is consistent with structure-dependence but does not distinguish between loss of cell penetration, RNA-binding, or other mechanistic steps
doi__10.1002_j.1460-2075.1983.tb01561.x	Removal of only residues 41–48 from the C-terminus (by carboxypeptidase Y, which stopped at Lys-40) was sufficient to abolish biological activity entirely.	direct_assay	inhibition of RNA synthesis in E. coli	Implies the C-terminal region (residues 40–48, predicted α-helix) is required for activity, but the paper makes no mechanistic inference beyond noting the result is 'interesting'
doi__10.1002_j.1460-2075.1991.tb07932.x	Cecropins attack the cell membrane and efficiently lyse a wide variety of bacteria.	indirect		This is a background statement citing prior literature (Dunn 1986; Boman and Hultmark 1987), not a new result from this paper; no membrane assay performed here.
doi__10.1002_j.1460-2075.1991.tb07932.x	Andropin has moderate antibacterial activity against Gram-positive bacteria but little or no activity against Gram-negative bacteria under standard (unbuffered) assay conditions.	direct_assay	inhibition zone assay, MIC assay	Activity measured with synthetic peptide assuming signal peptide cleavage after residue 23 is the only post-translational modification; assay conditions (unbuffered LB) may not reflect physiological ionic strength.
doi__10.1002_j.1460-2075.1991.tb07932.x	Andropin becomes a potent bactericidal agent against Escherichia coli at high phosphate buffer concentrations, indicating its activity is strongly dependent on ionic strength.	direct_assay	inhibition zone assay (buffer concentration series)	Mechanism by which ionic strength potentiates activity is not determined; 0.2 M NaCl gave similar effect to 0.05 M phosphate, suggesting ionic strength rather than phosphate-specific effect, but no membrane or molecular assay was done to explain this.
doi__10.1002_j.1460-2075.1991.tb07932.x	Andropin is predicted to form two amphipathic alpha-helices with a strong hydrophobic moment, suggesting a membrane-disrupting mechanism of action similar to the cecropins.	hypothesis		Based solely on computational secondary structure prediction (Chou-Fasman rules); authors explicitly note 'the predictive value of the methods used is limited'; no biophysical or membrane assay performed on andropin.
doi__10.1002_j.1460-2075.1991.tb07932.x	The antibacterial activity of andropin likely reflects its physiological function in protecting the seminal fluid and male reproductive tract against microbial infection.	inferred		Inference based on co-migration of synthetic peptide with one natural antibacterial band on acidic PAGE and tissue-specific expression in ejaculatory duct; no in vivo infection model tested.
doi__10.1002_j.1460-2075.1990.tb07489.x	Hyalophora cecropins are strongly amphipathic peptides that efficiently kill and lyse bacteria by attacking the cell membrane.	indirect		This claim is attributed to Steiner et al. (1988) and concerns Hyalophora cecropins, not Drosophila cecropins; the paper cites it as background context only.
doi__10.1002_j.1460-2075.1990.tb07489.x	Drosophila cecropin A accumulates in the hemolymph of immunized flies at a concentration of 25–50 µM, sufficient to kill all tested bacteria except Serratia marcescens.	direct_assay	inhibition zone assay, native acidic polyacrylamide gel electrophoresis with bacterial overlay, MIC assay	Concentration is a crude estimate by comparison with synthetic cecropin dilution series; hemolymph volume assumptions not stated; activity inferred from in vitro killing, not in vivo clearance.
doi__10.1002_j.1460-2075.1990.tb07489.x	Drosophila cecropins A and B kill both Gram-negative and Gram-positive bacteria across a wide spectrum, with cecropin A at least as potent as Hyalophora cecropin A against Gram-negative bacteria but less active against Gram-positives.	direct_assay	inhibition zone assay, MIC assay	Cecropin B results may be confounded by gel-forming behavior in aqueous solution under ionic assay conditions, potentially underestimating its potency.
doi__10.1002_j.1460-2075.1990.tb07489.x	Serratia marcescens is highly resistant to Drosophila cecropins A and B, with MIC values that could not be calculated from inhibition zone assays due to very small and diffuse zones.	direct_assay	inhibition zone assay, MIC assay	Resistance mechanism is not determined; the non-pathogenic Serratia mutant Db140, known to be sensitive to immune hemolymph, was also resistant to purified cecropins, suggesting other hemolymph components contribute to killing of this strain in vivo.
doi__10.1002_cbic.201900707	Ubonodin inhibits RNA polymerase (RNAP) in vitro, as demonstrated by abortive transcription initiation assays with E. coli RNAP.	direct_assay	abortive transcription initiation assay (in vitro RNAP inhibition)	Assay used E. coli RNAP, not Burkholderia RNAP; ubonodin's potency in this assay was lower than MccJ25, which authors attribute to E. coli not being the natural target.
doi__10.1002_cbic.201900707	RNAP inhibition is the putative antimicrobial mode of action of ubonodin, inferred from its structural similarity to known RNAP-inhibiting lasso peptides (MccJ25 and citrocin) and confirmed in vitro RNAP inhibition.	indirect	abortive transcription initiation assay	No direct demonstration that RNAP inhibition causes growth arrest in Burkholderia; uptake into susceptible cells has not been characterized and is explicitly noted as a future study.
doi__10.1002_cbic.201900707	The antimicrobial activity and spectrum of ubonodin is hypothesized to be dictated by its uptake into susceptible bacteria rather than intrinsic differences in RNAP binding potency.	hypothesis		Explicitly stated as a hypothesis for future study; no transport or uptake experiments were performed; no Burkholderia homolog of the MccJ25 transporter FhuA (>40% identity) was identified.
doi__10.1002_cbic.201900707	The Tyr/Tyr/Gly motif (Tyr at position 9, Tyr at penultimate position, and C-terminal Gly) is proposed as a structural predictor of RNAP-inhibiting lasso peptides, supported by the MccJ25-RNAP crystal structure showing contacts between these residues and the β and β' subunits of RNAP.	inferred		Predictive motif inferred by comparative sequence analysis and analogy to MccJ25 crystal structure data; not experimentally validated for ubonodin by mutagenesis of these specific residues or co-crystallography.
doi__10.1007_pl00006144	Cec4 sterilizes A. baumannii through disruption of cell membrane integrity, as evidenced by SEM showing progressive hole formation, cell surface roughening, pore enlargement, cell shrinkage, and contents extrusion over 2–6 hours at 1× MIC.	direct_assay	membrane permeabilization (SEM morphology), intracellular content leakage (260 nm absorbing material)	Single bacterial strain (4367992 isolate); SEM performed at only one concentration (1× MIC); mechanism inferred from morphological and leakage data, not from receptor/target identification
doi__10.1007_pl00006144	Cec4 causes dose- and time-dependent leakage of intracellular material across the A. baumannii outer membrane, indicating membrane disruption as its primary antibacterial mechanism.	direct_assay	intracellular content leakage (260 nm absorbing material assay)	260 nm absorbance detects nucleic acids and aromatic amino acids but does not distinguish specific intracellular components; leakage could reflect outer membrane disruption without specifying inner membrane involvement
doi__10.1007_pl00006144	Cec4 kills A. baumannii in a rapid and concentration-dependent manner, eliminating bacteria within 24 h at both 1× MIC and 2× MIC.	direct_assay	time-kill assay (OD600 growth curve)	Growth inhibition measured by turbidity, not CFU counts; does not distinguish bactericidal from bacteriostatic activity definitively
doi__10.1007_pl00006144	Cec4 targets the A. baumannii outer membrane, causing intracellular material to leak outward, as indicated by increased absorbance at 260 nm in a dose-dependent fashion.	inferred	intracellular content leakage (260 nm absorbing material assay)	The paper infers outer membrane targeting from leakage data; no inner membrane integrity assay (e.g., propidium iodide, ONPG) was performed to distinguish outer vs. inner membrane effects
doi__10.1002_j.1460-2075.1983.tb01465.x	Attacins are bactericidal against growing Escherichia coli cells, producing a dramatic reduction in colony-forming units after 6 hours of incubation in rich medium.	direct_assay	colony-forming unit survival counting on agar plates	Demonstrated only for attacin E against E. coli D31; bactericidal vs. bacteriostatic distinction not resolved for agar inhibition zone experiments used for other strains
doi__10.1002_j.1460-2075.1983.tb01465.x	Attacins require actively growing bacterial cells for killing activity; cells suspended in phosphate buffer (non-growing) are completely resistant.	direct_assay	colony-forming unit survival counting comparing LEG medium vs. phosphate buffer suspensions	Tested only with attacin E and E. coli D31; mechanism by which growth-dependence confers resistance is not determined
doi__10.1002_j.1460-2075.1983.tb01465.x	Attacins cause treated E. coli to form chains typically containing 4–6 cell-sized units, indicating interference with cell division.	direct_assay	phase contrast microscopy	Morphological observation only; causal link to the lethal mechanism not established
doi__10.1002_j.1460-2075.1983.tb01465.x	Attacin treatment causes partial lysis of E. coli, as evidenced by decreased phase contrast and the formation of spherical blebs attached to bacterial chains.	direct_assay	phase contrast microscopy	Lysis was partial and appeared secondary to chain formation; not quantified; may reflect a secondary consequence rather than primary MOA
doi__10.1002_j.1460-2075.1983.tb01465.x	The primary target(s) of attacins is likely in the bacterial cell division cycle, supported by the markedly greater sensitivity of the chain-forming envA (division-defective) mutant D22 relative to its parental strain D21.	hypothesis	inhibition zone assay comparing D21 vs. D22 lethal concentrations	Authors present this explicitly as a hypothesis; D22 is also outer-membrane-barrier defective, providing an alternative explanation unrelated to cell division
doi__10.1002_j.1460-2075.1983.tb01465.x	Alternatively, the heightened attacin sensitivity of strain D22 may reflect increased outer membrane permeability rather than a cell-division-cycle target, since D22 is barrier defective.	hypothesis		Explicitly flagged by the authors as an alternative explanation; outer membrane permeability to attacins was not directly measured
doi__10.1002_j.1460-2075.1983.tb01465.x	Attacins do not act by destroying bacterial membranes, in contrast to the cecropins, whose mechanism involves membrane destruction.	inferred		Inferred indirectly from the growth-dependence of attacin activity and the chain-formation phenotype; no direct membrane integrity assay (e.g., dye leakage, electron microscopy of membranes) was performed on attacin-treated cells; cecropin membrane-disruption claim is cited from Steiner et al. 1981, not shown here
doi__10.1002_j.1460-2075.1983.tb01465.x	Antibacterial activity of attacins may depend on an unidentified cofactor that is lost during purification, potentially contributing to the observed activity losses.	hypothesis		Speculative; authors were unable to reconstitute activity by recombining separated fractions; normal UV absorption spectra of attacins provided no evidence of a chromophore cofactor
doi__10.1002_j.1460-2075.1993.tb06172.x	Positive charges are required for antibacterial and haemolytic activity, as the truncated synthetic peptide A, which lacks the C-terminal Lys-Lys-Ile-amide residues and therefore the positive charges, was devoid of both antibacterial and lytic activity.	indirect		Peptide A differs from peptide B in both charge and length; the lack of activity cannot be unambiguously attributed to charge alone versus the missing residues; no systematic charge-modification experiments were performed; mechanistic interpretation relies on a cited external reference (Cruciani et al., 1988) rather than direct assay in this study.
doi__10.1002_j.1460-2075.1993.tb06172.x	Bombinins H cannot form an amphipathic helix, indicating they act by a mechanism distinct from the amphipathic helix-mediated membrane disruption employed by most other amphibian antimicrobial peptides.	inferred		Based solely on sequence/structural analysis; no biophysical or membrane experiments were performed to confirm the absence of helix formation or to characterise the actual mechanism; the alternative mechanism is not proposed or tested.
doi__10.1002_j.1460-2075.1993.tb06172.x	The D-alloisoleucine residue at position 2 of bombinins H3–H5 confers resistance to aminopeptidase degradation, which may contribute to their biological persistence and sustained antimicrobial efficacy.	direct_assay	aminopeptidase M digestion	Proteolytic resistance is a stability property, not a bactericidal mechanism per se; in vivo relevance is not demonstrated; the contribution of this stability to observed MIC values is not quantified.
doi__10.1002_j.1460-2075.1993.tb06172.x	The D-alloisoleucine stereochemistry at position 2 is not essential for the antibacterial or haemolytic mechanism, as the L-isoleucine-containing isomers (H1, H2) and the D-alloisoleucine-containing isomers (H3, H4) display similar potency.	indirect		Comparison is between peptide variants that also differ at positions 1 and 8 (Ile/Leu and Met/Leu), confounding attribution of similar potency to position-2 stereochemistry alone; only an inhibition zone assay was used, which measures growth inhibition but not mechanism.
doi__10.1002_cbic.201100450	Kalata B1 does not require chiral recognition by a protein receptor to be active, as its all-D enantiomer retains anti-HIV and hemolytic activity.	direct_assay	anti-HIV cytopathic inhibition assay (HIV-1 RF on human lymphoblastoid cells), hemolysis assay (human RBCs)	D-enantiomer was less potent (EC50 0.9→2.5 µM anti-HIV; IC50 26→77 µM hemolysis), so the membrane environment still modulates activity quantitatively even without chiral receptor involvement
doi__10.1002_cbic.201100450	Kalata B1 activity is mediated primarily by interaction with phospholipid membranes rather than by a receptor-dependent mechanism, as lower membrane affinity of the D-enantiomer directly correlates with its lower biological activity.	direct_assay	surface plasmon resonance (SPR) on POPC/POPE model bilayers, hemolysis assay	Correlation shown between model bilayer affinity and RBC hemolysis; model membranes (POPC/POPE 4:1) are a simplification of native cell membranes
doi__10.1002_cbic.201100450	Kalata B1 selectively binds membranes containing phosphoethanolamine (PE) headgroups; this PE selectivity governs membrane affinity and thereby modulates biological activity.	direct_assay	surface plasmon resonance (SPR) comparing POPC vs. POPC/POPE bilayers	Tested only on two model lipid compositions; PE content in the SPR model (20%) approximates but may not perfectly represent target cell membranes
doi__10.1002_cbic.201100450	The reduced potency of D-kalata B1 relative to native L-kalata B1 is explained by a slower membrane association rate, not by differences in membrane dissociation rate, indicating association kinetics limit local peptide concentration at the membrane surface.	direct_assay	surface plasmon resonance (SPR) kinetics (initial binding rate and kd measurement on POPC/POPE bilayers)	Kinetics measured on model bilayers only; dissociation rates for pure L and pure D were comparable (0.0166 vs. 0.0184 s−1), supporting the conclusion but not ruling out subtle differences at higher concentrations
doi__10.1002_cbic.201100450	Kalata B1 hemolytic activity operates via a concentration-threshold mechanism at the membrane surface, as evidenced by time-dependent and dose-dependent hemolysis curves.	direct_assay	hemolysis assay (1 h vs. 14 h incubation at multiple concentrations)	Threshold concentration not directly quantified; inferred from shift in IC50 with incubation time (IC50 drops from 26 to 5 µM for native peptide at 1 h vs. 14 h)
doi__10.1002_cbic.201100450	Kalata B1 self-associates (oligomerizes) at the membrane surface, and this self-association is required for membrane disruption and biological activity.	indirect	hemolysis assay with L/D enantiomer mixtures, SPR binding and dissociation kinetics of L/D mixtures	Oligomerization is inferred from non-additive hemolytic and SPR behavior of L/D mixtures, not directly observed; oligomeric state or stoichiometry in the membrane was not characterized structurally
doi__10.1002_cbic.201100450	Oligomerization of kalata B1 requires monomers of identical chirality; mixing L and D enantiomers disrupts productive self-assembly, reduces membrane insertion depth, and lowers hemolytic efficacy.	inferred	hemolysis assay (L/D ratio series), SPR dissociation kinetics of L/D mixtures	Inferred from the disproportionately low hemolysis and faster membrane dissociation of the 25:75 L/D mixture; no direct structural characterization of mixed vs. homomeric oligomers
doi__10.1002_cbic.201100450	Kalata B1 disrupts membranes through a four-step pore-formation mechanism: (1) binding to the membrane surface via PE headgroup interactions and hydrophobic forces; (2) oligomerization of membrane-bound monomers; (3) insertion into the hydrophobic lipid core facilitated by self-association; (4) pore formation as embedded peptides span the bilayer.	hypothesis		Proposed model integrating SPR, hemolysis, and L/D mixture data from this paper with previously published electron microscopy (ref 5) and electrophysiology data (ref 19); individual mechanistic steps were not all directly demonstrated here; pore structure and spanning geometry not resolved
doi__10.1002_cbic.201100450	Kalata B1 disrupts the membrane of midgut cells in lepidopteran larvae, supporting a receptor-independent, membrane-disruption mechanism for its insecticidal activity.	indirect	electron microscopy of larval midgut cells (cited from prior work, ref 5; not performed in this study)	Evidence is from a previously published study, not generated here; mechanism in larval gut may differ from mammalian cell contexts tested in this paper
doi__10.1002_cbic.201100450	Kalata B1 induces membrane leakage in model membranes through pore formation, as an initial silent period followed by stepwise current increases until membrane rupture was observed in electrophysiological recordings.	indirect	electrophysiological recordings on model membranes (cited from prior work, ref 19; not performed in this study)	Evidence is from a previously published study; the paper cites it as corroborating evidence for the self-association/pore-formation model
doi__10.1002_cmdc.201200016	The lipid moiety of fusaricidin analogs helps target them to the bacterial membrane, inferred from the inactivity of nonlipidated analogs and by analogy with other lipopeptide antibiotics.	inferred		Explicitly framed as an assumption ('we can assume'); no direct membrane-targeting or binding assay performed; relies on analogy with structurally distinct lipopeptides.
doi__10.1002_cmdc.201200016	The antibacterial activity of analogs with a guanidylated lipid tail may be explained by the guanidinium group binding the anionic phosphate of the bacterial phospholipid membrane via H-bonding and charge-charge interactions.	hypothesis		Explicitly speculative ('could possibly be explained by'); no direct membrane-binding, phospholipid interaction, or biophysical assay performed.
doi__10.1002_cmdc.201200016	Only analogs bearing a guanidino-functionalized lipid tail show antibacterial activity against Gram-positive bacteria, indicating the positively charged guanidino group and the lipid tail are required for antimicrobial activity.	indirect	MIC assay (broth microdilution)	Structural requirement established by SAR; the killing mechanism itself was not directly investigated; MIC reflects growth inhibition outcome, not mechanism.
doi__10.1002_cmdc.201200016	A positive charge at the end of the lipid tail together with overall hydrophobicity and amphiphilicity are crucial determinants of antibacterial activity in fusaricidin A/LI-F04a analogs.	indirect	MIC assay (broth microdilution)	Conclusion drawn from SAR correlations across 18 analogs; no mechanistic or target-identification assay performed.
doi__10.1002_cmdc.201200016	Increased hydrophobicity of depsipeptide analogs correlates with enhanced hemolytic activity against human erythrocytes, suggesting hydrophobicity drives disruption of human cell membranes.	indirect	hemolysis assay	Correlation only; no direct membrane-disruption or permeabilization assay; DMSO co-solvent and potential aggregation at high concentrations are confounders acknowledged by the authors.
doi__10.1002_cmdc.201200016	Ester bond hydrolysis and consequent ring-opening of the depsipeptide macrocycle is not the cause of hemolytic activity, because the ring-opened linear analog 18 is not hemolytic.	indirect	hemolysis assay	Indirect argument relying on a single linear control; does not exclude other ring-opening-independent mechanisms.
doi__10.1002_cmdc.201200016	Lower overall hydrophobicity and amphiphilicity of amide analogs compared to depsipeptide analogs may explain the dissociation of antibacterial activity from human cell cytotoxicity observed for the amide series.	hypothesis	hemolysis assay, cell viability assay (WRL 68 and HepG2 lines)	Stated as a possible explanation ('may explain'); hydrophobicity is proxied by HPLC retention time, not a direct biophysical membrane-partitioning measurement; mechanistic basis not tested directly.
doi__10.1007_s00203-016-1206-8	The antimicrobial mechanism of XLAsp-P1 is destruction of the bacterial cell membrane, as investigated by transmission electron microscopy.	direct_assay	membrane disruption (transmission electron microscopy)	Only TEM imaging is cited; no quantitative membrane permeabilization assay (e.g., dye leakage, propidium iodide uptake) or controls described in the abstract; full methods not available in this excerpt.
doi__10.1002_cmdc.201800289	Lipidated antimicrobial peptides act by targeting the bacterial plasma membrane.	hypothesis		Explicitly stated as a hypothesis based on literature analogy; no direct membrane assay performed in this study.
doi__10.1002_cmdc.201800289	Electrostatic interactions between the positively charged residues of antimicrobial peptides and negatively charged lipopolysaccharide (Gram-negative bacteria) or teichoic acids (Gram-positive bacteria) are responsible for the initial interaction of peptides with bacterial cells.	inferred		Presented as a general mechanistic principle; no direct binding assay conducted in this paper to test it for the new analogues.
doi__10.1002_cmdc.201800289	Hydrophobic residues of antimicrobial peptides penetrate the bacterial membrane to interact with lipids.	inferred		General principle stated in the Discussion; not directly tested for the new analogues in this study.
doi__10.1002_cmdc.201800289	Side chains of Pro3, Ala6, Asn7, Leu12, and Leu13 of TB_KKG6A penetrate LPS micelles, mediating membrane interaction.	indirect	NMR paramagnetic relaxation enhancement, saturation transfer difference (STD) NMR	Data from prior cited studies (refs [7a, 8]), not generated in this paper; performed on LPS micelles and E. coli cells, not intact membrane bilayers.
doi__10.1002_cmdc.201800289	TB_KKG6A adopts an α-helical conformation in the presence of E. coli LPS and E. coli cells, which is associated with its antimicrobial mechanism.	indirect	NMR, circular dichroism	Structural data from prior cited studies (refs [7a, 8]); helical structure is correlated with but not proven to be causally required for activity.
doi__10.1002_cmdc.201800289	Binding of TB_KKG6A to E. coli cells causes aggregation and death of bacterial cells.	indirect		Cited from a prior study (ref [12]); the mechanism of aggregation-induced death is not elaborated or directly tested here.
doi__10.1002_cmdc.201800289	Introduction of a positively charged lysine at position 6 in TB_KKG6K increases antimicrobial activity against Gram-positive and Gram-negative bacteria likely because favorable electrostatic interactions with negatively charged outer membranes are enhanced.	inferred	MIC determination, killing kinetics	Mechanism inferred from structure-activity relationship data; word 'likely' used by authors; no direct binding assay performed.
doi__10.1002_cmdc.201800289	The 4-carbon acyl side chain of lysine in TB_KKG6K is likely able to destabilize the bacterial membrane without promoting peptide self-aggregation.	hypothesis	critical aggregation concentration (fluorescence), MIC determination	Authors use 'likely'; membrane destabilization is inferred from activity data and non-aggregating behavior; no direct membrane permeabilization assay performed.
doi__10.1002_cmdc.201800289	Acetylation of Lys6 in TB_KKG6K(Ac) reduces antimicrobial activity by suppressing the positive charge on the residue and slightly increasing the acyl chain length.	inferred	MIC determination	Dual effect (charge loss + chain extension) cannot be experimentally deconvolved from MIC data alone; no direct charge-interaction assay performed.
doi__10.1002_cmdc.201800289	Increasing acyl chain length beyond the lysine side chain (i.e., via DAVA, Ahx, or Aund modifications) is detrimental to antimicrobial activity against E. coli and S. epidermidis, likely due to excess hydrophobicity impairing membrane interaction.	inferred	MIC determination	Mechanism inferred from SAR trend; no direct membrane or hydrophobicity assay performed; relationship does not hold clearly for P. aeruginosa.
doi__10.1002_cmdc.201800289	TB_KKG6K folds into a partial α-helical secondary structure upon interaction with E. coli cells, and this folding upon membrane contact is associated with antimicrobial activity.	indirect	circular dichroism	Association between folding and activity is correlative; authors note this is consistent with other peptides (temporin L, cecropin A, magainin 2) from cited literature, not proven mechanistically here.
doi__10.1002_cmdc.201800289	The palmitoylated analogue TB_KKG6K(Pal) self-assembles into aggregates in solution, and its reduced antimicrobial activity is likely due to disaggregation upon contact with bacterial cells yielding a conformationally disrupted peptide.	inferred	circular dichroism, critical aggregation concentration (fluorescence)	Authors use 'likely'; the mechanistic link between aggregate disaggregation and loss of bactericidal potency is inferred from CD spectral changes and low MIC activity, not directly demonstrated.
doi__10.1007_s00203-015-1126-z	Pep-7 caused pore formation at the poles of the cytoplasmic membranes of P. gingivalis.	direct_assay	transmission electron microscopy (TEM)	TEM images alone cannot distinguish transient from stable pores, nor confirm ion-channel vs detergent-like pore mechanism; full methods/controls not visible in preview text
doi__10.1007_s00203-015-1126-z	Pep-7 showed selective activity against Porphyromonas sp. by altering the permeability barriers of P. gingivalis.	indirect		This is a mechanistic conclusion drawn from TEM pore-formation images and MBC selectivity data; no direct permeability assay (e.g., SYTOX uptake, membrane depolarization, liposome leakage) is reported in the available text
doi__10.1002_cbic.202400586	Trilenodin's antimicrobial activity is unlikely to result solely from lipid II recruitment, because lipid II is unique to Gram-positive bacteria while trilenodin is active against both Gram-positive B. subtilis and Gram-negative K. pneumoniae.	inferred	disk diffusion, broth microdilution	No direct lipid II binding or competitive inhibition assay was performed; exclusion of lipid II as the sole target is inferred from broad-spectrum activity data, not from mechanistic experiments.
doi__10.1002_cbic.202400586	Trilenodin may interact with bacterial lipid membranes due to the high hydrophobicity of its tail region (including the tri-isoleucine motif) and a net positive charge arising from three basic residues (Lys6, Arg14, Lys18) with no free acidic residues.	hypothesis		No membrane interaction assays (e.g., membrane permeabilization, liposome leakage, dye release) were performed; hypothesis is based solely on primary sequence composition.
doi__10.1002_cbic.202400586	The positively charged basic residues of trilenodin (Lys6, Arg14, Lys18) may enable initial electrostatic association with the negatively charged bacterial membrane, after which the hydrophobic tail inserts into the membrane core to form pores.	hypothesis		No pore formation, membrane depolarization, or ion flux assays were conducted; the two-step model is entirely speculative and drawn by structural analogy to other cationic membrane-active peptides.
doi__10.1002_cbic.202400586	The presence of a nisin-homologous ABC transporter immunity system (PatsFEG, homologous to NisFEG) in the pats BGC suggests that trilenodin may employ a membrane-targeting mechanism of action analogous to nisin.	inferred		BGC-level homology does not establish mechanistic equivalence; the transporter system was not functionally characterized; the paper simultaneously argues that full nisin-like lipid II recruitment is unlikely given Gram-negative activity.
doi__10.1002_cbic.202400586	Trilenodin exerts bactericidal (cell-death-inducing) activity against B. subtilis, as supported by progressive culture transparency in the heterologous expression strain 168_pats that lacked the immunity transporter genes patsE and patsG.	indirect	disk diffusion, broth microdilution	Culture transparency is a population-level correlate; whether killing is bactericidal versus bacteriostatic, and whether lysis is the mode, was not directly tested; the transparency phenotype could also reflect growth inhibition rather than cell lysis.
doi__10.1007_s00018-013-1291-7	Esculentin(1-21) kills P. aeruginosa by a membrane-disrupting mechanism rather than by inhibiting intracellular processes such as DNA, protein, or cell wall synthesis, as bactericidal activity (99.9% killing) is achieved within 15 minutes at 1 µM.	inferred	time-killing assay	Rapid killing is used to reason away intracellular targets; no direct assay of DNA/protein/cell-wall synthesis inhibition was performed to confirm exclusion.
doi__10.1007_s00018-013-1291-7	Esculentin(1-21) permeabilizes the cytoplasmic membrane of planktonic P. aeruginosa cells in a dose- and time-dependent manner, with membrane perturbation detectable within the first 15 minutes of peptide addition.	direct_assay	membrane permeabilization (Sytox Green fluorescent dye influx assay)	Detection required a higher cell density (1×10^7 CFU/ml) than used for MIC/killing assays (1×10^6 CFU/ml); Sytox Green reports pore size ≥ ~900 Da but does not identify the molecular mechanism of pore formation.
doi__10.1007_s00018-013-1291-7	Esculentin(1-21) causes extensive disruption of the cytoplasmic membrane of planktonic P. aeruginosa cells, as evidenced by extracellular leakage of the large intracellular enzyme β-galactosidase (~50–60% release at concentrations causing complete microbial death).	direct_assay	cytoplasmic enzyme leakage (β-galactosidase/ONPG colorimetric assay)	β-galactosidase release did not reach 100% even at fully bactericidal concentrations (8–32 µM), indicating incomplete or heterogeneous membrane rupture; assay was conducted on a recombinant strain constitutively expressing β-galactosidase.
doi__10.1007_s00018-013-1291-7	Esculentin(1-21) induces gross morphological changes in planktonic P. aeruginosa cells, including bleb (pustule) formation and release of cell debris, consistent with membrane disruption.	direct_assay	scanning electron microscopy	SEM documents morphological outcomes but does not resolve the molecular mechanism (e.g., pore formation vs. membrane solubilization); images were captured at a single time point after 30 min treatment.
doi__10.1007_s00018-013-1291-7	Membrane perturbation is proposed as the plausible mechanism underlying the anti-biofilm activity of esculentin(1-21) against sessile P. aeruginosa, supported by Sytox Green uptake and β-galactosidase leakage from biofilm cells after peptide treatment.	indirect	membrane permeabilization (Sytox Green assay), cytoplasmic enzyme leakage (β-galactosidase/ONPG assay)	The paper explicitly describes this as a 'plausible mechanism'; β-galactosidase leakage from biofilm cells was weaker than from planktonic cells at equivalent killing concentrations, suggesting the biofilm matrix attenuates peptide access or membrane damage; causality between membrane perturbation and biofilm killing is not directly proven.
doi__10.1007_s00018-013-1291-7	Esculentin(1-21) causes dose-dependent morphological changes in P. aeruginosa biofilm cells—including surface protrusions and shrinkage of cell bodies—and disintegrates the extracellular polymeric matrix, as visualized by scanning electron microscopy.	direct_assay	scanning electron microscopy	Morphological changes were absent at a sublethal concentration (0.75 µM) and pronounced only at near-complete-eradication concentrations (3–24 µM); SEM does not distinguish primary membrane action from secondary structural collapse following cell death.
doi__10.1007_pl00000764	Penaeidin antifungal activity against filamentous fungi is associated with inhibition of spore germination.	direct_assay	spore germination assay, MIC assay	Inactive against yeasts (S. cerevisiae, C. albicans); tested on specific fungal strains only.
doi__10.1007_pl00000764	At sub-inhibitory concentrations, penaeidins cause growth inhibition of fungal hyphae accompanied by morphological abnormalities.	direct_assay	fungal growth inhibition assay, morphological observation	Specific strains and concentrations not fully detailed in this review.
doi__10.1007_pl00000764	Penaeidins display a strain-specific rapid bactericidal or bacteriostatic mode against Gram-positive bacteria, suggesting they act through multiple modes of action.	direct_assay	killing kinetics assay, MIC assay, time-kill assay (24-h incubation)	Mechanism underlying the killing vs. stasis dichotomy is not directly characterized; 'multiple modes' is inferred from differential kinetics.
doi__10.1007_pl00000764	Loss of COOH-terminal amidation in penaeidins reduces antibacterial activity approximately twofold, likely due to loss of a positive charge at the C-terminus and consequently less efficient interaction with bacterial membranes.	indirect	antibacterial activity assay comparing native vs. non-amidated recombinant penaeidins	Membrane interaction is not directly demonstrated for penaeidins; mechanistic explanation is drawn by analogy with insect cecropins.
doi__10.1007_pl00000764	The penaeidin NH2-terminal proline-rich domain is not directly responsible for antimicrobial activity but is proposed to mediate target cell interaction through electrostatic binding to membranes.	indirect	antimicrobial activity assay of synthetic NH2-terminal peptide (residues 1–20)	Membrane-binding role is speculative and inferred by analogy with bovine bactenecin-7, which binds artificial membranes electrostatically; not directly demonstrated for penaeidins.
doi__10.1007_pl00000764	The penaeidin COOH-terminal cysteine-rich domain is proposed to mediate penaeidin antimicrobial properties, based on analogy with defensins and the inactivity of the isolated NH2-terminal domain.	inferred		COOH-terminal domain has not been tested in isolation; 3D structure and cysteine connectivity remain undetermined.
doi__10.1007_pl00000764	Penaeidins bind chitin via their COOH-terminal domain, and this chitin-binding activity is believed to mediate their antifungal activity.	indirect	chitin-binding assay (intact penaeidins vs. synthetic NH2-terminal domain)	Chitin binding is demonstrated but the causal link to antifungal killing is inferred; the downstream mechanism after chitin binding is not characterized.
doi__10.1007_pl00000764	Penaeidins may exert intracellular antimicrobial activity during phagocytic and post-phagocytic events by degranulation of granule contents into the microbe-containing phagosome, analogous to vertebrate defensins.	hypothesis		Purely speculative analogy with mammalian neutrophil defensins (HNP1–4); no direct experimental evidence in penaeidins or shrimp hemocytes.
doi__10.1002_psc.1016	Moricin-like AMPs affect the structural integrity of the bacterial plasma membrane.	indirect		Stated as established fact for the moricin class citing Hara & Yamakawa 1995 (ref 9); no direct membrane-integrity assay performed on M. sexta moricin in this paper.
doi__10.1002_psc.1016	The amino-terminal amphipathic α-helical segment (residues 5–22) is important for bactericidal activity.	inferred		Inferred by structural analogy with B. mori and S. litura moricins (refs 11, 12); no truncation or mutagenesis assay performed on M. sexta moricin.
doi__10.1002_psc.1016	The carboxyl-terminal cluster of positively charged residues accounts for the broad-spectrum activity of moricins against both Gram-positive and Gram-negative bacteria.	inferred		Inferred from charge distribution in the solved NMR structure and from analogy with other moricins; no C-terminal deletion experiment performed in this paper.
doi__10.1002_psc.1016	Moricin permeabilizes the lipid bilayer, as shown by the ability of B. mori moricin residues 1–29 to permeabilize liposomal membrane.	indirect	liposomal membrane permeabilization	The liposome permeabilization assay was performed by Hara & Yamakawa (ref 9) on B. mori moricin, not on M. sexta moricin; extrapolated by the authors to the M. sexta homolog.
doi__10.1002_psc.1016	M. sexta moricin likely adopts a predominantly α-helical conformation when interacting with the bacterial membrane.	indirect	circular dichroism spectroscopy	CD was performed in membrane-mimicking solvents (TFE/water, SDS micelles, methanol), not in native bacterial membrane; α-helical induction in these solvents is used as a proxy for membrane interaction.
doi__10.1002_psc.1016	The positively charged regions (G1KI3, K6–R20, K38KKKH42) are initially attracted to the anionic bacterial surface through electrostatic interactions.	inferred		Inferred from the NMR-derived surface electrostatic potential map; no binding or surface-interaction assay performed.
doi__10.1002_psc.1016	Through electrostatic interactions with negatively charged lipopolysaccharides, teichoic acids, and peptidoglycans, moricin traverses the capsular polysaccharide layer and attaches to phospholipids of the cytoplasmic membrane.	hypothesis		Entirely speculative model based on structural charge properties; no LPS/teichoic acid binding assay or membrane-attachment assay was performed.
doi__10.1002_psc.1016	The clustered basic residues at the carboxyl-terminus of moricin contribute to tighter binding to Gram-positive bacteria such as S. aureus, whose reduced surface negative charge (via dlt-operon-mediated D-alanylation of teichoic acids) is partially compensated by the extra cationic tail.	inferred		Inferred from structural data and the known S. aureus surface-charge biology; the authors state they plan to test this with C-terminal deletion mutants but have not yet done so.
doi__10.1002_psc.1016	After electrostatic attachment to the bacterial plasma membrane, the Pro4/Pro37-flanked central α-helix of moricin may be partially embedded in the lipid bilayer.	hypothesis		Speculative; based on the amphipathic character of the solved NMR structure; no membrane-insertion or depth-of-penetration assay performed.
doi__10.1002_psc.1016	The five positively charged and twelve hydrophobic residues in the amphipathic amino-terminal segment (V5–I22) stabilize peptide–phospholipid complexes in the membrane.	inferred		Inferred from helical-wheel analysis of the NMR structure; no direct measurement of peptide–lipid complex formation.
doi__10.1002_psc.1016	The carboxyl-terminal helical segment of moricin (residues 23–36) is less hydrophobic than the corresponding region of cecropin and is therefore less likely to span the lipid bilayer, potentially limiting or altering the mode of membrane disruption relative to cecropin.	inferred		Inferred by comparative hydrophobicity calculation between M. sexta moricin and H. cecropia cecropin; no experimental validation of membrane-spanning behavior.
doi__10.1002_psc.1016	When moricin concentration exceeds a threshold, moricin molecules cause membrane bending followed by pore formation consistent with the toroidal model.	hypothesis		Explicitly speculative ('could cause'); no ion-flux, pore-size, or conductance assay was performed in this paper; authors suggest future experiments to test ion selectivity.
doi__10.1002_psc.1016	The amino-terminal α-helical segment of moricin is hypothesized to form ion channels with selectivity for Cl− or other negatively charged ions.	hypothesis		Explicitly labeled as a hypothesis by the authors; based solely on the positive surface charge of the helix interior; no electrophysiology or ion-flux assay performed.
doi__10.1007_s00253-011-3793-2	LPS dose-dependently suppressed Mdc antibacterial potency, indicating that LPS is the initial binding site of Mdc in E. coli.	direct_assay	LPS competition/inhibition assay	Dose-dependent suppression is consistent with LPS binding but does not formally prove LPS is the exclusive or primary initial target; competition assays can reflect non-specific sequestration.
doi__10.1007_s00253-011-3793-2	Mdc causes membrane permeabilization of MDR E. coli, as revealed by propidium iodide uptake measured by flow cytometry.	direct_assay	membrane permeabilization (propidium iodide-based flow cytometry)	PI uptake reports loss of membrane integrity but does not distinguish pore-forming from detergent-like membrane disruption mechanisms.
doi__10.1007_s00253-011-3793-2	Mdc induces remarkable damage to the outer and inner membranes of E. coli and causes leakage of cytoplasmic contents, as shown by transmission electron microscopy.	direct_assay	membrane disruption (transmission electron microscopy)	TEM provides morphological evidence of membrane damage but cannot reveal the molecular mechanism of disruption; sample preparation artifacts cannot be fully excluded.
doi__10.1007_s00253-011-3793-2	DNA is one possible intracellular target of Mdc, as implied by DNA binding experiments.	direct_assay	DNA binding	Paper uses the word 'implies' and 'possible', indicating this is a supporting rather than conclusive finding; the physiological relevance of in vitro DNA binding to the bactericidal mechanism is not established.
doi__10.1007_s00253-011-3793-2	Mdc kills MDR E. coli rapidly at its MIC, as demonstrated by bactericidal kinetics assays.	direct_assay	bactericidal kinetics (time-kill assay)	Kinetics are described at MIC only; mechanism underlying rapid killing is inferred from other assays rather than directly demonstrated by this experiment.
doi__10.1007_s00253-010-2748-3	CSA-13 permeabilized the outer membrane of Pseudomonas aeruginosa with a half-maximal concentration of 4.4 mg/L.	direct_assay	outer membrane permeabilization assay	Half-maximal concentration is substantially lower than concentrations required for bactericidal effect in biofilms (avg 88 mg/L), suggesting outer membrane disruption alone is insufficient for killing in biofilm context
doi__10.1007_s00253-010-2748-3	At concentrations higher than 20 mg/L, CSA-13 also permeabilized the plasma membrane of human umbilical vein endothelial cells (HUVECs), indicating cytotoxic activity at supratherapeutic concentrations.	direct_assay	plasma membrane permeabilization assay (HUVEC)	Assay performed on a single eukaryotic cell line (HUVEC); clinical relevance of this concentration threshold is uncertain
doi__10.1007_s00253-010-2748-3	CSA-13, as a cationic steroid antibiotic (ceragenin) derived from cholic acid, is inferred to act by disrupting bacterial membranes through electrostatic interaction with anionic membrane components, analogous to cationic antimicrobial peptides.	inferred		Mechanistic analogy drawn from class-level literature (ceragenins/cationic peptides); not directly demonstrated for CSA-13 in this study beyond outer membrane permeabilization data
doi__10.1007_s00253-010-2748-3	The combination of CSA-13 with tobramycin was synergistic in five of eight strains in young (24 h) biofilms, consistent with CSA-13 outer membrane disruption facilitating tobramycin uptake.	indirect	combination susceptibility testing (biofilm)	Synergy is inferred from checkerboard or killing-curve data; the mechanistic explanation (enhanced aminoglycoside uptake via outer membrane disruption) is not directly tested in this study
doi__10.1007_s00253-010-2748-3	CSA-13 retained bactericidal activity against P. aeruginosa in mature (12-day) biofilms, though the effect was delayed, with some strains requiring 9 days of exposure before a bactericidal effect was observed.	direct_assay	time-kill assay in mature biofilm model	Slow kinetics suggest reduced penetration or activity in mature biofilm matrix; mechanism of delayed killing not elucidated
doi__10.1007_s00253-010-2748-3	CSA-13 was resistant to inactivation by DNA or F-actin (cited from Bucki et al. 2007), suggesting it retains membrane-disrupting activity in the viscous cystic fibrosis sputum environment.	inferred		This finding is cited from a prior publication, not demonstrated in the present study; activity in actual CF sputum under the current experimental conditions was not directly tested
doi__10.1007_s00253-008-1839-x	The hybrid peptides were designed based on the amphipathic and cationic properties of antimicrobial peptides, implying a membrane-targeting mechanism of action.	inferred		Only the abstract is visible; no direct mechanistic experiments are reported in the accessible text. This claim derives from the stated design rationale (structure–activity relationship of amphipathic/cationic AMPs), not from experiments performed on the hybrids themselves.
doi__10.1007_s00253-008-1839-x	LH28 did not cause obvious hemolysis of rabbit erythrocytes at 3.13 μM while retaining antimicrobial activity, indicating selective disruption of bacterial over mammalian membranes.	indirect	hemolysis assay	Hemolysis absence is consistent with membrane selectivity but does not directly measure bacterial membrane disruption or confirm the precise mechanism; full experimental details are behind a paywall and not visible.
doi__10.1007_s00253-008-1839-x	Antimicrobial peptides of this class possess rapid bactericidal activity and a low propensity for resistance development.	hypothesis		Stated as a general class property in the abstract introduction, not demonstrated experimentally for the novel hybrids in the visible text; no time-kill or resistance-induction data are reported in the accessible portion.
doi__10.1007_s00248-019-01385-9	Brevinin-1Ma (FLPILAGLAANLVPKLICSITKKC) inhibits growth of the fungal pathogen Batrachochytrium dendrobatidis (Bd) in culture assays.	direct_assay	growth inhibition assay (amphibian skin cultures)	Full assay conditions, MIC/MFC values, and the molecular mechanism of fungal inhibition (e.g., membrane disruption vs. other targets) are not reported in the available text; only the abstract is accessible.
doi__10.1007_s00248-019-01385-9	Brevinin-1Ma inhibits growth of the fungal pathogen Batrachochytrium salamandrivorans (Bsal) in culture assays.	direct_assay	growth inhibition assay (amphibian skin cultures)	Full assay conditions, MIC/MFC values, and molecular mechanism of inhibition are not reported in the available text.
doi__10.1007_s00248-019-01385-9	Brevinin-1Ma enhances (facilitates) the growth of antifungal probiotic bacteria including Janthinobacterium lividum, Chryseobacterium ureilyticum, Serratia grimesii, and Pseudomonas sp. in culture assays.	direct_assay	bacterial growth assay (amphibian skin cultures)	The molecular mechanism by which brevinin-1Ma promotes bacterial growth is not characterized; the assay may not reflect in vivo skin conditions.
doi__10.1007_s00248-019-01385-9	Brevinin-1Ma is downregulated on frog skin following probiotic bacterial treatment, indicating it participates in host immune modulation of the skin microbiome.	indirect		Downregulation is correlative (skin peptide sampling); no causal experiment demonstrates that reduced brevinin-1Ma directly mediates microbiome changes; direction of causality is inferred.
doi__10.1007_s00248-019-01385-9	Brevinin-1Ma's differential activity—inhibiting fungal pathogens while facilitating probiotic bacterial growth—suggests it functions as an immune effector that selectively regulates skin microbial community composition.	inferred		This mechanistic interpretation is derived by combining growth-assay results with field observations of peptide downregulation; no mechanistic experiments (e.g., receptor binding, membrane assays, selective toxicity mechanism) were reported to explain the differential specificity.
doi__10.1002_cmdc.201402033	ATCUN motifs (GGH, VIH) bound to Cu2+ generate reactive oxygen species (ROS) through Cu II/Cu III cycling via Fenton-type reactions with H2O2 or O2, with GGH and VIH being the most potent ROS producers among the 13 sequences screened.	direct_assay	ascorbic acid consumption assay (ROS turnover rate measurement with and without H2O2)	Ascorbic acid consumption is an indirect proxy for ROS; no direct identification of specific ROS species; cell-free conditions only
doi__10.1002_cmdc.201402033	ATCUN-anoplin derivatives exhibit increased pore-forming/membrane-permeabilizing activity compared to parent anoplin, with DAH-anoplin showing the greatest enhancement in lytic activity.	direct_assay	membrane permeabilization (β-galactosidase leakage assay in E. coli)	GGH-anoplin and VIH-anoplin did not show significant membrane-permeabilizing enhancement despite lower MICs; membrane permeabilization does not fully correlate with MIC values for this series
doi__10.1002_cmdc.201402033	The increased antibacterial activity of Cu-ATCUN-anoplin derivatives is primarily caused by ROS-mediated nonenzymatic oxidative damage of membrane phospholipids (lipid peroxidation), initiated by hydroxyl radicals abstracting hydrogen from unsaturated fatty acid CH2 groups adjacent to double bonds.	direct_assay	lipid peroxidation assay (thiobarbituric acid/malonyldialdehyde quantification on DOPE/DOPG small unilamellar vesicles)	Lipid peroxidation measured on model SUVs mimicking E. coli outer membrane, not live bacteria; mechanistic link to MIC is correlational; radical chain mechanism (reactions 1–3) is proposed by inference from known chemistry, not directly measured
doi__10.1002_cmdc.201402033	Anoplin and VIH-anoplin localize at the bacterial outer membrane of E. coli, indicating that the addition of the ATCUN motif does not substantially alter the membrane-targeting localization of the parent AMP.	direct_assay	laser confocal fluorescence microscopy (5(6)-carboxyfluorescein-labeled peptides in live E. coli)	Fluorescently labeled derivatives used; appended fluorophore and lysine residue may alter peptide properties; live-cell imaging does not resolve molecular-level membrane interaction
doi__10.1002_cmdc.201402033	ATCUN-PAP derivatives (GGH-PAP, VIH-PAP) act primarily by disrupting the prokaryotic cell membrane, with GGH and VIH motifs doubling membrane-permeabilizing activity relative to parent PAP.	direct_assay	membrane permeabilization (β-galactosidase leakage assay in E. coli), laser confocal fluorescence microscopy	Close correlation between membrane permeabilization and MIC is correlational evidence, not a causal proof; DAH-PAP showed no increased lytic activity despite improved MIC
doi__10.1002_cmdc.201402033	The increased membrane-permeabilizing activity of GGH-PAP and VIH-PAP relative to DAH-PAP and parent PAP is attributable to greater amphipathicity of their helical structures, as the Asp residue in DAH-PAP is detrimental to amphipathicity by appearing surrounded by hydrophobic residues.	indirect		Amphipathicity inferred from helical wheel diagrams using Eisenberg consensus hydrophobicity scale; no direct structural measurement (e.g., CD spectroscopy or NMR) confirming helical conformation or amphipathicity in solution
doi__10.1002_cmdc.201402033	sh-Buforin and VIH-sh-buforin penetrate into E. coli cells, localize in the cytoplasmic space, and bind to bacterial DNA without causing cell lysis as their primary mode of action.	direct_assay	laser confocal fluorescence microscopy (cytoplasmic localization and fluorescence quenching at nucleoid by adenine and guanine via photoinduced electron transfer)	DNA binding inferred from fluorescence quenching of carboxyfluorescein by nucleobases—an indirect indicator; fluorescently labeled and lysine-appended derivative may not perfectly replicate unlabeled peptide behavior
doi__10.1002_cmdc.201402033	Cu-ATCUN-sh-buforin complexes generate intracellular ROS within E. coli, with VIH- and GGH-sh-buforin producing the largest amounts of intracellular ROS.	direct_assay	intracellular ROS detection (DCFDA/2',7'-dichlorofluorescein diacetate fluorescence assay in live E. coli)	DCFDA reports generalized oxidative stress, not specific ROS species; assay performed at MIC/4 concentration; intracellular ROS does not linearly correlate with MIC across all derivatives
doi__10.1002_cmdc.201402033	Cu-ATCUN-sh-buforin complexes cleave DNA in a time-dependent manner, converting supercoiled plasmid to nicked and linearized forms, and DNA damage—not total ROS production—is the major contributor to the antibacterial activity of ATCUN-sh-buforin peptides.	direct_assay	DNA cleavage assay (agarose gel electrophoresis of pUC19 plasmid), intracellular ROS assay (DCFDA)	DNA cleavage demonstrated in vitro with purified plasmid only; intracellular DNA damage is inferred; DAH-sh-buforin has similar MIC to GGH-sh-buforin despite less intracellular ROS, suggesting the correlation is between DNA cleavage activity and MIC rather than total ROS and MIC
doi__10.1002_cmdc.201402033	Metal chelation (copper ion starvation) is not the mechanism of action of the ATCUN-AMPs, as supplementing growth media with 32 μM Cu2+ does not reduce antibacterial activity against B. subtilis or E. coli.	direct_assay	MIC assay with supplemental Cu2+ ions in growth medium	Tested only against two of four bacterial strains (B. subtilis, E. coli); does not rule out partial contribution of metal chelation at sub-MIC concentrations
doi__10.1002_cmdc.201402033	The antimicrobial action of histatins is related to their ability to generate ROS after binding copper and iron ions, and this property derives from the ATCUN motif present in histatin-3 and histatin-5.	inferred		Based entirely on prior cited literature; no new experimental data generated in this paper for histatins
doi__10.1002_cmdc.201402033	Indolicidin kills bacteria in part by generating superoxide radicals, with NADH from the tricarboxylic acid cycle serving as an important electron donor for superoxide production.	inferred		Based on prior cited literature; no new experimental data generated in this paper for indolicidin
doi__10.1007_s00253-012-4352-1	APP induced membrane permeabilization in a kinetic manner, causing membrane lesions that allowed O-nitrophenyl-β-d-galactoside (ONPG) uptake into bacterial cells.	direct_assay	membrane permeabilization (ONPG uptake assay)	Kinetic data shown only for S. typhimurium and S. pyogenes; generalizability to other strains not established.
doi__10.1007_s00253-012-4352-1	APP caused potassium release from treated bacterial cells, consistent with membrane disruption.	direct_assay	membrane permeabilization (potassium release assay)	Potassium leakage is a proxy for membrane disruption; does not distinguish pore-forming from detergent-like mechanisms.
doi__10.1007_s00253-012-4352-1	APP induced bacterial live-cell membrane damage as demonstrated by flow cytometry analysis.	direct_assay	membrane integrity (flow cytometry)	Flow cytometry reports membrane integrity loss but cannot resolve the molecular mechanism of membrane disruption.
doi__10.1007_s00253-012-4352-1	APP exhibited high membrane selectivity for bacterial (EYPC/EYPG) over mammalian-mimetic (EYPC/cholesterol) lipid vesicles, as shown by calcein leakage assays.	direct_assay	membrane permeabilization (calcein leakage from liposomes)	Liposome models are simplified surrogates; actual bacterial and mammalian membrane compositions are more complex.
doi__10.1007_s00253-012-4352-1	After penetrating the cell membrane, APP interacted with and intercalated into bacterial DNA base pairs, as confirmed by circular dichroism, fluorescence spectra, and gel retardation analysis.	direct_assay	DNA binding (circular dichroism, fluorescence spectroscopy, gel retardation assay)	Intercalation was inferred from spectroscopic signatures and gel shift; structural resolution (e.g., crystallography) was not performed. Experiments likely conducted with purified/naked DNA, not necessarily in the full intracellular context.
doi__10.1007_s00253-012-4352-1	APP affected DNA synthesis in bacterial cells, as demonstrated by cell cycle assay.	direct_assay	cell cycle analysis (flow cytometry-based cell cycle assay)	Perturbation of DNA synthesis could be a downstream consequence of membrane damage or DNA binding; the specific molecular step disrupted is not resolved.
doi__10.1007_s00253-012-4352-1	APP exerts its antibacterial activity through a dual mechanism: damaging bacterial cell membranes and binding to bacterial DNA to inhibit cellular functions, ultimately leading to cell death.	inferred	membrane permeabilization (ONPG uptake, K+ release, flow cytometry, calcein liposome leakage), DNA binding (CD, fluorescence spectra, gel retardation), cell cycle assay	The dual-mechanism conclusion integrates results from multiple independent assays; whether both mechanisms are obligatorily required for killing, or whether one is sufficient, is not directly demonstrated.
doi__10.1007_s00203-024-04227-6	TOP (Tosyl-Octyl-Peptoid) demonstrates broad-spectrum bactericidal action, killing bacteria rather than merely inhibiting growth.	direct_assay	minimum bactericidal concentration (MBC)	Full methods and MBC data tables are paywalled and not present in the provided text; 'bactericidal' is asserted in the abstract without mechanistic explanation of how killing occurs.
doi__10.1007_s00203-024-04227-6	TOP kills bacteria under non-dividing conditions, indicating its mechanism of action does not require active bacterial cell division.	direct_assay	non-dividing bacteria killing assay	The molecular target responsible for killing non-dividing cells is not specified in the available text; inference about mechanism is the authors' own, not independently validated here.
doi__10.1007_s00203-024-04227-6	TOP exhibits intracellular bacterial killing activity, implying it can penetrate mammalian cell membranes to reach and kill bacteria residing inside host cells.	direct_assay	intracellular bacterial killing assay	The mechanism of host-cell penetration and intracellular killing is not described in the provided abstract text; figure data supporting this claim is paywalled.
doi__10.1007_s00203-024-04227-6	The antibacterial activity of TOP is associated with amphiphilic character conferred by the octyl (eight-carbon) side chains, as shorter butyl and hexyl peptoid analogues failed to show significant activity, establishing a structure-activity relationship linking alkyl chain length to antimicrobial potency.	indirect	MIC determination across 13 peptoid analogues with varying chain lengths	SAR correlation is observational; the biophysical mechanism (e.g., membrane insertion depth, self-assembly) underlying the chain-length dependence is not directly measured in the available text.
doi__10.1007_s00203-024-04227-6	TOP's bactericidal mechanism has selectivity for bacterial over mammalian membranes, as evidenced by a selectivity ratio of 100 (10% haemolysis dose divided by median MIC), substantially exceeding the ~20 reported for comparator peptidomimetics.	indirect	haemolysis assay, MIC determination	Haemolysis is used as a proxy for mammalian membrane disruption, not a direct mechanistic assay; the molecular basis for bacterial selectivity (e.g., differences in membrane composition) is not demonstrated experimentally in the provided text.
doi__10.1007_s00253-012-4588-9	DEFB126 binds directly to LPS with measurable affinity, as demonstrated by SPR kinetic analysis showing concentration-dependent binding responses ranging from 20 to 200 nM.	direct_assay	surface plasmon resonance (SPR) binding assay	SPR measures binding to immobilized LPS on a sensor chip, which may not fully recapitulate solution-phase or membrane-embedded LPS interactions.
doi__10.1007_s00253-012-4588-9	DEFB126 undergoes conformational changes upon interaction with LPS in a concentration-dependent manner, suggesting the peptide's secondary structure is modulated by LPS binding.	direct_assay	circular dichroism (CD) spectroscopy	CD spectra reflect bulk secondary structure changes; the specific structural transition type and whether it is required for anti-inflammatory activity is not established from this data alone.
doi__10.1007_s00253-012-4588-9	DEFB126 is internalized by RAW264.7 macrophage cells, accumulating intracellularly over 40 minutes, suggesting cellular uptake as part of its mechanism.	direct_assay	live-cell spinning disc confocal fluorescence microscopy (DyLight 488-labeled DEFB126)	Internalization was observed with a fluorescently labeled construct; whether the label alters uptake kinetics or trafficking is not addressed. Functional consequence of internalization is not demonstrated in this supporting data.
doi__10.1007_s00253-012-4588-9	DEFB126 inhibits LPS-mediated inflammation, implying its mechanism involves neutralization or sequestration of LPS signaling.	inferred		This claim derives from the paper title; the supporting information alone does not contain functional inflammation assay data to substantiate the mechanism downstream of LPS binding.
doi__10.1007_s00253-014-5784-6	NZ17074 exerts candidacidal activity in an energy-dependent manner, indicating that cellular energy (ATP) is required for its killing mechanism.	indirect		Energy-dependence is inferred from experimental conditions (e.g., metabolic inhibitors or energy-depleted cells) rather than direct ATP measurement; full experimental details not visible from abstract alone.
doi__10.1007_s00253-014-5784-6	NZ17074 exerts candidacidal activity in a salt-sensitive manner, suggesting that electrostatic interactions are important for its activity.	indirect		Salt sensitivity is a common indirect indicator of electrostatic membrane interaction; mechanistic interpretation is inferred.
doi__10.1007_s00253-014-5784-6	NZ17074 perturbs the plasma membrane of C. albicans, as demonstrated by propidium iodide uptake in flow cytometric analysis.	direct_assay	membrane permeabilization (propidium iodide flow cytometry)	PI uptake indicates loss of membrane integrity but does not distinguish between membrane disruption as a primary event versus secondary consequence of cell death.
doi__10.1007_s00253-014-5784-6	NZ17074 arrests C. albicans cells in the G2/M phase of the cell cycle, as shown by flow cytometric analysis.	direct_assay	cell cycle analysis (flow cytometry, propidium iodide)	Whether G2/M arrest is a direct effect of the peptide or a downstream consequence of membrane damage or ROS is not established.
doi__10.1007_s00253-014-5784-6	NZ17074 induces increased reactive oxygen species (ROS) production in C. albicans, as demonstrated by dihydrorhodamine-123 (DHR-123) staining.	direct_assay	ROS detection (DHR-123 fluorescent staining)	ROS increase could be a cause or consequence of cell death; causal direction not definitively established.
doi__10.1007_s00253-014-5784-6	NZ17074 causes mitochondrial degradation in C. albicans, as revealed by rhodamine 123 (RH123) staining and transmission electron microscopy.	direct_assay	mitochondrial membrane potential (rhodamine 123 staining), ultrastructural imaging (TEM)	Mitochondrial damage may be secondary to ROS accumulation or membrane disruption rather than a primary peptide target.
doi__10.1007_s00253-014-5784-6	NZ17074 causes nuclear fragmentation and chromatin condensation in C. albicans, indicative of apoptosis, as shown by DAPI staining and TEM.	direct_assay	nuclear morphology (DAPI staining, TEM)	Nuclear fragmentation and chromatin condensation are morphological markers of apoptosis but do not confirm activation of a specific apoptotic pathway; caspase or metacaspase activity not reported.
doi__10.1007_s00253-014-5784-6	NZ17074 causes nuclear membrane disruption in C. albicans, as revealed by transmission electron microscopy.	direct_assay	ultrastructural imaging (TEM)	Could be a late-stage secondary event rather than a primary mechanism.
doi__10.1007_s00253-014-5784-6	At low concentrations (4–8 μg/ml), NZ17074 localizes to the cell membrane of C. albicans, while at high concentrations (16–32 μg/ml) it penetrates into the cytoplasm, suggesting a concentration-dependent dual mechanism.	direct_assay	intracellular localization (confocal fluorescence microscopy)	Localization studies typically require fluorescent labeling of the peptide, which may alter its native behavior; intracellular targets at high concentration are not identified.
doi__10.1007_s00253-014-5784-6	NZ17074 exerts its candidacidal effects by disrupting the cell membrane, inducing apoptosis, and interrupting the cell cycle.	inferred	membrane permeabilization (PI flow cytometry), ROS detection (DHR-123), mitochondrial staining (RH123), nuclear staining (DAPI), TEM, cell cycle analysis, intracellular localization (confocal microscopy)	This is an integrative conclusion synthesizing multiple assays; the relative contribution of each mechanism to cell killing is not quantified, and causal ordering of events is not established.
doi__10.1002_chem.201801423	Teixobactin binds to bacterial lipid II and lipid III, disrupting cell wall biosynthesis.	indirect		Cited from the original teixobactin discovery paper (ref [4]); no direct binding assay performed in this study.
doi__10.1002_chem.201801423	Teixobactin synergistically blocks the biosyntheses of peptidoglycan and teichoic acid, resulting in a weakened cell wall and autolysin-mediated cell lysis.	indirect		Cited from references [4] and [11]; no new mechanistic assays performed in this paper to confirm this pathway.
doi__10.1002_chem.201801423	Teixobactin binds to the pyrophosphate and N-acetylmuramic acid amino sugar moieties of lipid II, with its macrocyclic ring acting as the principal site of molecular recognition.	indirect		Described with qualifying language ('appears to bind', 'believed to act'); cited from reference [4] without independent confirmation in this study.
doi__10.1002_chem.201801423	The cationic L-allo-enduracididine at position 10 of teixobactin is crucial for electrostatic interaction with the negatively charged pyrophosphate moiety of lipid II.	inferred		Inferred from SAR data and structural analogy to lipid II; no direct binding assay performed to confirm this specific electrostatic contact.
doi__10.1002_chem.201801423	A non-polar (hydrophobic) residue at position 11 is required for antimicrobial activity via hydrophobic interactions with the target; replacement with a polar residue abolishes activity.	inferred		Inferred from IC50/MIC data for analogues 57–60 and supported by cited references [27,31]; the identity of the hydrophobic contact site on the target is not directly demonstrated.
doi__10.1002_chem.201801423	A minimum alkyl chain length of four carbons at position 11 is necessary for optimal hydrophobic interactions with the molecular target, as progressive chain shortening (Nle→Nva→Abu→Ala) causes stepwise loss of activity to complete abolition.	inferred		Inferred solely from comparative MIC and IC50 data; no structural or biophysical binding data identify the precise hydrophobic contact.
doi__10.1002_chem.201801423	NG-monomethylation of the arginine guanidino group at position 10 increases binding affinity to the target through increased hydrophobicity rather than increased basicity, accounting for the 2- to 4-fold potency gain of [Arg(Me)10,Nle11]teixobactin 63.	inferred		Hydrophobicity vs. basicity distinction is inferred by combining IC50/MIC data with pKa data from an external study (Evich et al., ref [69]); no direct binding assay to lipid II was performed.
doi__10.1002_chem.201801423	Symmetric or asymmetric NG-dimethylation of arginine at position 10 reduces antimicrobial potency, likely by disrupting hydrogen bonds with the target or introducing steric hindrance.	inferred		Explicitly framed as 'possibly due to disruption of potential hydrogen bond(s) or significant steric hindrance'; mechanistic interpretation rests solely on IC50/MIC activity data without structural evidence.
doi__10.1002_chem.201801423	The electronegativity of fluorine atoms in (Arg10,Tfn11)teixobactin 61 detrimentally affects interaction with the molecular targets, or alternatively the steric bulk of the CF3 group reduces binding efficacy.	inferred		Two competing mechanistic explanations are offered for the same MIC/IC50 data; neither is confirmed by direct structural or binding experiments.
doi__10.1002_chem.201801423	Conformational restriction of the macrocyclic ring by introduction of Z-dehydrobutyrine at position 9 has an unfavourable effect on target binding, reducing potency 2- to 4-fold relative to the flexible Abu-containing analogue.	inferred		Inferred from comparative MIC/IC50 data for analogues 67 and 68; no structural data confirm the nature of the conformational change or its effect at the lipid II interface.
doi__10.1002_chem.201801423	Teixobactin analogues are not sequestered by the thicker peptidoglycan layers of vancomycin-intermediate S. aureus (VISA) strains, unlike vancomycin, explaining their retained activity against VISA.	inferred		Inferred from consistent MIC values across MSSA, MRSA, and VISA strains; the mechanism of vancomycin trapping is cited from refs [8,9] and the corresponding teixobactin behaviour is extrapolated from ref [11], not directly demonstrated here.
doi__10.1002_chem.201801423	The steep sigmoidal dose-response curves of active teixobactin analogues, mirroring vancomycin behaviour, are consistent with a mechanism of action as lipid II and/or lipid III binders.	indirect		Pharmacodynamic curve shape is treated as a phenotypic fingerprint of lipid II/III binding; no direct binding assay was performed to confirm this inference.
doi__10.1002_chem.201801423	The outer membrane of P. aeruginosa acts as a permeability barrier preventing teixobactin analogues from accessing their lipid II/III targets, and sub-MIC colistin restores activity by disrupting this outer membrane.	direct_assay	MIC combination assay (teixobactin analogue + colistin against P. aeruginosa PAO1)	Synergistic killing is demonstrated functionally but outer membrane penetration and lipid II/III engagement in P. aeruginosa are not directly confirmed; colistin's outer membrane disruption is the assumed (not measured) intermediate mechanism.
doi__10.1002_chem.201801423	[Arg(Me)10,Nle11]teixobactin 63 is bactericidal against S. aureus USA300 JE2, reducing viable counts by more than 3 log10 CFU/mL within one hour at 10x MIC.	direct_assay	time-kill assay	Bactericidal effect is concentration-dependent: regrowth was observed at 4x MIC; tested against a single S. aureus strain (USA300 JE2) in one growth condition.
doi__10.1007_s00253-015-6394-7	rMP1102 exerted stronger activity against S. aureus than NZ2114 via a different mechanism, suggesting MP1102 and its parental peptide NZ2114 do not share the same killing mechanism.	inferred		Only the abstract is available; the mechanistic inference is drawn solely from comparative MIC and pharmacodynamic (time-kill) differences between MP1102 and NZ2114, not from direct mechanistic assays reported in the available text.
doi__10.1007_s00253-015-6394-7	The higher sensitivity of MRSA to MP1102 than to its parental peptide NZ2114, as indicated by pharmacodynamic analysis, suggests a possible difference in the killing mechanism of these two molecules.	hypothesis		Explicitly qualified by the authors as 'suggests a possible difference'; no direct mechanistic assay (e.g., membrane permeabilization, cell wall target binding) is described in the available text; conclusion is based entirely on comparative MIC data against MRSA isolates.
doi__10.1007_s00253-015-6394-7	rMP1102 is bactericidal, killing over 99.9% of S. aureus cells within 6 hours at one, two, and four times its MIC.	direct_assay	time-kill kinetics	Demonstrates bactericidal rate but does not identify the molecular target or killing mechanism; full methodology and controls are behind the paywall.
doi__10.1007_s00253-015-7265-y	APP caused slight depolarization (12.32 ± 0.87%) of the membrane potential of intact C. albicans cells during its anti-candidal activity.	direct_assay	membrane potential depolarization assay	Depolarization was described as 'slight', suggesting membrane disruption is not the primary killing mechanism
doi__10.1007_s00253-015-7265-y	APP caused only 21.52 ± 0.48% C. albicans cell membrane damage.	direct_assay	membrane integrity/permeabilization assay	Low level of membrane damage indicates membrane lysis is not the primary mechanism of action
doi__10.1007_s00253-015-7265-y	APP interacted with the cell wall membrane and caused potassium efflux and nucleotide leakage.	direct_assay	potassium efflux assay, nucleotide leakage assay	Partial membrane interaction does not fully account for killing activity given low overall membrane damage
doi__10.1007_s00253-015-7265-y	FITC-labeled APP penetrated C. albicans cell membranes with 52.31 ± 1.88% cell-penetrating efficiency and accumulated in the cytoplasm.	direct_assay	confocal fluorescence microscopy, flow cytometry	FITC labeling may alter peptide behavior; efficiency measured on population level, not all cells are penetrated
doi__10.1007_s00253-015-7265-y	APP interacted with C. albicans genomic DNA and completely suppressed DNA migration at peptide/DNA weight ratios at or above 2.	direct_assay	DNA binding/gel retardation assay	Gel retardation assay is performed in vitro and may not fully replicate intracellular conditions
doi__10.1007_s00253-015-7265-y	APP significantly arrested the C. albicans cell cycle during S-phase, with S-phase cell population of 27.09 ± 0.73% (p < 0.05) after penetrating the cell membrane.	direct_assay	flow cytometry cell cycle analysis	Causal link between intracellular DNA binding and S-phase arrest is inferred rather than mechanistically proven
doi__10.1007_s00253-015-7265-y	APP kills C. albicans through a combination of efficient cell-penetrating ability, strong intracellular DNA-binding affinity, and induction of S-phase cell cycle arrest.	inferred	membrane potential assay, membrane damage assay, potassium efflux assay, nucleotide leakage assay, confocal fluorescence microscopy, flow cytometry, DNA gel retardation assay, cell cycle flow cytometry	The relative contribution of each mechanism to killing has not been quantitatively dissected; intracellular DNA binding causing S-phase arrest is mechanistically plausible but not directly demonstrated via rescue experiments or genetic approaches
doi__10.1007_s00253-018-9561-9	Periplanetasin-2 causes intracellular ROS generation in E. coli, with elevated ROS observed in ΔdinF mutants compared to wild type.	direct_assay	intracellular ROS measurement (H2DCFDA fluorescent indicator)	Supplementary figures only; full quantitative data and dose-response context require the main paper; ΔdinF comparison suggests but does not prove ROS is mechanistically central
doi__10.1007_s00253-018-9561-9	Periplanetasin-2 induces membrane integrity disruption in E. coli.	direct_assay	membrane integrity assay (propidium iodide, PI)	Described only in the context of NAC control validation; full mechanistic dose-response data not presented in this supplementary text
doi__10.1007_s00253-018-9561-9	Periplanetasin-2 causes membrane depolarization in E. coli.	direct_assay	membrane depolarization assay (DiBAC4(3))	Mentioned only as a measured endpoint in the NAC control figure; magnitude and dose-dependence not detailed here
doi__10.1007_s00253-018-9561-9	Periplanetasin-2 causes lipid peroxidation in E. coli.	direct_assay	lipid peroxidation (TBARS assay)	Reported only in the context of NAC pretreatment controls; primary dose-response data in main paper
doi__10.1007_s00253-018-9561-9	Periplanetasin-2 induces DNA oxidation (8-OHdG formation) in E. coli.	direct_assay	DNA oxidation quantitation (8-OHdG)	Listed as a measured endpoint in supplementary control data; extent of damage not quantified in this text
doi__10.1007_s00253-018-9561-9	Periplanetasin-2 causes DNA strand breaks in E. coli.	direct_assay	DNA strand break assay (TUNEL)	Mentioned only in NAC control figure legend; primary data in main paper
doi__10.1007_s00253-018-9561-9	Periplanetasin-2 activates caspase-like activity in E. coli, consistent with apoptosis-like death.	direct_assay	caspase activation (FITC-VAD-FMK)	E. coli lacks true caspases; FITC-VAD-FMK detects caspase-like proteases; interpretation as apoptosis-like is an analogy, not direct evidence of canonical apoptosis
doi__10.1007_s00253-018-9561-9	Periplanetasin-2 induces phosphatidylserine (PS) externalization in E. coli, a hallmark of apoptosis-like death, and this effect is modulated by SOS-response genes recA and dinF.	direct_assay	PS externalization (Annexin V/PI double staining)	PS externalization is used as an apoptosis marker by analogy; causality of recA/dinF involvement is inferred from mutant MIC shifts and PS data, not direct biochemical pathway mapping
doi__10.1007_s00253-018-9561-9	Periplanetasin-2 increases intracellular Ca2+ levels in E. coli, and this increase persists even when ROS is scavenged by NAC pretreatment.	direct_assay	intracellular calcium measurement (Fura-2 AM)	Ca2+ signaling role in bacteria is less well-characterized than in eukaryotes; mechanistic link between Ca2+ elevation and cell death pathway is inferred, not directly demonstrated
doi__10.1007_s00253-018-9561-9	SOS-response genes recA and dinF contribute to E. coli resistance to periplanetasin-2, as deletion mutants show altered (dinF lower, recA higher) MIC values.	direct_assay	MIC determination against defined gene-deletion mutants (KEIO collection)	MIC changes indicate involvement but do not establish the mechanistic role of RecA or DinF in the apoptosis-like pathway; direction of effect differs between mutants, complicating a unified mechanistic interpretation
doi__10.1007_s00253-019-09785-0	P2 increases plasma membrane permeability in multidrug-resistant S. aureus (both clinical isolate E48 and ATCC43300) in a time- and dose-dependent manner, as demonstrated by propidium iodide (PI) uptake reaching up to 20–26.6% PI-positive cells at 4×MIC after 2 h.	direct_assay	membrane permeabilization (FACS/flow cytometry with propidium iodide staining)	PI staining indicates loss of membrane integrity but does not distinguish primary membrane disruption from secondary membrane damage downstream of another primary target; only two strains tested; data are from supplementary tables/figures with no statistical analysis reported in the provided text; the percentage of PI-positive cells even at 4×MIC after 2 h remains relatively low (~20–27%), leaving the dominant killing mechanism ambiguous
doi__10.1007_s00253-012-4441-1	Ranalexin acts as a membrane-active peptide against gram-positive and gram-negative bacteria, consistent with its structural relatedness to the bacterial antibiotic polymyxin.	inferred		Mechanism is inferred from structural analogy to polymyxin (Clark et al. 1994) and by categorization of ranalexin among 'membrane-active peptides' in cited literature (Giacometti et al. 1998); no direct membrane-disruption assay (e.g., liposome leakage, membrane potential) is reported in the available text. Full methods/results section is behind paywall and not provided.
doi__10.1007_s00253-012-4441-1	Recombinant ranalexin is cytotoxic to HeLa and COS7 human cancer cells with IC50 values of 13–15 μg/ml, implying a cell-killing action against mammalian cancer cells.	indirect	cytotoxicity assay (IC50 determination, likely MTT based on Mosmann 1983 citation)	IC50 measurement confirms cytotoxic potency but does not identify the molecular mechanism (membrane lysis, apoptosis induction, etc.); no selectivity data versus non-cancerous cells is reported in the abstract; mechanism is not discussed in available text.
doi__10.1007_s00253-009-1982-z	Disulfide bond formation is not essential for the antimicrobial activity of H4 against multidrug-resistant Acinetobacter baumannii, because recombinant H4 expressed in E. coli (which fails to form proper disulfide bonds) exhibited bactericidal activity statistically equivalent to that of chemically synthesized H4 (IC50 2.85 vs 3.67 µg/mL, P=0.655).	inferred	bactericidal colony count assay (CFU enumeration on LB agar after 2-hour peptide treatment)	Disulfide bond status of rH4 was not directly confirmed by redox analysis, alkylation, or disulfide-mapping mass spectrometry; the inference rests solely on activity equivalence between two peptide preparations rather than structural characterization; tested against a single MDR clinical isolate and one reference strain; may not generalise to other bacterial species or to activity against host membranes.
doi__10.1007_s00253-009-1982-z	H4 exerts direct bactericidal (lethal) effects against multidrug-resistant A. baumannii MDR-ZJ06, killing bacteria within 2 hours rather than merely inhibiting growth.	direct_assay	bactericidal colony count assay (modified microdilution, CFU enumeration on LB agar)	Assay performed in PBS at 1000 CFU/well, which may not reflect physiological salt or protein conditions; the specific killing mechanism (membrane disruption, intracellular targeting, etc.) was not investigated; MBC/MIC ratio not reported; a single clinical strain used.
doi__10.1007_s00253-009-1982-z	H4 kills Acinetobacter baumannii adhered to the surface of human type II alveolar lung cells (A549), demonstrating bactericidal activity in an in vitro cell infection context with an IC50 of approximately 3.17 µg/mL.	direct_assay	cell infection bactericidal assay (A549 lung epithelial infection model, CFU enumeration after peptide treatment)	Only surface-adhered bacteria assessed; intracellular bacteria not evaluated; peptide stability and effective concentration at the cell surface not measured; cytotoxicity of H4 toward A549 cells not reported; ATCC19606 reference strain (not the MDR isolate) used for this model.
doi__10.1007_s00253-021-11454-0	Lin-Lf4NH2 and Lin-Lf5NH2 penetrate the bacterial membrane more rapidly than their parent peptides Lf4NH2 and Lf5NH2, as measured by membrane penetration percentages at 5 minutes.	direct_assay	membrane permeabilization (quantitative penetration assay), laser scanning confocal microscopy	Assay type (likely dye-uptake flow cytometry) not fully named in available text; mechanism of penetration (pore formation vs. membrane thinning vs. carpet model) not distinguished
doi__10.1007_s00253-021-11454-0	Lin-Lf4NH2 and Lin-Lf5NH2 disrupt S. hyicus cell membranes and cause leakage of intracellular contents.	direct_assay	electron microscopy (SEM/TEM morphological observation)	Electron microscopy shows structural damage but does not identify the molecular mechanism of disruption; downstream consequences of leakage (e.g., loss of specific ions, ATP, or nucleic acids) not quantified
doi__10.1007_s00253-021-11454-0	Lin-Lf4NH2 and Lin-Lf5NH2 reduce the levels of pro-inflammatory cytokines TNF-α, IL-6, and IL-1β and chemokine MCP-1 in S. hyicus skin lesions.	direct_assay	cytokine/chemokine quantification in vivo (mouse skin lesion model)	In vivo cytokine reduction may be secondary to bacterial load reduction rather than a direct immunomodulatory mechanism of the peptides; the two effects are not decoupled in the available text
doi__10.1007_s00726-010-0618-z	Membrane permeabilization is the cause of SD-8 antimicrobial activity, as demonstrated by transmission electron microscopy studies.	direct_assay	membrane permeabilization, transmission electron microscopy	TEM is a structural/morphological readout; it shows membrane disruption but does not rule out additional intracellular mechanisms.
doi__10.1007_s00726-010-0618-z	SD-8 kills methicillin-sensitive Staphylococcus aureus (MSSA) within 120 minutes and MRSA within 90 minutes, as shown by kinetics (time-kill) assays.	direct_assay	time-kill kinetics assay	Killing kinetics are consistent with membrane-active mechanisms but do not by themselves confirm mechanism.
doi__10.1007_s00726-010-0618-z	SD-8 inhibits COX-2 with a K_D of 2.36×10⁻⁹ M and K_i of 4.8×10⁻⁸ M, demonstrating anti-inflammatory activity via COX-2 inhibition.	direct_assay	surface plasmon resonance (binding affinity), enzyme inhibition assay (K_i)	COX-2 inhibition is a distinct mechanism from antibacterial activity; in vivo anti-inflammatory relevance is supported only by histopathology, not a dedicated inflammation assay.
doi__10.1007_s00253-019-10313-3	NZX exhibited intracellular antibacterial activity against S. hyicus in HaCaT cells.	direct_assay	intracellular killing assay in HaCaT keratinocytes	Single cell line used; assay details (MOI, timepoint, CFU recovery method) not visible in abstract; mechanism of intracellular accumulation/action not characterized
doi__10.1007_s00253-019-10313-3	NZX is bactericidal against S. hyicus NCTC10350, killing the organism completely at 2× and 4× MIC within 24 hours.	direct_assay	time-kill kinetics	Single strain tested; killing rate and concentration-dependence details not reported in abstract
doi__10.1007_s00253-019-10313-3	NZX inhibited bacterial translocation in a mouse infection model.	indirect		In vivo endpoint; mechanistic basis of translocation inhibition (direct bactericidal, barrier-protective, or immunological) is not distinguished in the available text
doi__10.1007_s00253-019-10313-3	NZX downregulated pro-inflammatory cytokines TNF-α, IL-1β, and IL-6, and upregulated anti-inflammatory cytokine IL-10 in a mouse infection model.	indirect		Whether immunomodulation is a direct peptide effect or secondary to bacterial load reduction is not resolved in the abstract; cytokine assay details not provided
doi__10.1007_s00253-019-10313-3	NZX, as a plectasin-derived peptide, is implicitly associated with the plectasin mechanism of targeting the bacterial cell wall precursor lipid II, as established for the parent molecule.	inferred		The paper cites Schneider et al. 2010 for lipid II targeting by plectasin, but no direct assay (e.g., lipid II binding, cell wall biosynthesis inhibition) demonstrating this mechanism for NZX itself is reported in the available abstract text; attribution is by lineage, not direct evidence
doi__10.1007_s00253-021-11135-y	P2 induced membrane damage of S. dysgalactiae, causing leakage of cellular content and eventually cell death.	direct_assay	electron microscopy (SEM/TEM), flow cytometry	Full paper paywalled; specific membrane assay details (e.g., propidium iodide, SYTOX) not described in available abstract text
doi__10.1007_s00253-021-11135-y	P2 achieved rapid bactericidal action with a 3.0 log unit reduction in viable S. dysgalactiae within 2–4 hours.	direct_assay	time-kill kinetics	Mechanism driving the killing rate is not distinguished from membrane damage data
doi__10.1007_s00253-021-11135-y	P2 inhibited early biofilm formation of S. dysgalactiae.	direct_assay	confocal laser scanning microscopy (CLSM)	Molecular basis of biofilm inhibition (e.g., interference with adhesion, signaling) is not specified in the available text
doi__10.1007_s00253-021-11135-y	P2 eradicated mature S. dysgalactiae biofilms, reducing biofilm thickness from 18.82 to 7.94 μm.	direct_assay	confocal laser scanning microscopy (CLSM)	Mechanism of mature biofilm disruption is not elaborated; physical vs. bactericidal action not distinguished
doi__10.1007_s00253-021-11135-y	P2 killed 99.9% of S. dysgalactiae persister cells that were resistant to 100× MIC vancomycin.	direct_assay	persister cell viability assay	Mechanism by which P2 overcomes vancomycin-resistant persister tolerance is not mechanistically explained; persister identity not independently confirmed
doi__10.1007_s00253-021-11135-y	P2 decreased the number of mammary bacteria and alleviated breast inflammation by regulating cytokines and inhibiting bacterial proliferation in a mouse mastitis model.	direct_assay	in vivo mouse mastitis model, bacterial colony counts, cytokine quantification	In vivo cytokine regulation may be an indirect consequence of bacterial clearance rather than a direct immunomodulatory MOA; specific cytokines not named in available text
doi__10.1007_s00253-021-11135-y	No resistant mutants of S. dysgalactiae emerged after 30-day serial passage in the presence of P2, suggesting a mechanism that is difficult to develop resistance against.	indirect	serial passage resistance frequency assay	Absence of resistance is consistent with membrane-targeting mechanisms but does not by itself confirm any specific MOA; 30-day passage may not capture all resistance routes
doi__10.1007_s00726-014-1750-y	The p53-derived peptides exert cytotoxicity on breast cancer cells by disrupting the p53–MDM2 protein–protein interaction, thereby releasing p53 from its negative regulator MDM2.	inferred		Mechanism is inferred from the design rationale (MDM2-binding affinity) and IC50 measurements; no direct intracellular p53 activation, MDM2-displacement, or apoptosis assays are described in the abstract or accessible text.
doi__10.1007_s00726-014-1750-y	Targeting the p53–MDM2 protein–protein interaction is proposed as the mechanistic basis for the anticancer activity of the designed peptides.	hypothesis		This is a design hypothesis supported only by computational binding affinity predictions and cytotoxicity (IC50) data; no cell-based confirmation of MDM2 displacement or p53 pathway activation is reported in the available text.
doi__10.1007_s002849900121	Globomycin inhibits signal-peptidase II (LspA), thereby preventing cleavage of the prespiralin leader peptide in Spiroplasma melliferum.	direct_assay	SDS-PAGE protein analysis, immunolabeling (Western blotting), crossed immunoelectrophoresis	Demonstrated only in S. melliferum; mechanism assigned by analogy to known globomycin biochemistry in other organisms.
doi__10.1007_s002849900121	Prespiralin blocked by globomycin accumulates in the membrane fraction and does not accumulate in the cytoplasm or culture medium, indicating membrane retention of the unprocessed precursor.	direct_assay	cell fractionation	Fractionation purity and completeness not assessable from the abstract alone.
doi__10.1007_s002849900121	Globomycin at concentrations up to 30 μM does not alter the electrical transmembrane potential of S. melliferum, indicating it does not act via membrane depolarization.	direct_assay	membrane potential-sensitive fluorescent dye (diS-C3-[5])	Only tested up to 30 μM, which exceeds the MIC (6.25–12.5 μM) but may not cover all pharmacologically relevant concentrations; single dye readout.
doi__10.1007_s002849900121	The toxicity of globomycin for spiroplasma cells is mainly if not exclusively due to inhibition of spiralin processing rather than membrane disruption.	inferred		Inferred by elimination (no transmembrane potential effect observed); other non-membrane mechanisms not directly tested; 'mainly if not exclusively' qualifier acknowledges residual uncertainty.
doi__10.1007_s002849900121	Melittin (bee-venom) disrupts the electrical transmembrane potential of S. melliferum, consistent with a membrane-depolarization mechanism of action.	direct_assay	membrane potential-sensitive fluorescent dye (diS-C3-[5])	Melittin is cited only as a positive-control comparator; no dose-response or mechanistic detail for melittin is reported in this paper.
doi__10.1007_s002849900121	Spiralin and probably other mollicute lipoproteins are acylated and membrane-targeted through a pathway involving type II signal peptidase (LspA)-dependent processing of a prelipoprotein precursor.	hypothesis		Authors use 'suggest' and 'probably'; based on combining present results with previously published data; direct acylation and full trafficking pathway not demonstrated in this paper.
doi__10.1007_s00726-015-2082-2	Proline-rich antimicrobial peptides' reduced efficacy against Pseudomonas aeruginosa and Staphylococcus aureus could be related to inadequate uptake mechanisms.	hypothesis		Stated as a possible explanation ('could be related to'), no uptake assay data presented in the text provided; full paper body not available to confirm experimental support.
doi__10.1007_s00726-015-2082-2	Proline-rich antimicrobial peptides act intracellularly by targeting the bacterial 70S ribosome or the chaperone DnaK.	inferred		Presented as established background knowledge attributed to prior cited work (Krizsan et al. 2014; Knappe et al. 2011b; Roy et al. 2015; Seefeldt et al. 2015); no direct assay data for this mechanism is reported within the text of this paper as provided.
doi__10.1007_s00726-015-2082-2	Reduced antibacterial activity of proline-rich antimicrobial peptides against certain pathogens could be related to structural differences in the intracellular target proteins (70S ribosome or DnaK) compared to susceptible species.	hypothesis		Framed as a speculative explanation ('could be related to') alongside the uptake hypothesis; no comparative structural or binding data presented in the available text to distinguish this from the uptake hypothesis.
doi__10.1007_s00726-018-2638-z	CM11 is a short cationic peptide with high antimicrobial activity against bacterial pathogens, consistent with membrane-active mechanisms described for cationic antimicrobial peptides.	indirect		The paper cites prior work (Moghaddam et al. 2012, 2014) and a general reference (Shai 2002) for mechanism; no direct mechanistic assay is performed in this study itself.
doi__10.1007_s00726-018-2638-z	CM11 acts as a membrane-active antimicrobial peptide, consistent with its cationic nature enabling interaction with bacterial membranes.	inferred		Inferred solely from the peptide's cationic character and citation of Shai (2002) on membrane-active AMPs; no membrane disruption, dye-leakage, or electron microscopy assay is reported in this paper.
doi__10.1007_s00726-018-2638-z	Silver ions exert antibacterial effects, implicated in disruption of bacterial cellular functions.	indirect		Mechanism attributed entirely to a cited external study (Feng et al. 2000) on silver ions against E. coli and S. aureus; not demonstrated for the AgBG formulation or against the clinical isolates studied here.
doi__10.1007_s00726-013-1616-8	SMAP-29 kills microorganisms by disrupting and perturbing the lipid bilayer of bacterial cell membranes.	direct_assay	dye leakage from bacterial membrane-mimicking liposomes (LUVs), NPN uptake, ONPG hydrolysis	Assays use membrane-mimicking liposomes and outer-membrane permeabilization proxies, not live bacterial membranes; exact molecular mechanism (carpet vs. toroidal pore) not resolved in this paper.
doi__10.1007_s00726-013-1616-8	SMAP-18-W kills bacteria by forming pores or ion channels on bacterial cell membranes, similar in mechanism to SMAP-29 but acting at a distinct structural level.	inferred	membrane depolarization (DiSC3-5 probe, >80% depolarization of S. aureus at 2×MIC)	Pore/ion-channel assignment is proposed based on depolarization data alone; SMAP-18-W showed only weak dye leakage, NPN uptake, and ONPG hydrolysis, making a pure membrane-disruption model inconsistent; no single-channel electrophysiology or structural pore evidence presented.
doi__10.1007_s00726-013-1616-8	SMAP-18 kills bacteria via an intracellular-targeting mechanism rather than membrane disruption.	inferred	confocal laser scanning microscopy (membrane translocation without disruption); absence of membrane depolarization at up to 4×MIC (DiSC3-5); weak dye leakage, NPN uptake, and ONPG hydrolysis	Intracellular target(s) are not identified; translocation observed by confocal microscopy does not directly demonstrate killing at an intracellular site; mechanistic conclusion is inferential from the combination of negative membrane-disruption results and positive translocation observation.
doi__10.1007_s00726-013-1616-8	SMAP-18 translocates across the bacterial membrane in a non-membrane-disruptive manner.	direct_assay	confocal laser scanning microscopy	Confocal imaging resolution and fluorescent labeling may not fully distinguish membrane insertion from true translocation; experiments performed at specific peptide concentrations and bacterial strains that may not generalize.
doi__10.1007_s00726-013-1616-8	SMAP-18-W causes significant membrane depolarization (>80%) of Staphylococcus aureus at 2×MIC.	direct_assay	membrane depolarization assay (DiSC3-5 fluorescent probe)	Single bacterial species tested; depolarization magnitude may vary with membrane composition and growth conditions.
doi__10.1007_s00726-013-1616-8	SMAP-18 does not cause membrane depolarization of Staphylococcus aureus even at 4×MIC.	direct_assay	membrane depolarization assay (DiSC3-5 fluorescent probe)	Negative result confined to S. aureus at tested concentrations; does not rule out partial or species-specific depolarization.
doi__10.1007_s00726-013-1616-8	SMAP-18 and SMAP-18-W have relatively weak ability to permeabilize the outer bacterial membrane compared to SMAP-29, as measured by NPN uptake and ONPG hydrolysis.	direct_assay	NPN uptake (outer membrane integrity), ONPG hydrolysis (inner membrane permeabilization)	Assays probe membrane permeabilization proxies and may underreport subtle perturbations; species and strain specificity not fully characterized.
doi__10.1007_s00726-013-1616-8	SMAP-29 and SMAP-18-W are unable to translocate the bacterial membrane, unlike SMAP-18.	direct_assay	confocal laser scanning microscopy	Same microscopy resolution and labeling caveats as for SMAP-18 translocation; limited to conditions tested.
doi__10.1007_s00726-017-2402-9	Cationic peptides studied are membrane-active, functioning through membrane perturbation as their primary mode of antibacterial action.	indirect	haemolytic activity assay, antibacterial activity assay (MIC)	Only abstract and reference list are available; full experimental data and mechanistic assays are behind paywall; membrane activity is inferred from the 'membrane-active' descriptor and haemolysis results, not from direct mechanistic experiments described in the accessible text.
doi__10.1007_s00726-017-2402-9	Buforin 2 translocates through lipid bilayers, with proline acting as a translocation-promoting factor, allowing it to enter cells rather than lyse membranes.	indirect		This claim is attributed to a cited reference (Kobayashi et al. 2000), not to original experiments in this paper; the paper uses Buforin as a comparative example but the mechanistic evidence is external.
doi__10.1007_s00726-017-2402-9	CM15, a hybrid cecropin A-melittin peptide, acts by membrane insertion and bilayer perturbation.	indirect		Mechanistic claim is supported by a cited reference (Pistolesi et al. 2007), not by original experiments performed in this paper.
doi__10.1007_s00726-017-2402-9	Melittin induces leakage of internal markers from erythrocytes and lipid vesicles, consistent with a membrane-disrupting mechanism.	indirect		Referenced from Portlock et al. 1990 and Habermann 1972; not an original finding of this paper.
doi__10.1007_s00726-017-2402-9	Penetratin exerts antibacterial activity against Streptococcus pneumoniae at concentrations (MIC < 1.2 μM) more than 250-fold below its haemolytic concentration (HC50), suggesting a bacterium-selective membrane-active mechanism.	indirect	MIC determination, haemolysis assay (HC50)	Selectivity index is reported but the precise molecular mechanism is not directly characterized in experiments described in the accessible text; membrane activity is inferred from peptide class designation.
doi__10.1007_s00726-017-2402-9	Transportan exhibits antibacterial activity against both Streptococcus pneumoniae (MIC < 1.2 μM) and Mycobacterium tuberculosis, acting as a membrane-active cationic peptide.	indirect	MIC determination	Mechanism inferred from class ('membrane-active'); no direct mechanistic assay described in accessible text.
doi__10.1007_s00425-002-0902-6	The molecular targets of the majority of basic antimicrobial peptides are thought to be acidic phospholipids in biomembranes.	hypothesis		Attributed to field consensus ('it is thought'); no supporting assay in this paper; applies to AMPs generally, not specifically to PDFLs.
doi__10.1007_s00425-002-0902-6	For at least some AMPs, biomembranes may function merely as a barrier hindering access to a primary intracellular target rather than being the target themselves.	hypothesis		Presented as a possibility ('may just be a barrier'); no supporting assay in this paper; scope ('some AMPs') is unspecified.
doi__10.1007_s00425-002-0902-6	Plant defensins originally called γ-thionins inhibit α-amylase activity.	indirect		Cited from prior literature (ref 28); not tested in this paper; restricted to a specific defensin sub-class.
doi__10.1007_s00425-002-0902-6	Plant defensins originally called γ-thionins inhibit protein synthesis.	indirect		Cited from prior literature (ref 29); not tested in this paper; restricted to a specific defensin sub-class.
doi__10.1007_s00425-002-0902-6	Arabidopsis PDF1.1 protects the plant against Pectobacterium carotovorum via iron capture (metal-withholding defence).	indirect		Cited from prior literature (ref 35); not tested or reproduced in this paper.
doi__10.1007_s00425-002-0902-6	Arabidopsis PDF2.5 and PDF2.6 chelate cadmium, suggesting a metal-binding mechanism of action.	indirect		Cited from prior literature (refs 36, 37); not tested in this paper; cadmium chelation may reflect abiotic stress tolerance rather than antimicrobial MOA.
doi__10.1007_s00425-002-0902-6	PDFL1.1 and PDFL2.1 induce hyperbranching and swollen hyphal tips in Fusarium graminearum at higher concentrations, indicative of antimicrobial activity affecting hyphal morphology.	direct_assay	fungal hyphal morphology microscopy	Observed only in F. graminearum, not in F. oxysporum or B. cinerea; described as 'indicative' of activity but specific underlying mechanism (e.g. cell wall disruption, membrane permeabilisation) is not determined; paper explicitly states the mechanism of action for these two PDFLs is unknown.
doi__10.1007_s00425-002-0902-6	Plant defensins are known to target intracellular targets including interaction with nucleic acids and inhibition of ion channels as antifungal mechanisms.	inferred		Cited from a review (ref 88); not tested in this paper; presented as general knowledge about plant defensins, not demonstrated for PDFLs.
doi__10.1007_s00425-002-0902-6	The Medicago truncatula defensin MtDef4 damages the outer membrane of Pseudomonas species as its antibacterial mechanism.	indirect		Cited from prior literature (ref 89) for a different species' defensin; not tested in this paper; not extrapolated by authors to PDFLs.
doi__10.1007_s00425-002-0902-6	The Medicago truncatula defensin MtDef5 inhibits translation in Pseudomonas species as its antibacterial mechanism.	indirect		Cited from prior literature (ref 89) for a different species' defensin ('seemed to inhibit translation' — authors' own qualifier); not tested in this paper; not extrapolated to PDFLs.
doi__10.1007_s00425-002-0902-6	The higher antimicrobial activity of PDFL1.1 compared to PDFL2.1 could be due to its higher isoelectric point (pI 8.62 vs 7.63), implying an electrostatic/charge-based interaction with microbial membranes or surfaces.	hypothesis		Authors use 'could be due to'; no mechanistic assay performed; pI difference is the sole basis for the inference; structural differences (one vs. two β-sheets) are acknowledged as a confounding variable.
doi__10.1007_s00726-012-1395-7	Alyteserin-2a is classified as a cell-penetrating peptide, implying its cytotoxic mechanism involves direct membrane penetration or translocation into target cells.	indirect		Classification stated in abstract and keywords; no cell-penetration assay (e.g., confocal internalization, flow cytometry) is described in the available text; full paper is paywalled so supporting data cannot be confirmed.
doi__10.1007_s00726-012-1395-7	The cytotoxic activity of alyteserin-2a analogs against tumor cells is mediated by a membrane-disrupting mechanism consistent with their amphipathic α-helical, cationic structure, as evidenced by parallel increases in hemolytic activity when hydrophobic-face substitutions are made.	indirect	hemolysis assay, cell viability/cytotoxicity assay (LC50 against A549, HepG2, MDA-MB-231, HT-29)	No direct membrane-permeabilization assay (e.g., dye leakage, FITC-dextran uptake) described in the abstract; membrane disruption is inferred from the co-variation of hemolytic and cytotoxic activities with structural changes rather than directly demonstrated.
doi__10.1007_s00726-012-1395-7	Increasing cationicity (e.g., N15K substitution) preferentially enhances electrostatic attraction to negatively charged tumor cell membranes over neutral erythrocyte membranes, underpinning improved tumor-cell selectivity.	inferred		Inferred from SAR data (improved therapeutic index with added Lys); no direct membrane-binding or zeta-potential assay described; the paper does not measure membrane surface charge of the cell lines used.
doi__10.1007_s00726-012-1395-7	Reducing α-helicity while increasing cationicity (incorporation of d-Lys11) lowers activity against non-neoplastic erythrocytes while retaining potency against tumor cells, suggesting helicity modulates non-selective membrane insertion.	inferred		Inferred from comparative LC50 and therapeutic index values; helicity change is presumed from d-amino acid substitution but not confirmed by CD spectroscopy in the abstract; mechanism of helicity-dependent selectivity not directly assayed.
doi__10.1007_s00726-012-1395-7	[G11k, N15K] alyteserin-2a inhibits the release of the immunosuppressive cytokines IL-10 and TGF-β from both unstimulated and concanavalin A-stimulated peripheral blood mononuclear cells at concentrations as low as 1 µg/mL.	direct_assay	cytokine release assay (PBMC stimulation with concanavalin A, measurement of IL-10 and TGF-β)	Whether cytokine inhibition results from direct membrane disruption of PBMCs, intracellular signaling interference, or cytotoxicity to the PBMC subset is not specified in the abstract; downstream mechanism is uncharacterized.
doi__10.1007_s00726-018-2542-6	K11 localizes exclusively in the bacterial membrane, leading to cell death.	direct_assay	membrane localization by confocal microscopy	Reported as prior work by the same group, not re-demonstrated in this study; causal link from localization to cell death is asserted, not mechanistically dissected.
doi__10.1007_s00726-018-2542-6	K11 exerts its antimicrobial action by destabilizing the bacterial membrane, as evidenced by blisters and bubbles formed on the surface of Staphylococcus aureus ATCC 25923 exposed to K11 at MIC.	indirect	scanning electron microscopy (surface morphology)	SEM captures surface morphology changes only; paper uses hedged language ('suggesting'); no direct membrane permeability or leakage assay (e.g., dye release, ion conductance) is reported in this study.
doi__10.1007_s00726-018-2542-6	The polyproline II (PPII) secondary structure of K11 is stabilized by interaction with negatively charged phospholipids in the bacterial membrane.	direct_assay	circular dichroism spectroscopy with DMPG-LUV and bacterial membrane lipid extract-LUV	Experiments used model lipid vesicles (LUV), not intact bacterial membranes; PPII enhancement in the presence of DMPG-LUV is a structural correlation—the causal relationship between PPII stabilization and membrane disruption is not directly demonstrated.
doi__10.1007_s00726-018-2542-6	The PPII secondary structure of K11 is not the sole determinant of its antimicrobial activity.	inferred		Conclusion is drawn by comparing MIC values of proline/alanine analogs with their CD-measured PPII propensity; no mechanistic experiment isolates PPII contribution independently; alternative determinants are not identified.
doi__10.1007_s10096-011-1188-z	Lysostaphin kills staphylococcal bacteria by cleaving the pentaglycine bridges in the cell wall.	indirect		Mechanism cited from prior literature (refs 3, 31), not directly demonstrated in this study; this paper only measures viable counts.
doi__10.1007_s10096-011-1188-z	Most of the antimicrobial peptides used in this study act against bacteria by affecting the integrity and functioning of the cell membrane.	indirect		Attributed to cited literature (refs 25, 32–37), not demonstrated by any assay in this study.
doi__10.1007_s10096-011-1188-z	Synergistic bactericidal activity of lysostaphin with antimicrobial peptides could result from the peptides having greater access to the cell membrane thanks to the cell wall-degrading abilities of lysostaphin.	hypothesis		Explicitly framed as a proposed mechanism ('could result from'); no mechanistic assay performed to test this in the study.
doi__10.1007_s10096-011-1188-z	Resistance to antimicrobial peptides is reported only rarely because these compounds typically disrupt the bacterial cell membrane.	indirect		General claim attributed to cited literature (refs 24–27); not tested in this study.
doi__10.1007_s00726-018-2673-9	dUSCLs 2 and 6 potentiate chloramphenicol against wild-type P. aeruginosa PAO1 (FIC ≤0.281) but show only additive effects against efflux-deficient strains lacking MexAB-OprM (PAO200) or five efflux pumps plus OpmH (PAO750), indicating the dUSCLs act at least in part by interfering with efflux, particularly the MexAB-OprM pump.	indirect		Additive (not antagonistic) effects in efflux-null strains mean efflux inhibition is not the sole mechanism; the paper does not measure direct pump inhibition or binding to pump components; strain differences in outer membrane composition could confound the comparison.
doi__10.1007_s00726-018-2673-9	dUSCL 2 synergises with structurally/functionally diverse antibiotics including rifampicin (256-fold potentiation), trimethoprim, minocycline, fosfomycin, piperacillin, ciprofloxacin, levofloxacin, moxifloxacin, linezolid, and vancomycin against P. aeruginosa PAO1, consistent with outer membrane permeabilisation that increases intracellular accumulation of multiple antibiotic classes.	inferred		Synergy in checkerboard assays is phenotypic and does not directly demonstrate outer membrane disruption; no permeabilisation assay (e.g. NPN uptake, ONPG hydrolysis) is reported in this supplementary document; alternative mechanisms (efflux inhibition, membrane depolarisation) are not excluded.
doi__10.1007_s00726-018-2673-9	Simple cationic amphiphiles (benzethonium chloride, benzalkonium chloride, cetrimonium bromide) produce only additive—not synergistic—effects with chloramphenicol against P. aeruginosa, A. baumannii, and E. coli, implying that the adjuvant mechanism of dUSCLs is not merely attributable to generic cationic membrane disruption.	indirect		Comparison is between chemically distinct compound classes; differences in potency, amphiphilicity, or physicochemical properties (not mechanism per se) could explain the divergent outcomes; no direct mechanistic assay was performed on the comparators.
doi__10.1007_s00726-018-2633-4	All nine synthesized peptides had hydrophobic content ranging from 30 to 70% and were predicted to form alpha-helices, structural properties associated with membrane-active antimicrobial mechanisms.	hypothesis		Alpha-helix formation and hydrophobicity are predicted in silico; no direct membrane disruption assay reported in the available text. Structural prediction does not confirm actual MOA.
doi__10.1007_s00726-018-2633-4	Three of the synthesized peptides possess sequence similarities with piscidins, antimicrobial peptides known to act via membrane disruption, implying a similar membrane-targeting mechanism.	inferred		Similarity to piscidins is sequence-based; no direct mechanistic assay performed on these peptides to confirm membrane disruption. MOA is inferred by analogy to the piscidin family.
doi__10.1007_s00726-018-2633-4	One synthesized peptide possesses sequence similarity with BMAP-27, a cathelicidin that disrupts bacterial membranes, suggesting a membrane-lytic mechanism of action.	inferred		Similarity is sequence-based only; no direct mechanistic assay performed on this peptide.
doi__10.1007_s00726-018-2633-4	Peptides VA 20 and FK 19 were hemolytic, indicating they possess membrane-disrupting activity.	indirect	hemolysis assay	Hemolysis demonstrates membrane interaction with eukaryotic red blood cells, but does not directly characterize the antibacterial mechanism against prokaryotic membranes.
doi__10.1007_s00726-018-2633-4	GR 21 induced less than 10% hemolysis on human blood cells at 200 µM, suggesting it has low membrane-disrupting activity toward eukaryotic cells while retaining antibacterial efficacy.	indirect	hemolysis assay	Low hemolysis supports membrane selectivity but does not directly characterize the mechanism of bacterial killing; no bacterial membrane permeabilization assay reported in available text.
doi__10.1007_s00726-015-2136-5	The mechanism of SB056 is attributed to disruption of bacterial membranes.	indirect		Stated as prior attribution from earlier work (ref 21), not re-demonstrated in this study; no direct membrane disruption assay (e.g., dye leakage) performed here.
doi__10.1007_s00726-015-2136-5	AMPs generally act by physically destroying or permeabilizing the microbial plasma membrane through unspecific interactions with the lipids, rather than engaging specific intracellular targets.	inferred		General statement about AMP class, not specific to SB056; backed only by citations [7,8], not by data in this paper.
doi__10.1007_s00726-015-2136-5	SB056 is membrane-active by folding into an amphiphilic β-type conformation in lipidic environments.	direct_assay	biophysical characterization, membrane affinity assays (prior work, ref 21)	Data are from a prior publication (ref 21), not reproduced in this study; structural details of vesicle-bound state described as 'still lacking' in the current paper.
doi__10.1007_s00726-015-2136-5	Enhanced amphipathic profile of the analog (lin-SB056-1) leads to formation of more ordered and stable β-strands when the monomeric linear peptide binds to model membranes, correlating with increased antimicrobial performance.	direct_assay	model membrane binding, structural characterization (prior work, ref 22)	Data from prior publication (ref 22); structural characterization not repeated here.
doi__10.1007_s00726-015-2136-5	Electrostatics plays a fundamental role in the first step of peptide action—membrane binding—as demonstrated by reduced peptide-lipid affinity upon addition of physiological salt concentrations.	direct_assay	tryptophan fluorescence spectroscopy (membrane binding titration with LUVs in presence/absence of 150 mM NaCl)	Blue-shift data are qualitative; quantitative binding constants were not calculated due to lack of structural information about the vesicle-bound state.
doi__10.1007_s00726-015-2136-5	Membrane affinity of all SB056 peptides increases with increasing content of negatively charged lipid (PG), consistent with electrostatic attraction between cationic peptides and anionic bacterial membranes.	direct_assay	tryptophan fluorescence spectroscopy with LUVs at 0%, 25%, 50%, 75% PG	Only model membranes (PC/PG LUVs) used; no native bacterial membrane experiments performed.
doi__10.1007_s00726-015-2136-5	lin-SB056-1 displayed the highest overall membrane affinity including for zwitterionic PC bilayers, indicating that beyond electrostatics, the distribution of charged/polar and hydrophobic residues along the sequence has a significant role in driving peptide-lipid interaction.	direct_assay	tryptophan fluorescence spectroscopy with LUVs	Mechanistic interpretation is inferred from fluorescence affinity data; specific hydrophobic insertion depth or orientation not determined; quantitative binding constants not calculated.
doi__10.1007_s00726-015-2136-5	The dendrimeric scaffold retains membrane affinity at physiological ionic strength to a greater extent than the linear form, suggesting that the higher local charge density per mole of dendrimer partially offsets electrostatic screening by salt.	direct_assay	tryptophan fluorescence spectroscopy with LUVs in PBS (150 mM NaCl)	Mechanistic interpretation is inferred; den-SB056-1 retains more salt-resistant affinity than den-SB056 despite identical net charge, which the authors note is unexplained by electrostatics alone.
doi__10.1007_s00726-015-2136-5	Dendrimeric peptides act bactericidally with a much faster killing rate (complete kill within 5 min) than linear peptides (30–90 min), consistent with a membrane-disruption mechanism.	direct_assay	killing kinetics assay (CFU enumeration over time against E. coli and S. aureus)	Rapid killing is consistent with but does not directly prove membrane disruption; no complementary membrane integrity assay (e.g., propidium iodide uptake) was performed in this study.
doi__10.1007_s00726-015-2136-5	The higher hemolytic activity of dendrimeric peptides compared to their linear counterparts is likely due to the higher local concentration of bioactive units presented by the dendrimeric scaffold.	inferred	hemolysis assay	Mechanistic explanation ('higher local concentration') is speculative; no direct structural or biophysical evidence for this interpretation is provided in the paper.
doi__10.1007_s00726-015-2136-5	The peptide tryptophan residue inserts into the hydrophobic core of the lipid bilayer upon membrane binding, as evidenced by a blue shift in tryptophan fluorescence emission.	direct_assay	tryptophan fluorescence spectroscopy (blue-shift assay with LUVs)	Exact insertion depth and peptide orientation not determined; fluorescence intensity changes were not used quantitatively due to multiple confounding factors (self-quenching, lysine-tryptophan quenching, PG head-group quenching).
doi__10.1007_s00726-023-03290-5	PMAP-23 adopts a dynamic helix–hinge–helix structure, initially attaching to membrane surfaces through the N-helix and subsequently inserting the C-helix into the lipid bilayer.	hypothesis		Explicitly stated as a hypothesis from earlier studies; structural model underpinning the design rationale, not directly demonstrated in this paper.
doi__10.1007_s00726-023-03290-5	PMAP-NC largely disrupted membrane integrity, and the efficiency and kinetics of bacterial killing are associated with membrane permeabilization.	direct_assay	membrane permeabilization (fluorescence studies)	Specific fluorescence assay details (e.g., dye leakage, propidium iodide uptake) are not described in the abstract/visible text; full methods are behind paywall.
doi__10.1007_s00726-023-03290-5	The structural arrangement of an amphipathic helix–hinge–hydrophobic helix plays a critical role in rapid and efficient membrane permeabilization.	inferred	membrane permeabilization (fluorescence studies)	Causal role of the specific structural arrangement is inferred from comparing PMAP-NC to PMAP-23; direct structural proof (e.g., NMR, MD simulation) is not reported in the visible text.
doi__10.1007_s00726-023-03290-5	PMAP-NC exhibited much better anticancer activity against tumor cells than PMAP-23, consistent with membrane disruption as the mechanism.	indirect		Anticancer mechanism is implied by analogy to antibacterial membrane permeabilization; no direct mechanistic assay for cancer cell killing is described in the visible text.
doi__10.1007_s00726-023-03290-5	Increased amphipathicity in the N-helix and increased hydrophobicity in the C-helix of PMAP-NC underlie its improved bactericidal activity relative to parental PMAP-23.	inferred		Conclusion is based on rational design logic and activity comparisons; individual contributions of N- vs C-helix modifications are not separately dissected by assay in the visible text.
doi__10.1007_s00726-016-2196-1	L1A and its analogs kill bacteria by disrupting lipid packing of the bacterial membrane through a lytic mechanism, without requiring membrane receptors.	indirect	membrane permeabilization (carboxyfluorescein dye leakage from LUVs)	Lytic mechanism demonstrated only in model membrane liposomes (LUVs), not directly in intact bacterial cells; the paper explicitly notes that correlation between liposome lytic activity and antibacterial activity could not be established for the N-terminus-modified analogs.
doi__10.1007_s00726-016-2196-1	The initial step of Gram-negative antibacterial activity is electrostatic interaction between the cationic peptide and the anionic lipopolysaccharides of the Gram-negative outer membrane, mediating selectivity toward Gram-negative over Gram-positive bacteria.	inferred		Inferred solely from the observation that reducing net charge (+3 to +2) impaired Gram-negative MIC; no direct LPS-binding or outer-membrane-disruption assay was performed.
doi__10.1007_s00726-016-2196-1	Formation of an amphipathic helical structure upon contact with the lipid bilayer interface is required for the lytic and antibacterial activity of L1A, because it enables productive membrane interaction.	indirect	membrane permeabilization (carboxyfluorescein dye leakage), circular dichroism in SUVs	Causality is correlational: higher helical fraction in anionic vesicles accompanies higher lytic efficiency, but the paper cannot exclude that charge or other structural factors are primary drivers; bacterial cells are more complex than model vesicles.
doi__10.1007_s00726-016-2196-1	Elimination of the positive N-terminal amino group charge reduces repulsive interactions with the membrane dipole, allowing deeper penetration of the peptide into the bilayer and more efficient disturbance of lipid packing, thereby enhancing lytic activity in anionic vesicles.	inferred	membrane permeabilization (carboxyfluorescein dye leakage from POPC/POPG LUVs), electrophoretic mobility (zeta potential) titration	Deeper penetration is inferred from MD simulations performed in TFE/water solvent mixture, not in a lipid bilayer environment; the enhanced lytic efficiency in anionic vesicles did not translate to improved antibacterial activity, limiting mechanistic interpretation in bacteria.
doi__10.1007_s00726-016-2196-1	Hemolytic activity of the peptides is mechanistically correlated with lytic activity in zwitterionic POPC vesicles, indicating that the same membrane-disruption mechanism underlies both hemolysis and cytotoxicity toward red blood cells.	indirect	membrane permeabilization (dye leakage in POPC LUVs), hemolysis assay (absorbance at 540 nm)	Correlation only; the Abz analog showed unexpectedly elevated hemolysis (~10-fold versus L1A) without proportionally greater POPC vesicle lytic efficiency, indicating the correlation is not universal across all modifications and the mechanism for the Abz hemolysis increase is unexplained.
doi__10.1007_s00726-016-2196-1	Blocking the N-terminus (by acetylation or Abz conjugation) prevents proteolytic digestion of the peptide, which is an alternative resistance mechanism used by some bacterial strains against antimicrobial peptides.	inferred		Not experimentally tested in this paper; the claim is made by citing prior literature (Andreu and Rivas 1998; Strömstedt et al. 2009) and presented as rationale for the modifications rather than as a result demonstrated here.
doi__10.1007_s10096-008-0553-z	Antimicrobial peptides have mechanisms of action that differ from those of current antifungals, making the acquisition of resistant mutants less likely.	inferred		General class-level assertion; no mechanistic experiments are performed in this paper to demonstrate the specific mechanism(s) or resistance frequency for any peptide tested.
doi__10.1007_s10096-008-0553-z	hLF(1–11), and perhaps dhvar5 as well, stimulates the antimicrobial activities of host cells, such as human mononuclear phagocytes.	indirect		Attributed entirely to a single conference abstract (ref 15, van der Does et al. 2007); no primary data from this study support the claim; the extension to dhvar5 is explicitly speculative ('perhaps').
doi__10.1007_s10096-008-0553-z	In vivo antifungal efficacy of hLF(1–11) at doses lower than required in vitro may be explained by synergistic or additive interactions with host-derived antifungal factors, including endogenous antimicrobial proteins/peptides and reactive oxygen intermediates.	hypothesis		Explicitly framed as a 'possible explanation'; no experiments in this paper test synergy with host factors or ROS; based on reasoning from prior in vivo/in vitro dose discrepancy data (ref 6).
doi__10.1007_s10096-008-0553-z	hLF(1–11) and dhvar5 act synergistically in vitro with current antifungal agents (amphotericin B, fluconazole) against Candida species.	indirect		Data are from prior publications on Candida (refs 9, 16), not from experiments in this paper; extrapolation to A. fumigatus is speculative ('it may be expected that such combinations are also highly effective').
doi__10.1007_s10856-012-4645-z	rMBD3-treated S. aureus and C. albicans cells showed delamination and perforation of the peripheral cell walls.	direct_assay	electron microscopy (morphological/structural analysis)	Electron microscopy shows structural outcomes but does not identify the molecular mechanism causing wall disruption; causality inferred from treated vs. untreated comparison.
doi__10.1007_s10856-012-4645-z	rMBD3-treated cells showed porosity and inanition (loss) of cytoplasmic contents.	direct_assay	electron microscopy (morphological/structural analysis)	Cytoplasmic leakage is a downstream consequence; the paper does not use biochemical assays (e.g., membrane permeabilization dyes, ATP release) to confirm or quantify the leakage independently.
doi__10.1007_s10856-012-4645-z	rMBD3 in combination with ampicillin acts synergistically against methicillin-resistant S. aureus (MRSA).	direct_assay	checkerboard synergy assay (FICI determination)	Synergy against MRSA but not against S. aureus ATCC 25923, indicating strain-dependent effect; mechanism underlying differential synergy is not explained.
doi__10.1007_s10856-012-4645-z	Combinations of rMBD3 with itraconazole, amphotericin B, or 5-fluorocytosine are synergistic against C. albicans.	direct_assay	checkerboard synergy assay (FICI determination)	Mechanistic basis for synergy (e.g., whether cell wall disruption by rMBD3 enhances uptake of antifungals) is not investigated; purely phenotypic measurement.
doi__10.1007_s10856-012-4645-z	Mammalian β-defensins mediate innate immune defenses against microbial infection through their cationic, small-peptide nature.	inferred		This is a class-level background claim attributed to cited literature, not directly demonstrated in this study for MBD3 specifically.
doi__10.1007_s10126-024-10338-4	rCmDef exerts its antibacterial effect through membrane depolarization as the initial step in a multimodal mechanism of action.	direct_assay	membrane depolarization	Sequential ordering (depolarization 'followed by' permeabilization) is asserted in the abstract but full kinetic/dose-response data are behind a paywall; only the abstract was available for review.
doi__10.1007_s10126-024-10338-4	rCmDef causes membrane permeabilization of bacterial cells following membrane depolarization.	direct_assay	membrane permeabilization	Methodological details (dye/probe used, concentration range, strains tested) are paywalled; cannot confirm whether permeabilization was measured independently of depolarization.
doi__10.1007_s10126-024-10338-4	rCmDef induces reactive oxygen species (ROS) production in bacteria as a component of its antibacterial mechanism.	direct_assay	ROS production	Whether ROS is a direct consequence of peptide action or secondary to membrane damage is not resolvable from the abstract alone; full assay details are paywalled.
doi__10.1007_s10126-024-10338-4	rCmDef exhibits anti-cancer activity, predicted computationally (in silico), without causing hemolysis.	inferred		Anti-cancer activity is based solely on in silico prediction tools (referenced tools include AntiCP 2.0, ACPred); no cell-based cytotoxicity or mechanistic assay for anti-cancer action is reported. Hemolysis prediction also appears to be computational (HemoPred cited in references).
doi__10.1007_s00726-009-0385-x	LyeTx I permeabilizes L-α-phosphatidylcholine (POPC) liposomes, causing immediate, dose-dependent release of entrapped calcein.	direct_assay	membrane permeabilization (calcein leakage from POPC liposomes)	Liposome model lacks the compositional complexity of biological membranes (no proteins, limited lipid diversity); results may not fully translate to intact microbial cells.
doi__10.1007_s00726-009-0385-x	LyeTx I-induced membrane permeabilization exhibits dose-dependent, cooperative kinetics.	direct_assay	membrane permeabilization kinetics (calcein leakage from POPC liposomes)	Cooperative behavior characterized only in the POPC liposome model, not in intact microbial membranes.
doi__10.1007_s00726-009-0385-x	The presence of cholesterol (7:3 molar ratio) in POPC liposomes reduces LyeTx I-induced membrane permeabilization approximately five-fold, indicating that cholesterol decreases LyeTx I-lipid interaction.	direct_assay	membrane permeabilization (calcein leakage from POPC/cholesterol liposomes)	Tested only in a simple binary lipid model; cholesterol content, distribution, and interplay with other lipids in actual eukaryotic cell membranes is more complex.
doi__10.1007_s00726-009-0385-x	The presence of ergosterol (7:3 molar ratio) in POPC liposomes does not significantly alter LyeTx I-induced membrane permeabilization compared to pure POPC liposomes.	direct_assay	membrane permeabilization (calcein leakage from POPC/ergosterol liposomes)	Binary liposome model does not reflect the full lipid composition of fungal membranes; moderate antifungal MIC values suggest additional factors limit activity against intact fungal cells.
doi__10.1007_s00726-009-0385-x	Antimicrobial (microbial) membranes, rather than vertebrate membranes, appear to be the preferential targets of LyeTx I, based on its low hemolytic activity relative to its antibacterial concentrations and on differential liposome permeabilization data.	inferred		Inference combines data from a simplified liposome model and an in vitro hemolytic assay (rabbit erythrocytes); biological membranes contain proteins and specific lipids not captured by the POPC model; the paper explicitly notes these other components cannot be excluded as contributors.
doi__10.1007_s00726-009-0385-x	LyeTx I adopts an α-helical secondary structure in membrane-mimicking environments (TFE, DPC micelles, POPC and POPC:POPG SUVs), and this propensity for α-helix formation is compatible with the conditions required to initiate its antimicrobial action.	indirect		CD and NMR characterization performed in membrane mimics (DPC micelles, liposomes), not in actual bacterial or fungal membranes; α-helix formation is a structural correlate of activity, not direct proof of the membrane disruption mechanism.
doi__10.1007_s00726-009-0385-x	Cholesterol in POPC SUVs reduces the degree of α-helix formation of LyeTx I at the membrane interface, indicating decreased peptide-lipid interaction in cholesterol-containing membranes.	indirect		Based on CD spectroscopy in liposome model; does not directly measure the functional impact on antimicrobial activity in cholesterol-containing intact cells.
doi__10.1007_s00726-009-0385-x	The tryptophan residue located at the N-terminus of LyeTx I may anchor the peptide at the phospholipid membrane interface, facilitating membrane insertion.	hypothesis		Inference based solely on the known general preference of tryptophan residues for membrane interfaces (cited from Ulmschneider and Sansom 2001); not directly tested for LyeTx I.
doi__10.1007_s00726-009-0385-x	The secondary structure of LyeTx I—a small random-coil region at the N-terminus followed by an α-helix extending to the amidated C-terminus—might favor peptide-membrane interaction.	hypothesis		Structural inference from NMR data in DPC micelles; the functional consequence of the N-terminal disorder for membrane interaction has not been directly tested in LyeTx I.
doi__10.1007_s00726-009-0385-x	The less amphipathic profile of the C-terminal portion of LyeTx I (compared to related peptides) may affect the detailed mechanism of its interaction with membrane bilayers.	hypothesis		Speculative interpretation of the NMR-derived structure; no direct experimental test of how the reduced C-terminal amphipathicity alters the mechanism of bilayer interaction for LyeTx I.
doi__10.1007_s00726-009-0385-x	Membrane components other than phospholipids, such as membrane proteins and specific lipids not present in the liposome model, cannot be excluded as contributors to LyeTx I's preferential action against the tested microorganisms.	hypothesis		Explicitly acknowledged as a caveat by the authors; no experimental data presented to test the role of non-lipid membrane components in LyeTx I activity.
doi__10.1007_s10529-008-9819-x	ABP-CM4 causes the morphology of Aspergillus niger conidia to become more irregular and swollen at its MIC of 8 μM.	direct_assay	scanning electron microscopy	Morphological change is an endpoint observation; it does not establish whether membrane disruption or another mechanism is the initiating event.
doi__10.1007_s10529-008-9819-x	The plasma membrane, not the cell wall, is the prime target of ABP-CM4 action against A. niger.	direct_assay	cell wall regeneration assay (protoplast model)	Cell wall regeneration assay identifies the target by exclusion; it does not directly visualize or quantify membrane damage, and protoplast preparation itself may alter peptide behavior.
doi__10.1007_s10529-008-9819-x	ABP-CM4 at 8 μM destroys the cytoskeleton of A. niger.	direct_assay	confocal laser scanning microscopy	Cytoskeletal disruption could be a secondary consequence of membrane permeabilization rather than a direct drug-target interaction; causality not established.
doi__10.1007_s10529-008-9819-x	ABP-CM4 disrupts the membranes and cellular organelles of A. niger and induces vacuole formation within fungal cells.	direct_assay	transmission electron microscopy	TEM provides static ultrastructural snapshots; organelle disruption and vacuolization may reflect downstream cell death rather than primary mechanism.
doi__10.1007_s10529-008-9819-x	ABP-CM4 binds the DNA of A. niger.	direct_assay	gel-retardation assay	Gel retardation demonstrates binding affinity in vitro but does not prove intracellular DNA binding is mechanistically responsible for killing, nor does it rule out binding artefacts from the assay conditions.
doi__10.1007_s10529-008-9819-x	ABP-CM4 exerts its antifungal activity through a multi-target mechanism involving disruption of the cell membrane and cytoskeleton, interaction with organelles including mitochondria, and DNA binding, culminating in cell death.	inferred		This is an author-synthesized model integrating all individual observations; no single experiment demonstrates that all mechanisms operate simultaneously or that any one is necessary and sufficient for killing. The contribution of each target to overall lethality is unquantified.
doi__10.1007_s10930-019-09840-9	The specific binding of antimicrobial peptides to gold nanoclusters improves the interaction of these nanostructured systems with the biological target.	inferred		No mechanistic assay is described; 'biological target' is unspecified; conclusion is drawn from comparative MIC50 data showing conjugates outperform free peptides, not from a direct interaction study.
doi__10.1007_s10930-019-09840-9	Both cationic peptides (NBC2253 and NBC2254) are designed based on principles whereby cationic charge governs antimicrobial activity and microbial specificity.	hypothesis		This is a design rationale drawn from cited literature (Tam et al. 2008), not directly tested for these specific peptides in the paper.
doi__10.1007_s10989-006-9041-4	The antimicrobial lipopeptides (AMLs) from Bacillus subtilis fmbj exerted a direct inactivation effect on cell-free virus stocks of PRV, PPV, NDV, and IBDV.	direct_assay	cell-free virus inactivation assay	Only abstract/preview text available; full methodology and dose-response data are behind paywall; mechanism of inactivation (e.g., envelope disruption, protein denaturation) is not specified
doi__10.1007_s10989-006-9041-4	The AMLs effectively inhibited infection and replication of NDV and IBDV in vitro.	direct_assay	cell-based infection/replication inhibition assay	The specific step(s) of the replication cycle targeted (entry, uncoating, replication, assembly, egress) are not described in the available text; full data behind paywall
doi__10.1007_s10989-006-9041-4	The AMLs failed to inhibit infection and replication of PRV and PPV despite direct inactivating activity on cell-free stocks.	direct_assay	cell-based infection/replication inhibition assay	No mechanistic explanation for the differential activity is provided; may reflect cytotoxicity constraints (lower selectivity index for PK-15 cells hosting PRV/PPV) rather than a mechanistic distinction
doi__10.1007_s00726-019-02779-2	The mode of bacterial killing of indolicidin and its glycosylated analogue [βGlc-T9,K7]indolicidin seemed unaffected upon glycosylation, indicating the glycosylated peptide retains the parental mechanism of bacterial killing.	indirect		Abstract states the mode is retained but does not specify what the mode is; full experimental details inaccessible (paywalled); 'seemed unaffected' hedges the conclusion
doi__10.1007_s00726-019-02779-2	Indolicidin and [βGlc-T9,K7]indolicidin bind lipopolysaccharide (LPS), and this LPS-binding activity was unaffected upon glycosylation.	direct_assay	LPS binding assay	Specific assay format not described in visible abstract; full paper behind paywall; LBP listed in abbreviations suggests a competition/displacement assay but cannot be confirmed
doi__10.1007_s00726-019-02779-2	The cytokine inhibitory potential of indolicidin and [βGlc-T9,K7]indolicidin (IL-6 and TNF-α inhibition) was unaffected upon glycosylation.	direct_assay	cytokine inhibition assay (IL-6, TNF-α)	Whether inhibition acts via LPS neutralization, direct cell-signaling interference, or another route is not stated in the visible abstract; assay conditions not described
doi__10.1007_s00726-019-02779-2	The absence of significant structural changes upon glycosylation accounts for the retained functions and mode of action of [βGlc-T9,K7]indolicidin.	inferred		Causal link between structural conservation and retained mechanism is inferred from correlation, not directly demonstrated; NMR structure used as proxy; 'possibly retained' language in abstract acknowledges uncertainty
doi__10.1007_s10534-011-9465-y	LfcinB causes depolarization of the cytoplasmic membrane in susceptible bacteria.	indirect		Stated as established background from prior work (Ulvatne et al. 2001); the present paper's mechanism-of-action experiments are described as still needing elucidation.
doi__10.1007_s10534-011-9465-y	When bacteria were treated with LfcinB at the MIC for 1 hour, blebs formed and holes of various sizes appeared on the cell surface while the cell still maintained its overall integrity, indicating a major membrane permeability effect on the cytoplasmic membrane of both Gram-positive and Gram-negative bacteria.	direct_assay	atomic force microscopy (AFM), morphological imaging of peptide-treated bacteria	AFM provides surface/morphological data only; cannot directly confirm which membrane leaflet is disrupted, the precise mechanism of pore formation, or events below the cell surface. Integrity being maintained limits conclusions about lethality mechanism.
doi__10.1007_s10534-011-9465-y	Because cell integrity was maintained despite membrane disruption at the MIC, LfcinB may act on an intracellular target in addition to its membrane-permeabilizing effect.	hypothesis		Explicitly framed as a possibility ('may be a possible intracellular target'); no direct intracellular-targeting assay (e.g., DNA/RNA/protein binding) was reported in the visible text; inferred solely from AFM morphology.
doi__10.1007_s10534-011-9465-y	The combination of LfcinB with aureomycin produced synergistic bactericidal activity against E. coli, S. aureus, and P. aeruginosa, consistent with LfcinB enhancing antibiotic access through membrane disruption.	indirect	synergy testing (killing kinetics / MIC-based combination assay)	Synergy data are consistent with but do not prove a membrane-permeabilization-mediated uptake mechanism; neomycin did not show the same synergy, indicating the effect is antibiotic-class-dependent and the precise basis is not established.
doi__10.1007_s10534-011-9465-y	The combination of cecropin A and LfcinB had synergistic antimicrobial effects against E. coli, suggesting the two peptides act through complementary or cooperative membrane-targeting mechanisms.	indirect	synergy testing	The mechanistic basis of the synergy is not determined; no assay distinguishing additive membrane disruption from independent killing pathways was reported.
doi__10.1007_s10989-018-9736-3	Lycosin-II kills tumor cells through cell membrane disruption, as demonstrated by lactate dehydrogenase leakage assay and scanning electron microscopy.	direct_assay	membrane permeabilization (LDH leakage assay), scanning electron microscopy	Assays performed on HCT 116 colorectal cancer cell line only; SEM provides morphological evidence but does not resolve molecular mechanism of membrane disruption
doi__10.1007_s10989-018-9736-3	Lycosin-II activates the intrinsic apoptotic pathway, evidenced by increased Bax proapoptotic protein expression and elevated caspase-3 activity after treatment.	direct_assay	Bax protein expression assay, caspase-3 activity assay	Upstream triggers of Bax activation not identified; mitochondrial membrane potential or cytochrome c release not measured to fully confirm intrinsic pathway
doi__10.1007_s10989-018-9736-3	Lycosin-II possesses cytotoxic activity against HCT 116 human colorectal cancer cells with an IC50 of 70.79 µg/ml, killing cells within 30 minutes of treatment.	direct_assay	MTT assay	Single cell line tested; rapid 30-min kill time is consistent with membrane disruption but MTT alone cannot distinguish membrane lysis from other rapid cytotoxic mechanisms
doi__10.1007_s10989-018-9736-3	Lycosin-II's antitumor activity is structurally enabled by its cationicity, α-helical conformation, and amphipathicity, which are properties appropriate for membrane-active peptides.	inferred		Based solely on computational (PEP-FOLD) structural prediction; no direct experimental validation of secondary structure (e.g., CD spectroscopy) reported in this paper
doi__10.1007_s10989-018-9736-3	Lycosin-II exerts moderate hemolytic activity, indicating some degree of non-selective membrane disruption toward normal erythrocytes.	direct_assay	hemolysis assay	Degree of selectivity between cancer and normal cells not fully characterized; hemolytic activity described as 'moderate' without quantitative comparison to therapeutic doses
doi__10.1007_s10930-016-9662-1	RP9 affects bacterial cell surfaces directly, as observed by scanning electron microscopy.	direct_assay	scanning electron microscopy (SEM) of bacterial surfaces	SEM shows surface morphological changes but does not distinguish pore formation, membrane disruption, or other surface-level mechanisms; only tested against V. cholerae and B. pumilus.
doi__10.1007_s10930-016-9662-1	KT2 and RT2 induce apoptotic cell death in HeLa human cervical cancer cells.	direct_assay	human apoptosis array assay	Apoptosis array detects protein-level markers of apoptosis but does not resolve the upstream trigger (membrane disruption, receptor signaling, etc.); tested only in HeLa cells, not in CaSki or normal cells; specific apoptotic pathway (intrinsic vs. extrinsic) is not delineated in the available text.
doi__10.1007_s10989-019-09888-2	Smp76 prevents HCV infection by inactivating extra-cellular infectious particles.	direct_assay	cell culture infectivity assay (Huh7it-1 cells, HCV JFH1 genotype 2a)	Only genotype 2a tested; full-text methods not accessible from this abstract/reference-list excerpt, so precise assay details unverifiable
doi__10.1007_s10989-019-09888-2	Smp76 suppresses secondary HCV infection without affecting viral replication.	direct_assay	cell culture infectivity assay distinguishing entry/replication steps	Mechanistic distinction between entry inhibition and replication suppression relies on experimental design details not fully described in the available text
doi__10.1007_s10989-019-09888-2	Smp76 exerts antiviral activity against dengue virus (DENV type 2) in cell culture.	direct_assay	cell culture infectivity assay (Vero/SLAM cells, DENV Trinidad 1751 type 2)	Only DENV serotype 2 tested; mechanism of anti-DENV action not characterised beyond virocidal/entry inhibition inference
doi__10.1007_s10989-019-09888-2	Smp76 inactivates extracellular (virion-level) infectious particles rather than acting intracellularly on viral replication machinery.	direct_assay	virocidal/extracellular inactivation assay in cell culture	Exact protocol for distinguishing extracellular inactivation from intracellular effects not detailed in the accessible text; mechanism of virion inactivation (e.g., envelope disruption, receptor blocking) not determined
doi__10.1007_s10989-019-09888-2	Smp76 is neither cytotoxic nor hemolytic at concentrations 1000-fold above the antiviral IC50, implying its antiviral mechanism does not involve non-specific membrane lysis of host cells.	indirect	cytotoxicity assay, hemolysis assay	Absence of toxicity constrains but does not define the mechanism; selective virion targeting mechanism remains uncharacterised
doi__10.1007_s10989-021-10182-3	d-Leucine modified CM11 peptide disrupts bacterial cell morphology and structural integrity, as visualized by scanning electron microscopy.	direct_assay	scanning electron microscopy (SEM) of bacterial cell morphology	SEM documents gross morphological changes but cannot distinguish the specific mechanistic basis (e.g., membrane lysis, cell wall degradation, intracellular target disruption); full methods and results sections are paywalled, so the extent of SEM characterization is unknown from the available text.
doi__10.1007_s10989-019-09984-3	OM19R penetrates rapidly into E. coli cells without causing membrane damage, consistent with a non-lytic intracellular mechanism of action.	direct_assay	confocal laser scanning microscopy (cell penetration and membrane integrity assessment)	Demonstrated only in E. coli; the specific intracellular target is not identified in the text provided; microscopy does not exclude transient or sub-lethal membrane perturbation below detection threshold.
doi__10.1007_s10989-019-09984-3	OM19R activity against E. coli is dependent on the inner membrane transporter protein SbmA, which is required for peptide uptake into the cell.	direct_assay	sbmA gene-knockout strain susceptibility assay	Knockout experiments establish necessity of SbmA but do not resolve the downstream intracellular mechanism; SbmA dependence is inferred from loss-of-activity phenotype, not from direct transport measurement.
doi__10.1007_s10989-019-09984-3	Proline-rich antimicrobial peptides (PR-AMPs) including OM19R do not kill bacteria by lytic (membrane-disrupting) mechanisms.	indirect		This is partly a class-level attribution from the PR-AMP literature applied to OM19R by design rationale; the paper's own direct evidence (confocal microscopy showing no membrane damage) supports but does not fully prove the claim for OM19R across all target organisms.
doi__10.1007_s10989-019-09984-3	Inhibited activity of OM19R against Klebsiella pneumoniae implies that SbmA or an equivalent uptake route is absent or non-functional in that organism, blocking intracellular access.	inferred		The paper does not directly test SbmA expression or function in K. pneumoniae; the mechanistic inference is based solely on the MIC result and analogy to known SbmA biology in E. coli.
doi__10.1007_s11274-013-1360-y	Temporin-1RNa and temporin-1RNb adopt an aperiodic structure in water but transition to an organised α-helical conformation in membrane-mimicking environments (SDS micelles and TFE), consistent with a membrane-active mechanism of action.	indirect	circular dichroism spectroscopy in SDS and TFE	SDS and TFE are membrane mimics, not actual lipid bilayers; no direct membrane permeabilization, leakage, or disruption assay is reported in the available text.
doi__10.1007_s11274-013-1360-y	The conformational transition of temporin-1RNa and temporin-1RNb induced by TFE or SDS reflects their potential ability to interact with anionic membranes.	inferred		Authors explicitly qualify this as 'potential ability'; the inference is based solely on secondary-structure data in membrane-mimicking solvents with no direct binding or permeabilization assay reported.
doi__10.1007_s10989-024-10647-1	Serum (10% v/v) inhibited the antibacterial effect of LK3, consistent with serum protein binding reducing peptide bioavailability.	indirect		Mechanism of inhibition (e.g., albumin binding vs. protease degradation vs. charge neutralization) was not directly determined; inferred from activity loss in serum conditions.
doi__10.1007_s10989-024-10647-1	The cationic character of LK3 and LK4 is proposed as the physicochemical basis for their antimicrobial activity through electrostatic attraction to negatively charged bacterial membranes.	inferred		No direct membrane interaction or permeabilization assays are reported in the available text; cationicity is a design rationale inferred from AMP field conventions, not demonstrated experimentally for these peptides.
doi__10.1007_s10989-024-10647-1	LK3 exhibited antibiofilm activity (44.45% reduction) against P. aeruginosa at 4× MIC, implying the peptide disrupts or prevents biofilm formation.	indirect	antibiofilm assay	The assay measures biofilm mass reduction but does not identify whether the mechanism is bactericidal killing of sessile cells, inhibition of biofilm matrix synthesis, or dispersal; no mechanistic dissection is reported.
doi__10.1007_s11030-024-11046-w	Hydrophobicity is crucial for the interaction between amphipathic antimicrobial peptides and microbial pathogens.	inferred		Stated as background rationale in the abstract, not demonstrated by a specific assay in the available text; full methods/results section is paywalled.
doi__10.1007_s11030-024-11046-w	Higher hydrophobicity in mastoparans correlates with higher helical content, which is associated with greater antimicrobial and hemolytic activity.	indirect	circular dichroism (helical content), MIC assay, hemolysis assay	Correlation across only three peptides; causal direction (hydrophobicity → helix → activity) is inferred from structural comparison, not mechanistically dissected; full data not visible in available text.
doi__10.1007_s11030-024-11046-w	Self-assembly of the peptides reduces their biological potency, as mastoparan L (least hydrophobic) shows the least self-assembly yet the weakest antimicrobial activity, while mastoparan C (most hydrophobic) shows greater self-assembly alongside higher activity.	indirect	reversed-phase chromatography temperature profiling (self-assembly), MIC assay	Self-assembly is treated as a modulating factor, not a primary mechanism; the relationship is correlative across three peptides only.
doi__10.1007_s11030-024-11046-w	Optimal hydrophobicity, rather than the highest possible hydrophobicity, enhances antimicrobial efficacy while minimizing hemolytic activity, suggesting a hydrophobicity threshold for selective membrane targeting.	inferred	MIC assay, hemolysis assay	Mechanistic basis for selectivity (e.g., differential membrane composition between bacteria and erythrocytes) is implied but not directly demonstrated in the available abstract text; only three peptides compared.
doi__10.1007_s11274-022-03372-8	Brevilaterin B inhibits proliferation of epidermal cancer cell A431 in a dose-dependent manner while having no effect on normal control cells at 2.0 µg/mL.	direct_assay	CCK-8 proliferation assay, LDH membrane permeability assay	Only A431 and its paired normal cells tested for selectivity; dose range and normal cell identity not fully described in abstract
doi__10.1007_s11274-022-03372-8	Brevilaterin B induces apoptosis in A431 epidermal cancer cells, with an apoptotic ratio of 71.0% observed at 2.0–3.0 µg/mL.	direct_assay	Annexin V-FITC/PI flow cytometry, morphological apoptosis assessment	Apoptotic pathway (caspase-dependent vs. independent) not characterized; mechanism upstream of apoptosis not fully resolved
doi__10.1007_s11274-022-03372-8	Brevilaterin B increases intracellular ROS levels in A431 cells by 21.3%, implicating oxidative stress in its anticancer mechanism.	direct_assay	DCFH-DA fluorescent probe ROS detection	Causal relationship between ROS increase and cell death not experimentally established; whether ROS is upstream or downstream of mitochondrial damage is not determined
doi__10.1007_s11274-022-03372-8	Brevilaterin B reduces mitochondrial membrane potential in A431 cells by 48.8%, indicating mitochondrial dysfunction as a key component of its anticancer action.	direct_assay	JC-1 fluorescent probe mitochondrial membrane potential assay	Whether mitochondrial membrane potential collapse is the initiating event or a downstream consequence is not resolved
doi__10.1007_s11274-022-03372-8	Brevilaterin B's anticancer action is mainly focused on the mitochondria of cancer cells, based on concurrent ROS elevation and mitochondrial membrane potential reduction.	inferred	DCFH-DA ROS detection, JC-1 mitochondrial membrane potential assay	Inference drawn from two indirect readouts; direct demonstration of mitochondrial targeting (e.g., mitochondrial localization, cytochrome c release, caspase activation) is not reported in the abstract
doi__10.1007_s11274-022-03372-8	Brevilaterin B increases membrane permeability of cancer cells, consistent with a membrane-disrupting component of its mechanism.	direct_assay	LDH release assay	LDH release may reflect late-stage apoptotic/necrotic membrane breakdown rather than primary membrane disruption; not distinguished from secondary permeabilization due to apoptosis
doi__10.1007_s12010-013-0258-3	KABT-AMP exerts putative membranolytic (membrane-disrupting) activity against target microbial cells, as substantiated by electron microscopic analysis.	direct_assay	electron microscopy (SEM morphological analysis of membrane damage)	Authors use the qualifier 'putative'; evidence is morphological (EM imaging) only — no functional membrane permeabilization assay (e.g., propidium iodide uptake, membrane potential measurement) is reported in the visible text; mechanism is inferred from structural observations of cell damage rather than direct measurement of membrane disruption kinetics or pore formation.
doi__10.1007_s12010-025-05453-4	Mobilisin destroys the cell membrane integrity of both Gram-positive and Gram-negative bacteria, as confirmed by scanning electron microscopy (SEM) in vitro.	direct_assay	membrane disruption (SEM imaging)	SEM shows morphological damage but does not distinguish between primary membrane disruption and secondary cell death consequences; full-text methods not visible to confirm quantitative details
doi__10.1007_s11274-015-1851-0	Plantaricin KL-1Y exhibited bactericidal activity against Bacillus cereus JCM 2152T, indicating it kills rather than merely inhibits this organism.	direct_assay	bactericidal vs. bacteriostatic determination (mode-of-killing assay)	Only one indicator strain tested for bactericidal mode; whether killing mechanism generalises to other susceptible organisms (including Gram-negatives) is not established in the available text.
doi__10.1007_s11274-016-2096-2	The peptide Tβ4 9-19 (EIEKFDKSKLK) possesses a central hydrophobic core flanked by peripheral charged residues, suggesting a possible mechanism of interaction with bacterial and eukaryotic membrane models.	inferred		Derived solely from 1 µs MD simulation in water; no experimental membrane-interaction assay performed; reviewer explicitly noted no direct confirmation of mode of action
doi__10.1007_s11274-016-2096-2	The anti-biofilm activity of the peptide at sub-inhibitory concentrations could be due to its MD-derived conformations interacting with the bacterial membrane.	hypothesis		Authors use hedged language ('could be due to'); based entirely on computational simulation; reviewer noted biofilm inhibition may simply reflect antimicrobial (growth-inhibitory) nature of peptide; no mechanistic experiment performed
doi__10.1007_s11274-016-2096-2	Near the surface of both POPC and POPC:POPG membrane models, the peptide engages the bilayer through electrostatic and van der Waals interactions, adopting open/random conformations rather than a fixed structure.	inferred		MD simulation only (200 ns production run with a single peptide molecule); peptide oligomerization not modeled; no experimental membrane-binding assay; cluster analysis shows no preferred conformation, limiting mechanistic interpretation
doi__10.1007_s11274-016-2096-2	In the bacterial membrane model (POPC:POPG 2:1), the peptide shows a preference for associating with the leaflet containing fewer POPG lipids, suggesting charge-dependent membrane leaflet selectivity.	inferred		Single MD trajectory observation; reviewer flagged lack of statistical significance and requested replicate simulations; no experimental validation of leaflet preference
doi__10.1007_s12010-013-0489-3	Bac-GM17 displays a bactericidal mode of action against Agrobacterium tumefaciens C58.	direct_assay	bactericidal mode determination (killing vs. inhibition assay)	Full methodology not available in the provided text (abstract/preview only); the specific assay used to distinguish bactericidal from bacteriostatic activity is not described.
doi__10.1007_s12010-013-0489-3	Bac-GM17 displays a fungistatic mode of action against Candida tropicalis R2 CIP203.	direct_assay	fungistatic mode determination (growth inhibition vs. killing assay)	Full methodology not available in the provided text (abstract/preview only); the specific assay used to distinguish fungistatic from fungicidal activity is not described.
doi__10.1007_s12195-020-00626-z	MAD1 forms pore-like supramolecular assemblies within the plasma membranes of cancer cells to potentiate lytic cell death.	direct_assay	microscopy, spectrophotometry, flow cytometry	Full methods and data are behind a paywall; only abstract-level summary is available; pore 'like' language implies structural inference rather than atomic-resolution confirmation.
doi__10.1007_s12195-020-00626-z	MAD1 forms pore-like supramolecular assemblies within the nuclear membranes of cancer cells, contributing to cell death.	direct_assay	microscopy	Nuclear membrane targeting is reported but mechanistic detail (e.g., how MAD1 reaches the nucleus) is not visible in the available text; full data are paywalled.
doi__10.1007_s12195-020-00626-z	MAD1 kills cancer cells through apoptotic mechanisms in addition to lytic membrane disruption.	direct_assay	flow cytometry	Specific apoptotic markers or pathway (intrinsic vs. extrinsic) are not described in the available abstract text.
doi__10.1007_s12195-020-00626-z	The anticancer activity of MAD1 is driven by electrostatic targeting of the electronegative (anionic) cancer cell surface, analogous to AMP targeting of anionic bacterial membranes.	inferred		Stated as a mechanistic rationale and design principle in the introduction; direct binding or zeta-potential measurements are not described in the visible text.
doi__10.1007_s12195-020-00626-z	Spatial sequestration of amphiphilic regions in the peptide sequence increases anticancer peptide potency.	indirect	cellular viability assays (implied by SAR investigation)	Structure-activity relationship conclusion drawn from de novo peptide design panel; specific assay types confirming the structural basis are not detailed in the abstract.
doi__10.1007_s12195-020-00626-z	Increasing amphiphilicity via spatial sequestration reduces cancer-cell specificity (selectivity over normal cells), representing a potency-specificity trade-off.	indirect	cellular assays (implied)	Only stated as an SAR trend in the abstract; quantitative selectivity data are paywalled.
doi__10.1007_s12272-016-0769-x	Cbf-K16 selectively kills MRSA cells whose cell wall integrity has been compromised by beta-lactam antibiotics, suggesting its bactericidal activity depends on cell wall non-integrity as the entry point.	inferred		Mechanism inferred from synergy pattern (checkerboard FIC ≤0.5 + killing kinetics); the paper does not isolate which downstream step (membrane access, cytoplasmic target) is rate-limiting; only MRSA tested for this synergy hypothesis.
doi__10.1007_s12272-016-0769-x	Combination treatment of Cbf-K16 with beta-lactam antibiotics causes complete physical rupture of MRSA cells with leakage of cellular contents.	direct_assay	membrane permeabilization/rupture (flow cytometry), ultrastructural cell disruption (transmission electron microscopy)	Rupture is demonstrated for the combination condition; whether Cbf-K16 alone at sub-MIC causes any partial membrane disruption is not distinguished in the available abstract text; full quantitative flow cytometry data not extractable from the abstract alone.
doi__10.1007_s12272-016-0769-x	Cbf-K16 acts through cytoplasmic membrane penetration followed by intracellular DNA binding, as established in prior work cited by the paper (Hao et al. 2013).	indirect		This mechanism is cited from a separate prior study on E. coli (NDM-1-carrying), not directly demonstrated against MRSA in this paper; applicability to the MRSA context is assumed by the authors but not re-tested here.
doi__10.1007_s12602-016-9217-y	Enterocin LD3 causes dissipation of membrane potential in the indicator strain Micrococcus luteus.	direct_assay	membrane potential dissipation assay	Demonstrated only in a single indicator strain (M. luteus); full experimental details (dye, concentration, time course) are in the paywalled full text and not available in the provided excerpt.
doi__10.1007_s12602-016-9217-y	Enterocin LD3 causes loss of internal ATP in Micrococcus luteus.	direct_assay	intracellular ATP measurement	Demonstrated only in M. luteus; loss of ATP is consistent with membrane disruption but the paper does not explicitly attribute it to a specific pore-forming mechanism in the available text.
doi__10.1007_s12602-016-9217-y	Enterocin LD3 is bactericidal against Micrococcus luteus.	direct_assay	bactericidal activity assay (viability/kill measurement)	Reported for one indicator strain only; broader bactericidal vs. bacteriostatic distinction across the full spectrum of inhibited organisms is not stated.
doi__10.1007_s12602-016-9217-y	Carbohydrate and lipid moieties play no role in the antimicrobial activity of enterocin LD3, as activity was unaffected by amylase and lipase treatment.	indirect		Enzyme insensitivity is indirect evidence; absence of activity loss rules out essential carbohydrate/lipid components but does not fully characterize the functional pharmacophore.
doi__10.1007_s12602-008-9003-6	Lactocin 160 targets the cytoplasmic membrane of Gardnerella vaginalis as its primary molecular site of action.	direct_assay	membrane permeabilization (inferred from ATP efflux and proton motive force dissipation assays)	Full experimental methods and figures are behind paywall; claim is supported by the two downstream readouts (ATP efflux, PMF dissipation) rather than a direct membrane-binding or structural assay visible in this text.
doi__10.1007_s12602-008-9003-6	Lactocin 160 causes efflux of ATP molecules from G. vaginalis cells.	direct_assay	ATP efflux measurement	Quantitative data and assay details are not available in the abstract-only preview; no time-course or dose-response data are visible.
doi__10.1007_s12602-008-9003-6	Lactocin 160 dissipates the proton motive force of G. vaginalis.	direct_assay	proton motive force dissipation (membrane potential and/or pH gradient measurement)	Specific sub-components measured (ΔΨ vs. ΔpH) and assay methodology are not described in the visible text; full data are paywalled.
doi__10.1007_s12602-008-9003-6	Lactocin 160 selectively inhibits BV-associated vaginal pathogens (G. vaginalis and Prevotella bivia) without inhibiting healthy vaginal lactobacilli.	indirect		This selectivity claim is presented as background/prior knowledge rather than a result of the current mechanistic study; underlying growth-inhibition data are cited from earlier work (Dover et al. 2007; Li et al. 2005) and not re-demonstrated here.
doi__10.1007_s12275-018-7444-5	Increasing the net positive charge of antimicrobial peptides increases their antimicrobial activity, as demonstrated by Cath-A (+17 net charge) showing the highest activity against MRSA compared to Cath-BF and Cath-B.	indirect	MIC determination (32–128 µg/ml against MRSA strains)	MIC data show correlation between charge and activity but do not directly probe the molecular mechanism; full-text methods not accessible to confirm assay details
doi__10.1007_s12275-018-7444-5	Cath-A exerts bactericidal (not merely bacteriostatic) activity, neutralizing a clinical MRSA isolate within 60 minutes at 1× MIC concentration.	direct_assay	bacterial time-kill kinetic assay	Only one MRSA isolate tested at 1× MIC in the kinetic experiment; mechanism underlying rapid killing is not directly characterized in this study
doi__10.1007_s12275-018-7444-5	The parent compound BF-30, structurally related to Cath-A and Cath-B, kills bacteria through cytoplasmic membrane permeabilization and DNA binding, implying a similar dual mechanism for the derivatives studied here.	inferred		This mechanism was established for BF-30 in cited prior studies (Wang et al. 2013; Zhou et al. 2011), not directly demonstrated for Cath-A or Cath-B in the present paper; extrapolation across peptide variants may not hold
doi__10.1007_s12275-018-7444-5	The cationic, amphipathic helical structure of Cath-BF-derived peptides enables interaction with negatively charged bacterial membranes, underpinning their broad antimicrobial activity.	hypothesis		Stated as design rationale based on general cathelicidin/AMP literature; no membrane interaction assays (e.g., dye leakage, depolarization) are reported in this paper for Cath-A or Cath-B
doi__10.1007_s12602-012-9123-x	High concentrations of subtilosin are virucidal against HSV-1.	direct_assay	virucidal assay	Concentration threshold not defined in the available abstract text; full dose-response data not visible.
doi__10.1007_s12602-012-9123-x	At non-virucidal concentrations, subtilosin inhibits wild-type HSV-1 and aciclovir-resistant HSV-1 mutants in a dose-dependent manner.	direct_assay	antiviral inhibition assay	Inhibitory mechanism is not resolved; the paper explicitly states the antiviral mechanism is not fully understood.
doi__10.1007_s12602-012-9123-x	Subtilosin does not affect viral multiplication steps prior to protein synthesis.	indirect	time-of-addition assay, western blot	Conclusion is inferential from a negative finding (absence of effect on pre-synthesis steps); the paper explicitly acknowledges the exact antiviral mechanism is not fully understood; full results section not available to assess controls or quantitative thresholds.
doi__10.1007_s12602-018-9446-3	Antimicrobial peptides (AMPs), including EmPis-1L, possess bactericidal effects in a rapid membrane attacking mode, which is the proposed basis for their effectiveness against VBNC state bacteria.	hypothesis		This is stated as a rationale in the abstract ('are supposed to be effective'), not demonstrated mechanistically in the accessible text; full experimental data is behind paywall.
doi__10.1007_s12602-018-9446-3	EmPis-1L kills (lyses) VBNC state cells of E. coli O157, S. aureus, and V. parahaemolyticus, with 10 μmol/L achieving 100% killing within 1 h.	indirect		The term 'lysed' implies membrane disruption but no direct mechanistic assay (e.g., membrane permeabilization, dye leakage) is described in the accessible abstract text; figures are paywalled.
doi__10.1007_s12602-018-9446-3	The membrane-attacking mode of action of EmPis-1L circumvents the antibiotic resistance acquired by VBNC state bacteria, which resist ampicillin and kanamycin through mechanisms that do not protect against membrane disruption.	inferred		Inferred from the juxtaposition of antibiotic resistance data and AMP activity data; no direct comparative mechanistic experiment is described in the available text.
doi__10.1007_s12602-020-09701-3	Antimicrobial peptides (including C18G) selectively bind to bacterial cell surfaces through electrostatic interactions.	indirect		Stated as established background knowledge for AMPs generally; not demonstrated by a new direct assay in this paper for C18G variants.
doi__10.1007_s12602-020-09701-3	After binding to the bacterial cell surface, C18G inserts into the cell membrane and causes local disruptions of membrane integrity, leading to cell death.	indirect		Framed as prior/general knowledge for AMPs; membrane insertion not directly measured in this study (no patch-clamp, leakage kinetics, or electron microscopy reported in the available text).
doi__10.1007_s12602-020-09701-3	C18G and its non-natural amino acid variants preferentially bind anionic lipids over zwitterionic lipids.	direct_assay	Trp fluorescence binding assay (lipid vesicles)	Vesicle-based assay; may not fully recapitulate the heterogeneous bacterial membrane environment.
doi__10.1007_s12602-020-09701-3	More hydrophobic C18G variants are more deeply buried within anionic lipid bilayers compared to zwitterionic bilayers.	direct_assay	Trp fluorescence quenching (depth-of-insertion measurement)	Depth inferred from quenching efficiency; exact insertion geometry not structurally resolved.
doi__10.1007_s12602-020-09701-3	The most bactericidally effective C18G variants are those that also produce measurable disruption of bacterial membranes.	direct_assay	membrane permeabilization assay (type not fully specified in abstract)	Correlation between MIC and membrane disruption does not exclude additional intracellular targets; one variant with strong activity showed only low-level disruption, suggesting the relationship is not absolute.
doi__10.1007_s12602-020-09701-3	Amino acid substitutions with long flexible carbon chains in C18G maintain or increase antimicrobial activity relative to natural hydrophobic residues, implying these substitutions preserve the membrane-active mechanism.	inferred		Activity (MIC) data support the claim, but mechanism equivalence is inferred; no direct assay rules out alternative modes of action for the non-natural variants.
doi__10.1007_s12602-016-9219-9	GIBIMPY4 likely exerts its antibacterial activity through electrostatic interactions with bacterial membranes, as evidenced by its sensitivity to salt concentration in E. coli O157:H7.	indirect		Salt sensitivity is an indirect proxy for electrostatic mechanism; no direct membrane assay (e.g., permeabilization, dye leakage) is reported in the visible paper text; full paper is paywalled so additional mechanistic data may exist.
doi__10.1007_s12602-016-9219-9	GIBIMPY4 is designed to act on bacterial membranes via an amphipathic α-helical structure with a net cationic charge of +5, properties associated with membrane disruption in cationic AMPs.	inferred		Mechanism is inferred from structural design rationale (amphipathicity, α-helix, cationic charge); no direct membrane-disruption assay is reported in the abstract; the link to mechanism is based on class-level analogy, not peptide-specific experimentation.
doi__10.1007_s12602-016-9219-9	GIBIMPY4 shows selectivity for bacterial cells over eukaryotic cells, with a specificity index of 9.01 for E. coli O157:H7, suggesting differential membrane targeting.	indirect		Specificity index is derived from cytotoxicity vs. antibacterial activity comparison (in vitro); it implies but does not directly demonstrate a membrane-selectivity mechanism; no mechanistic assay (e.g., bacterial vs. mammalian membrane binding) is described.
doi__10.1007_s12602-016-9219-9	GIBIMPY4 exerts a bacteriostatic rather than bactericidal effect against E. coli O157:H7, indicating growth inhibition rather than direct cell killing as the primary mode of action for that organism.	indirect		Bacteriostatic classification is inferred from optical density measurements by broth microdilution; the specific molecular mechanism underlying growth inhibition is not determined; full paper may contain time-kill data.
doi__10.1007_s12602-020-09716-w	rCf-ALF2 disrupts the bacterial cell membrane of E. coli, as evidenced by membrane blebbing, disruption, and cell content leakage observed by scanning electron microscopy.	direct_assay	membrane disruption (SEM: blebbing, cell content leakage)	SEM observation is morphological only; does not distinguish primary membrane disruption from secondary damage; tested on E. coli only, not S. aureus or other strains
doi__10.1007_s12602-020-09716-w	The cationic net charge (+9) and hydrophobic ratio (34%) of Cf-ALF2 are proposed to underlie its membrane-targeting antimicrobial activity, consistent with characteristic AMP properties.	inferred		Inferred from physicochemical properties alone; no direct charge-ablation or hydrophobicity-ablation experiments performed; correlation does not establish causation
doi__10.1007_s12602-021-09857-6	Bomidin penetrated the bacterial membrane and induced the release of cytoplasmic contents, as demonstrated by PNP and ONPG assays measuring membrane permeability.	direct_assay	membrane permeabilization (PNP assay, ONPG assay)	Assays performed on V. parahaemolyticus only; membrane disruption inferred from release of cytoplasmic markers rather than direct imaging of pore formation
doi__10.1007_s12602-021-09857-6	Bomidin interacted with DNA to form a bomidin–DNA complex that inhibits bacterial survival.	direct_assay	DNA binding	Only the abstract is available; the specific assay used to demonstrate DNA binding (e.g., gel retardation, fluorescence displacement) is not described in the available text; functional consequence (inhibition of survival) is inferred rather than mechanistically resolved
doi__10.1007_s12602-021-09857-6	Bomidin caused damage and dysfunction to the bacterial cell wall and membrane, as revealed by transmission electron microscopy and scanning electron microscopy.	direct_assay	transmission electron microscopy, scanning electron microscopy	Morphological damage observed but does not distinguish between primary mechanism and downstream structural consequence; limited to V. parahaemolyticus
doi__10.1007_s12602-025-10859-x	Bacteriocin PFS-3 exerts bactericidal effects on MDR E. coli B2 by disrupting cardiolipin in the outer membrane of the cells.	direct_assay	outer membrane disruption (cardiolipin targeting)	Only the abstract is available; full experimental details (assay methods, controls, dose-response) are behind a paywall and cannot be verified from this text alone.
doi__10.1007_s12602-025-10469-7	So-Crustin disrupts bacterial membranes, as demonstrated by scanning electron microscopy revealing bacterial lysis and structural damage.	direct_assay	scanning electron microscopy (SEM)	SEM shows morphological outcome but does not distinguish between primary membrane disruption and secondary lysis from other mechanisms
doi__10.1007_s12602-025-10469-7	So-Crustin dissipates bacterial membrane potential (membrane depolarization) as a mode of antibacterial action.	direct_assay	membrane potential assay (membrane depolarization)	Full article text not available; assay methodology details and bacterial strains tested cannot be verified beyond abstract
doi__10.1007_s12602-025-10469-7	So-Crustin induces reactive oxygen species (ROS) in bacteria as a mode of antibacterial action.	direct_assay	ROS induction assay	Full article text not available; whether ROS induction is a primary mechanism or a downstream consequence of membrane damage cannot be determined from the abstract alone
doi__10.1007_s12602-025-10469-7	The cationic (+6.25) and amphipathic (34% hydrophobicity) properties of So-Crustin contribute to its antibacterial activity against both Gram-positive and Gram-negative bacteria.	indirect		Physicochemical characterization is correlative; causal role of charge and hydrophobicity in membrane interaction is inferred from peptide properties and MIC data, not from direct biophysical membrane-interaction assays described in the abstract
doi__10.1007_s12602-018-9454-3	K4 exerts a bactericidal (rather than bacteriostatic) effect on Aeromonas salmonicida and Vibrio splendidus LGP32 at concentrations below 45 µg/mL.	direct_assay	automated optical density growth monitoring (OD meter)	Only two aquatic bacterial species tested; MIC/MBC ratio not explicitly reported; full-text results tables not visible in the provided preview.
doi__10.1007_s12602-018-9454-3	K4's cationic N-terminal moiety and amphipathic α-helical structure are presented as the structural basis underlying its antibacterial activity.	inferred		The paper states the structural features but does not perform new mechanistic assays to link them to a specific killing mechanism; mechanistic characterization is attributed to a prior study (Legrand et al. 2011) cited in the references.
doi__10.1007_s12602-025-10637-9	The antimicrobial activity of Mu-17 likely occurs through membrane interaction.	inferred		Authors use 'likely' — no membrane assay data (permeabilization, leakage, depolarization, etc.) is reported in the available text; inference appears to rest on the amphipathic alpha-helical structure and analogy to other scorpion AMPs rather than direct experimental evidence.
doi__10.1007_s12602-025-10637-9	Mu-17 forms an amphipathic alpha-helix structure, which is the structural basis proposed for its membrane-targeting activity.	indirect		Amphipathic helix is a structural prediction/design feature (leucine zipper-like motif); the text does not report CD spectroscopy or NMR confirming the helix in solution or at a membrane interface.
doi__10.1007_s12602-021-09796-2	Iturin V disrupts the membrane of Pseudomonas aeruginosa cells, as evidenced by morphological alterations observed in electron micrographs of treated versus untreated cells.	direct_assay	membrane morphology imaging (SEM, TEM)	Demonstrated only against P. aeruginosa MTCC 1934 at 1x MIC; electron microscopy shows gross morphological changes but does not resolve molecular mechanism (e.g., pore formation vs. membrane solubilization vs. lipid extraction); no quantitative membrane integrity metric (e.g., dye leakage) reported in this excerpt.
doi__10.1007_s12602-024-10371-8	FengycinA-M3 binds to penicillin-binding protein 2B (PBP2B) on the cell membrane of Listeria monocytogenes, which is identified as its primary molecular target.	direct_assay	molecular docking	Full methods are paywalled; the abstract and title assert PBP2B binding but the specific binding assay(s) used (e.g., molecular docking, SPR, pulldown) cannot be confirmed from available text. Molecular docking is computational and does not confirm in-cell binding.
doi__10.1007_s12602-024-10371-8	FengycinA-M3 disrupts the permeability of the L. monocytogenes cell membrane.	direct_assay	membrane permeabilization	Specific assay type (e.g., fluorescent dye leakage, SYTOX, ONPG) not confirmable from abstract alone; full methods paywalled.
doi__10.1007_s12602-024-10371-8	FengycinA-M3 causes physical rupture of the L. monocytogenes cell membrane.	direct_assay	cell structure/morphology analysis	Imaging modality (e.g., SEM, TEM) not specified in available abstract text; inference drawn from 'cell structure disruption' framing in title and abstract.
doi__10.1007_s12602-024-10371-8	FengycinA-M3 acts synergistically with Cefalexin (a beta-lactam PBP inhibitor) against L. monocytogenes, supporting a PBP-related mechanism of action.	indirect	checkerboard MIC assay	Synergy with a PBP-targeting antibiotic is consistent with PBP2B binding but does not prove it; could reflect additive membrane stress rather than shared target engagement.
doi__10.1007_s12602-024-10371-8	Transcriptomic and proteomic profiling identified 20 differentially expressed genes/proteins in L. monocytogenes upon FengycinA-M3 treatment, providing molecular evidence of its antibacterial mechanism.	indirect	RNA-seq transcriptomics, TMT proteomics	The identities and pathways of the 20 DEGs are not reported in the available abstract text, preventing assessment of which specific cellular processes are implicated; multi-omics data alone do not establish causality.
doi__10.1007_s13205-020-2151-4	TnCRT2 and TnCRT3 increased the positive charge on the cell surface of both Gram-positive and Gram-negative bacteria, as measured by zeta potential analysis.	indirect	zeta potential measurement	Zeta potential shift indicates peptide-membrane surface interaction but does not directly demonstrate membrane permeabilization, pore formation, or cell death mechanism; full mechanistic pathway not established from this assay alone; only abstract text available, not full results/discussion sections
doi__10.1007_s13205-019-1801-x	Omw1 and omw2 exhibit membranolytic activity, evidenced by propidium iodide uptake (red fluorescence) in peptide-treated cells compared to untreated controls, indicating disruption of membrane integrity.	direct_assay	membrane permeabilization (propidium iodide fluorescence staining)	PI assay confirms membrane compromise but does not distinguish primary pore formation from secondary membrane collapse; only abstract-level detail available, full dose–response data behind paywall.
doi__10.1007_s13205-019-1801-x	Omw1 acts by causing complete lysis of E. coli ATCC 25922 at 1× MIC within 40 min and of S. aureus ATCC 25923 at 2× MIC within 60 min, demonstrating rapid bactericidal kinetics consistent with a membrane-targeting mechanism.	direct_assay	time-kill kinetics	Time-kill confirms bactericidal activity but does not by itself establish the molecular target; lysis is inferred from killing curve shape, not directly visualised in this excerpt.
doi__10.1007_s13205-019-1801-x	Omw1 and omw2 cause notable morphological damage to microbial cells, as shown by scanning electron microscopy, consistent with cell-surface or membrane disruption.	direct_assay	scanning electron microscopy (SEM)	SEM reveals surface/structural changes but cannot resolve whether membrane disruption is the primary lethal event or a downstream consequence; only described qualitatively ('notable') in the abstract.
doi__10.1007_s13205-019-1801-x	Omw1 and omw2 inhibit biofilm formation and disperse mature biofilms of C. albicans at sub-MIC concentrations (1/2× MIC), indicating an anti-biofilm mechanism distinct from bulk bactericidal/fungicidal killing.	direct_assay	biofilm inhibition assay, biofilm dispersal assay	Mechanism of biofilm disruption (e.g., matrix degradation, interference with adhesion signalling, or membrane damage within biofilm) is not characterised; tested against C. albicans only in this context.
doi__10.1016_j.bbagen.2019.02.013	Japonicin-2LF kills bacteria via membrane permeabilisation, as demonstrated by SYTOX green uptake and DAPI/PI fluorescence staining showing compromised membrane integrity in S. aureus, E. coli, and C. albicans.	direct_assay	membrane permeabilization (SYTOX green uptake assay, DAPI/PI fluorescence staining)	Permeabilization at 1×MIC was only clearly shown for S. aureus; E. coli and C. albicans required 4×MIC for ~100% permeabilization, suggesting weaker primary membrane action against these organisms.
doi__10.1016_j.bbagen.2019.02.013	Japonicin-2LF adopts a random coil structure in aqueous solution but transitions to an α-helical conformation in membrane-mimic environments, consistent with membrane-targeting activity.	indirect	circular dichroism spectroscopy	CD was performed in TFE/SDS membrane-mimic solutions, not intact bacterial membranes; α-helical structure in mimic does not directly prove the same conformation occurs in vivo.
doi__10.1016_j.bbagen.2019.02.013	Japonicin-2LF is less effective against Gram-negative P. aeruginosa because its helical structure has higher affinity for LPS in the outer membrane, which may prevent translocation to the inner cell membrane.	inferred		Mechanistic explanation for P. aeruginosa reduced activity is inferred from published literature on AMP-LPS interactions; no direct LPS-binding or translocation assay was performed in this study.
doi__10.1016_j.bbagen.2019.02.013	Japonicin-2LF eradicates MRSA biofilms by a detergent-like action that disintegrates the biofilm matrix and kills all sessile bacteria within.	direct_assay	biofilm eradication/disruption assay (crystal violet staining for MBEC; colony count CFU assay after biofilm disruption)	The 'detergent-like' characterization is an interpretive label; no direct structural analysis of biofilm matrix disruption (e.g., confocal imaging, EPS quantification) was performed.
doi__10.1016_j.bbagen.2019.02.013	Japonicin-2LF does not induce resistance in MRSA because its membrane-disruption mechanism targets the bacterial cell membrane, which does not differ significantly between susceptible and resistant strains and is not affected by resistance genes for conventional antibiotics.	indirect	resistance induction assay (15-cycle sub-MIC passage, followed by MIC re-determination)	Absence of resistance after 15 cycles is consistent with the hypothesis but does not mechanistically prove the membrane target explanation; the claim about resistance genes not affecting AMP activity is cited from published literature rather than tested directly.
doi__10.1016_j.bbagen.2019.02.013	Japonicin-2LF passed through the hydrophilic peptidoglycan layer of S. aureus to disrupt the underlying intact cytoplasmic membrane, which is why it is more potent against Gram-positive than Gram-negative bacteria.	inferred		Peptidoglycan passage is inferred from differential MIC/membrane permeability data and the known cell wall architecture; no direct imaging or biochemical assay of peptidoglycan penetration was performed.
doi__10.1016_j.bbagen.2019.02.013	Biofilm inhibition by japonicin-2LF at concentrations equal to its MIC/MBC is likely related to growth inhibition of planktonic bacteria and prevention of surface colonisation during initial biofilm formation, rather than a distinct anti-biofilm mechanism.	hypothesis		Authors explicitly state this is an assumption ('We assumed'); no direct experiments distinguishing anti-biofilm from anti-planktonic mechanisms were conducted.
doi__10.1016_j.bbagen.2019.02.013	The reduced antimicrobial activity of japonicin-2LF in the presence of P. aeruginosa supernatant is likely due to non-specific binding of the peptide to hydrophobic/amphipathic compounds (e.g., quorum-sensing molecules) in the supernatant, reducing the concentration of free active peptide rather than direct proteolytic cleavage.	hypothesis		Authors explicitly characterize this as a suggestion; no cleaved peptide fragments were detected by MS, supporting the non-cleavage hypothesis, but the specific binding partners were not identified. The 8-fold MIC increase and rapid peptide disappearance at 0 min are the only supporting data.
doi__10.1007_s13205-019-1639-2	BaCf3 inhibits growth of food-borne pathogens and food spoilage bacteria.	indirect		Only the abstract is visible; no MIC values, killing kinetics, or mode-of-action assays are described in the available text. 'Inhibitory potential' leaves the mechanism unspecified.
doi__10.1007_s13205-019-1639-2	BaCf3 reduces biofilm formation by strong biofilm-producing strains from food samples by up to 80%.	indirect	microtiter plate biofilm reduction assay	The assay measures biomass reduction (outcome), not the mechanism by which biofilm is disrupted (e.g., interference with adhesion, matrix degradation, quorum sensing). Full results section is paywalled.
doi__10.1007_s13205-019-1639-2	The disulphide linkage between C6 and C13 is structurally important for BaCf3 activity, as the peptide is sensitive to the reducing agent DTT and the oxidizing agent DMSO.	inferred		Sensitivity to DTT/DMSO is reported but activity loss is not explicitly linked to disulphide disruption in the abstract text; the mechanistic inference is implicit. Full experimental data not visible.
doi__10.1007_s13277-014-3018-2	Peptides m2163 and m2386 greatly enhance cell membrane permeability in SW480 human colorectal cancer cells.	direct_assay	membrane permeabilization (flow cytometry with FITC-labeled peptides)	Assay measures permeability change but does not resolve whether membrane disruption is the primary lethal event or a secondary consequence of intracellular signaling.
doi__10.1007_s13277-014-3018-2	Peptides m2163 and m2386 localize on the cell membrane for a substantial length of time before penetrating into the cell cytoplasm to induce apoptosis.	direct_assay	confocal microscopy (FITC-labeled peptides), subcellular fractionation + flow cytometry	Confocal imaging and fractionation were explicitly demonstrated for m2163; m2386 localization is stated in the abstract as confirmed by confocal microscopy but details are limited in the available text.
doi__10.1007_s13277-014-3018-2	FITC-m2163 accumulates predominantly in the cytoplasm rather than in the mitochondria of treated SW480 cells.	direct_assay	subcellular fractionation + flow cytometry fluorescence intensity measurement	Only tested for m2163; relies on FITC label not altering peptide localization; fractionation purity is not described.
doi__10.1007_s13277-014-3018-2	Peptide m2163 induces upregulation of the extrinsic apoptosis death receptors Fas and TRAILR1 on the cell surface of SW480 cells.	direct_assay	qRT-PCR, Western blot	mRNA and protein upregulation is shown but functional receptor activation (ligand-independent clustering, caspase-8 cleavage) is not directly demonstrated.
doi__10.1007_s13277-014-3018-2	Peptide m2386 induces upregulation of the extrinsic apoptosis death receptors Fas, TNFR1, and TRAILR1 on the cell surface of SW480 cells.	direct_assay	qRT-PCR, Western blot	mRNA and protein upregulation is shown but functional receptor activation is not directly demonstrated; m2386 activates a broader receptor set than m2163 but the mechanistic basis for this difference is not explained.
doi__10.1007_s13277-014-3018-2	Both peptides m2163 and m2386 induce expression of the mitochondrial apoptosis protein Smac, indicating activation of the intrinsic (mitochondrial) apoptosis pathway.	direct_assay	qRT-PCR, Western blot	Only Smac is cited as representative of the intrinsic pathway; upstream events (cytochrome c release, Bcl-2 family changes, mitochondrial membrane potential) are not directly measured; Smac upregulation is used as a surrogate for pathway activation.
doi__10.1007_s13277-014-3018-2	Peptides m2163 and m2386 trigger both the extrinsic (death receptor) and intrinsic (mitochondrial) apoptosis pathways in SW480 cells.	inferred		This is a synthesized conclusion drawn from death-receptor upregulation and Smac induction data; cross-talk between the two pathways (e.g., caspase-8-mediated BID cleavage) is not directly measured; upstream caspase activation is not reported in the available text.
doi__10.1007_s12602-025-10870-2	pBD-5 causes modest membrane permeabilization of model bacterial membranes, achieving on average 15.45% leakage at 100 µM and 14.55% at 200 µM after 24 h of co-incubation.	direct_assay	membrane permeabilization (calcein leakage assay with DOPC/DOPG liposomes)	Model membrane (liposomes), not intact bacteria; leakage is modest (~15% at 200 µM); DOPC/DOPG proxy may not fully replicate Gram-positive vs Gram-negative membrane compositions; in vitro only
doi__10.1007_s12602-025-10870-2	pBD-5 significantly reduces E. coli metabolic activity in a dose-dependent manner, with reductions of 58–77% at concentrations of 25–200 µM.	direct_assay	metabolic activity (resazurin fluorometric reduction assay)	Effect is significant for E. coli but not for S. epidermidis; resazurin reduction measures overall metabolic activity and does not identify which specific metabolic pathway(s) are impaired; in vitro only
doi__10.1007_s12602-025-10870-2	pBD-5 causes bacterial cell membrane damage leading to cell death in E. coli, as evidenced by dose-dependent increases in propidium iodide uptake.	direct_assay	membrane integrity (confocal fluorescence microscopy with LIVE/DEAD BacLight SYTO-9/propidium iodide staining)	Images represent selected fields of view; PI uptake confirms loss of membrane integrity but does not distinguish primary vs secondary membrane damage; qualitative/semi-quantitative; in vitro only
doi__10.1007_s12602-025-10870-2	pBD-5 induces apparent aggregation of E. coli cells at higher concentrations (25–200 µM), possibly through interactions with extracellular bacterial components or direct interference with cell division.	direct_assay	confocal fluorescence microscopy	Authors explicitly caution that aggregation-like appearance is from selected fields of view and should be interpreted as qualitative only; mechanistic basis (extracellular interaction vs. cell division interference) is not experimentally determined
doi__10.1007_s12602-025-10870-2	pBD-5 exerts a partially bacteriostatic effect on E. coli in addition to its bactericidal effect, as metabolic activity is reduced at concentrations (25 µM) where CFU counts are also significantly decreased.	indirect	metabolic activity (resazurin), colony-forming unit counts	Bacteriostatic vs bactericidal distinction is inferred by combining two separate assays (resazurin and CFU), not demonstrated by a direct static/cidal endpoint assay such as time-kill kinetics; in vitro only
doi__10.1007_s12602-025-10870-2	The primary antimicrobial mechanism of pBD-5 against S. epidermidis is distinct from metabolic inhibition, since CFU counts are significantly reduced while metabolic activity remains statistically unchanged.	inferred	metabolic activity (resazurin), colony-forming unit counts	Mechanism is inferred by exclusion; the actual mechanism operative against S. epidermidis is not identified; discrepancy could also reflect technical limitations of resazurin assay with S. epidermidis (e.g., low metabolic baseline or dye interference)
doi__10.1007_s12602-025-10870-2	pBD-5's bactericidal activity is not solely dependent on membrane disruption but likely involves additional mechanisms such as metabolic inhibition or intracellular target interactions, given that membrane leakage is modest (~15%) at concentrations that produce significant bacterial killing.	inferred		Entirely inferential; no direct intracellular assay (e.g., DNA/RNA binding, enzyme inhibition) was performed; the argument rests on the gap between low membrane leakage and observed bactericidal effect, which could also reflect assay model limitations (liposomes vs. intact bacterial membranes)
doi__10.1007_s13659-012-0016-1	Pc-CATH1 and its homologues adopt α-helical conformation in negatively charged membrane-mimicking environments (SDS micelles) due to electrostatic interaction, and this structural transition is associated with their antimicrobial activity.	indirect	circular dichroism spectroscopy in SDS micelles	CD performed in SDS micelles, not actual bacterial membranes; helical structure shown to form but not directly demonstrated to be the mechanistically active conformation against bacteria; multiple structural parameters co-vary across peptide series
doi__10.1007_s13659-012-0016-1	Tryptophan residues in the RL-series homologues reside in the hydrophobic core of the peptides and engage in hydrophobic interactions with acyl chains of membrane phospholipids, contributing to antimicrobial activity.	inferred		Mechanism directly cited from literature on other AMPs (melittin, IsCT, papiliocin, mastoparan B, refs 7–10) and applied by structural analogy (helix-wheel analysis) to Pc-CATH1 homologues; no direct membrane interaction assay performed on these peptides
doi__10.1007_s13659-012-0016-1	Tryptophan residues exhibit restricted motion upon insertion into the bacterial membrane, implying membrane embedding as part of the antimicrobial mechanism of RL-series peptides.	inferred		Directly cited from literature on other AMPs (refs 7–10), not experimentally demonstrated for Pc-CATH1 or any homologue in this study
doi__10.1007_s13659-012-0016-1	The absence of tryptophan and low degree of amphipathicity in RL6 may explain its markedly reduced antimicrobial activity relative to RL5.	inferred	MIC assay	Removal of Trp simultaneously reduces hydrophobicity and amphipathicity; the two variables cannot be independently attributed; helix-wheel analysis and hydrophobicity calculations are computational, not experimental
doi__10.1007_s13659-012-0016-1	Tryptophan anchoring into the red blood cell membrane contributes to hemolytic activity, and the positional flexibility of tryptophan (N-terminal position 1 vs. position 2) modulates the strength of this anchoring.	inferred	hemolysis assay	Anchoring is inferred from differential hemolysis between RL4 and RL5 and positional reasoning about Trp flexibility; no direct membrane insertion or fluorescence measurement performed
doi__10.1007_s13659-012-0016-1	Phenylalanine residues can anchor into the red blood cell membrane, and their deletion reduces hemolytic activity.	inferred	hemolysis assay	Inferred from hemolytic activity difference upon single-residue deletion (RL4 vs. RL5); Phe and Trp are removed together in this comparison, making individual attribution uncertain; no direct membrane binding assay performed
doi__10.1007_s13659-012-0016-1	Amphipathicity is required for antimicrobial activity; loss of amphipathicity at the C-terminus, coinciding with decreased net positive charge, contributes to reduced antimicrobial and hemolytic activities in LR4–6.	indirect	MIC assay, hemolysis assay	Amphipathicity loss co-occurs with net charge reduction and sequence truncation; effects cannot be attributed to a single structural variable; amphipathicity assessed computationally via helix-wheel, not by experiment
doi__10.1007_s13659-012-0016-1	Hydrophobicity is positively correlated with antimicrobial potency within the LR1–LR3 sub-series of Pc-CATH1 homologues.	indirect	MIC assay	Correlation observed in only three peptides (LR1–3) with co-varying sequence length and charge; not a controlled single-variable experiment; hydrophobicity calculated computationally
doi__10.1007_s13659-012-0016-1	A sufficient degree of α-helical structure in membrane-like conditions is associated with stronger antimicrobial and hemolytic activities; peptides with low α-helical content (LR11–16, RL14) show weak or absent activity.	indirect	circular dichroism spectroscopy, MIC assay, hemolysis assay	Helical content measured in SDS micelles, not in the presence of target organisms or erythrocytes; multiple structural properties change simultaneously across the truncation series
doi__10.1016_j.bbrc.2010.07.028	K17 adopts α-helical conformation in membrane-mimicking environments (50% TFE or 1% SDS), transitioning from random coil in aqueous solution, consistent with the membrane-interaction mechanism typical of cationic α-helical AMPs.	indirect	circular dichroism spectroscopy	TFE and SDS are membrane mimics, not actual bacterial membranes; CD confirms structural transition but does not directly demonstrate membrane insertion or permeabilization in bacteria.
doi__10.1016_j.bbrc.2010.07.028	K17 exerts bactericidal activity against Gram-negative S. typhimurium and Gram-positive S. aureus through a mechanism that requires cationic charge, as the charge-neutralized analogue A17 (lysines replaced by alanines) lacks antimicrobial activity despite retaining α-helical structure.	indirect	bactericidal CFU assay, circular dichroism spectroscopy	The charge-dependence inference is based on a single analogue comparison; alternative explanations (e.g., altered amphipathicity or hydrophobicity from the substitutions) are not ruled out; direct membrane interaction was not measured.
doi__10.1016_j.bbrc.2010.07.028	Most AMPs, including the class to which K17 belongs, share a common mechanism of action involving membrane permeabilization of the pathogen cell membrane.	inferred		This is a general statement from the literature (cited to Brogden 2005) applied by the authors to contextualize K17; no direct membrane permeabilization assay was performed on K17 in this study.
doi__10.1016_j.bbrc.2010.07.028	K17 is selectively toxic to bacteria and not to mammalian cells, suggesting its membrane-disrupting mechanism preferentially targets bacterial membranes over mammalian cell membranes or erythrocytes.	indirect	bactericidal CFU assay, XTT cytotoxicity assay, hemolysis assay	Selectivity is demonstrated by differential activity assays, not by a direct mechanistic comparison of membrane interactions with bacterial vs. mammalian membranes; the basis for selectivity is inferred, not mechanistically explained.
doi__10.1016_j.bbrc.2010.07.028	Use of the defensin-sensitive phoP strain of S. typhimurium, which lacks the PhoP-mediated antimicrobial resistance system, supports that K17 acts via a mechanism targeted by defensin-type peptides.	indirect	bactericidal CFU assay (phoP-strain vs. wild-type comparison)	Enhanced sensitivity of the phoP strain is consistent with a defensin-like mechanism but does not specify the exact molecular target; the PhoP system modulates multiple resistance pathways.
doi__10.1016_j.bbagen.2010.12.002	Cc-LTP1 permeabilized the plasma membranes of S. cerevisiae, C. albicans, and C. tropicalis, as shown by SYTOX green fluorescence uptake in all treated yeast cells observed by fluorescence microscopy.	direct_assay	membrane permeabilization (SYTOX green dye uptake, fluorescence microscopy)	Assay performed at a single high concentration (400 µg/ml) after 36 h incubation; does not distinguish primary membrane disruption from secondary permeabilization due to cell death
doi__10.1016_j.bbagen.2010.12.002	Cc-LTP1 interfered with yeast H+-ATPase-dependent acidification of the medium in a dose-dependent manner, enhancing glucose-stimulated acidification by 89–390% across S. cerevisiae, C. albicans, and C. tropicalis.	indirect	glucose-stimulated medium acidification (pH measurement)	pH change is an indirect proxy for H+-ATPase activity; the observed enhancement (not inhibition) of acidification is opposite to other antimicrobial peptides tested and its link to cell killing is not explained; H+-ATPase activity was not measured directly
doi__10.1016_j.bbagen.2010.12.002	Cc-LTP1 caused structural compromise of the C. albicans plasma membrane, evidenced by cellular agglomeration and apparent extracellular release of cytoplasmic material observed by scanning electron microscopy.	indirect	scanning electron microscopy	The extracellular agglutinated material is presumed by the authors to be cytoplasmic content but is not biochemically confirmed; SEM is morphological and cannot establish mechanism
doi__10.1016_j.bbagen.2010.12.002	Cc-LTP1 induced a yeast-to-pseudohyphae dimorphic transition in C. tropicalis, possibly as a consequence of pH alterations in the growth medium caused by the peptide's effect on the plasma membrane.	inferred	scanning electron microscopy	The causal link between LTP-induced membrane perturbation, pH change, and pseudohyphae induction is speculative and not experimentally verified; alternative triggers for dimorphism are not excluded
doi__10.1016_j.bbagen.2010.12.002	Cc-LTP1 may interact with proteinaceous components of the fungal plasma membrane and cause changes in ion permeability (H+, K+, Cl−), analogously to elicitins, based on its phylogenetic proximity to that protein family.	hypothesis		Proposed solely by analogy to elicitins based on phylogenetic data; no ion flux measurements or membrane protein-binding assays were performed to test this hypothesis
doi__10.1016_j.bbagen.2020.129633	EcDBS1R6 permeabilizes the cytoplasmic membrane of both E. coli and S. aureus, as demonstrated by SYTOX Green fluorescence uptake showing complete permeabilization comparable to the membrane-permeabilizing positive control melittin.	direct_assay	membrane permeabilization (SYTOX Green uptake assay)	Assay performed at 2x MIC only; S. aureus showed a lower maximum SG fluorescence signal than melittin, suggesting partial or kinetically different permeabilization; single representative experiment shown from three replicates.
doi__10.1016_j.bbagen.2020.129633	EcDBS1R6 rapidly depolarizes the cytoplasmic membrane potential of both E. coli and S. aureus, as indicated by an immediate increase in DiSC3(5) fluorescence reaching a threshold equal or similar to melittin.	direct_assay	membrane depolarization (DiSC3(5) fluorescent probe assay)	Assay performed at 2x MIC only; S. aureus depolarization reached a maximum similar but not equal to the positive control; single representative experiment shown from three replicates.
doi__10.1016_j.bbagen.2020.129633	EcDBS1R6 kills E. coli and S. aureus rapidly and completely within 15 minutes at 2x MIC, indicating a bactericidal membranolytic mechanism of action.	direct_assay	time-kill assay (colony-forming unit counts)	Rapid killing is consistent with but does not exclusively prove a membranolytic mechanism; tested only on two reference strains; the methods section states E. coli was tested at 4x MIC, creating a minor inconsistency with the 2x MIC stated in the results.
doi__10.1016_j.bbagen.2020.129633	EcDBS1R6 causes visible membrane deformation and loss of membrane integrity in P. aeruginosa and L. ivanovii, as directly observed by FEG-SEM imaging.	direct_assay	scanning electron microscopy (FEG-SEM)	Morphological imaging demonstrates membrane damage but cannot distinguish between pore-forming, carpet, or detergent-like disruption modes; cells were fixed with glutaraldehyde prior to imaging, which may introduce artifacts.
doi__10.1016_j.bbagen.2020.129633	The N-terminal portion of EcDBS1R6 is the active core responsible for antibacterial activity, as the first four N-terminal sliding-window fragments (10-residue each) were the most active against P. aeruginosa, while the three C-terminal fragments were completely inactive.	direct_assay	peptide fragment antimicrobial activity screening (SPOT cellulose synthesis, bioluminescent P. aeruginosa inhibition assay)	Fragment activity tested against a single organism (P. aeruginosa); crude peptides from cellulose SPOT synthesis may have variable concentrations and purity; overlapping 10-residue windows make precise boundary determination approximate.
doi__10.1016_j.bbagen.2020.129633	The C-terminal residues Pro17–Trp19 do not contribute to EcDBS1R6 antibacterial activity, as fragments containing only these residues were inactive (MIC >200 µg/mL) against P. aeruginosa.	direct_assay	peptide fragment antimicrobial activity screening (SPOT cellulose synthesis)	Inactivity of C-terminal fragments tested only against P. aeruginosa; the presence of Pro17 as an α-helix breaker is proposed to explain structural instability in this region, but no direct biophysical measurement of fragment–membrane interaction was performed.
doi__10.1016_j.bbagen.2020.129633	The α-helix at the N-terminus of EcDBS1R6 is maintained in a membrane-mimetic environment and constitutes the structural basis for membrane interaction and antibacterial activity, consistent with classical AMP membrane disruption models requiring α-helix formation.	indirect		Based on 50 independent 100 ns molecular dynamics simulations in 50% TFE/water (a membrane mimetic), not a lipid bilayer or direct experimental structural determination (e.g., NMR, CD in lipid vesicles); TFE may not fully recapitulate a true membrane environment; the link to membrane disruption models is by analogy, not direct measurement.
doi__10.1016_j.bbagen.2020.129633	The Joker-introduced amino acid changes increased the positive net charge of EcDBS1R6, which may have facilitated membrane interaction and enabled antimicrobial activity relative to the parent signal peptide.	inferred		Authors explicitly note that charge increase alone is insufficient for activity, since two other Joker variants of the same parent sequence (EcDBS1R1 and EcDBS1R7) with similar charge increases were inactive; no direct membrane-binding experiment comparing parent peptide and EcDBS1R6 was presented.
doi__10.1016_j.bbagen.2020.129633	EcDBS1R6 may act in a detergent-like manner on bacterial membranes, inferred from its derivation from a signal peptide sequence (which naturally inserts into phospholipid bilayers) and the localization of its active core to the α-helical signal peptide portion.	hypothesis		Explicitly speculative; no direct experimental evidence distinguishing a detergent-like (carpet/micellization) mechanism from pore-forming or toroidal pore models is presented; the authors state 'might have acted in a detergent-like manner.'
doi__10.1016_j.bbamem.2014.09.010	The synthetic cationic peptides *VAYR*, *ARVA, and VVRG bind selectively and strongly to microbes with partial β-sheet secondary structure and permeabilize their cytoplasmic membranes.	direct_assay	membrane permeabilization (SYTOX Green dye uptake)	Data from prior referenced studies [15,16], not generated in this paper; all three species-level differences noted below.
doi__10.1016_j.bbamem.2014.09.010	*VAYR* causes very rapid cytoplasmic membrane depolarization of E. coli within approximately 20 seconds of exposure.	direct_assay	membrane depolarization	Cited from prior referenced studies [15]; not independently replicated in this paper.
doi__10.1016_j.bbamem.2014.09.010	*VAYR* causes rapid entry of the membrane-impermeant SYTOX Green DNA-binding dye into both Gram-positive and Gram-negative bacteria within approximately 10 minutes, indicating large-scale cytoplasmic membrane permeabilization.	direct_assay	membrane permeabilization (SYTOX Green dye uptake)	Cited from prior referenced studies [15]; SYTOX Green is used as a surrogate marker for antibiotic entry, not a direct measure of antibiotic penetration.
doi__10.1016_j.bbamem.2014.09.010	*ARVA does not cause membrane depolarization over the first 3 minutes of exposure but allows SYTOX Green to enter all tested bacteria by 5 minutes.	direct_assay	membrane depolarization, membrane permeabilization (SYTOX Green dye uptake)	Cited from prior referenced studies; depolarization and permeabilization are temporally dissociated, suggesting a mechanistic detail not fully resolved.
doi__10.1016_j.bbamem.2014.09.010	VVRG causes large-scale permeabilization of Staphylococcus aureus membranes to SYTOX Green but does not produce the same permeabilizing effect in E. coli membranes.	direct_assay	membrane permeabilization (SYTOX Green dye uptake)	Cited from prior referenced studies; species-specific difference in membrane permeabilization is described but not mechanistically explained.
doi__10.1016_j.bbamem.2014.09.010	Melittin is a non-selective, generic membrane-permeabilizing peptide that binds to and permeabilizes bacterial, eukaryotic, and fungal membranes indiscriminately.	indirect		Cited as established prior knowledge [36]; not directly assayed in this paper beyond MIC and FIC measurements.
doi__10.1016_j.bbamem.2014.09.010	AMPs act on bacterial membranes globally rather than on a specific macromolecular target, which likely explains why resistance to AMPs is uncommon and not readily selectable or inducible.	inferred		Mechanistic inference supported by literature citation [21,22]; not directly demonstrated in this study.
doi__10.1016_j.bbamem.2014.09.010	Large-scale membrane disruption and permeabilization of bacterial membranes by cationic AMPs is not sufficient by itself to produce synergistic interactions with conventional chemical antibiotics, including those that act intracellularly.	direct_assay	membrane permeabilization (SYTOX Green, prior studies), fractional inhibitory concentration (FIC) synergy assay	Only four AMPs, four antibiotics, and three bacterial species tested; extrapolation to all AMPs or all pathogens is not warranted.
doi__10.1016_j.bbamem.2014.09.010	Magainin II has a mechanism of action involving selective targeting of anionic microbial membranes, possibly similar to melittin but with greater selectivity.	inferred		Inferred from cited literature [45]; not directly assayed in this study; the comparison to melittin is speculative.
doi__10.1016_j.bbamem.2014.09.010	Magainin II synergizes with β-lactam antibiotics through a unique mechanism distinct from generic membrane permeabilization, as demonstrated by its synergy with β-lactams (FIC < 1) while melittin and other membrane-permeabilizing peptides show no synergy with the same drug class.	indirect	FIC synergy assay	The specific molecular mechanism of synergy is explicitly stated to remain unknown; synergy is inferred by contrast with non-synergizing peptides rather than by direct mechanistic assay.
doi__10.1016_j.bbamem.2014.09.010	AMPs could potentially synergize with antibiotics by increasing the permeability of bacterial membranes, including the outer membrane of Gram-negative bacteria, thereby enhancing antibiotic access to intracellular targets.	hypothesis		Cited from prior literature [26] as a proposed mechanism; the current study's results argue against this as a general mechanism, finding no synergy across 40 peptide-drug-organism combinations.
doi__10.1016_j.bbamem.2014.09.010	AMPs could enhance the activity of bacterial murein hydrolases or other enzymes that degrade the peptidoglycan layer, thereby allowing cell-wall-targeting antibiotics such as β-lactams to act more efficiently.	hypothesis		Cited from prior literature [27,28] as a proposed mechanism; not tested in this study.
doi__10.1016_j.bmcl.2012.12.020	Cis-cyclo(leucyl-tyrosyl) inhibits biofilm formation of Staphylococcus epidermidis ATCC 35984 by up to 85% at 1.0 mg/mL without interfering with bacterial growth.	direct_assay	biofilm inhibition (crystal violet), bacterial growth (turbidimetric assay), scanning electron microscopy	Single strain tested (ATCC 35984); mechanism downstream of biofilm inhibition not determined; no dose-response below 0.25 mg/mL reported
doi__10.1016_j.bmcl.2012.12.020	Cis-cyclo(leucyl-tyrosyl) reduces exopolysaccharide (EPS) matrix formation, as evidenced by weakly-formed EPS and fewer cell aggregates in treated samples compared to untreated controls.	direct_assay	scanning electron microscopy	SEM is morphological/descriptive only; EPS identity inferred visually, not biochemically confirmed; single concentration (1.0 mg/mL) shown
doi__10.1016_j.bmcl.2012.12.020	Diketopiperazines such as cis-cyclo(leucyl-tyrosyl) may interfere with quorum-sensing systems in gram-positive bacteria, analogous to how related dipeptides cyclo(L-Phe-L-Pro) and cyclo(L-Tyr-L-Pro) repress virulence factor TSST-1 expression in Staphylococcus aureus via the agr quorum-sensing system.	inferred		Authors cite this mechanism only for structurally related dipeptides from a different study; no agr interference assay was performed for cis-cyclo(leucyl-tyrosyl) in this paper; explicitly flagged as future work
doi__10.1016_j.bmcl.2012.12.020	Diketopiperazines can mimic N-acyl homoserine lactones by interacting with LuxR proteins at or near their binding site, suggesting a possible quorum-sensing interference mechanism for cis-cyclo(leucyl-tyrosyl).	hypothesis		No experimental data for cis-cyclo(leucyl-tyrosyl) on LuxR or any quorum-sensing assay; based entirely on literature analogy; authors acknowledge this mechanism of action requires further exploration
doi__10.1016_j.bbamem.2020.183280	Both horine and verine-L induce membrane permeabilization of model membranes mimicking S. aureus and E. coli, with greater extent and faster kinetics against S. aureus mimetics.	direct_assay	membrane permeabilization (carboxyfluorescein leakage from LUVs)	Model membranes only; LUV lipid compositions approximate but do not fully replicate native bacterial membranes
doi__10.1016_j.bbamem.2020.183280	Both peptides bind model membranes mimicking S. aureus with approximately 30-fold higher affinity (KD ~0.3 µM) than E. coli mimetics (KD ~11 µM).	direct_assay	isothermal titration calorimetry (ITC)	Model membranes only; affinity measured at 37°C in phosphate buffer, may differ in vivo
doi__10.1016_j.bbamem.2020.183280	Binding of both peptides to E. coli model membranes is driven primarily by entropy, consistent with hydrophobic forces dominating the interaction.	direct_assay	isothermal titration calorimetry (ITC)	Thermodynamic inference from ΔH/−TΔS decomposition; model membranes only
doi__10.1016_j.bbamem.2020.183280	Binding of both peptides to S. aureus model membranes is driven by comparable enthalpic and entropic contributions, suggesting involvement of hydrophobic forces as well as electrostatics, hydrogen bonding, and/or dehydration.	direct_assay	isothermal titration calorimetry (ITC)	Thermodynamic decomposition cannot distinguish individual non-hydrophobic contributions; model membranes only
doi__10.1016_j.bbamem.2020.183280	Both peptides induce lipid flip-flop (transverse lipid movement) in both S. aureus and E. coli model membranes.	direct_assay	dithionite quenching of NBD-DPPE fluorescence, pyrene-labeled lipid (Pyr-PC) excimer redistribution	Dithionite assay cannot distinguish flip-flop from pore-mediated dithionite access to inner leaflet without corroborating assay; two complementary assays were used to address this
doi__10.1016_j.bbamem.2020.183280	Horine-induced permeabilization of E. coli model membranes does not involve formation of stable membrane pores, because lipid flip-flop occurs only at peptide:lipid ratios much higher than those causing permeabilization.	inferred	membrane permeabilization (CF leakage), dithionite quenching of NBD-DPPE	Absence of flip-flop at low peptide:lipid ratio is consistent with a carpet or detergent-like mechanism but does not conclusively rule out transient or small pores; model membranes only
doi__10.1016_j.bbamem.2020.183280	Verine-L permeabilization of E. coli model membranes may involve membrane pore formation, because its flip-flop activity onset correlates with its permeabilization activity.	inferred	membrane permeabilization (CF leakage), dithionite quenching of NBD-DPPE	Correlation of onset concentrations is suggestive but not proof of pore formation; model membranes only
doi__10.1016_j.bbamem.2020.183280	Both peptides act via a similar cooperative membranolytic mechanism against S. aureus model membranes, as evidenced by the sigmoidal permeabilization concentration-response and similar flip-flop profiles for both peptides.	inferred	membrane permeabilization (CF leakage), lipid flip-flop assays	Cooperativity inferred from sigmoidal curve shape; similar profiles for two peptides support, but do not prove, identical molecular mechanisms; model membranes only
doi__10.1016_j.bbamem.2020.183280	Horine and verine-L act via different mechanisms against E. coli model membranes, as evidenced by their differing permeabilization profiles and flip-flop concentration-dependences.	inferred	membrane permeabilization (CF leakage), lipid flip-flop assays	Mechanistic difference inferred from phenotypic differences; molecular details of the two mechanisms are not resolved; model membranes only
doi__10.1016_j.bbamem.2020.183280	Both peptides alter the molecular packing (hydration) at the membrane-water interface of both model membrane types, with greater changes observed in S. aureus mimetics.	direct_assay	Laurdan generalized polarization (GP340) fluorescence	GP340 reports on bulk interfacial hydration; model membranes only
doi__10.1016_j.bbamem.2020.183280	Both peptides induce lateral lipid segregation in both model membrane types, with a greater extent in S. aureus mimetics.	direct_assay	NBD-DPPE self-quenching fluorescence assay	Self-quenching reports on NBD-lipid clustering as a proxy for lipid domain formation; model membranes only
doi__10.1016_j.bbamem.2020.183280	Upon membrane binding, both horine and verine-L adopt conformations featuring stacked tryptophan residues, as indicated by exciton coupling bands in CD spectra.	direct_assay	far-UV circular dichroism (CD) spectroscopy	W electronic transitions dominate far-UV CD of short Trp-rich peptides, precluding standard secondary structure analysis; conformation in model membranes may differ from live bacterial membranes
doi__10.1016_j.bbamem.2020.183280	Horine acquires a helical-like conformation upon membrane binding with stacked W residues, though the helix may be shorter or less complete in lipid bilayers than in micelles.	indirect	far-UV CD spectroscopy (this paper); NMR structure of K6 analogue in micelles (cited prior work)	Helical assignment in bilayers is inferred by analogy to the NMR-resolved micelle structure of a close analogue; CD spectral shifts may reflect W exciton coupling rather than helix length differences
doi__10.1016_j.bbamem.2020.183280	Verine-L does not acquire a highly ordered conformation upon membrane binding, but its W residues adopt a stacked arrangement at the C-terminus.	direct_assay	far-UV circular dichroism (CD) spectroscopy	Absence of helix-like CD features is interpreted as lack of ordered secondary structure, but short peptides may adopt transient or partial structures not resolved by CD
doi__10.1016_j.bbamem.2020.183280	The antimicrobial and anti-biofilm activity of these peptides involves permeabilization of the bacterial membrane.	indirect	membrane permeabilization (CF leakage from model LUVs); antibacterial/anti-biofilm MIC/MBIC/MBEC assays (this paper); prior membrane permeabilization studies on parent peptide TetraF2W-RR cited from references 13 and 24	Direct causal link between model membrane permeabilization and antibacterial killing was not established in this paper; the claim for live bacteria rests primarily on cited prior work
doi__10.1016_j.bbamem.2006.03.010	The mechanism of action of cell-death induced by AMPs putatively involves initial binding to the membrane, induction of peptide secondary structure, local aggregation of peptides at the membrane, and subsequent cell lysis caused by membrane destabilization.	hypothesis		Described as putative; explicitly noted that current simulations cannot access aggregation, pore formation, or carpet formation time scales.
doi__10.1016_j.bbamem.2006.03.010	Electrostatic interactions between cationic sidechains of unstructured AMPs and anionic lipid headgroups drive the initial binding of AMPs to bacterial membrane interfaces.	inferred		Stated as an established principle from literature rather than directly demonstrated in this paper's simulations; causal directionality not independently tested here.
doi__10.1016_j.bbamem.2006.03.010	The electrostatic differences between anionic bacterial and zwitterionic mammalian plasma membranes are responsible for the selective toxicity of cationic AMPs.	inferred		Cited as a belief from the field; the paper's simulations support the correlation but do not mechanistically prove causation.
doi__10.1016_j.bbamem.2006.03.010	OVIS is more toxic than its analogues G10 and T7 because OVIS embeds more deeply into the zwitterionic (DPC) micellar interface, driven by retention of its helical structure and cooperative hydrophobic insertion.	inferred	MD simulation: radial electron density profiles, peptide center-of-mass distance from micelle, radial distribution functions	Derived from micelle simulations, which are membrane mimics rather than real mammalian membranes; hemolysis data used as correlate but not a direct MOA assay; micelle does not recapitulate full bilayer geometry or lateral tension.
doi__10.1016_j.bbamem.2006.03.010	Hydrophobic interactions drive the strong association of the OVIS peptide with DPC lipids, with the hydrophobic face of the amphipathic helix embedded in the micellar core.	inferred	MD simulation: radial distribution functions, electron density profiles, residue insertion depth analysis	Observed in a micellar model system; may not quantitatively reflect bilayer insertion energetics.
doi__10.1016_j.bbamem.2006.03.010	The point mutations in G10 (H10G) and T7 (I7T) reduce toxicity by inducing loss of helical structure in the presence of zwitterionic membranes, which lowers overall peptide amphipathicity and reduces depth of insertion into the membrane.	inferred	MD simulation: backbone dihedral clustering, electron density profiles, radial distribution functions	Inferred from DPC micelle simulations correlated with hemolysis data; the paper acknowledges that both reduced helicity and reduced total hydrophobic content contribute, making it difficult to isolate the structural contribution alone.
doi__10.1016_j.bbamem.2006.03.010	Both G10 and T7 retain their helical structure and bind equivalently to anionic SDS micelles (bacterial membrane mimic), consistent with their preserved antimicrobial activity.	inferred	MD simulation: backbone dihedral angles, peptide center-of-mass distance from micelle	SDS head group differs significantly from natural anionic phospholipids; antimicrobial activity data used as correlate.
doi__10.1016_j.bbamem.2006.03.010	Positively charged amino acid side chains of OVIS form hydrogen bonds with phosphate oxygens (DPC) or sulfate oxygens (SDS), and these interactions are stronger with the anionic SDS interface due to reduced electrostatic screening compared to zwitterionic DPC.	inferred	MD simulation: radial distribution functions between charged sidechains and head-group oxygens	Observed in micelle models; screening effects from the choline group in DPC are inferred from simulation geometry rather than directly measured experimentally.
doi__10.1016_j.bbamem.2006.03.010	In protegrin-1, Leu-5 plays an integral role in interactions with the anionic SDS micelle (bacterial membrane mimic) but does not interact with the zwitterionic DPC micelle (mammalian membrane mimic).	inferred	MD simulation: per-residue insertion depth analysis in SDS and DPC micelles	Residue-level functional assignment derived from a single structural model in micelles; not confirmed by mutagenesis or experimental binding assays.
doi__10.1016_j.bbamem.2006.03.010	In protegrin-1, Phe-12 and Val-14 are the residues most involved in disruption of the zwitterionic DPC micelle, implicating them in mammalian cell toxicity.	inferred	MD simulation: per-residue insertion depth analysis in DPC micelle	Toxicity role inferred from DPC insertion depth; direct functional consequence not verified by mutation experiment in this paper.
doi__10.1016_j.bbamem.2006.03.010	For protegrins PC101 and PC104, the second strand of the β-hairpin inserts into the anionic SDS micelle, suggesting that these C-terminal residues (Phe-12, Val-14, Ile-16) play a role in the antimicrobial activity of these peptides.	inferred	MD simulation: per-residue insertion depth analysis in SDS micelle	Insertion into a micellar model is used as a proxy for antimicrobial mechanism; causal link to activity not directly tested.
doi__10.1016_j.bbamem.2006.03.010	Removing the C-terminal positive charge of protegrin and replacing it with a negative glutamate (PC107) causes electrostatic repulsion from the anionic SDS surface, shifting insertion toward Leu-5 on the first strand rather than C-terminal residues.	inferred	MD simulation: per-residue insertion depth in SDS micelle, charge-based analysis	Mechanistic assignment based on charge geometry in simulation; alternate explanations not ruled out.
doi__10.1016_j.bbamem.2006.03.010	Removal of the N-terminal positive charges in PC94 and PC98 eliminates the electrostatic anchor of that end of the peptide to the anionic micelle surface, shifting key hydrophobic interactions (Phe, Val) to the second strand of the hairpin.	inferred	MD simulation: per-residue insertion depth in SDS and DPC micelles	Anchoring role of N-terminal charges is a mechanistic interpretation of simulation geometry; not confirmed experimentally.
doi__10.1016_j.bbamem.2006.03.010	The second strand of the protegrin β-hairpin is primarily responsible for toxicity toward mammalian cells, as indicated by its preferential deep insertion into the zwitterionic DPC micelle across multiple protegrin variants.	inferred	MD simulation: per-residue insertion depth in DPC micelle across multiple protegrin variants	Toxicity inferred from DPC insertion patterns correlated with hemolysis data; first strand exclusion from toxicity is based on negative simulation evidence.
doi__10.1016_j.bbamem.2006.03.010	Mutations that marginally lower AMP helical content reduce toxic properties by lowering overall peptide amphipathicity, as supported by literature examples of less helical analogues of pleurocidin and IsCT showing reduced mammalian cell toxicity.	inferred		Principle derived from this paper's simulations and two literature examples; not a general rule validated across a broad peptide set.
doi__10.1016_j.bbrc.2006.06.168	High amphiphilicity and net positive charge of antimicrobial peptides play important roles in their functionality, selectiveness, and ability to destabilize cell membranes.	inferred		Authors explicitly state the precise mechanism of action is not fully understood; claim is attributed to the broader literature (refs 6–9) and not demonstrated by new experiments in this paper.
doi__10.1016_j.bbrc.2006.06.168	Dermaseptins exert cytolytic action against numerous microorganisms including drug-resistant bacteria, protozoa, yeasts, and filamentous fungi.	indirect		General statement about the dermaseptin family citing prior literature; this paper tests only DShypo 01 against S. aureus, E. coli, and L. amazonensis promastigotes.
doi__10.1016_j.bbrc.2006.06.168	DShypo 01 and DS 01 lyse L. amazonensis promastigote cells in a concentration- and time-dependent manner.	direct_assay	promastigote lysis assay (cell-population viability/counting at 2 h and 6 h incubation)	Only the promastigote (extracellular) form was tested; the clinically relevant amastigote (intracellular) form was not examined; mechanism of lysis (membrane disruption vs. other) is not characterised beyond the population-level lysis readout.
doi__10.1016_j.bbrc.2006.06.168	DShypo 01 and DS 01 bind DMPC phospholipid membranes with slow dissociation kinetics, and DShypo 01 shows higher apparent affinity for DMPC vesicles than DS 01.	direct_assay	surface plasmon resonance (SPR) with immobilized DMPC LUVs on an L1 chip	SPR signals were confounded by non-specific electrostatic attraction of the cationic peptides to the negatively charged carboxymethyldextran chip surface; authors conclude no numerical affinity constants could be extracted; the relative affinity comparison is therefore qualitative only and the extent of true specific lipid-membrane interaction is uncertain.
doi__10.1016_j.bbrc.2006.06.168	Dermaseptin's lytic effect is restricted to pathogenic microorganisms and does not damage mammalian blood cells, with the selectivity potentially arising from peptide net charge and conformational features or from differences in target-cell membrane composition.	hypothesis	leukocyte differential counts and hematological parameters (flow cytometry); hemolysis/RBC counts	The mechanistic basis of selectivity is explicitly stated as unclear by the authors; only blood cells (WBCs, RBCs, platelets) were assessed for mammalian cytotoxicity; other mammalian cell types and peptide resistance to host proteases were not evaluated.
doi__10.1016_j.bcp.2021.114693	Ponericins induce non-specific membrane perturbation, which confers their broad-spectrum antimicrobial, insecticidal, cytotoxic, hemolytic, and algogenic activities.	indirect		The unifying mechanism of 'non-specific membrane perturbation' is an inference drawn from the correlated activity profile across assays; no direct membrane-integrity assay (e.g., dye leakage, membrane potential measurement) is described in the available text, and the results section is truncated.
doi__10.1016_j.bcp.2021.114693	Ponericins are unstructured in aqueous solution but adopt α-helical conformations in lipid mimetic environments, consistent with a membrane-insertion mechanism of action.	direct_assay	circular dichroism spectropolarimetry in water, SDS micelles, and TFE	CD experiments used lipid mimetics (SDS, TFE) rather than physiologically relevant lipid bilayers; α-helical propensity in these solvents may not accurately reflect behavior at bacterial or nematode membranes.
doi__10.1016_j.bcp.2021.114693	Activity of ponericins across all bioassays (antimicrobial, insecticidal, cytotoxic, hemolytic) is typically correlated, supporting a single non-selective membrane-disrupting mechanism rather than target-specific interactions.	inferred		Cross-assay activity correlation is consistent with but does not prove a shared mechanism; a common structural scaffold acting on different specific targets could produce the same pattern.
doi__10.1016_j.bcp.2021.114693	Ponericins activate mammalian sensory neurons (DRG cells) and induce spontaneous nocifensive/pain behaviour in mice, indicating an algogenic mechanism mediated through sensory neuron stimulation.	direct_assay	calcium imaging of mouse DRG sensory neurons, FLIPR calcium assay in F11 and HEK293 cells, in vivo intraplantar injection nocifensive behaviour assay in mice	The specific receptor or ion channel mediating neuronal calcium influx and pain behaviour is not identified in the available text; the response could reflect non-specific membrane disruption of sensory neurons rather than receptor-mediated signalling.
doi__10.1016_j.bbagen.2013.01.026	TB_KKG6A binds E. coli LPS with high affinity (Kd ≈ 47 nM), driven by electrostatic interactions between the positively charged peptide and the negatively charged LPS.	direct_assay	fluorescence binding assay (NBD-labeled peptide titration), CD ellipticity titration, ITC	LPS sample inhomogeneity prevented reliable Kd determination by ITC; fluorescence and CD give slightly different Kd values (47±6 nM vs 27±13 nM); ITC carried out at 37°C may not reflect all conditions
doi__10.1016_j.bbagen.2013.01.026	TB_KKG6A is disordered in aqueous solution but undergoes a conformational transition to a kinked helical structure upon binding to E. coli LPS.	direct_assay	CD spectroscopy, 1H NMR (TOCSY/NOESY in free form), tr-NOESY NMR in LPS-bound form	NMR experiments performed at pH 4.5, not physiological pH; structure reflects LPS micelle-bound state, not membrane-inserted state
doi__10.1016_j.bbagen.2013.01.026	When bound to E. coli LPS, TB_KKG6A adopts a kinked helix comprising two short helical segments (Pro3–Asn7 and Leu9–Ser11) separated by a kink at Leu8, with an inter-helix angle of approximately 100°.	direct_assay	tr-NOESY NMR structure calculation (171 NOEs, 129 distance restraints, 67 angle constraints; RMSD 0.34 Å for Leu2–Leu12)	pH 4.5; structure represents LPS-bound rather than membrane-inserted state; hydrogen bond constraints not used in calculation
doi__10.1016_j.bbagen.2013.01.026	The entire TB_KKG6A peptide is closely associated with the E. coli LPS surface, with Lys10 showing the strongest proximity contact (63% STD effect) and Pro3 and Asn7 showing moderate contact.	direct_assay	saturation transfer difference (STD) NMR	STD reports proximity to LPS but does not independently distinguish surface contact from depth of insertion
doi__10.1016_j.bbagen.2013.01.026	The N-terminal extra lysine residues (Lys-1 and Lys-2) of TB_KKG6A lie on the external surface of the LPS, anchoring the peptide to the bacterial membrane via electrostatic interaction with negatively charged phospholipids.	direct_assay	paramagnetic relaxation enhancement (PRE) NMR with 16-doxylstearic acid (16-DSA) and Mn2+	PRE identifies spatial proximity to the paramagnetic probe within the LPS environment; precise depth relative to full lipid bilayer cannot be determined
doi__10.1016_j.bbagen.2013.01.026	The side chains of Pro3, Ala6, Asn7, Leu12, and Leu13 penetrate into the E. coli LPS acyl core, while Lys10's long amphipathic side chain can insert into the LPS surface.	direct_assay	paramagnetic relaxation enhancement (PRE) NMR with 16-DSA, STD NMR	Experiments performed with LPS micelles, not intact membranes; insertion depth relative to full phospholipid bilayer is inferred
doi__10.1016_j.bbagen.2013.01.026	Lys10 adopts two distinct conformational families when TB_KKG6A is LPS-bound—one directed toward bulk solvent and one inserted into the LPS—providing a structural basis for an initial adsorption step followed by deeper peptide insertion into the LPS.	inferred	paramagnetic relaxation enhancement (PRE) NMR with 16-DSA	Two-step adsorption/insertion is inferred from the dual conformation observed in static NMR structures; kinetic evidence for this sequence of events was not obtained
doi__10.1016_j.bbagen.2013.01.026	The extra N-terminal lysine residues of TB_KKG6A likely prevent peptide oligomerization on LPS, consistent with the absence of long-range intermolecular NOEs indicating a monomeric LPS-bound state.	inferred	tr-NOESY NMR (absence of long-range NOE contacts)	Absence of long-range NOEs is consistent with monomer but is not definitive proof; the paper does not perform independent oligomerization assays (e.g., analytical ultracentrifugation)
doi__10.1016_j.bbagen.2013.01.026	TB_KKG6A's partial/imperfect amphipathicity, short kinked helical structure, and monomeric character suggest it forms disordered toroidal pores when incorporated into bacterial membranes.	inferred		Toroidal pore formation is inferred from structural analogy to magainin/melittin (citing Mihalovic & Lazaridis); no direct pore-formation assay (membrane permeabilization, ion-channel conductance, liposome leakage) was performed in this study
doi__10.1016_j.bbagen.2013.01.026	Positively charged residues distributed at the N-terminus and in the middle of TB_KKG6A facilitate formation of disordered toroidal pores by attracting LPS head groups into the pore lumen.	inferred		Mechanism is inferred by structural analogy to published magainin/melittin simulations (Mihalovic & Lazaridis); not directly demonstrated experimentally in this paper
doi__10.1016_j.bbagen.2013.01.026	Lys10 is essential for the antimicrobial activity of parent Temporin B against Gram-positive bacteria, likely by anchoring the peptide to negatively charged phospholipids of the cytoplasmic membrane.	indirect	MIC assay (TB_K10L analogue fully inactive; TB_L1K_K10L active only at high concentration)	Anchoring role is inferred from charge-swap analogue activity data; direct membrane-binding experiments for TB_K10L were not performed
doi__10.1016_j.bbagen.2013.01.026	Increasing the net positive charge of the peptide from Temporin B to TB_KKG6A (+4 charge) expands antimicrobial spectrum to include Gram-negative bacteria by enabling productive interaction with the LPS outer membrane.	indirect	MIC assay against E. coli and S. typhimurium; LPS binding confirmed by fluorescence, CD, NMR	Causal link between increased charge, LPS binding, and bacterial killing is mechanistically plausible but not proven by a direct killing-mechanism assay; other design changes (G6A substitution) co-occur with the charge increase
doi__10.1016_j.bbagen.2013.01.026	The low hemolytic activity of TB_KKG6A is attributed to its partial amphipathicity, partial helicity, and monomeric state, structural features that disfavor lytic interaction with eukaryotic membranes.	inferred	hemolysis assay (mouse red blood cells); NMR-derived structure	Structure-hemolysis correlation is drawn by analogy to published AMP literature; no direct eukaryotic membrane interaction experiment was performed; concentration range tested for hemolysis (5–45 µg/mL) is relatively narrow
doi__10.1016_j.bbagen.2013.01.026	The cationic nature of temporins causes them to target the cytoplasmic membranes of microorganisms, resulting in cell lysis.	inferred		This is a general claim about the temporin family drawn from prior literature; no direct membrane lysis or permeabilization assay for TB or TB_KKG6A is reported in this paper
doi__10.1016_j.bbagen.2013.01.026	Parent Temporin B (TB) lacks activity against Gram-negative bacteria because LPS on the outer membrane acts as a physical barrier to peptide uptake, and/or because TB self-associates on LPS.	hypothesis		Both proposed explanations (LPS barrier and LPS-induced self-association) are drawn from prior literature and are not experimentally distinguished or directly tested in this paper
doi__10.1016_j.cbpa.2007.03.016	Dermaseptins bind to the acidic components of bacterial membranes, disturbing the cells' osmotic balance in a carpet-like manner and promoting membrane disruption by forming several unstable transient pores.	indirect		This is attributed to 'available data' from the literature (citing Shai, 2002), not experiments performed in this paper; no direct mechanistic assays were conducted here.
doi__10.1016_j.cbpa.2007.03.016	Dermaseptins disrupt bacterial and fungal cell membranes via barrel-stave pore formation or a carpet-like model, whereby a threshold concentration of peptides arranged on the membrane surface leads to fragmentation of the pathogen membrane.	inferred		Presented as a literature-derived mechanistic proposal (citing Biggin & Sansom, 1999; Shai & Oren, 2001); no direct membrane disruption assays performed in this study.
doi__10.1016_j.cbpa.2007.03.016	A preliminary step of helical secondary structure organization is necessary prior to cell lysis by dermaseptins.	inferred		Cited from Rocca et al., 1999; the CD data in this paper showing helix formation in membrane-mimetic environments is consistent with this model but does not directly demonstrate the causal link to lysis.
doi__10.1016_j.cbpa.2007.03.016	DS 01, DD K, and DD L adopt alpha-helical secondary structures in hydrophobic/membrane-mimetic environments (SDS micelles and TFE/water mixtures), strongly suggesting helical formation occurs at cell membranes.	indirect	circular dichroism spectroscopy	CD performed in membrane-mimetic solvents (SDS micelles, TFE/water), not in actual bacterial or fungal membranes; helix formation at real membranes is inferred, not directly measured.
doi__10.1016_j.cbpa.2007.03.016	Dermaseptins irreversibly disrupt cell membranes, killing microorganisms, in contrast to conventional antifungals that act only by inhibiting synthesis of cell wall components.	indirect		Mechanistic claim is inferred from the observation that MIC equals MFC (fungistatic and fungicidal concentrations are identical) and is supported by cited literature (Biggin & Sansom, 1999; Rocca et al., 1999), not by direct membrane disruption assays in this paper.
doi__10.1016_j.cbpa.2007.03.016	The aliphatic and uncharged C-terminus of DS 01 may strongly interact with the aliphatic chains of membrane phospholipids, explaining its higher potency compared to DD K and DD L, which have a negatively charged C-terminus that could create electrostatic repulsion with phosphate groups of fungal membranes.	hypothesis		Speculative interpretation offered to explain differential MIC data; no direct binding or interaction assays performed to test this hypothesis.
doi__10.1016_j.cbpa.2007.03.016	The similar antifungal activity of all three dermaseptins against C. guilliermondii may result from its lower phosphatidylglycerol and higher phosphatidylethanolamine content, creating a less negatively charged membrane environment that hinders interaction with positively charged peptides.	hypothesis		Phospholipid composition data cited from Abdi & Drucker, 1996, not measured in this study; the mechanistic link is speculative and not experimentally tested here.
doi__10.1016_j.bbamem.2019.05.006	C18G-His exhibits stronger antimicrobial activity at pH 5 and 6 than at pH 7 and 8 across all four bacterial strains tested (S. aureus, E. coli, A. baumannii, P. aeruginosa), attributed to His protonation increasing net cationic charge and electrostatic affinity for anionic bacterial surfaces.	direct_assay	MIC, MBC	Tested in pH-adjusted Mueller Hinton broth; in vivo infection-site pH not replicated; causal link between His protonation and activity is inferred, not directly demonstrated
doi__10.1016_j.bbamem.2019.05.006	C18G-His permeabilizes both the outer and inner membranes of E. coli in a dose-dependent manner, with substantially greater permeabilization at pH 5 and 6 than at pH 7 and 8.	direct_assay	outer membrane permeabilization (nitrocefin/β-lactamase assay), inner membrane permeabilization (ONPG/β-galactosidase assay)	Tested only on E. coli D31; ONPG product absorbance is pH-sensitive and required calibration, introducing additional uncertainty; membrane permeability inferred indirectly via enzymatic substrate transit
doi__10.1016_j.bbamem.2019.05.006	C18G-His permeabilizes PC and PC:PG lipid vesicles more effectively at neutral pH (7, 8) than at low pH (5, 6), a trend opposite to what is observed in bacterial whole-cell membrane permeabilization assays.	direct_assay	vesicle leakage (Ru(bpy)3²⁺ fluorescence lifetime assay, calcein self-quenching leakage assay)	Model SUVs lack LPS, membrane proteins, and the lipid asymmetry of real bacterial membranes; the mechanistic basis of the discrepancy with bacterial assay results is unexplained by the paper
doi__10.1016_j.bbamem.2019.05.006	C18G-His preferentially binds anionic bilayers (PC:PG, PE:PG) over zwitterionic bilayers (PC) at all pH values tested, but binding to zwitterionic PC bilayers is enhanced at pH 7 and 8, above the His pKa.	direct_assay	Trp fluorescence emission spectral barycenter shift upon lipid vesicle titration	Binding inferred from Trp environmental sensitivity (blue-shift), not from a direct binding affinity measurement; SUVs used rather than actual bacterial membranes
doi__10.1016_j.bbamem.2019.05.006	C18G-His inserts more deeply into anionic (PC:PG and PE:PG) bilayers than into zwitterionic (PC) bilayers, and insertion depth in anionic bilayers is reduced at higher pH.	direct_assay	Dual Quencher Analysis (DQA), acrylamide quenching (Stern-Volmer analysis)	Insertion depth inferred indirectly from quenching ratios; absolute depth in Å not determined; model membrane study
doi__10.1016_j.bbamem.2019.05.006	At low pH (5–7), C18G-His adopts a shallowly surface-adsorbed conformation in zwitterionic PC bilayers (high Q-ratio), but at pH 8 it inserts more deeply into PC bilayers.	direct_assay	Dual Quencher Analysis (DQA)	Opposite trend to anionic bilayers is noted but not mechanistically explained; depth interpretation relies on indirect quenching ratios
doi__10.1016_j.bbamem.2019.05.006	C18G-His aggregates in aqueous solution at all pH values tested, but the aggregation state differs with pH: at neutral pH the Trp resides in a more nonpolar environment (consistent with burial in a hydrophobic aggregate core), whereas at low pH it is more solvent-exposed.	indirect	REES, TCE quenching	Specific aggregation number cannot be determined; alternative explanation (restricted Trp motion due to neighboring bulky His residues) is not fully excluded; how solution aggregation state relates to membrane-active state is not established
doi__10.1016_j.bbamem.2019.05.006	The aggregated state of C18G-His in solution contributes to reduced antimicrobial activity at neutral and alkaline pH, as the peptide must first disaggregate before interacting productively with bilayers.	inferred		Authors propose this inference from combined REES, TCE, and acrylamide quenching data; not directly demonstrated; alternative explanations (reduced charge affinity alone) not excluded
doi__10.1016_j.bbamem.2019.05.006	C18G-His adopts an α-helical secondary structure upon binding to anionic (PC:PG) lipid bilayers at all pH values tested, consistent with a membrane-inserted helical mechanism; the peptide lacks significant helical character in aqueous buffer.	direct_assay	circular dichroism spectroscopy	Light scattering from vesicles limits CD signal quality; helical extent and residue-level assignments are not resolved; helical structure confirmed in TFE as a bilayer mimic
doi__10.1016_j.bbamem.2019.05.006	C18G-His causes minimal lysis of red blood cells (< 2%) at nearly all concentrations and pH values tested, indicating selectivity for bacterial membranes over mammalian erythrocyte membranes.	direct_assay	hemolysis assay (sheep RBC hemoglobin release at 420 nm)	~9% hemolysis observed at the highest concentration (15 µM) at pH 5; sheep RBCs used; RBC membranes may not represent all mammalian cell types
doi__10.1016_j.bbamem.2019.05.006	The ionization state of the His side chain modulates the conformation C18G-His adopts when bound to bilayers, with different insertion depths and orientations at low versus neutral pH in both anionic and zwitterionic membranes.	inferred		Inferred from combined DQA and acrylamide quenching data across pH conditions; molecular-level conformational details are not directly resolved
doi__10.1016_j.bbamem.2019.05.006	Lipid composition and properties beyond simple electrostatic charge (e.g., PE versus PC headgroup geometry) likely influence the ability of C18G-His to form pores in membranes.	hypothesis		Explicitly described by the authors as a likely influence, not directly demonstrated; the pore architecture (barrel-stave, toroidal, carpet) is not determined
doi__10.1016_j.bbamem.2025.184439	Amy-Cat peptides are bactericidal against both Gram-negative (E. coli K12) and Gram-positive (B. subtilis) bacteria, as MIC values equaled MBC values for all derivatives tested.	direct_assay	broth microdilution MIC assay, resazurin bactericidal assay	Only two standard laboratory strains tested; MBC equivalence determined colorimetrically/fluorometrically by resazurin reduction, not by colony-forming unit plating
doi__10.1016_j.bbamem.2025.184439	Amy-Cat peptides preferentially permeabilize negatively charged (bacterial-mimic) lipid membranes over zwitterionic (mammalian-mimic) membranes, indicating selectivity for bacterial membrane disruption.	direct_assay	calcein dye leakage from LUVs (DOPC, DOPC:DOPG 8:2, DOPE:DOPG 8:2, DOPE:DOPG 2:8)	Lipid-only membrane models; does not account for membrane proteins, LPS, cell wall, or asymmetric bilayer composition of actual bacteria
doi__10.1016_j.bbamem.2025.184439	Increasing the hydrophobicity of the amyloid domain in Amy-Cat peptides increases membrane-disrupting activity on zwitterionic DOPC membranes, with FFK-R9 achieving >70% lysis.	direct_assay	calcein dye leakage from DOPC LUVs	Lipid-only model; causal link between hydrophobicity and increased lysis is correlational across four derivatives, not mechanistically dissected
doi__10.1016_j.bbamem.2025.184439	The fast calcein leakage kinetics of FFK-R9 on DOPC and DOPC:DOPG vesicles (reaching ~90% of plateau within 10 min) suggest pore formation as the permeabilization mechanism.	indirect	calcein dye leakage kinetics	Pore formation inferred from kinetic profile shape only; no direct structural confirmation (e.g., single-channel electrophysiology, cryo-EM, or content vs. quench leakage assay) was performed
doi__10.1016_j.bbamem.2025.184439	For DOPE:DOPG vesicles, the slow dye-release kinetics of all Amy-Cat peptides suggest a detergent-like peptide-accumulation mechanism of membrane destabilization rather than pore formation.	indirect	calcein dye leakage kinetics on DOPE:DOPG LUVs	Mechanism inferred solely from slow kinetic profile shape; no direct structural characterization performed; accumulation vs. carpet/detergent model not distinguished
doi__10.1016_j.bbamem.2025.184439	Increasing amyloid domain length in Amy-Cat peptides promotes more efficient pore stabilization on anionic membranes.	inferred	calcein dye leakage kinetics	Inferred by comparing kinetic profiles across derivatives differing in amyloid domain length; not directly measured by a pore-formation assay
doi__10.1016_j.bbamem.2025.184439	Amy-Cat peptides are disordered (random coil) in aqueous solution and adopt an alpha-helical conformation upon binding to anionic lipid membrane mimics, consistent with the conformational mechanism of natural AMPs.	direct_assay	circular dichroism spectroscopy in SDS and DPC micelles	Conformational change measured in detergent micelles (SDS, DPC), not in lipid bilayers; negatively charged LUVs aggregated in the presence of Amy-Cat peptides, precluding direct CD measurement on lipid bilayers
doi__10.1016_j.bbamem.2025.184439	Amy-Cat peptides do not form amyloid beta-sheet fibrils upon interaction with lipid membranes for up to 24 hours, indicating the antimicrobial mechanism proceeds via non-amyloid conformational states.	direct_assay	ATR-FTIR spectroscopy on supported lipid bilayers, ThT binding assay	Monitored for up to 24 hours only; tested on a limited set of membrane compositions; transient beta-sheet intermediates not excluded
doi__10.1016_j.bbamem.2025.184439	The cationic nona-arginine domain drives selective electrostatic binding of Amy-Cat peptides to negatively charged bacterial membranes enriched in anionic phosphatidylglycerol lipids over mammalian membranes enriched in zwitterionic phosphatidylcholine.	inferred		Selectivity inferred from design rationale and correlation of calcein leakage data with lipid charge composition; direct binding affinity measurements (e.g., ITC, SPR) not reported
doi__10.1016_j.bbamem.2025.184439	Arginine residues in the cationic domain contribute to membrane disruption by forming bidentate hydrogen bonds with phospholipid phosphate groups and generating negative Gaussian membrane curvature.	hypothesis		Mechanism adopted from published literature on arginine-lipid interactions; not directly demonstrated for Amy-Cat peptides in this study
doi__10.1016_j.bbamem.2025.184439	Amy-Cat peptides permeabilize bacterial membrane models (DOPE:DOPG 8:2) at an EC50 of approximately 0.05 µM (peptide/lipid molar ratio ~1:400), indicating highly potent membrane-disrupting activity.	direct_assay	calcein dye leakage dose-response on DOPE:DOPG (8:2) LUVs	EC50 derived from a single lipid composition; comparison to LL-37 and maculatin based on published data obtained under different experimental conditions
doi__10.1016_j.bbamem.2025.184439	The amyloid domain is required for potent antimicrobial activity, as R9 alone shows poor activity against both Gram-positive and Gram-negative strains and has minimal lytic effect on most membrane models.	direct_assay	broth microdilution MIC assay, calcein dye leakage from LUVs	Only four specific amyloid domain sequences tested; the mechanism by which the amyloid domain enables activity beyond R9 alone is not fully resolved
doi__10.1016_j.bbamem.2025.184439	Balancing the hydrophobicity of the amyloid domain against the fixed cationic domain determines selective bacterial membrane disruption without hemolysis, with optimal selectivity seen for the shorter amyloid sequences (K-R9, rK-R9).	inferred	calcein dye leakage, hemolysis assay on mouse RBCs	Selectivity index based on lipid-only model data and mouse RBC hemolysis; does not account for interaction with bacterial cell wall or full eukaryotic cell membranes
doi__10.1016_j.bmc.2012.08.017	Lipophilic cyclic lipopeptides such as syringomycin and daptomycin interact with cell membranes to form transmembrane pores, causing rapid membrane depolarization through leakage of intracellular ions and ultimately cell necrosis.	indirect		This claim is cited from prior MOA studies of syringomycin (refs 5–6) and daptomycin, not from any experiment performed on minutissamides E–L in this paper; no membrane assays were conducted here.
doi__10.1016_j.bmc.2012.08.017	Puwainaphycins F/G (cyanobacterial cyclic lipopeptides structurally related to the minutissamides) interact with cell membranes causing elevated intracellular Ca2+ concentration and subsequent membrane depolarization, leading to cell necrosis.	indirect	intracellular Ca2+ measurement	Claim is cited from Hrouzek et al. (ref 13) and concerns puwainaphycins F/G, not minutissamides E–L; the paper characterises this as a 'possible mode of action' and performs no analogous assay on the compounds reported here.
doi__10.1016_j.bpc.2015.06.002	Magainins interact with bacterial membranes where they cause channel formation and membrane disruption.	indirect		Stated as established fact citing prior literature; not directly demonstrated by new assays in this paper.
doi__10.1016_j.bpc.2015.06.002	When the amphipathic α-helical domain of magainin intercalates into the membrane interface it acts like a wedge, thereby destabilizing membrane packing.	inferred		Mechanistic inference from structural data in cited prior literature; no direct wedge-action assay performed in this paper.
doi__10.1016_j.bpc.2015.06.002	Intercalation of magainin into the membrane interface causes phospholipid bilayers to become leaky, increases electric conductance, and collapses transmembrane electrochemical gradients, ultimately resulting in cell killing.	indirect		Mechanism cited from prior literature; this paper does not independently measure conductance or gradient collapse.
doi__10.1016_j.bpc.2015.06.002	Membranes, rather than proteinaceous receptors, are the primary targets of magainins and related peptides, as supported by the observation that enantiomers, retromers, and retroenantiomers of magainins and cecropins retain full antibiotic and pore-forming activity.	indirect		Enantiomer/retromer evidence cited from prior literature; not reproduced in this paper.
doi__10.1016_j.bpc.2015.06.002	After crossing the membrane barrier, intracellular targets may also become important for the antimicrobial activity of some peptides.	hypothesis		Speculative; attributed to a review citation; no intracellular target experiments in this paper.
doi__10.1016_j.bpc.2015.06.002	Magainins can form toroidal pores in which the peptides together with lipids create a supramolecular assembly of high curvature that permeabilizes the membrane.	hypothesis		Proposed model cited from prior literature; not directly tested in this paper.
doi__10.1016_j.bpc.2015.06.002	According to the carpet model, magainins crowd at the membrane surface in an orientation parallel to the bilayer, and when a critical peptide concentration is reached, the bilayer disintegrates.	hypothesis		Proposed model cited from prior literature; not directly tested in this paper.
doi__10.1016_j.bpc.2015.06.002	At sub-lytic peptide concentrations, stochastic fluctuations in peptide density along the membrane interface generate transient, step-wise increases in membrane conductivity.	inferred		Mechanistic inference used to explain experimentally observed conductivity steps reported in prior literature; not measured in this paper.
doi__10.1016_j.bpc.2015.06.002	The stable in-plane (surface-parallel) alignment of PGLa in E. coli lipid extract membranes is strongly suggestive that PGLa and magainin 2 develop synergistic antimicrobial activity when both peptides are in an in-planar membrane configuration.	indirect	solid-state NMR (15N and 2H orientation measurement in oriented membranes)	Correlation between structural topology and synergistic activity is inferred; the NMR and antimicrobial assays are not performed on the same system simultaneously; transmembrane tendency did not correlate with synergism, supporting but not proving the in-plane model.
doi__10.1016_j.bpc.2015.06.002	Synergistic interactions between magainin 2 and PGLa could be mediated through the lipid phase, based on the high degree of phospholipid head group disturbance observed by solid-state NMR in the presence of these peptides.	indirect	solid-state NMR (31P phospholipid head group order/disturbance measurement)	Lipid-phase mediation is speculative ('could be'); 31P NMR shows disturbance but does not establish a causal mechanism linking lipid perturbation to synergistic killing.
doi__10.1016_j.bpc.2015.06.002	Covalent linkage between magainin 2 and PGLa is not required for synergistic antimicrobial activity, as mixtures of non-covalent GGS- and GGA-extended variants show equivalent synergistic enhancement to covalently crosslinked GGC dimers.	direct_assay	antimicrobial MIC assay (E. coli growth inhibition, resazurin colorimetric readout)	Tested only against E. coli ATCC25922; GGC-carrying peptides may partially dimerize under assay conditions (pH 8–9 in some MH preparations), complicating strict interpretation.
doi__10.1016_j.bpc.2015.06.002	The tendency of magainin variants to adopt transmembrane alignments in model membranes does not correlate with their synergistic antimicrobial activities.	indirect	solid-state NMR (15N transmembrane vs. in-plane alignment ratio in di-C10:0-PC bilayers), antimicrobial MIC assay	Negative correlation demonstrated across a limited set of variants; the NMR measurements are in model (non-bacterial) membranes, and alignment may differ in vivo.
doi__10.1016_j.dci.2010.01.008	Most antimicrobial peptides are hydrophobic, membrane-active, and carry a positive net charge at physiological pH.	inferred		General field characterization; no primary data presented in this paper supporting this claim.
doi__10.1016_j.dci.2010.01.008	Bombyx mori lebocins increase the permeability of liposomes at low ionic strength.	direct_assay	liposome permeability assay	Reported from a cited prior study (ref [17]), not performed in this paper; activity observed only at low ionic strength, not physiological conditions.
doi__10.1016_j.dci.2010.01.008	Bombyx mori lebocins function as synergists by reducing the minimum inhibitory concentration of cecropin D.	indirect		Reported from a cited prior study (ref [17]); mechanism of synergy is not characterized; applies to B. mori lebocins, not M. sexta peptides directly.
doi__10.1016_j.dci.2010.01.008	Glycosylation of B. mori lebocin at Thr15 is important for its antimicrobial activity against Gram-negative bacteria.	indirect		Reported from cited prior studies (refs [15,16]); no glycosylation or modification data presented for M. sexta peptides in this paper.
doi__10.1016_j.dci.2010.01.008	The extra positively charged Arg residue at the C-terminus of LP3 may facilitate interaction between the peptide and the negatively charged bacterial cell surface, accounting for its activity against E. coli.	hypothesis		Inferred from comparing LP3 (MIC 200 µg/ml vs E. coli) with inactive LP3A (lacking terminal Arg); no direct binding or membrane assay performed; electrostatic interaction is speculative.
doi__10.1016_j.dci.2019.02.012	Cnd-m3a interacts with Psychrobacter sp. bacterial cell surface via electrostatic forces between its positively charged amino acid residues and the negatively charged groups exposed on the bacterial cell surface.	indirect	TEM immunogold localization (membrane association observed)	Electrostatic nature inferred from peptide net charge (+8) and observed membrane association; no direct force-measurement or charge-neutralization experiment performed
doi__10.1016_j.dci.2019.02.012	Cnd-m3a creates pores in the outer membrane of both E. coli and Psychrobacter sp. TAD1.	direct_assay	outer membrane permeabilization (ANS fluorescence uptake assay)	ANS assay reports increased outer-membrane permeabilization but cannot distinguish discrete pore formation from generalized bilayer disruption; LUV-based pore formation not separately quantified
doi__10.1016_j.dci.2019.02.012	Cnd-m3a spontaneously traverses the outer and inner membranes of Psychrobacter sp. TAD1 and accumulates inside bacterial cells within 10 minutes of incubation.	direct_assay	TEM immunogold localization (time-course: 0, 10, 180 min)	Demonstrated in one bacterial species only (Psychrobacter sp. TAD1) at a single peptide concentration (15 µM); antibody-based detection may not capture all peptide molecules
doi__10.1016_j.dci.2019.02.012	After membrane traversal, Cnd-m3a accumulates in the cytoplasm and interacts with an intracellular DNA target inside bacterial cells.	indirect	TEM immunogold localization (cytoplasmic gold-particle signal at 180 min)	Cytoplasmic localization is consistent with DNA interaction but no direct DNA-binding assay (e.g., gel retardation, ITC) was performed; 'DNA target' is inferred from subcellular position and general AMP literature
doi__10.1016_j.dci.2019.02.012	Cnd-m3a induces time-dependent morphological damage to bacterial cells, culminating in microbial cell death at 180 minutes.	direct_assay	TEM ultrastructural morphology assessment	Morphological damage observed in Psychrobacter sp. TAD1 only; causal link to loss of viability is inferred from TEM appearance rather than confirmed by a parallel CFU or live/dead assay at matched time points
doi__10.1016_j.dci.2019.02.012	Cnd-m3a binds lipid vesicles with a preference for negatively charged POPC/POPG membranes (prokaryotic mimic) over zwitterionic POPC membranes (eukaryotic mimic), consistent with selective targeting of bacterial over host membranes.	direct_assay	Trp fluorescence partition studies (mole-fraction partition coefficient Kx for POPC and POPC/POPG LUVs)	LUV models use simplified two-component lipid mixtures that do not recapitulate the full complexity of bacterial or eukaryotic membranes; experiments conducted at 25 °C rather than physiological or growth temperatures
doi__10.1016_j.ijantimicag.2009.11.017	Acidocin LCHV showed single-hit killing kinetics, with complete killing of both S. aureus and S. Typhimurium observed within 10 minutes when exponentially growing cells were treated with the peptide.	direct_assay	killing kinetics (viable CFU counts over 120 min)	Only two indicator strains tested; concentration used not reported in kinetics section; mechanism of cell death not directly characterized.
doi__10.1016_j.ijantimicag.2009.11.017	Acidocin LCHV may have a novel mode of action, suggested by the fact that it was not active against several closely related lactic acid bacteria including Lactobacillus plantarum, Leuconostoc mesenteroides ssp. lactis, and Lactococcus lactis strains.	inferred		Absence of activity against related bacteria is indirect; no mechanistic experiments performed; multiple alternative explanations exist (receptor absence, efflux, etc.).
doi__10.1016_j.ijantimicag.2009.11.017	The antimicrobial activity of acidocin LCHV is attributable to the peptide itself and not to hydrogen peroxide, as treatment with catalase did not affect activity.	direct_assay	catalase treatment control	Excludes only H2O2; does not characterize the actual molecular mechanism.
doi__10.1016_j.ijantimicag.2009.11.017	The antimicrobial activity of acidocin LCHV is of proteinaceous nature, as activity was abolished by treatment with trypsin, pepsin, and proteinase K.	direct_assay	protease sensitivity assay (trypsin, pepsin, proteinase K)	Confirms peptide identity of active substance but does not characterize mechanism of antimicrobial action.
doi__10.1016_j.ijantimicag.2009.11.017	AMPs such as acidocin LCHV are proposed to act via a 'carpet-like' mechanism, binding to and covering the membrane surface to disturb its barrier function.	hypothesis		Explicitly framed as a general theory proposed for AMPs, not tested experimentally for acidocin LCHV; cited from literature (refs 18, 40) and not supported by any direct assay in this paper.
doi__10.1016_j.colsurfb.2016.02.003	The lethal step in the mode of action of most CAMPs is disruption of the microbial plasma membrane, accomplished first by electrostatic membrane binding and then by hydrophobicity-driven membrane insertion/permeation.	indirect		Stated as a general framework for CAMPs, citing prior literature (Ref [5]); not directly demonstrated for these three specific peptides by a lysis or permeabilization assay.
doi__10.1016_j.colsurfb.2016.02.003	All three peptides preferentially partition into negatively charged (PG-containing) membranes over zwitterionic membranes, driven by electrostatic interactions with the anionic phospholipid head groups.	direct_assay	membrane partition (Trp fluorescence intensity vs. LUV concentration), surface pressure monolayer assay	Measured with model LUV systems (DMPC and DMPC:DMPG 5:1), not intact bacterial membranes; Trp fluorescence reports on Trp environment, not direct lipid binding.
doi__10.1016_j.colsurfb.2016.02.003	Peptides 5 and 8 also interact with zwitterionic (DMPC) membranes, indicating that hydrophobic contacts contribute to membrane insertion in addition to electrostatic forces.	direct_assay	membrane partition (Trp fluorescence), surface pressure monolayer assay	Peptide 8.1 showed no detectable Trp fluorescence change with pure DMPC, limiting generalization across all three peptides; model membranes only.
doi__10.1016_j.colsurfb.2016.02.003	Upon encountering a membrane-mimetic environment, all three peptides convert from a random-coil conformation in aqueous solution to an α-helical structure, which is required for their amphipathic membrane-active conformation.	direct_assay	circular dichroism (far-UV CD) in aqueous buffer vs. SDS micelles	α-helix induction was demonstrated in SDS micelles as a membrane mimic, not in LUVs or intact bacterial membranes; SDS is a detergent and may overestimate helical propensity.
doi__10.1016_j.colsurfb.2016.02.003	The Trp residues of all three peptides insert near the polar head-acyl chain interface of the lipid bilayer (~8 Å from the bilayer center), adopting a membrane-parallel orientation rather than a transmembrane one.	direct_assay	depth-dependent fluorescence quenching with lipophilic probes 5NS and 16NS (SIMEXDA method), aqueous acrylamide quenching	Trp position reports on two Trp residues per peptide averaged together; DMPC:DMPG (5:1) model vesicles used, not bacterial membranes; depth resolution limited by probe distribution assumptions.
doi__10.1016_j.colsurfb.2016.02.003	The peptides follow a carpet-like mechanism in which parallel accumulation at the membrane surface promotes changes in lipid organization that trigger antimicrobial activity.	hypothesis	membrane partition (Trp fluorescence), surface pressure monolayer assay, depth-dependent fluorescence quenching	Explicitly described as putative; carpet-like disintegration was not directly demonstrated (no dye-leakage, pore-formation, or membrane lysis assay performed); analogy drawn from prior CAMP literature.
doi__10.1016_j.colsurfb.2016.02.003	Peptide insertion near the lipid–water interface is proposed to expand the outer leaflet, causing membrane thinning as a prelude to detergent-like disintegration of the bilayer.	hypothesis		Authors explicitly state 'further experiments should be done to fully prove it'; no membrane thinning, leakage, or bilayer disintegration assay was performed in this study.
doi__10.1016_j.colsurfb.2016.02.003	The dramatically increased hemolytic activity of peptide 8 compared to peptides 5 and 8.1 is driven by its higher hydrophobic moment from a perfected amphipathic α-helical structure, which increases affinity for erythrocyte membranes.	direct_assay	hemolytic assay (RBC lysis), membrane dipole potential measurement (di-8-ANEPPS excitation ratio on erythrocytes)	Mechanistic link between increased dipole potential change and membrane disruption is correlative; the relative contributions of hydrophobic moment vs. other structural changes are not fully decoupled.
doi__10.1016_j.colsurfb.2016.02.003	The main factor driving hemolysis in this peptide series is the affinity of the peptide for erythrocyte membranes, as hemolytic activity correlates with the magnitude of dipole potential change in red blood cells.	inferred	membrane dipole potential measurement (di-8-ANEPPS), hemolytic assay	Correlation is based on only three peptides; other mechanisms of hemolysis (e.g., osmotic stress, pore formation in RBCs) were not ruled out.
doi__10.1016_j.colsurfb.2016.02.003	Three leucine residues in the hydrophobic face are important for peptide interaction with Gram-negative bacterial membranes, as their replacement with alanine in peptide 8.1 restored the higher MIC against P. aeruginosa seen with the parent peptide 5.	inferred	minimum inhibitory concentration (MIC) assay	Inferred from MIC differences between peptides 8 and 8.1; direct membrane interaction with Gram-negative membranes was not measured; alanine substitution also reduced hydrophobicity, making it difficult to attribute the effect solely to leucine contacts.
doi__10.1016_j.colsurfb.2016.02.003	Reducing hydrophobicity (by replacing leucines with alanines to give peptide 8.1) decreases overall membrane affinity and selectively abolishes interaction with eukaryotic membranes, thereby reducing hemolysis while largely preserving the electrostatics-driven interaction with anionic bacterial membrane models.	direct_assay	membrane partition (Trp fluorescence), surface pressure monolayer assay, membrane dipole potential (di-8-ANEPPS), hemolytic assay	Antimicrobial activity against S. aureus was also significantly impaired in peptide 8.1, indicating selectivity is not fully achieved; model membrane compositions used may not fully recapitulate in vivo bacterial or erythrocyte membranes.
doi__10.1016_j.ijantimicag.2010.10.028	Oncocin targets intracellular bacterial objects, most likely DnaK.	inferred		Stated as 'most likely'; no direct binding or functional DnaK assay reported in this paper; attribution is based on prior work cited elsewhere.
doi__10.1016_j.ijantimicag.2010.10.028	Oncocin required approximately 30 minutes to kill bacteria or cause enough damage to ensure subsequent death.	indirect	time-kill assay (CFU counts)	Inferred from time-kill kinetics; mechanistic basis for the 30-min threshold is not directly demonstrated in this paper.
doi__10.1016_j.ijantimicag.2010.10.028	D-arginine at position 15 of oncocin retained antibacterial activity, suggesting Arg-15 is probably not involved in stereospecific binding to DnaK or in transporting oncocin from the periplasmic space into the intracellular region.	inferred		Conclusion is speculative ('probably not'); no direct binding or transport assay performed; two distinct mechanistic possibilities are conflated.
doi__10.1016_j.ijantimicag.2010.10.028	Oncocin acts via an intracellular mechanism rather than via disruptive lytic or pore-forming action on the bacterial membrane.	indirect		Inferred from class-level statements about proline-rich AMPs and from lack of haemolytic activity; no membrane permeabilization assay reported in this paper.
doi__10.1016_j.ijantimicag.2010.10.028	The three most stable oncocin analogues (O20, O23, O24) are bactericidal against E. coli BL21AI, reducing viable cell counts by four to five orders of magnitude within 24 hours.	direct_assay	time-kill assay (CFU counts)	Tested against a single non-pathogenic laboratory E. coli strain (BL21AI) at 4× MIC; generalizability to other strains or species not established.
doi__10.1016_j.ijantimicag.2010.10.028	Increased serum stability of oncocin analogues may also reduce peptide degradation within bacterial cells, and increased stability against bacterial proteases might prevent resistance mechanisms based on increased protease expression.	hypothesis		Explicitly speculative ('it is tempting to speculate'); no intracellular degradation or resistance mechanism assay performed.
doi__10.1016_j.dci.2007.05.006	The amphipathic structure of mytilin, with distinct hydrophilic and hydrophobic surface areas (63% and 37%, respectively), could be responsible for its antimicrobial activities.	hypothesis		Inferred from NMR-derived structural analysis only; no direct mechanistic experiment performed to link amphipathicity to activity.
doi__10.1016_j.dci.2007.05.006	Antiviral inhibition of WSSV by mytilin and C10C requires pre-incubation of the peptide with the virus before cell contact, suggesting direct binding of the peptides onto the virus envelope as the mechanism of action.	indirect		Pre-incubation design is consistent with envelope binding but does not directly demonstrate it; no biochemical binding assay (e.g., co-sedimentation, SPR) was performed; virus particle concentration was not precisely quantified, preventing dose-occupancy analysis.
doi__10.1016_j.dci.2007.05.006	The rapid kinetics of WSSV inhibition by C10C (40% shrimp survival after only 1 min of peptide-virus contact) argues in favor of electrostatic interactions as the basis of the antiviral inhibitory process.	inferred		Speed of action is consistent with electrostatics but does not rule out other fast-acting mechanisms; no direct electrostatic or charge-neutralisation assay was performed.
doi__10.1016_j.dci.2007.05.006	The disulfide-bond-stabilised β-hairpin conformation is required for both antiviral and antibacterial activities of mytilin-derived peptides, as replacement of all four cysteines of C10C with serines (S10S, random coil) completely abolished antiviral and antibacterial activities.	direct_assay	antiviral shrimp protection assay (WSSV mortality), antibacterial growth inhibition (MIC/MBC)	S10S differs from C10C in both three-dimensional structure and cysteine chemistry; the individual contributions of structural constraint versus loss of cysteine residues cannot be separated by this comparison alone.
doi__10.1016_j.dci.2007.05.006	Two disulfide bonds are required for activity: shortening C10C (two disulfide bonds, well-defined β-hairpin) to C6C (one disulfide bond, no well-defined NMR structure) abolished both antiviral and antibacterial activities.	direct_assay	antiviral shrimp protection assay (WSSV mortality), antibacterial growth inhibition (MIC/MBC)	C6C is also shorter than C10C and lacks key residues, so activity loss may reflect sequence truncation rather than loss of structural constraint exclusively.
doi__10.1016_j.dci.2007.05.006	Antiviral and antibacterial activities are mediated by different mechanisms, as demonstrated by the fact that increasing the positive net charge of C10C (C10C+ variant, +2 lysine substitutions) completely abolished antiviral activity while failing to enhance antibacterial activity.	direct_assay	antiviral shrimp protection assay (WSSV mortality), antibacterial growth inhibition (MIC/MBC)	C10C+ also carries amino acid identity changes (Y23K, G25K) beyond charge alone; altered structure or binding geometry may contribute to activity loss independently of net charge; prior work [Roch et al. 2004] cited as original source of this mechanistic distinction.
doi__10.1016_j.dci.2007.05.006	Higher positive charges on antibacterial peptides likely result in stronger electrostatic binding to the negatively charged prokaryotic membrane, hypothesised by analogy with the mechanism established for magainin.	hypothesis		No direct membrane interaction assay performed in this study; entirely extrapolated from published magainin data and structure-activity relationships of defensin fragments from prior work.
doi__10.1016_j.chom.2023.07.001	MEPs (CALR-GWT20, CBPZ-GSK4, TKN1-SSI27, and A7E2T1-SPR29) permeabilize the outer membrane of A. baumannii, with all except CALR-GWT20 displaying profiles similar to polymyxin B.	direct_assay	outer membrane permeabilization (NPN fluorescent probe assay)	Tested only at each peptide's MIC; CALR-GWT20 showed lower overall permeabilization efficacy than PMB; assay conducted only on A. baumannii and P. aeruginosa
doi__10.1016_j.chom.2023.07.001	MEP TKN1-SSI27 initially shows the slowest outer membrane permeabilizing kinetics among tested MEPs but progressively achieves the highest permeabilization efficiency.	direct_assay	outer membrane permeabilization (NPN fluorescent probe assay)	Tested only against A. baumannii cells at MIC
doi__10.1016_j.chom.2023.07.001	All tested MEPs depolarize the cytoplasmic membrane of A. baumannii with kinetics that increase over time, exceeding polymyxin B depolarization after 30 minutes, with no significant differences in depolarizing activity among individual MEPs.	direct_assay	cytoplasmic membrane depolarization (DiSC3(5) fluorescent probe assay)	Tested only at MIC against A. baumannii; no significant differentiation among individual MEPs
doi__10.1016_j.chom.2023.07.001	MEPs are more efficient overall at permeabilizing the outer membrane of A. baumannii than AEPs and polymyxin B.	direct_assay	outer membrane permeabilization (NPN fluorescent probe assay)	CALR-GWT20 was an exception with lower efficacy than PMB; comparison involves different peptide subsets each tested at their own MIC
doi__10.1016_j.chom.2023.07.001	AEP A0A343EQH4-LAM11 permeabilizes the outer membrane of A. baumannii similarly to polymyxin B, while AEP A0A384E0N4-DLI09 permeabilizes it less than polymyxin B.	direct_assay	outer membrane permeabilization (NPN fluorescent probe assay)	Tested at MIC against A. baumannii only
doi__10.1016_j.chom.2023.07.001	AEPs exert much stronger depolarization of the cytoplasmic membrane of A. baumannii than both polymyxin B and modern EPs.	direct_assay	cytoplasmic membrane depolarization (DiSC3(5) fluorescent probe assay)	Strongest depolarizers (A0A343EQH0-NVK38 and A0A0S2IB02-AYT38) were the longest AEPs tested and also showed hemolytic activity at higher concentrations
doi__10.1016_j.chom.2023.07.001	AEPs A0A343EQH0-NVK38 and A0A0S2IB01-AYT38 permeabilize the outer membrane of P. aeruginosa, with P. aeruginosa appearing more sensitive to these peptides than A. baumannii.	direct_assay	outer membrane permeabilization (NPN fluorescent probe assay)	Sensitivity comparison across organisms inferred from relative fluorescence levels in separate experiments, not head-to-head; tested at each peptide's MIC
doi__10.1016_j.chom.2023.07.001	AEPs A0A343EQH0-NVK38 and A0A0S2IB01-AYT38 depolarize the cytoplasmic membrane of P. aeruginosa more strongly than polymyxin B.	direct_assay	cytoplasmic membrane depolarization (DiSC3(5) fluorescent probe assay)	Tested at MIC against P. aeruginosa PA01 only; these peptides also showed hemolytic activity
doi__10.1016_j.chom.2023.07.001	The hemolytic activity of CBPZ-GSK24 is attributed to its high tryptophan content, which increases hydrophobic interactions with the lipid portion of phospholipid bilayers in cell membranes.	inferred		Mechanism inferred from amino acid composition and published literature on tryptophan-mediated hemolysis; direct interaction with bilayer not measured
doi__10.1016_j.chom.2023.07.001	The hemolytic activity of A7E2T1-SPR29 is attributed to its high arginine content, with the guanidyl group and long side chain increasing interactions with the lipid portion of phospholipid bilayers.	inferred		Mechanism inferred from amino acid composition and published literature on arginine-mediated membrane interaction; direct bilayer interaction not measured
doi__10.1016_j.ibmb.2013.03.013	H. gloveri gloverin inhibits the growth of E. coli by inhibiting synthesis of bacterial outer membrane proteins and increasing permeability of the membrane.	indirect		Cited from Axen et al. (1997); not replicated in this study; applies to HgGlv, not BmGlvs.
doi__10.1016_j.ibmb.2013.03.013	Basic gloverins may interact with lipopolysaccharide via charge-charge interaction with the negatively charged lipid A moiety.	hypothesis		Proposed by Axen et al. (1997) for HgGlv; direct binding not demonstrated for basic gloverins in that work; contradicted for MsGlv (pI ~9.3) which does not bind lipid A.
doi__10.1016_j.ibmb.2013.03.013	M. sexta gloverin binds to the O-specific antigen and outer core carbohydrate moieties of LPS, as well as Gram-positive lipoteichoic acid and peptidoglycan, but does not bind to lipid A.	indirect		Cited from Xu et al. (2012); not replicated in this study; applies to MsGlv, not BmGlvs.
doi__10.1016_j.ibmb.2013.03.013	All four B. mori gloverins adopt random coil conformation in aqueous solution regardless of pH, indicating no intrinsic structure under physiological ionic conditions.	direct_assay	circular dichroism spectroscopy	Measured at pH 3–8; recombinant proteins with C-terminal His-tag used; in vitro conditions may not reflect hemolymph environment.
doi__10.1016_j.ibmb.2013.03.013	B. mori gloverins undergo conformational transition from random coil to α-helical structure in membrane-mimicking hydrophobic environments (HFIP, and to a lesser extent DPC for BmGlv4), suggesting the membrane is a trigger for adopting a bioactive conformation.	direct_assay	circular dichroism spectroscopy	HFIP is not a physiological membrane mimic; SDS and DPC (except BmGlv4 at pH 5.0) did not induce α-helix, limiting generalizability; in vitro only.
doi__10.1016_j.ibmb.2013.03.013	LPS and lipid A induce conformational transitions from random coil to α-helix in B. mori gloverins, suggesting the hydrophobic property of LPS/lipid A is required for this structural change.	direct_assay	circular dichroism spectroscopy	LPS concentrations used (0.15 mg/ml) were above CMC, so conformational change may reflect interaction with LPS micelles rather than outer membrane leaflets; in vitro only.
doi__10.1016_j.ibmb.2013.03.013	Positively charged B. mori gloverins (at pH 5.0) bind specifically to rough mutant forms of LPS (Ra, Rc, Rd, Re) and lipid A but not to smooth LPS, suggesting electrostatic interaction is necessary for initial bacterial surface recognition.	direct_assay	plate ELISA binding assay	Binding at pH 8.0 (where BmGlvs are net negatively charged) was negligible, confirming charge dependence; assay used purified LPS coated on plastic, not intact bacterial membranes; recombinant His-tagged proteins used.
doi__10.1016_j.ibmb.2013.03.013	B. mori gloverins preferentially bind the inner core carbohydrate region of LPS (Rd- and Re-LPS bound more than Ra-, Rc-LPS or lipid A alone), suggesting the inner core carbohydrate and lipid A together constitute the binding epitope.	inferred	plate ELISA binding assay	Inference based on differential binding across rough LPS chemotypes; direct mapping of the binding epitope was not performed.
doi__10.1016_j.ibmb.2013.03.013	Binding to rough LPS is a prerequisite for the antibacterial activity of B. mori gloverins against E. coli, as BmGlvs are active only against E. coli strains bearing rough LPS and inactive against strains with smooth LPS.	inferred	plate ELISA binding assay, bacterial clearance assay, bacterial viability assay	Correlation between binding and activity is consistent but does not establish causality; downstream killing mechanism (membrane disruption, inhibition of protein synthesis, etc.) was not determined for BmGlvs; activity tested at a single high concentration (~10 µM).
doi__10.1016_j.ibmb.2013.03.013	The net positive charge of B. mori gloverins at pH 5.0 is required for both LPS binding and antibacterial activity against E. coli with rough LPS, as neither binding nor killing was observed at pH 8.0 where the proteins carry a net negative charge.	direct_assay	plate ELISA binding assay, bacterial clearance assay	pH 5.0 may not represent the hemolymph pH in vivo; activity assays were conducted at a single high concentration; other pH-dependent effects (solubility, LPS conformation) cannot be excluded.
doi__10.1016_j.ibmb.2013.03.013	B. mori gloverins are active against the fungus Cryptococcus neoformans at pH 5.0 but not at pH 8.0, suggesting antifungal activity is also charge-dependent.	direct_assay	fungal clearance assay	Paper text is truncated; full dose-response and mechanistic data for antifungal activity are not presented in the available text; mechanism of antifungal killing was not investigated.
doi__10.1016_j.dci.2019.103574	PcAst-1a, -1b/c, and -2 interact with the surface of anionic biological membranes, likely via electrostatic interactions, as evidenced by significant changes in their CD spectra in the presence of anionic phosphatidylglycerol (PG) LUVs.	direct_assay	circular dichroism spectroscopy with anionic PG large unilamellar vesicles	Model lipid vesicles used rather than intact bacterial membranes; CD measures secondary structure change as proxy for membrane interaction, not direct permeabilization or disruption; electrostatic mechanism is inferred, not directly measured
doi__10.1016_j.dci.2019.103574	PcAst-1a, -1b/c, and -2 do not interact with neutral biological membranes, as no significant change in CD spectra was observed in the presence of neutral DOPC LUVs.	direct_assay	circular dichroism spectroscopy with neutral DOPC large unilamellar vesicles	Based on model membranes only; absence of spectral change does not rule out all modes of weak interaction with neutral membranes
doi__10.1016_j.dci.2019.103574	The differential interaction of PcAst peptides with anionic but not neutral model membranes points to a preferred interaction with bacterial rather than animal cell membranes, likely resulting in a more significant antimicrobial effect on bacterial cells.	indirect	circular dichroism spectroscopy with PG and DOPC LUVs	Inference based on lipid composition differences in model systems; real bacterial membranes contain proteins and other lipids not represented in the LUV model; supported but not proven by low cytotoxicity data
doi__10.1016_j.dci.2019.103574	PcAst-2 shares a central sequence motif (RPPYLPxPxPxPRPxPxF) with cetartiodactyl cathelicidin PR-AMPs and insect oncocin, peptides known to act via translocation into bacteria through a membrane transporter and subsequent inactivation of ribosome subunits, suggesting this mechanism may be functionally relevant for PcAst-2.	inferred		Convergent sequence motif similarity does not prove identical mechanism; intracellular translocation and ribosome binding by PcAst-2 were not tested; the paper explicitly frames this as a possible case of convergent evolution, not a confirmed mechanism
doi__10.1016_j.dci.2019.103574	The preferential antimicrobial activity of astacidins against Gram-negative bacteria is consistent with the PR-AMP mode of action of internalization via a specific bacterial translocation system and inactivation of internal targets including ribosomes and the chaperone dnaK.	indirect	MIC and MBC broth microdilution assays	Mechanism entirely inferred by analogy with other characterized PR-AMPs; internalization, ribosome binding, and dnaK inactivation were not tested for any astacidin; MIC/MBC data show preferential Gram-negative activity consistent with this model but do not distinguish it from other mechanisms
doi__10.1016_j.dci.2019.103574	The potency of PcAst astacidins against Gram-negative E. coli and A. baumannii may result from intracellular translocation through the inner membrane transporter SbmA, which is present in both species.	hypothesis		Explicitly posed as a question for future investigation; SbmA-dependent uptake was not tested; SbmA presence in A. baumannii is asserted but not verified in this study
doi__10.1016_j.ijantimicag.2008.11.013	BD2.20, the base AMP of the MH-STAMP constructs, has a cationic and amphipathic residue arrangement that underlies its robust broad-spectrum antimicrobial activity against Gram-negative and Gram-positive organisms.	indirect		Killing mechanism (e.g., membrane disruption) is inferred from structural description; no direct mechanistic assays such as membrane permeabilization or ion leakage are reported in this paper. Activity is documented only by MIC.
doi__10.1016_j.ijantimicag.2008.11.013	Incorporation of more or less hydrophobic or charged amino acids into AMPs affects their selectivity for Gram-positive, Gram-negative, or fungal membranes.	inferred		Stated as background knowledge attributed to cited literature (refs 6–7); not directly tested or demonstrated in this paper.
doi__10.1016_j.ijantimicag.2008.11.013	The STAMP/MH-STAMP mechanism of action depends on functionally independent targeting and killing moieties: the targeting peptide binds to specific bacterial surface features to concentrate the AMP killing domain at the target organism, producing species-selective killing.	indirect		Specific binding of KH or M8 targeting peptides to bacterial surface receptors is assumed from prior work (refs 10–11, 13) and selectivity data; no direct binding assay is presented in this paper.
doi__10.1016_j.ijantimicag.2008.11.013	Targeting peptide binding to the bacterial surface is required for the species-specific antimicrobial activity of MH-STAMPs, as replacement of the targeting domain with the non-binding peptide BL-1 abolishes specific killing of the corresponding target organism.	indirect	post-antibiotic effect growth retardation assay, mixed-population selective-plate CFU quantitation	Activity is measured as growth inhibition/retardation, not direct quantitation of bacterial killing; specific molecular receptor on the bacterial surface is not identified in this paper.
doi__10.1016_j.ijantimicag.2008.11.013	The targeting domains in MH-STAMPs reduce the non-specific antimicrobial activity of the base AMP BD2.20 against untargeted organisms in short-exposure assays, but this reduction is not sufficient to completely eliminate activity under long-exposure MIC conditions.	inferred		Inferred by comparing short-exposure post-antibiotic effect data (MH-STAMPs less active than BD2.20 against untargeted organisms) with MIC data (similar MICs); no direct mechanistic explanation for how the targeting domain reduces non-specific activity is provided.
doi__10.1016_j.fsi.2016.11.004	The salmonid cathelicidin peptides kill bacteria by permeabilizing the bacterial membrane, as demonstrated by rapid propidium iodide uptake in peptide-treated bacteria under low-salt conditions.	direct_assay	membrane permeabilization (propidium iodide uptake, flow cytometry)	Membrane permeabilization was observed only under low-salt/diluted medium conditions (5% TSB in SPB); repeating the assay in complete MH broth abrogated permeabilization for all strains, so physiological relevance of the mechanism is uncertain.
doi__10.1016_j.fsi.2016.11.004	STF(1-37), TT(1-35), and rtCATH2(1-40) rapidly and consistently damaged the membranes of both Gram-negative (E. coli, Y. ruckeri) and Gram-positive (S. aureus, L. garvieae) bacteria at concentrations at or below the MIC.	direct_assay	membrane permeabilization (propidium iodide uptake, flow cytometry)	Assays performed only under low-salt conditions; activity and permeabilization were abolished in complete media; Gram-positive controls (S. aureus, L. garvieae) showed measurable background PI positivity even without peptide under these low-salt conditions, complicating interpretation.
doi__10.1016_j.fsi.2016.11.004	The salmonid cathelicidin peptides do not significantly adopt ordered (helical) conformations in membrane-like environments, indicating their membrane-disrupting mechanism does not rely on a classical amphipathic helix.	direct_assay	circular dichroism in aqueous buffer, 50% TFE, anionic LUV (PG:cardiolipin), and LPS micelles	CD shows absence of helical propensity but cannot resolve the precise membrane-bound conformation; some peptides show intensity shifts or wavelength shifts in LUV conditions indicating some conformational transition of undefined nature.
doi__10.1016_j.fsi.2016.11.004	STF(1-37) undergoes a conformational transition upon membrane interaction consistent with a hairpin-like structure with some β-sheet content, stabilized by its disulfide bond.	inferred	circular dichroism in anionic LUV conditions	Interpretation is explicitly tentative ('could be consistent with'); the CD spectral shift to longer wavelengths does not unambiguously define structure; no direct structural assay (e.g., NMR, X-ray) was performed.
doi__10.1016_j.fsi.2016.11.004	Salt concentration is the principal factor limiting the antimicrobial activity of salmonid cathelicidin peptides, as activity was absent in complete media and in M9 minimal medium with osmolarity equivalent to MH broth but lacking peptone and lipids.	indirect		Inferred from comparative MIC assays across media of varying ionic strength and composition; the exact ionic mechanism (e.g., charge shielding, competitive binding) was not directly determined.
doi__10.1016_j.fsi.2016.11.004	Cathelicidins generally function by adopting an amphipathic active conformation upon interaction with bacterial membranes, which promotes membrane insertion and compromises membrane integrity; the paper frames the salmonid peptides studied within this general mechanism.	hypothesis		Stated as established background for cathelicidins generally; the salmonid peptides studied here do not adopt classical helical conformations, so the precise insertion mechanism for these specific peptides remains unresolved.
doi__10.1016_j.fsi.2016.11.004	The three most active peptides (STF(1-37), TT(1-35), rtCATH2(1-40)) produced a dose-dependent increase in phagocytic uptake by trout head kidney leukocytes co-stimulated with bacterial particles.	direct_assay	phagocytosis assay (pHrodo Green E. coli BioParticles, fluorometric microplate reader); colchicine control used to confirm active internalization	The molecular mechanism by which the peptides enhance phagocytosis (e.g., opsonization, pattern-recognition receptor activation, membrane priming) was not determined.
doi__10.1016_j.fsi.2016.11.004	STF(1-37) enhanced phagocytic uptake of bacterial particles by head kidney leukocytes in the presence of autologous serum and increased intracellular killing of live E. coli.	direct_assay	phagocytosis assay (pHrodo fluorometric), intracellular killing assay (gentamicin protection method, colony counts on MH agar)	The signaling pathway or receptor mediating the immunostimulatory effect of STF(1-37) on phagocyte function was not identified; intracellular killing assay measures net bacterial survival, not the specific killing mechanism (e.g., ROS, lysosomal enzymes).
doi__10.1016_j.fsi.2016.11.004	STF(1-37) synergistically potentiated both phagocytic uptake and the respiratory burst (reactive oxygen species production) response in trout head kidney leukocytes when combined with β-glucan.	direct_assay	phagocytosis assay (pHrodo fluorometric), respiratory burst assay (luminol-enhanced chemiluminescence, ROS quantification)	The molecular basis of synergy (e.g., convergent receptor pathways, peptide-mediated priming of oxidative machinery) was not elucidated; synergy was defined mathematically as RLU_combination / (RLU_peptide + RLU_stimulus) without mechanistic dissection.
doi__10.1016_j.fsi.2016.11.004	The salmonid cathelicidin peptides increased metabolic activity of head kidney leukocytes and promoted proliferation of RTG-2 trout fibroblasts without cytotoxicity, indicating a host cell-directed modulatory activity distinct from direct microbicidal action.	direct_assay	cell viability (resazurin/PrestoBlueTM metabolic assay), cytotoxicity (LDH release assay)	The specific receptor, ligand interaction, or downstream signaling pathway responsible for the proliferative or metabolic effect was not identified; the resazurin assay measures mitochondrial/metabolic activity and cannot distinguish proliferation from increased metabolic rate per cell.
doi__10.1016_j.fsi.2016.11.004	The highly conserved N-terminal KIRTRR sequence is important for antimicrobial activity, as its truncation in rtCATH2(5-40) versus rtCATH2(1-40) resulted in markedly reduced potency against tested strains.	indirect		Conclusion is based solely on comparative MIC data between two peptide fragments differing at the N-terminus; the mechanistic role of the KIRTRR sequence in membrane interaction or receptor binding was not directly assayed.
doi__10.1016_j.jasms.2005.11.017	Dominulin A and B inhibit growth of the Gram-positive bacterium Bacillus subtilis and the Gram-negative bacterium Escherichia coli, with MIC values of 2 µg/ml and 8 µg/ml respectively for both peptides.	direct_assay	minimum inhibitory concentration (MIC) broth dilution, agar diffusion growth inhibition	Only two bacterial species tested; synthetic peptides used at ~90% purity; molecular mechanism of bacterial killing not characterized.
doi__10.1016_j.jasms.2005.11.017	C-terminal amidation of both dominulins is associated with antimicrobial activity, as this post-translational modification is found in other insect antimicrobial peptides.	indirect		Association drawn by analogy with other insect AMPs; no mutagenesis or de-amidated control tested to confirm amidation is necessary for dominulin antibacterial activity.
doi__10.1016_j.jasms.2005.11.017	Because dominulins are classified as mastoparans, they are inferred to share the mastoparan activity of causing hemolysis in mammalian cells.	inferred		No hemolysis assay performed on dominulins; inference rests solely on sequence similarity and shared hydrophobic/lysine residue content; dominulins are longer (17 aa) than typical mastoparans (14 aa).
doi__10.1016_j.jasms.2005.11.017	Because dominulins are classified as mastoparans, they are inferred to share the mastoparan activity of mast cell degranulation.	inferred		No mast cell degranulation assay performed on dominulins; inference rests solely on structural classification.
doi__10.1016_j.jasms.2005.11.017	Because dominulins are classified as mastoparans, they are inferred to share the mastoparan activity of activating venom enzymes.	inferred		No enzyme-activation assay performed on dominulins; inference rests solely on structural classification.
doi__10.1016_j.jasms.2005.11.017	Dominulins are proposed to act by promoting the formation of a physical antimicrobial cuticular barrier on the surface of female wasps that protects against microorganisms.	hypothesis		No direct test of cuticular barrier efficacy performed; localization on cuticle demonstrated by MALDI-TOF but functional barrier protection not quantified; peptide presence was not detected in all body-part micro-samples within the same individual.
doi__10.1016_j.jasms.2005.11.017	Dominulins applied to the nest surface are proposed to constitute a colony-level antimicrobial defense against infectious pathogens.	hypothesis		Presence on nest paper demonstrated by MALDI-TOF in 7/11 nests, but no direct assay of nest-surface antimicrobial efficacy was performed.
doi__10.1016_j.ijantimicag.2019.05.019	Cationic AMPs, including AA139 and SET-M33, kill bacteria through disruption of the bacterial cytoplasmic membrane via interaction of the cationic peptide with anionic bacterial membrane lipids, leading to arrest of bacterial growth and cell death.	inferred		General mechanistic statement attributed to cationic AMPs as a class, citing [12]; not directly tested in this paper for AA139 or SET-M33 specifically.
doi__10.1016_j.ijantimicag.2019.05.019	AA139 has a dual mode of action through direct binding to membrane phospholipids followed by interruption of phospholipid transportation pathways, resulting in membrane dysregulation and bacterial cell death.	indirect		Cited from conference abstract/poster presentations (refs 19, 22), not peer-reviewed primary data; qualified by authors as 'suggested'; no mechanistic assays performed in this paper.
doi__10.1016_j.ijantimicag.2019.05.019	SET-M33 directly binds bacterial LPS and adopts an α-helix conformation in the membrane phospholipid bilayer, leading to membrane disruption and bacterial cell death.	indirect		Cited from prior publications (refs 25, 26); qualified as 'suggested'; no mechanistic assays performed in this paper.
doi__10.1016_j.ijantimicag.2019.05.019	SET-M33 has immunomodulatory and anti-inflammatory activity that may contribute to its antimicrobial efficacy in infectious disease.	inferred		Not tested in this paper; cited from external study (ref 27); framed as an additional mechanism that 'may contribute'; no direct data provided.
doi__10.1016_j.ijantimicag.2019.05.019	SET-M33 has synergistic activity with other antibiotic families, which may contribute to its antimicrobial activity.	inferred		Not tested in this paper; cited from external study (ref 28); framed as an additional mechanism that 'may contribute'.
doi__10.1016_j.ijantimicag.2019.05.019	SET-M33 has anti-biofilm activity, which may contribute to its antimicrobial efficacy.	inferred		Not tested in this paper; cited from external study (ref 25); framed as an additional mechanism that 'may contribute'.
doi__10.1016_j.ijantimicag.2019.05.019	AA139 and SET-M33 exert concentration-dependent bactericidal killing against K. pneumoniae, with >99.9% bacterial killing within 2 hours at sufficiently high concentrations.	direct_assay	time-kill kinetics	Tested against a limited panel of 7 K. pneumoniae isolates in vitro only; re-growth observed at sub-MIC concentrations after 24 hours.
doi__10.1016_j.ijantimicag.2019.05.019	The limited cross-resistance between AA139/SET-M33 and colistin is hypothesized to result from differences in their additional mechanisms of antimicrobial activity beyond the shared cationic membrane-disrupting mechanism.	hypothesis		Mechanistic basis not directly tested in this paper; inferred from observed susceptibility patterns across colistin-susceptible and colistin-resistant isolates; framed as a possible explanation.
doi__10.1016_j.ijantimicag.2019.05.019	Plasmid-mediated colistin resistance (MCR) does not confer cross-resistance to AA139 or SET-M33, implying these peptides act through mechanisms not abrogated by MCR-mediated lipid A modification.	indirect	time-kill kinetics, MIC determination	Mechanistic inference drawn from activity data on a single MCR-producing isolate; the specific mechanistic basis for lack of cross-resistance is not directly tested; authors frame this as 'suggests'.
doi__10.1016_j.ijantimicag.2010.08.020	HLopt2 permeabilizes the cytoplasmic membrane of Candida albicans, as demonstrated by uptake of the DNA-binding fluorescent probe propidium iodide reaching 96–98% PI-positive cells at 20 µg/mL.	direct_assay	membrane permeabilization (propidium iodide uptake, flow cytometry/FACScan)	Tested only on C. albicans ATCC 64549; assay concentration (20 µg/mL) is at or above the MMC; PI entry does not mechanistically distinguish membrane disruption from other causes of permeability change.
doi__10.1016_j.ijantimicag.2010.08.020	HLopt2 disrupts mitochondrial membrane integrity in C. albicans, evidenced by redistribution of the mitochondria-localised fluorescent probe rhodamine 123 from discrete subcellular compartments to an even distribution throughout the cell.	direct_assay	mitochondrial membrane permeabilization (rhodamine 123 redistribution, fluorescence microscopy)	Tested at a single high concentration (25 µg/mL); qualitative observation only; rhodamine 123 redistribution reflects loss of mitochondrial membrane potential, which could result from upstream plasma-membrane disruption rather than direct mitochondrial targeting.
doi__10.1016_j.ijantimicag.2010.08.020	HLopt2 induces large openings/deep pits and scattered blebs or knobs on the outer cell wall surface of C. albicans and C. neoformans, indicating physical disarrangement of the cell wall.	direct_assay	cell surface morphology (scanning electron microscopy, SEM)	SEM was performed at 200 µg/mL HLopt2, 8–16-fold above the fungicidal MMC; surface morphology cannot distinguish primary from secondary (post-death) structural changes; leakage of intracellular material observed for C. neoformans was not quantified.
doi__10.1016_j.ijantimicag.2010.08.020	The redistribution of rhodamine 123 by HLopt2 suggests the peptide accumulated in the cytoplasm and targeted intracellular organelles, not solely the plasma membrane.	inferred		Inferred from rhodamine 123 redistribution; intracellular accumulation of the peptide was not directly measured; alternative explanation (plasma-membrane depolarisation causing passive mitochondrial uncoupling) was not excluded.
doi__10.1016_j.ijantimicag.2010.08.020	The antifungal mechanism of HLopt2 involves a combination of cell wall disarrangement and disruption of both the cytoplasmic and mitochondrial membranes.	inferred	membrane permeabilization, mitochondrial membrane permeabilization, scanning electron microscopy	Synthesised from multiple morphological and fluorescent-dye readouts; temporal sequence of events (which membrane is disrupted first) was not established; mechanism was characterised mainly on one C. albicans strain; downstream killing mechanism beyond membrane disruption was not investigated.
doi__10.1016_j.ijantimicag.2010.08.020	Pre-organisation of an amphiphilic helical conformation in HLBD1, induced by lactam bridges at positions 22–26 or 26–30, speeds up binding to targets on the fungal membrane, thereby accelerating fungicidal killing.	hypothesis		Proposed as one explanation for improved MMC values; helix induction was confirmed by CD spectroscopy but direct binding to membrane targets was not measured; lactam bridge at positions 18–22 did not improve killing at 2 h, showing position-dependence that the hypothesis does not fully explain.
doi__10.1016_j.jip.2012.02.007	Gloverin permeabilizes negatively charged phosphatidylglycerol (PG) vesicles, causing rapid release of encapsulated calcein at nanomolar concentrations.	direct_assay	membrane permeabilization (calcein dye-release from unilamellar vesicles)	Tested on artificial unilamellar vesicles only, not actual viral or bacterial membranes; lipid composition is simpler than native envelopes.
doi__10.1016_j.jip.2012.02.007	Gloverin membrane interaction is charge-dependent: it permeabilizes negatively charged PG vesicles but causes negligible (<2%) calcein release from neutral phosphatidylcholine (PC) vesicles.	direct_assay	membrane permeabilization (calcein dye-release, PG vs. PC comparison)	Only two phospholipid compositions tested; the charge profile of the AcMNPV BV envelope in vivo is not fully characterized.
doi__10.1016_j.jip.2012.02.007	Gloverin membrane permeabilization activity is rapid, with calcein release from PG vesicles largely complete within 30 seconds and near-maximum within 2 minutes of gloverin addition.	direct_assay	membrane permeabilization kinetics (time-resolved calcein fluorescence)	Measured in an artificial vesicle system at 37 °C; kinetics in vivo or against intact virus may differ.
doi__10.1016_j.jip.2012.02.007	Gloverin reduces the infectivity of AcMNPV budded virus (BV) in a concentration-dependent manner in vitro.	direct_assay	viral infectivity reduction (plaque assay)	In vitro only; purified gloverin showed lower activity than unpurified supernatant, suggesting partial loss of activity during purification or additional antiviral factors in supernatant.
doi__10.1016_j.jip.2012.02.007	Gloverin inactivates AcMNPV BV by disrupting the lipid envelope surrounding the nucleocapsid, consistent with its membrane-permeabilizing activity on PG vesicles.	inferred		Inferred from correlation between PG vesicle permeabilization and BV inactivation data; no direct visualization of viral envelope disruption (e.g., electron microscopy) was performed.
doi__10.1016_j.jip.2012.02.007	Gloverin may inhibit baculovirus infection by binding negatively charged regions of the GP64 envelope fusion protein and blocking the conformational changes GP64 requires to initiate cell entry.	hypothesis		No experimental data in this paper directly tests GP64 binding or conformational effects; proposed solely on the basis of charge complementarity between cationic gloverin and anionic GP64 domains.
doi__10.1016_j.jip.2012.02.007	Gloverin may disrupt the BV envelope by accumulating on its negatively charged phospholipid surface and inducing membrane strain or pore formation.	hypothesis		Proposed as an alternative or complementary mechanism to GP64 inhibition; not tested directly; vesicle data are the only experimental support.
doi__10.1016_j.jip.2012.02.007	Gloverin is likely toxic to Gram-negative bacteria (E. coli), as bacteria transformed with gloverin expression vectors failed to grow robustly under inducing conditions.	indirect		Observation is an indirect by-product of a cloning experiment, not a controlled antibacterial assay; poor growth could have alternative explanations (metabolic burden, leaky expression toxicity unrelated to the antibacterial mechanism).
doi__10.1016_j.jmb.2021.167225	HNP1 binds to SARS-CoV-2 Spike protein with submicromolar affinity (Kd = 146 ± 18 nM), more than 20-fold stronger than its binding to serum albumin (Kd = 3.4 ± 0.3 µM).	direct_assay	fluorescence anisotropy (Cy5-HNP1 titrated against recombinant Spike or BSA)	Measured against recombinant Spike stabilized in prefusion conformation by K986P/V987P mutations; binding stoichiometry not determined; Kd for RC-101 not measured
doi__10.1016_j.jmb.2021.167225	HNP1 and RC-101 inhibit SARS-CoV-2 Spike-mediated membrane fusion between Spike-expressing and ACE2-positive cells.	direct_assay	syncytia formation assay (fluorescence microscopy, fusion index quantification)	Inhibition was largely abrogated by 10% serum; cell-culture model only; not a viral infection assay
doi__10.1016_j.jmb.2021.167225	HNP1 and RC-101 act on the viral particle rather than on host cell molecules such as ACE2 to inhibit SARS-CoV-2 Spike-pseudotyped infection.	indirect	pseudotyped lentivirus infection assay (NanoLuc luciferase reporter) comparing virus pre-treatment vs. cell pre-treatment	Demonstrated with HIV-based pseudotyped virus bearing SARS-CoV-2 Spike, not authentic SARS-CoV-2; host-directed effects not formally ruled out at higher concentrations
doi__10.1016_j.jmb.2021.167225	HNP1 and RC-101 destabilize the SARS-CoV-2 Spike protein, reducing its thermal stability and promoting exposure of hydrophobic residues at temperatures below its normal melting point.	direct_assay	differential scanning fluorimetry (DSF) with Sypro Orange dye	Recombinant prefusion-stabilized Spike used; destabilization effects of RC-101 were less prominent than HNP1; native Spike on virions may be more susceptible; DSF reports bulk thermodynamic change, not atomic-resolution unfolding mechanism
doi__10.1016_j.jmb.2021.167225	HNP1 and RC-101 induce partial aggregation and precipitation of SARS-CoV-2 Spike protein through exposure of hydrophobic surfaces upon defensin-induced unfolding.	direct_assay	ultracentrifugation (100,000 g) followed by SDS-PAGE of soluble and insoluble fractions	Recombinant stabilized Spike used; RC-101 effects were milder than HNP1; precipitation extent in the authentic virion context is unknown
doi__10.1016_j.jmb.2021.167225	HNP1 and RC-101 inhibit the interaction between SARS-CoV-2 Spike and the ACE2 receptor in a concentration-dependent manner.	direct_assay	solid-phase binding assay (biotinylated ACE2 on NeutrAvidin plate, anti-Spike S2 antibody detection)	High defensin concentrations (>5 µM) caused elevated background noise, limiting dose-response range; assay used recombinant proteins; Spike was pre-incubated with defensins before addition to ACE2, so blocking of ACE2 by defensins was not tested
doi__10.1016_j.jmb.2021.167225	Defensins promote unfolding of conformationally plastic (thermolabile) viral proteins by preferentially binding to partially unfolded states and locking them in non-native, non-functional conformations that are prone to aggregation.	inferred	differential scanning fluorimetry (DSF)	Mechanistic model inferred from DSF data combined with prior literature on bacterial toxins and other viral proteins; direct structural evidence for defensin binding to partially unfolded Spike not provided in this paper; integration into the hydrophobic core is proposed but not directly demonstrated
doi__10.1016_j.jmb.2021.167225	Serum proteins compete with SARS-CoV-2 Spike for HNP1 binding, reducing defensin availability and attenuating its antiviral activity.	indirect	syncytia formation assay, pseudotyped virus infection assay, authentic SARS-CoV-2 infection assay — all with serum titration; fluorescence anisotropy showing HNP1 binds BSA	Direct competition between serum proteins and Spike for HNP1 not formally demonstrated in a competition assay; BSA binding used as a proxy for all serum proteins
doi__10.1016_j.jmb.2021.167225	Additional mechanisms beyond Spike/ACE2 interaction disruption — such as blocking protease cleavage sites or preventing conformational changes required for membrane fusion — may contribute to defensin-mediated inhibition of SARS-CoV-2.	hypothesis		Not directly tested in this study; proposed on the basis of the multifaceted nature of defensin biology and the mild destabilization/precipitation effects of RC-101 relative to its antiviral potency
doi__10.1016_j.jmb.2021.167225	Defensin-mediated stabilization of non-enveloped viral capsids (reported in other viruses) may paradoxically result from prior defensin-induced unfolding of conformationally flexible capsid-protein interface regions, causing abnormal hydrophobic cross-links that resist programmed disassembly.	hypothesis		Not tested in this study; speculative mechanistic model proposed to reconcile published capsid-stabilization observations with the general unfolding model; no supporting experiments provided
doi__10.1016_j.jmb.2008.02.066	NYAD-1 binds to residues 169-191 of the C-terminal domain of HIV-1 capsid (C-CA), encompassing the hydrophobic cavity formed by helices 1, 2, and 4 and the critical dimerization domain.	direct_assay	NMR chemical shift perturbation (1H-15N HSQC titration)	Binding affinity for NYAD-1 itself could not be reliably determined by NMR due to low solubility; Kd ~1 µM estimated from soluble analog NYAD-13; NMR used a double mutant C-CA (W184A/M185A), not wild-type protein
doi__10.1016_j.jmb.2008.02.066	NYAD-1 disrupts assembly of both immature-like (Gag-derived spherical) and mature-like (CA-derived tubular) HIV-1 virus particles in a dose-dependent manner in a cell-free in vitro system.	direct_assay	negative-stain transmission electron microscopy, in vitro assembly assay	Cell-free assembly conditions (high NaCl, E. coli RNA) do not fully recapitulate intracellular assembly; scrambled-sequence control NYAD-17 showed no effect, supporting specificity
doi__10.1016_j.jmb.2008.02.066	NYAD-1 binding to capsid inhibits HIV-1 Gag-mediated particle production and causes dose-dependent intracellular accumulation of uncleaved Pr55 Gag, indicating impairment of both assembly and Gag processing.	direct_assay	metabolic radiolabeling (35S-Met/Cys), immunoprecipitation, SDS-PAGE, phosphorimager quantification	Accumulation of Pr55 Gag could reflect assembly block rather than direct effect on protease processing; n=4 replicates
doi__10.1016_j.jmb.2008.02.066	NYAD-1 penetrates cells and colocalizes with the HIV-1 Gag polyprotein during Gag trafficking to the plasma membrane, suggesting interaction with Gag prior to assembly.	direct_assay	laser scanning confocal microscopy, FACS	Colocalization (weighted coefficient 0.402 ± 0.051) indicates spatial overlap but does not confirm direct molecular binding to Gag in cells; FACS data noted as potentially unreliable for cell-penetrating peptides due to membrane binding
doi__10.1016_j.jmb.2008.02.066	NYAD-1 impairs proper HIV-1 particle morphology in cell-based systems, producing aberrant particle shapes in Gag-expressing cells and markedly inhibiting electron-dense core formation in Gag-Pol-expressing cells.	direct_assay	transmission electron microscopy of thin-sectioned cells	Morphological disruption is observed but the molecular basis distinguishing assembly block from maturation defect is not resolved at this resolution
doi__10.1016_j.jmb.2008.02.066	NYAD-1 does not inhibit HIV-1 entry into cells, indicating its antiviral mechanism operates post-entry.	direct_assay	GFP-Vpr-labeled virion flow cytometry entry assay, cell fusion assay	Flow cytometry measures virion association with/entry into cells but may not distinguish surface-bound from internalized virus; cell fusion assay data only cited as 'data not shown'
doi__10.1016_j.jmb.2008.02.066	NYAD-1 most likely targets HIV-1 capsid at a post-entry stage, as it retained inhibitory activity when added up to 8 h post-infection but lost activity when added at 16 h, unlike the entry inhibitor T-20 which lost activity by 4 h.	indirect	time-of-addition single-cycle infection assay (luciferase reporter)	Timing data indicate post-entry activity but cannot pinpoint the exact post-entry step (uncoating, reverse transcription, nuclear import, etc.); pre-entry contribution cannot be fully excluded
doi__10.1016_j.jmb.2008.02.066	NYAD-1 may affect the HIV-1 uncoating process by binding to capsid after viral entry.	hypothesis	time-of-addition assay, single-cycle infection assay	Uncoating effect is inferred from inhibition kinetics; uncoating was not directly measured (e.g., by fate-of-capsid or cyclosporine washout assay)
doi__10.1016_j.jmb.2008.02.066	NYAD-1 impairs HIV-1 assembly and/or affects the dimer interface conformation by binding directly to critical residues of C-CA spanning the dimerization domain (residues 169-189), since mutations at these residues (W184, M185, L189, L190, Y169) are known to disrupt assembly.	inferred	NMR chemical shift perturbation, in vitro assembly assay, electron microscopy	Whether NYAD-1 disrupts dimerization directly or sterically blocks Gag polymerization at another step is not mechanistically resolved; mutation evidence is drawn from literature, not new experiments in this study
doi__10.1016_j.jmb.2008.02.066	NYAD-1's antiviral activity is specific to HIV-1 and not due to non-specific cytotoxicity, as demonstrated by its failure to inhibit release of the related lentivirus EIAV.	direct_assay	EIAV particle release assay, metabolic radiolabeling, immunoprecipitation	EIAV specificity supports HIV-1 CA-targeting mechanism but does not rule out all potential off-target effects; CC50 > 135 µM (MT-2) and > 300 µM (PBMC) reported from parallel cytotoxicity assays
doi__10.1016_j.molimm.2008.07.021	Most antimicrobial peptides share an amphipathic structure that enables interaction with microbial membranes, commonly leading to disruption of membrane integrity through permeabilization as a major killing mechanism against bacteria, fungi, parasites, and enveloped viruses.	inferred		General background statement endorsed from prior literature (Brogden 2005); not experimentally tested in this paper.
doi__10.1016_j.molimm.2008.07.021	Proline-rich antimicrobial peptides act without membrane permeabilization by translocating across bacterial membranes and reaching an intracellular target that causes cell death, with activity predominantly against Gram-negative bacteria.	inferred		Authors explicitly describe the underlying mechanisms as 'unresolved'; based on cited prior literature; membrane permeabilization was not tested for Cg-Prp in this paper.
doi__10.1016_j.molimm.2008.07.021	PR39, a mammalian proline-rich antimicrobial peptide, kills Gram-negative bacteria by inhibiting DNA and protein synthesis.	indirect		Cited from Gennaro et al. 2002; not tested in this paper.
doi__10.1016_j.molimm.2008.07.021	The insect proline-rich antimicrobial peptides pyrrhocoricin, drosocin, and apidaecin enter bacterial cells and specifically bind to DnaK (a heat shock protein involved in chaperone-assisted protein folding), with pyrrhocoricin inhibiting DnaK's ATPase activity, resulting in accumulation of misfolded proteins and subsequent cell death.	indirect	DnaK binding assay, ATPase inhibition assay	Cited from Kragol et al. 2001; not tested in this paper; the ATPase inhibition detail was reported specifically for pyrrhocoricin and may not apply equally to drosocin or apidaecin.
doi__10.1016_j.molimm.2008.07.021	Cg-Prp, the first proline-rich antimicrobial peptide identified in a mollusk, acts primarily through synergistic antimicrobial activity with the co-expressed oyster defensin Cg-Def rather than through direct killing of microbes.	direct_assay	minimum inhibitory concentration (MIC) determination, checkerboard fractional inhibitory concentration (FIC) assay	Demonstrated in vitro only; molecular mechanism of synergy between Cg-Prp and Cg-Def is not elucidated; in vivo synergy is supported by co-localization of both peptides in the same hemocytes and tissues but not directly tested; weak direct antimicrobial activity of Cg-Prp22-36 (against M. lysodeikticus) and antifungal activity of Cg-Prp20-36/Cg-Prp22-36 are also reported but at high concentrations (100–200 µM); the paper acknowledges poor in vitro activity may underestimate in vivo activity due to absence of post-translational modifications (glycosylation, proline isomerization) on synthetic peptides.
doi__10.1016_j.resmic.2020.03.001	Loss of a single positively charged arginine residue (R12W substitution in AP2 vs. AP1) was sufficient to abolish antimicrobial activity against M. abscessus, implying that cationic charge is critical to the mechanism of action of AP1.	inferred		Paper reports only MIC values for AP1 vs AP2; no membrane-interaction, binding, or killing-kinetics assays are performed. The mechanistic inference (cationic charge drives activity) is not explicitly stated by the authors—it is deducible from the structure-activity observation but not tested. Single substitution also changes hydrophobicity and geometry, so the causal factor is not isolated.
doi__10.1016_j.resmic.2020.03.001	AP1 at 3× MIC protected Acanthamoeba castellanii from killing by intracellular M. abscessus strains (including an MDR outbreak strain), demonstrating antimycobacterial activity inside a host-cell-like environment.	indirect	intracellular killing surrogate (LDH release ratio in amoeba-MAB infection model)	LDH release measures amoeba survival, not direct bacterial killing; does not distinguish whether AP1 kills intracellular bacteria, prevents egress, or acts extracellularly on bacteria released during amoeba lysis. No CFU counts from infected amoebae reported. No mammalian cell or in vivo data.
doi__10.1016_j.jneuroim.2010.11.009	The bactericidal activity of VIP and ORXB is mediated by their strong positive charge binding to negatively charged bacterial cell walls, analogous to the mechanism of other cationic antimicrobial peptides.	inferred		Mechanism inferred entirely from chemical properties (net charge +3.1, cationic amino acid content, isoelectric point); no membrane binding, permeabilization, or structural assay was performed to directly test this in the study.
doi__10.1016_j.jneuroim.2010.11.009	The antimicrobial potency of VIP and ORXB can be predicted from their amphipathic nature and net positive cationic charge, placing them in the same functional class as LL-37, HNP-1, and HBD-1.	hypothesis		Stated as a hypothesis supported by chemical property comparison (Table 1) and bactericidal assay results; no structural assays (e.g., circular dichroism, membrane permeabilization assay) were performed to confirm the amphipathic mechanism.
doi__10.1016_j.jneuroim.2010.11.009	The bactericidal activities of VIP and ORXB against Gram-negative bacteria are attenuated at physiological NaCl concentrations (150 mM) because Na+ ions compete with cationic peptides for electrostatic interaction with the negatively charged bacterial membrane, inhibiting the initial peptide-membrane contact.	indirect	bactericidal colony-count assay across 0–300 mM NaCl gradient	NaCl-dependent attenuation of killing was directly demonstrated by assay; however, the charge-competition mechanistic explanation is attributed to prior literature (Lehrer et al., 1993) and not independently verified in this study; underlying mechanism stated as 'remains to be elucidated'.
doi__10.1016_j.jneuroim.2010.11.009	Differences in bacterial cell-surface charge determine the range of susceptibilities of various bacterial species to VIP and ORXB, with S. aureus resistance attributable to cell-surface electrostatic alterations that reduce net negative charge and thereby attenuate cationic peptide binding.	inferred		Mechanistic explanation is applied by analogy to prior work on S. aureus resistance to other cationic AMPs (Peschel et al., 1999); no direct assay of surface charge, peptide-binding affinity, or membrane interaction with S. aureus was performed in this study.
doi__10.1016_j.jneuroim.2010.11.009	VIP and ORXB exert additive (not synergistic) bactericidal effects when combined with LL-37 against Gram-negative bacteria, with FIC indices of 0.55–0.75, indicating the two agents act through complementary rather than identical pathways.	direct_assay	bactericidal colony-count assay, checkerboard FIC titration	FIC classification as 'additive' (0.5 < FIC ≤ 1) does not identify the molecular basis of complementarity; primary FIC assays conducted at sub-physiological NaCl; activity spectrum limited to E. coli and P. aeruginosa.
doi__10.1016_j.jneuroim.2010.11.009	When combined with LL-37, VIP and ORXB restore bactericidal activity against Gram-negative bacteria at physiological NaCl (150 mM), suggesting that cooperative action between cationic peptides with complementary properties overcomes salt-mediated inhibition that each peptide alone cannot resist.	direct_assay	bactericidal colony-count assay at 150 mM NaCl with peptide combinations	The molecular mechanism by which combination overcomes salt inhibition is not determined; results limited to E. coli and P. aeruginosa; whether the effect generalises to other physiological ionic conditions was not tested.
doi__10.1016_j.peptides.2016.03.006	The acidic cleft between domains I and II of TcOsm1 is potentially involved in catalytic activity against β-1,3 glucan, a component of the fungal cell wall, which could explain its antifungal properties.	hypothesis		Described as 'potentially involved' and 'could explain'; inferred from structural homology to other PR-5 proteins via 3D modeling; no enzymatic or cell-wall-degradation assay performed in this study.
doi__10.1016_j.peptides.2016.03.006	Osmotin is recognized by a membrane receptor on fungal cells, triggering a signaling pathway that results in reactive oxygen species (ROS) accumulation, leading to cell death.	indirect		Attributed entirely to Narasimhan et al. (2001) [ref 9]; not tested in this study; authors explicitly state 'the actual mechanism(s) remains unclear'.
doi__10.1016_j.peptides.2016.03.006	The guanidinium group of arginine residues in Osm-pepA interacts with membrane phosphate groups by electrostatic and steric complementarity, favoring peptide insertion into the hydrophobic part of the membrane.	inferred		Inferred by analogy from cited literature [ref 42] on arginine-rich peptides in general; no membrane permeabilization, lipid-binding, or fluorescence assay performed for Osm-pepA specifically.
doi__10.1016_j.peptides.2016.03.006	The five N-terminal residues RRLDR of Osm-pepA significantly alter its tertiary structure compared to Osm-pepB, and this structural difference is likely important for its greater antimicrobial potency.	indirect		Based solely on computational molecular dynamics modeling; no experimental structural determination (e.g., NMR, CD) or mutagenesis performed; causal link to potency is asserted but not directly tested.
doi__10.1016_j.peptides.2016.03.006	Clusters of arginine residues in Osm-pepA increase its antimicrobial effect relative to Osm-pepB, by analogy with the finding that arginine-to-glycine substitutions in Protegrin-1 reduce antimicrobial activity.	inferred		Inferred by analogy to Protegrin-1 data from cited literature [ref 43]; not tested directly by mutagenesis or charge-neutralization experiments in this study.
doi__10.1016_j.peptides.2016.03.006	Osm-pepA alters the morphology of Moniliophthora perniciosa mycelium, causing increased hyphal density and a more compact phenotype, indicating an effect on hyphal architecture beyond simple growth-rate reduction.	direct_assay	mycelial morphology observation on PDA	Phenotypic observation only; underlying cellular or molecular mechanism (e.g., cell-wall, membrane, cytoskeletal) is not determined; comparison to sakuranetin effects is analogical only.
doi__10.1021_acs.joc.1c01858	The antibacterial activity of murepavadin is caused by its interaction with the essential outer-membrane b-barrel transporter LptD, which essentially blocks LPS assembly in the outer membrane of the bacterial cell.	indirect		This mechanistic claim is cited from prior literature (ref 1, Srinivas et al. 2010); the present paper does not perform mechanistic assays—it reports MIC values only and attributes mechanism by citation.
doi__10.1021_acs.joc.1c01858	Murepavadin represents one of the first members of a novel class of antimicrobial peptides targeting outer membrane bacterial proteins.	inferred		Classification claim derived from cited literature (refs 1–3); no direct target-binding or outer-membrane protein interaction assay performed in this paper.
doi__10.1021_acs.joc.1c01858	Murepavadin exhibits potent and specific antimicrobial activity against Pseudomonas aeruginosa but not against other bacteria (S. aureus, E. coli), with MIC values ranging from 8 nM to 0.5 μM against P. aeruginosa clinical isolates and >10 μM against S. aureus and E. coli.	direct_assay	broth microdilution MIC assay	Narrow species panel tested (two non-target organisms as negative controls); mechanism of species selectivity is attributed to LptD targeting by citation rather than demonstrated here.
doi__10.1021_acs.jnatprod.1c00281	CC-AMP1 permeabilizes the outer membrane of gram-negative E. coli ATCC 25922, with 100% NPN uptake observed from 10 to 40 µM.	direct_assay	outer membrane permeabilization (NPN fluorescent probe uptake assay)	Tested against a single gram-negative strain (E. coli ATCC 25922) only; outer membrane permeabilization alone does not confirm killing mechanism.
doi__10.1021_acs.jnatprod.1c00281	CC-AMP1 permeabilizes the inner membrane of gram-negative E. coli ATCC 25922, as evidenced by increased absorbance at 420 nm in an ONPG assay.	direct_assay	inner membrane permeabilization (ONPG/β-galactosidase release assay)	Tested against a single gram-negative strain (E. coli ATCC 25922) only; assay is indirect readout of membrane breach via enzymatic reporter.
doi__10.1021_acs.jnatprod.1c00281	CC-AMP1 is bactericidal rather than bacteriostatic against Acinetobacter baumannii 5075, with an MBC of 8.6 µM.	direct_assay	minimum bactericidal concentration (MBC, colony-forming unit recovery assay)	MBC determined for A. baumannii 5075 only; bactericidal nature against other susceptible gram-negative strains was not confirmed by MBC.
doi__10.1021_acs.jnatprod.1c00281	CC-AMP1 appears to exert a bactericidal mechanism of action against gram-negative bacteria through permeabilization of both the outer and inner membranes.	direct_assay	outer membrane permeabilization (NPN uptake), inner membrane permeabilization (ONPG), minimum bactericidal concentration	Membrane permeabilization was demonstrated only in E. coli; bactericidal activity was confirmed only in A. baumannii; whether dual-membrane disruption is the sole or proximal lethal mechanism is not established.
doi__10.1017_s0031182017001846	Crotalicidin (Ctn) induced cell death in T. cruzi epimastigotes through necrosis, as the remaining live epimastigotes after 24 h treatment at EC50 were mainly labelled with 7-AAD only (41.6%) or 7-AAD and annexin V (39.6%), indicating necrosis or necrosis/late apoptosis.	direct_assay	flow cytometry with 7-AAD and annexin V probes	Only epimastigote forms were used in the flow cytometry death-pathway assays; other T. cruzi developmental forms not assessed for death mechanism. Single time point (24 h).
doi__10.1017_s0031182017001846	Ctn caused loss of membrane integrity with the presence of pores in T. cruzi epimastigotes, as observed by scanning electron microscopy after 12 h treatment at EC50.	direct_assay	scanning electron microscopy	SEM provides morphological evidence of membrane disruption but cannot distinguish primary membrane attack from secondary membrane collapse due to upstream cell death events; single time point (12 h).
doi__10.1017_s0031182017001846	Ctn caused cell shrinkage in T. cruzi epimastigotes, a morphological hallmark consistent with necrotic cell death, observed by scanning electron microscopy after 12 h treatment at EC50.	direct_assay	scanning electron microscopy	Morphological interpretation; shrinkage could also accompany other death modalities; single time point.
doi__10.1017_s0031182017001846	Ctn induced a burst of reactive oxygen species (ROS) in T. cruzi epimastigotes, increasing the DCFH-DA fluorescent signal approximately 3-fold compared to untreated parasites after 24 h at EC50.	direct_assay	flow cytometry with DCFH-DA (ROS probe)	DCFH-DA reports general oxidative stress and is not specific to any ROS species; causality (whether ROS drives death or is a consequence) is not established.
doi__10.1017_s0031182017001846	Ctn caused a reduction in mitochondrial transmembrane potential (MTP) in T. cruzi epimastigotes, decreasing the rhodamine 123 fluorescent signal by approximately 50% compared to untreated parasites after 24 h at EC50.	direct_assay	flow cytometry with rhodamine 123 (mitochondrial membrane potential probe)	Whether MTP loss is a primary mechanistic event or a downstream consequence of membrane disruption is not determined.
doi__10.1017_s0031182017001846	Ctn does not kill T. cruzi epimastigotes via autophagy, as treatment at EC50 for 24 h produced no increase in acridine orange fluorescence (a marker of acidic reservosomes).	direct_assay	flow cytometry with acridine orange (reservosome/autophagy probe)	Negative result; acridine orange is an indirect proxy for autophagy flux in trypanosomes and may not capture all autophagic activity.
doi__10.1017_s0031182017001846	The higher susceptibility of T. cruzi trypomastigote forms to Ctn compared to epimastigotes is inferred to result from the prevalence of negatively charged surface molecules (mucin glycoproteins, sialic acid) on trypomastigotes that facilitate electrostatic attraction of the cationic peptide.	inferred		No direct binding or surface-charge assay performed; explanation is cited from literature on host–parasite interactions, not demonstrated for Ctn specifically.
doi__10.1017_s0031182017001846	Both large molecular size and high net positive charge are proposed to be required for Ctn's anti-T. cruzi activity against epimastigote forms, based on structure–activity comparison with Ctn fragments and batroxicidin.	inferred		Inference from comparative IC50 data across peptides differing in multiple physicochemical properties simultaneously; no mutagenesis or charge-neutralisation experiment performed.
doi__10.1017_s0031182017001846	Ctn, as a cationic amphipathic peptide, is proposed to interact with and disrupt parasite cell membranes through electrostatic and hydrophobic interactions, consistent with the general mechanism attributed to venom antimicrobial peptides of its class.	hypothesis		Explicitly attributed to cited references on related venom AMPs (McGwire & Kulkarni 2010; Teixeira et al. 2012), not directly demonstrated for Ctn; no membrane-binding or lipid-bilayer assay reported in this study.
doi__10.1016_j.phytochem.2018.04.014	The mechanism of action employed by most known AMPs involves physical disruption of target membranes via an induced or permanent amphipathic motif, which has historically prevented widespread AMP resistance by requiring major remodeling of basic membrane structure.	indirect		General class-level claim about AMPs supported only by citations to prior literature (Sato and Feix, 2006; Zhang and Gallo, 2016; Peters et al., 2010); no membrane-disruption assays performed on any peptide in this study; applies to cyclotides by inference only.
doi__10.1016_j.phytochem.2018.04.014	Cancer and microbial cells enriched with anionic surface molecules can be selectively targeted by AMPs, with cell death caused by either membranolytic or intracellular mechanisms, in contrast to neutrally-charged mammalian cells.	indirect		General claim about the AMP class cited entirely from prior literature (Brogden, 2005; Guzman-Rodriguez et al., 2015; Lee and Kim, 2015; Mahlapuu et al., 2016; Rotem and Mor, 2009); no mechanistic assays were performed in this study to confirm this applies to cyO8 or any other cyclotide characterized here.
doi__10.1016_j.phytochem.2018.04.014	CyO8 preferentially kills cancer cells over non-cancerous cells, showing approximately three-fold greater cytotoxicity against MDA-MB-231, PC-3, and OVCAR-3 cancer cell lines (IC50 0.80–1.15 µM) than against human dermal fibroblasts (IC50 ~3.13 µM), consistent with selective targeting of anionic cancer cell membranes.	indirect		Selectivity is demonstrated by MTT viability assay comparing cancer vs. non-cancer cell lines; the molecular basis for selectivity (e.g., membrane lipid composition, surface charge) is never experimentally investigated in this paper; the anionic-membrane explanation is implied by the introductory AMP framework but not directly tested or stated for cyO8.
doi__10.1021_acs.joc.5b01878	Chaxapeptin 1 inhibits invasion of human lung cancer cell line A549 through the extracellular matrix (ECM) in a concentration-dependent manner (28% inhibition at 5 µM, 56% at 50 µM).	direct_assay	cell invasion assay (ECM gel-coated chamber, CyQuant fluorescent staining)	Molecular mechanism of invasion inhibition is not identified; no mechanistic target specified; assay run at a single time point (36 h); effect comparable to sungsanpin but mechanistic basis of that comparison is not explored
doi__10.1021_acs.joc.5b01878	Chaxapeptin 1 shows a weak antibacterial effect against Gram-positive bacteria Staphylococcus aureus and Bacillus subtilis at 30–35 µg/mL, with no activity against Gram-negative Escherichia coli up to 50 µg/mL.	direct_assay	agar diffusion (disk), MIC broth microdilution	Mechanism of antibacterial action is not investigated; activity is described as weak; only three strains tested; no time-kill kinetics or target identification performed
doi__10.1021_acs.joc.5b01878	The lack of antimicrobial self-resistance (and possibly reduced antibacterial potency) of chaxapeptin 1 may be explained by the absence of an ABC-transporter immunity gene in the cpt biosynthetic gene cluster.	hypothesis		Purely an inference from gene-cluster analysis; no functional deletion or complementation experiments performed; absence of the gene does not rule out alternative immunity mechanisms
doi__10.1021_acs.joc.5b01878	Chaxapeptin 1 inhibits A549 cell invasion without affecting cell morphology, suggesting the effect is not due to gross cytotoxicity.	indirect	cell morphology observation (qualitative)	No quantitative cytotoxicity assay (e.g., MTT, LDH) reported; morphological assessment alone is insufficient to exclude cytostatic effects or sub-lethal toxicity
doi__10.1021_acs.bioconjchem.0c00664	SAP1, SAP2, and SAP6 (ACE2-derived peptides) inhibit SARS-CoV-2 and SARS-CoV Spike-mediated viral entry by disrupting the interaction between the viral Spike receptor-binding domain (RBD) and the host ACE2 receptor.	indirect	pseudovirus infection inhibition (luciferase reporter), genuine SARS-CoV-2 infection (flow cytometry/N-protein staining), affinity precipitation binding assay	Blocking of Spike-ACE2 interface is inferred from co-occurrence of RBD binding and infection inhibition; no direct competition assay (e.g., ACE2 vs. peptide displacement) was performed; IC50 values are in low millimolar range, indicating weak potency
doi__10.1021_acs.bioconjchem.0c00664	SAP1 and SAP6 directly bind the SARS-CoV-2 Spike RBD with apparent Kd values of 0.53 ± 0.01 mM and 1.36 ± 0.14 mM, respectively, as shown by affinity precipitation assays.	direct_assay	affinity precipitation (FITC-labeled peptides co-precipitated with His-tagged Spike RBD on Ni-NTA beads; fluorescence quantification by ImageJ; Kd fit to Hill equation)	In vitro binding only; millimolar Kd indicates weak affinity; SAP5, which has no detected RBD binding, confirms assay specificity but does not rule out indirect binding modes for SAP1/SAP6
doi__10.1021_acs.bioconjchem.0c00664	The minimal essential inhibitory motif is the six-amino-acid EDLFYQ sequence (Glu37–Gln42 of ACE2, corresponding to SAP6), which is sufficient to disrupt Spike RBD-ACE2 interaction and inhibit SARS-CoV-2 infection.	direct_assay	comparative pseudovirus infection inhibition assay, genuine SARS-CoV-2 infection assay (flow cytometry)	Minimal motif defined by comparison of SAP1, SAP2, and SAP6 activity, not by alanine-scanning mutagenesis; shorter or rearranged sequences were not tested
doi__10.1021_acs.bioconjchem.0c00664	The polar residues Glu37, Asp38, Tyr41, and Gln42 of SAP6 form a hydrogen-bond network with SARS-CoV-2 Spike RBD residues Thr500, Tyr449, Asn501, and Tyr505, providing the atomic basis for Spike-ACE2 disruption.	inferred		Based entirely on structural modeling using the published cocrystal structure (PDB: 6M0J) and previously reported modeling studies; no experimental validation of specific H-bond contacts (e.g., mutagenesis of contact residues, NMR, or co-crystal structure of SAP6 with RBD) was performed in this study
doi__10.1021_acs.bioconjchem.0c00664	SAP1, SAP2, and SAP6 specifically inhibit ACE2-dependent coronavirus entry (SARS-CoV-2, SARS-CoV, HCoV-NL63) but do not affect VSV-G-mediated viral entry, indicating their mechanism of action is specific to the Spike-ACE2 interaction interface.	direct_assay	pseudovirus infection inhibition assay with VSV-G specificity control (luciferase reporter); HCoV-NL63 plaque assay and cytopathic effect assay	VSV-G uses a structurally unrelated receptor (LDL-R); specificity for Spike-ACE2 interface is inferred from the negative VSV-G result, but alternative off-target antiviral mechanisms (e.g., post-entry effects) were not ruled out
doi__10.1021_acs.bioconjchem.0c00664	SAP1 and SAP6 act on virion-associated Spike protein prior to host cell attachment, since peptides were pre-incubated with virus particles before addition to cells.	indirect	pseudovirus and live SARS-CoV-2 infection inhibition assays (pre-incubation protocol)	The pre-incubation experimental design is consistent with virion-targeting but does not exclude additional activity at the cell surface during entry; no assay directly distinguished virion-bound vs. cell-surface-bound peptide activity
doi__10.1016_j.tet.2009.03.045	Pseudodesmin A and B possess bacteriostatic but not bactericidal properties against Gram-positive bacteria at concentrations up to 25 µg/ml.	direct_assay	MIC determination (broth microdilution)	Bactericidal endpoint (MBC) not measured; 25 µg/ml was the maximum test concentration so higher bactericidal concentrations cannot be excluded; no mechanistic basis for Gram-positive selectivity is determined.
doi__10.1016_j.tet.2009.03.045	Transmembrane pore formation has been proposed as the most likely biological mode of action for viscosin-group cyclic lipodepsipeptides, including pseudodesmin A and B by structural analogy.	inferred		No pore-formation assay was performed on pseudodesmins; inference rests entirely on structural similarity to other viscosin-group members for which pore formation has been proposed or demonstrated in separate studies.
doi__10.1016_j.tet.2009.03.045	WLIP, a viscosin-group member closely related to pseudodesmin A, inserts itself within model membranes.	indirect	model membrane insertion assay	Demonstrated for WLIP (Coraiola et al. 2006, ref 20), not for pseudodesmins; data are imported by analogy.
doi__10.1016_j.tet.2009.03.045	WLIP demonstrates pore-forming capability as shown by osmotic protectant experiments on erythrocytes.	indirect	erythrocyte osmotic protectant assay	Demonstrated for WLIP (Lo Cantore et al. 2006, ref 12), not for pseudodesmins; erythrocyte model may not reflect target bacterial membranes.
doi__10.1016_j.tet.2009.03.045	Viscosinamide, a related viscosin-group CLP, is believed to induce Ca2+-transporting pores in membranes as the basis for inhibiting fungal growth.	indirect	Ca2+ transport / pore induction assay (cited from Thrane et al. 1999, ref 13)	Applies to viscosinamide acting on fungi; pseudodesmins show no antifungal activity, limiting direct applicability to their antibacterial mechanism.
doi__10.1016_j.tet.2009.03.045	The antibiotic mechanism of CLPs is hypothesized to involve the formation of passive-transport ion channels in cellular membranes that destabilize microbial metabolism by disturbing cytoplasmic ion concentrations.	hypothesis		Explicitly stated as a hypothesis in the paper; no ion transport, electrophysiology, or whole-cell ion flux assay was performed on pseudodesmins.
doi__10.1016_j.tet.2009.03.045	The practical water-insolubility, hydrophobic side chains, and fatty acid chain of pseudodesmin A make insertion into the apolar lipid bilayer physically plausible as a first step in membrane disruption.	inferred		Physicochemical/structural inference only; no membrane partition coefficient, lipid-binding, or bilayer-insertion assay was performed.
doi__10.1016_j.tet.2009.03.045	The amphipathic structure of pseudodesmin A suggests a pore-formation model in which molecules assemble as reverse micelles inside the membrane—hydrophilic surfaces facing inward—creating an ion-conducting channel that can span the bilayer.	hypothesis		Structural model only; no experimental verification of micelle assembly, bilayer spanning, or ion conductance for pseudodesmins; the reverse-micelle principle is analogized from syringomycin (ref 21) with no direct data.
doi__10.1016_j.tet.2009.03.045	The conserved αL-helical conformation found in pseudodesmin A and across structurally characterized CLPs suggests this secondary-structure element plays an important role in the antimicrobial biological function of these peptides.	inferred		Inference based on structural conservation across multiple CLP crystal structures; no structure–activity relationship or mutagenesis data link the helix directly to antimicrobial activity.
doi__10.1016_j.tet.2009.03.045	The conserved amphipathic arrangement of hydrophobic and hydrophilic residues across viscosin-group CLPs and related compounds (amphisin, tensin) is proposed to be important for their antimicrobial function.	inferred		Based on sequence and structural conservation; no direct experimental evidence (e.g., side-chain substitution) connects amphipathicity to antimicrobial potency in pseudodesmins.
doi__10.1021_ja409082w	Magainin 2 and its analogues appear to act via disruption of bacterial membrane barrier function.	indirect		Paper acknowledges 'for many membrane-active antimicrobial peptides, the relevant mechanism is unclear'; this is a general family-level attribution, not demonstrated here for Ala8,13,18-magainin 2 specifically.
doi__10.1021_ja409082w	Ala8,13,18-magainin 2 belongs to the group of antimicrobial peptides that disrupt membranes by non-channel mechanisms.	inferred		Explicitly attributed by the authors as a classification ('specifically, we have determined the structure of...a polycationic host-defense peptide from the large group that appears to disrupt membranes by non-channel mechanisms'), but no mechanistic assay is performed in this paper to confirm it.
doi__10.1021_ja409082w	The crystal structure of Ala8,13,18-magainin 2 reveals an antiparallel homochiral dimer with a phenylalanine zipper interface, consistent with a dimerization mode previously proposed to play a role in antibacterial activity.	indirect		Crystal structure was obtained under non-physiological conditions (35% tert-butanol, racemic mixture); the paper explicitly states 'the conditions used to crystallize Ala8,13,18-magainin 2 are not representative of the membrane environment.' Consistency with NMR-based dimer models is structural, not functional.
doi__10.1021_ja409082w	The hydrophobic surface of the Ala8,13,18-magainin 2 homochiral dimer, comprising Phe and other residue side chains, may help anchor the dimer to a lipid bilayer.	hypothesis		Explicitly speculative ('this surface may help to anchor'); no membrane-binding or lipid interaction assay is performed.
doi__10.1021_ja409082w	Magainin 2 dimerizes upon binding to the surface of a lipid bilayer, contributing to antibacterial activity.	hypothesis		Attributed to Matsuzaki et al. (ref 28), not demonstrated in this paper; the authors note 'inconsistency among NMR studies leaves this hypothesis in question,' and prior NMR studies of magainin 2 and Ala8,13,18-magainin 2 in micelles did not reveal evidence of dimer formation.
doi__10.1021_ja409082w	The L- and D-enantiomers of Ala8,13,18-magainin 2 display identical antibacterial activities, suggesting the mechanism of action does not depend on chiral recognition of a specific receptor.	indirect	MIC determination (E. coli, B. subtilis, S. aureus MRSA, E. faecium VRE)	Enantioequipotency is consistent with a membrane-disruption mechanism but does not directly demonstrate it; the paper draws this conclusion by reference to prior literature on other host-defense peptides.
doi__10.1021_ja409082w	The heterochiral (L+D) packing mode observed in the racemate crystal is not relevant to the biological activity of Ala8,13,18-magainin 2.	indirect	MIC determination; hemolytic activity assay	Inference is based on equipotency of racemic mixture vs. pure enantiomers; absence of a difference in activity does not fully rule out transient heterochiral interactions in solution.
doi__10.1021_bi035400o	Alo-3 has no negatively charged residues and displays a cationic pole on its surface that may account for its antifungal activity against Candida species.	inferred		No direct mechanistic assay performed; inference is based solely on Poisson-Boltzmann electrostatic surface calculations and the correlation between net charge differences among Alo-1, -2, and -3 and their MIC values.
doi__10.1021_bi035400o	Being cationic (net charge +6), Alo-3 most probably acts directly with the negatively charged fungal membranes, as proposed for most antimicrobial peptides.	inferred		Purely electrostatic inference by analogy to other AMPs; no membrane interaction, permeabilization, or lipid-binding experiments were conducted for Alo-3.
doi__10.1021_bi035400o	The specific arrangement of cationic residues (Cys1, Lys3, His23, Lys24, Arg34, Arg35, Lys36) generating a large electropositive potential over a defined region of the molecule most probably plays a key role in antifungal activity.	inferred		Residue-level assignment of functional importance is based on structural analysis only; no mutagenesis or charge-neutralization experiments were performed to test individual contributions.
doi__10.1021_bi035400o	The balance between the electropositive face and the neutral (non-charged) region of Alo-3 appears to be an important feature for its antifungal activity, as supported by the correlation between the increased cationicity of Alo-3 versus Alo-1/Alo-2 and the improved MIC against C. glabrata.	indirect	growth inhibition MIC assay (activity readout only, not mechanistic)	Correlation between charge distribution and activity is drawn from only three closely related analogues differing at multiple positions simultaneously; causality cannot be established without mutational dissection.
doi__10.1021_bi035400o	Alo-3 likely acts by a mechanism different from that of amphiphilic CS-fold antifungal defensins, because its molecular surface is predominantly hydrophilic with only a small hydrophobic patch, in contrast to the marked amphiphilicity of CS-fold peptides.	hypothesis		Mechanistic difference is inferred entirely from comparison of hydrophobicity surface maps; no functional or biophysical assay comparing the two mechanism types was performed for Alo-3.
doi__10.1021_ja305644e	DFTamP1 caused bacterial surface damage and cell leakage (blebs) in MRSA USA300, as visualized by transmission electron microscopy.	direct_assay	transmission electron microscopy (membrane morphology/blebbing)	Single strain tested (USA300); TEM is a snapshot method and does not establish kinetics or primary vs. secondary damage
doi__10.1021_ja305644e	DFTamP1 permeabilized the MRSA USA300 membrane, enabling entry of a DNA-binding dye and producing steep fluorescence buildup within 30 minutes as measured by flow cytometry.	direct_assay	flow cytometry with DNA-binding dye (membrane permeabilization)	Dye entry reflects loss of membrane integrity but does not distinguish primary membrane disruption from downstream lysis; single strain
doi__10.1021_ja305644e	DFTamP1 acts on bacterial membranes, as indicated collectively by surface damage observed in TEM and membrane permeabilization detected by flow cytometry.	indirect	transmission electron microscopy, flow cytometry with DNA-binding dye	Neither assay resolves the precise molecular mechanism (e.g., pore formation vs. carpet/detergent model); no lipid-interaction or ion-flux assay performed
doi__10.1021_ja305644e	The broad hydrophobic surface of DFTamP1 allows it to penetrate deeper into bacterial membranes to exert its damaging effect, according to the authors' membrane perturbation potential model.	hypothesis		Explicitly framed as a model/proposal by the authors; no depth-of-insertion assay (e.g., EPR, neutron diffraction) was performed in this study
doi__10.1021_ja305644e	The leucine-rich hydrophobic surface of DFTamP1 is critical for membrane targeting and MRSA killing, as isoleucine and valine substitution analogs lost antimicrobial activity and were unable to kill MRSA even at 32-fold the MIC of DFTamP1.	indirect	MIC assay, bacterial killing kinetics (analog substitution experiments)	Loss of activity in analogs is attributed to reduced hydrophobicity and lower helix-forming propensity simultaneously; cannot isolate which factor is dominant; does not directly measure membrane binding
doi__10.1021_ja305644e	The equal potency of the all-D-amino acid form of temporin-PTa against MRSA, E. coli, and B. subtilis substantiates that its mechanism is membrane targeting rather than binding to a chiral protein receptor.	indirect	MIC assay (D-amino acid analog)	Retention of activity in D-form rules out chiral receptor binding but does not specify the exact membrane mechanism; temporin-PTa is a different peptide from DFTamP1
doi__10.1021_ja305644e	DFTamP1's low cationicity overcomes MRSA resistance because MRSA deploys positively charged moieties on its surface to repel classical cationic AMPs, and the minimized positive charge of DFTamP1 prevents this electrostatic repulsion.	inferred		The MRSA surface-charge resistance mechanism is cited from prior literature (ref 12), not directly demonstrated here; no direct measurement of peptide–surface interaction or surface charge modification was performed in this study
doi__10.1021_jacs.5b07206	Magainin 2 family peptides seem to act by disrupting bacterial membranes, among other mechanisms.	indirect		Attributed broadly to a 'large HDP subset'; no direct membrane disruption assay reported in this paper; cited to prior literature (refs 1-3).
doi__10.1021_jacs.5b07206	The extended hydrophobic surface projected by the phenylalanine zipper motif in the homochiral coiled-coil dimer is proposed to mediate association of the dimer with bacterial membranes.	hypothesis		Explicitly a proposal/hypothesis; supported only by crystal structure geometry showing exposed nonpolar surface, not by any membrane interaction assay.
doi__10.1021_jacs.5b07206	A coiled-coil-like homochirial dimerization mode, featuring the phenylalanine zipper, plays a functional role in the antibacterial activities of peptides in the magainin 2 family.	inferred		Inferred from convergent structural evidence (three crystal structures, five independent dimer structures); no direct functional assay linking dimerization to antibacterial activity is performed in this paper; NMR support for dimerization under micellar conditions comes from prior literature (refs 13a-e), not new experiments here.
doi__10.1021_jacs.5b07206	Helix dimerization via the phenylalanine zipper leaves considerable nonpolar surface area exposed for interaction with a bacterial membrane, contrary to a prior proposal that dimerization would prevent hydrophobic surface exposure.	inferred		Based solely on structural geometry of crystal structures; no direct assay of membrane association or surface burial performed.
doi__10.1021_ja210569f	SVS-1 kills cancer cells via a membrane-lytic mechanism rather than receptor-mediated binding, as the all-D-enantiomer (D-SVS-1) displays equivalent cytotoxicity against all four cancer cell lines tested.	direct_assay	D-enantiomer activity equivalence (MTT cytotoxicity assay)	D-enantiomer equivalence rules out chiral receptor binding but does not exclude all non-lytic mechanisms.
doi__10.1021_ja210569f	SVS-1 folds into an amphiphilic β-hairpin conformation specifically at negatively charged membrane surfaces, driven by electrostatic interactions between the cationic lysine residues and anionic lipid head groups.	direct_assay	circular dichroism spectroscopy with model POPC:POPS liposomes	CD performed with simplified model liposomes (POPC:POPS 1:1), not actual cancer cell membranes; actual membrane composition is more complex.
doi__10.1021_ja210569f	SVS-1 remains unfolded and inactive in aqueous solution and at neutral (zwitterionic POPC) membrane surfaces, requiring a negatively charged surface to adopt its bioactive conformation.	direct_assay	circular dichroism spectroscopy	CD in solution and at neutral vesicles shows random coil; activity against neutral-membrane cells not directly confirmed beyond hRBC and HUVEC data.
doi__10.1021_ja210569f	β-hairpin formation is necessary for SVS-1's membrane-disrupting activity, as the control peptide SVS-2 (identical sequence except L-Pro replacing D-Pro at position 10, preventing hairpin formation) is inactive against all cancer cell lines at concentrations up to 100 µM and induces less than 5% liposome leakage.	direct_assay	MTT cytotoxicity assay, Tb/DPA liposome leakage assay, circular dichroism spectroscopy	SVS-2 differs from SVS-1 by only one stereochemical change, but this change could affect properties beyond hairpin structure (e.g., aggregation state) that independently influence activity.
doi__10.1021_ja210569f	SVS-1 disrupts membrane integrity by inducing leakage from negatively charged (POPC:POPS 1:1) liposomes but not from neutral (POPC) liposomes, indicating that a negatively charged surface is required to trigger its membrane-disrupting action.	direct_assay	Tb/DPA fluorescence liposome leakage assay	Model lipid membranes are simplified surrogates for cancer cell membranes; actual cell outer leaflet composition differs.
doi__10.1021_ja210569f	SVS-1 and D-SVS-1 induce rapid, non-specific membrane disruption of negatively charged liposomes, reaching approximately 40% leakage at a 1:25 peptide:lipid ratio within minutes at 1 µM peptide concentration.	direct_assay	Tb/DPA fluorescence liposome leakage assay, D-enantiomer activity equivalence	Fast leakage kinetics and D-enantiomer equivalence are consistent with non-specific disruption but do not definitively exclude specific lipid-binding modes.
doi__10.1021_ja210569f	SVS-1 physically disrupts cancer cell (A549) membranes and causes leakage of cytoplasmic and intra-organelle contents, as directly visualized by transmission and scanning electron microscopy.	direct_assay	transmission electron microscopy, scanning electron microscopy	Imaging performed at IC90 concentration (8 µM) after 4 h endpoint; morphological data does not resolve the temporal sequence of molecular events leading to membrane disruption.
doi__10.1021_ja210569f	Membrane disruption is the primary mode of cell killing by SVS-1, as the concentration inducing 50% LDH release from A549 cells (~4 µM) closely matches the IC50 for cell death (4.9 ± 0.6 µM).	direct_assay	LDH release assay, MTT cell viability assay	LDH release is a secondary marker of membrane permeabilization and cannot distinguish initial membrane damage from secondary necrotic leakage following another primary lethal event.
doi__10.1021_ja210569f	The preferential cytotoxicity of SVS-1 toward cancer cells over normal cells (therapeutic index 10–17) is attributable to the aberrant electronegative lipid composition of cancer cell outer leaflets (phosphatidylserine exposure and sialylated mucins), which selectively triggers membrane-induced folding and disruption.	indirect		PS surface exposure and sialic acid levels on the tested cancer cell lines were not directly measured in this study; other cancer-specific membrane properties could also contribute to selectivity.
doi__10.1021_ja210569f	Once folded at the negatively charged membrane surface, the hydrophobic valine-rich face of the SVS-1 β-hairpin inserts into the lipid portion of the bilayer, destabilizing membrane structural integrity.	inferred		Bilayer insertion of the hydrophobic face was not directly measured; inferred from peptide design logic (unfavorable solvation of valine face by water) and supported indirectly by leakage and EM data.
doi__10.1021_np0503653	Efrapeptin G (3) is a mitochondrial ATPase inhibitor.	indirect		The paper attributes this mechanism to prior literature; no ATPase inhibition assay is conducted in this study. The compound was re-isolated here and confirmed structurally, but the MOA claim is inherited, not independently demonstrated.
doi__10.1021_np0503653	The C-terminal blocking group of the efrapeptins may play a role in their biological activity, possibly accounting for the differential cytotoxicity observed between efrapeptin G (3) and the RHMs (1 and 2) against murine cell lines.	hypothesis		Based solely on structural comparison and differential bioactivity data across compounds; no experiment directly tests the contribution of the C-terminal group. Cited as a suggestion from previous studies.
doi__10.1021_np0503653	The unusual amino acid composition of efrapeptin G (3) — including isovaline, aminoisobutyric acid, β-alanine, and pipecolic acid — may also contribute to its differential bioactivity relative to RHM1 (1) and RHM2 (2).	hypothesis		No experimental evidence is provided; inferred by structural comparison between compounds with differing potency. Causal relationship is speculative.
doi__10.1021_acs.langmuir.6b03477	Both cyclic and linear antimicrobial peptoids form large pores and deep craters in the S. aureus cellular envelope, indicating bactericidal activity through physical disruption of the cell surface.	direct_assay	scanning electron microscopy (SEM)	SEM imaging requires fixation and dehydration, which can introduce artifacts; no quantitative comparison of pore size or frequency between cyclic and linear forms was made; the imaging cannot distinguish between direct membrane rupture and downstream lysis.
doi__10.1021_acs.langmuir.6b03477	Peptoid-mediated cell death occurs by compromising membrane integrity (bactericidal rather than bacteriostatic mechanism).	indirect	scanning electron microscopy (SEM), minimum inhibitory concentration (MIC) assay	Bactericidal conclusion is inferred from SEM morphological damage co-observed with MIC results; cell viability was not directly measured (e.g., no CFU time-kill assay); SEM captures endpoint morphology, not the kinetics of killing.
doi__10.1021_acs.langmuir.6b03477	Cyclic peptoids intercalate into Langmuir monolayers of anionic lipids (DPPG and kdo2-lipid A) with greater efficacy than their linear analogues, as evidenced by larger relative increases in area per lipid molecule.	direct_assay	constant-pressure Langmuir insertion assay, X-ray reflectivity (XR)	Monolayers consist of saturated lipids only (gel phase), which may not reflect the fluid-phase dynamics of native bacterial membranes; single-leaflet model omits transmembrane asymmetry and bilayer coupling.
doi__10.1021_acs.langmuir.6b03477	Cyclic peptoids penetrate into the hydrocarbon chain (hydrophobic core) region of the DPPG monolayer, spanning the full depth of the monolayer, whereas linear peptoids do not significantly permeate this region.	direct_assay	X-ray reflectivity (electron density profiling)	Interpretation relies on slab-model fitting of electron density profiles, which is model-dependent; saturated-lipid gel-phase monolayer may not represent fluid bacterial membranes; penetration depth in a bilayer may differ.
doi__10.1021_acs.langmuir.6b03477	Linear peptoid L1 molecules accumulate preferentially on the outer surface of the lipid film rather than inserting into the monolayer interior, reflecting limited membrane penetration.	direct_assay	X-ray reflectivity (electron density profiling)	Excess electron density beneath the lipid monolayer is inferred from model fitting; L2 shows no electron density contribution to either internal region, yet the paper notes this pair shows a less pronounced cyclic-vs-linear difference, suggesting molecule-specific variability.
doi__10.1021_acs.langmuir.6b03477	Cyclic peptoids localize within the upper (outer-leaflet) slab of the kdo2-lipid A monolayer, a model of the Gram-negative outer membrane, while linear peptoids remain restricted to the lower (inner) region.	direct_assay	X-ray reflectivity (electron density profiling)	kdo2-lipid A is a truncated LPS mimic lacking the full polysaccharide chain; model is a monolayer, not a bilayer; peptoid behavior in the inner leaflet or across the full outer membrane cannot be inferred.
doi__10.1021_acs.langmuir.6b03477	Cyclic peptoids destroy the lateral order of DPPG monolayers (abolish liquid-ordered phase domains) faster than their linear counterparts, indicating more rapid membrane fluidization.	direct_assay	epifluorescence microscopy (EFM)	EFM resolution is ~1 µm and cannot detect sub-micrometer structural changes; the authors note that the mechanisms of cyclic versus linear peptoids are indistinguishable at the micrometer scale; observation is confined to a model monolayer.
doi__10.1021_acs.langmuir.6b03477	Both cyclic and linear peptoids fluidize the bacterial membrane by obliterating liquid-ordered lipid domains, though the two forms are mechanistically indistinguishable at the micrometer scale.	inferred	epifluorescence microscopy (EFM)	Fluidization is inferred from disappearance of ordered-phase domains in a model monolayer; native bacterial membranes contain proteins, sterols, and lipid heterogeneity absent in the model; authors explicitly state the mechanisms cannot be distinguished at this resolution.
doi__10.1021_acs.langmuir.6b03477	Cyclization halves the rotational degrees of freedom of the peptoid backbone, reducing the entropic penalty (by ~4 kcal/mol) for membrane insertion and thereby improving membrane-penetrating activity.	hypothesis		Entropy reduction is estimated from literature parameters derived for α-helical peptides (not peptoids) and scaled by the number of monomers; no calorimetric or thermodynamic measurement of insertion free energy was performed on these specific compounds; the calculation assumes similar conformational behavior between peptoid hexamers and helical peptides.
doi__10.1021_acs.langmuir.6b03477	Cyclization increases the overall membrane activity of antimicrobial peptoids, potentially leading to superior membrane-disruptive behavior compared to linear analogues.	inferred	MIC assay, constant-pressure Langmuir insertion assay, X-ray reflectivity, epifluorescence microscopy, scanning electron microscopy	Mechanistic superiority is inferred from the convergence of model-membrane and biological activity data; direct demonstration of deeper in-cell membrane disruption (e.g., inner-membrane permeabilization assays, liposome leakage) was not performed; activity was tested only against S. aureus (Gram-positive) and Gram-negative coverage was only MIC-level without mechanistic follow-up.
doi__10.1021_jacs.6b11861	Syn-BNP 1 does not induce membrane depolarization in E. faecium or A. baumannii, as measured by DiBAC4 fluorescence, ruling out membrane depolarization as its mechanism of action.	direct_assay	membrane depolarization (DiBAC4 fluorescence assay)	Negative result only; tests one membrane parameter (electrochemical gradient); does not identify the actual target; deoxycholate and polymyxin used as positive controls confirm assay sensitivity but cannot exclude other membrane effects
doi__10.1021_jacs.6b11861	Syn-BNP 1 likely acts through a mechanism analogous to lipid II binding, inferred from its structural similarity to tridecaptin (which kills via lipid II binding), the absence of membrane depolarization, and the inability to raise resistance—a pattern characteristic of lipid II-targeting antibiotics such as teixobactin and vancomycin.	inferred		Lipid II binding not directly tested for syn-BNP 1; structural similarity to tridecaptin is partial (5 of 13 shared residues); spectral activity differs from tridecaptin A1 (Gram-positive vs. Gram-negative), weakening the analogy; failure to raise resistance is consistent with but does not prove lipid II binding
doi__10.1021_jacs.6b11861	Syn-BNP 2 does not function by disruption of ergosterol biology or cell wall integrity, as MIC values were unchanged in the presence of exogenous ergosterol or sorbitol.	indirect	ergosterol rescue (MIC shift), sorbitol osmotic protection (MIC shift)	MIC shift assays are indirect proxies that rule out two common antifungal mechanisms but cannot exclude all ergosterol- or cell wall-related targets; actual molecular target explicitly stated as undetermined
doi__10.1021_bi052629q	The antimicrobial activity of tachyplesin I is believed to originate from the peptide's ability to permeabilize bacterial cell membranes.	hypothesis		Stated as a prior-literature belief for TP-I, not directly tested in this paper; cited from references 3 and 5.
doi__10.1021_bi052629q	CDT disrupts the E. coli outer membrane in a dose-dependent manner at sub-micromolar concentrations.	direct_assay	outer membrane permeabilization (ANS fluorescence enhancement and blue shift with intact E. coli cells)	ANS partitioning reports hydrophobic exposure but does not directly measure ion conductance or integrity loss; single bacterial strain (BL21/DE3) tested.
doi__10.1021_bi052629q	CDT permeabilizes model membranes mimicking bacterial inner membranes (7:3 POPC:POPG) in a dose- and time-dependent manner.	direct_assay	dye leakage (carboxyfluorescein release from SUVs)	Model membrane only; does not confirm identical mechanism in live bacterial inner membranes.
doi__10.1021_bi052629q	CDT does not permeabilize erythrocyte membranes and lacks hemolytic activity up to 200 μg/mL.	direct_assay	hemolysis assay (hemoglobin release from sheep erythrocytes, absorbance at 414 nm)	Sheep erythrocytes used as proxy for human red blood cells; single time point (1 h, 37°C).
doi__10.1021_bi052629q	CDT selectively binds and inserts into negatively charged (anionic) membranes but only adheres superficially to zwitterionic/cholesterol-containing membranes.	direct_assay	tryptophan intrinsic fluorescence binding assay (emission maximum shift and intensity change with SUVs of varying lipid composition)	Partition coefficient could not be determined for POPC:cholesterol due to minimal spectral change; SUVs may not fully recapitulate curved bacterial membrane geometry.
doi__10.1021_bi052629q	CDT binding to lipid membranes is an enthalpy-driven process, with highest binding enthalpy for LPS-containing vesicles (−43.7 kJ/mol) and lowest for cholesterol-containing vesicles (−10.4 kJ/mol).	direct_assay	isothermal titration calorimetry (ITC; peptide-into-lipid titration)	Entropic contributions not decomposed; LPS molecular weight (~20 kDa for P. aeruginosa H458) carries uncertainty in lipid:LPS molar ratio calculation.
doi__10.1021_bi052629q	CDT exists as a largely unordered structure in aqueous buffer and adopts a more ordered β-structure upon binding to negatively charged membranes (e.g., POPC:LPS).	direct_assay	circular dichroism (CD) spectroscopy	CD spectra in POPC:POPG and POPE:POPG could not be recorded due to peptide-induced turbidity; β-structure vs. extended-strand assignment is approximate from CD alone.
doi__10.1021_bi052629q	CDT binding to negatively charged bilayers induces a conformational change in lipid head groups, moving the phosphate head group away from the bilayer surface toward the aqueous phase.	direct_assay	31P solid-state NMR (oriented bilayers and MLVs: CSA span increase, MAS isotropic chemical shift upfield shift in POPC:POPG bilayers)	Aligned sample preparation used no bulk water, which may influence results; head group movement direction inferred from chemical shift conventions rather than direct structural measurement.
doi__10.1021_bi052629q	A barrel-stave mechanism of membrane disruption by CDT is unlikely because the peptide is located near the lipid head group region rather than inserting across the hydrophobic core.	inferred		Inference drawn from 31P NMR head group perturbation data and DSC low-enthalpy values; no direct measurement of peptide transmembrane orientation (e.g., 2H or 15N NMR) was performed.
doi__10.1021_bi052629q	CDT does not function by fragmenting lipid bilayers into micelles/SUVs or by promoting non-lamellar (cubic or hexagonal) phase structures.	direct_assay	31P solid-state NMR (lamellar powder pattern lineshape preserved up to 10 mol% CDT in MLVs)	Only lipid compositions tested were POPC and POPC:POPG; absence of hexagonal/cubic signatures is a negative result dependent on NMR sensitivity.
doi__10.1021_bi052629q	The presence of cholesterol inhibits CDT binding to and disruption of lipid bilayers.	direct_assay	31P solid-state NMR (reduction of CDT-induced disordering upon addition of 20 mol% cholesterol to POPC:POPG bilayers), tryptophan fluorescence (minimal spectral change with POPC:cholesterol SUVs)	Mechanism of cholesterol-mediated inhibition (e.g., condensation effect, altered membrane fluidity, charge shielding) is not experimentally resolved.
doi__10.1021_bi052629q	CDT does not insert deeply into the hydrophobic core of anionic DMPC:DMPG membranes and is likely located at the membrane–water interface.	indirect		Concluded from low DSC transition enthalpy values compared to expected values for transmembrane-oriented peptides; no direct depth-of-insertion probe (e.g., fluorescence quenching with brominated lipids) was used.
doi__10.1021_bi052629q	The loss of hemolytic activity of CDT relative to TP-I is due to reduced hydrophobicity and amphipathicity resulting from deletion of the four cysteine residues.	inferred		Mechanistic attribution is by structural reasoning (cysteine deletion reduces amphipathic β-hairpin structure); direct measurement of membrane hydrophobic insertion depth in erythrocyte membranes was not performed.
doi__10.1021_bi052629q	Cysteine residues in tachyplesin I do not contribute to its antimicrobial activity, as CDT (with all four cysteines deleted) retains comparable antimicrobial potency against tested Gram-positive and Gram-negative bacteria.	indirect		Conclusion drawn from comparative MIC data (CDT vs. TP-I); the structural basis is inferred—CDT is a deletion analog, so side-chain identity and backbone conformation effects are conflated.
doi__10.1021_np070393g	Cyclotides are believed to act through membrane interactions, a view used to justify hemolytic assays as a proxy marker for biological activity.	inferred		This is stated as a prior belief (citing Kamimori et al. 2005), not demonstrated by a membrane mechanistic assay in this paper; hemolytic activity is used as a surrogate, not a direct membrane-disruption measurement.
doi__10.1021_np070393g	The anti-HIV activity of cyclotides from V. yedoensis positively correlates with their hydrophobicity and tracks with their ability to disrupt membranes as judged by hemolytic assays on human erythrocytes.	indirect	membrane permeabilization (hemolytic assay on human erythrocytes), XTT-based anti-HIV cell-protection assay	Correlation between hemolysis and anti-HIV activity does not establish a shared causal mechanism; erythrocyte lysis may not recapitulate the relevant membrane in HIV-infected cells; only five cyclotides tested.
doi__10.1021_np070393g	The mode of action of cyclotides involves membrane interactions, as reinforced by the correlation between hydrophobic surface area and both hemolytic and anti-HIV activities observed in this study.	indirect	membrane permeabilization (hemolytic assay on human erythrocytes)	No direct mechanistic membrane assay (e.g., lipid-bilayer disruption, membrane leakage) was performed; surface hydrophobicity was calculated from homology models rather than experimentally determined structures; RP-HPLC retention time used as an experimental hydrophobicity proxy.
doi__10.1021_np070393g	Surface presentation of hydrophobic residues on the cyclotide scaffold, rather than total hydrophobic amino acid composition, is the structural determinant of membrane-disrupting and anti-HIV activity.	inferred	membrane permeabilization (hemolytic assay), XTT-based anti-HIV assay	Structural models used for surface area calculation are homology models (not NMR/X-ray structures for most peptides); hydrophobic surface area was a computed value; the inference relies on correlation, not experimental mutagenesis or direct membrane binding data.
doi__10.1021_jm100143f	Gramicidin S kills bacterial cells through destabilization and permeabilization of their cytoplasmic membranes.	indirect		Authors note the mechanism is 'not completely understood' and cite this as 'generally accepted'; no direct permeabilization assay performed in this paper.
doi__10.1021_jm100143f	Cationic antimicrobial peptides kill bacteria via disruption of the pathogen's cytoplasmic membrane, a mechanism that makes induction of resistance rather unlikely.	hypothesis		Stated as a general class property cited from literature; no direct assay in this paper; resistance-avoidance claim is mechanistically inferred, not tested.
doi__10.1021_jm100143f	An aromatic group at the i+1 position of the GS β-turn is required for full bactericidal potency, as replacement by non-aromatic residues (Gly, D-Ala, D-cyclohexylalanine) yields less active or inactive analogs.	indirect		Activity loss is measured by MIC50; mechanism linking aromatic side chain to membrane disruption is not directly demonstrated; prior-literature data cited, not generated in this paper.
doi__10.1021_jm100143f	The Ac3c analog (8), lacking an aromatic moiety at the β-turn, is practically devoid of antibiotic activity, supporting the essential role of aromaticity at this position for GS bactericidal function.	indirect		Activity assessed by MIC50 only; loss of activity could reflect conformational rather than direct mechanistic requirement for aromaticity.
doi__10.1021_jm100143f	Hydrophobicity above a minimal threshold is required for a peptide to partition into the bacterial or mammalian membrane, and correlates with AMP activity against Gram-positive bacteria and erythrocytes.	indirect		Inferred from RP-HPLC retention times as hydrophobicity proxy correlated with MIC50/HC50; not all analogs follow the trend; no direct membrane partitioning assay performed.
doi__10.1021_jm100143f	Against Gram-negative bacteria, AMPs must traverse the outer membrane before disrupting the plasma membrane, and excessive hydrophobicity can cause AMP sequestration within the outer membrane, preventing access to the plasma membrane target.	hypothesis		Mechanistic model cited from literature; not directly tested in this paper; proposed to explain differential Gram-negative activity.
doi__10.1021_jm100143f	GS traverses the outer membrane of Gram-negative bacteria through diffuse binding to LPS and hydrophobic-interaction-driven passage (self-uptake), rather than the high-affinity LPS binding and outer membrane disruption used by most membrane-active AMPs.	hypothesis		Explicitly attributed to a prior proposal ('it has been proposed'); not directly tested here; the paper's own data on colistin-resistant A. baumannii strains (with modified LPS) partially challenge this model for the current analog series.
doi__10.1021_jm100143f	The bulkiness and rigidity of cyclopropane-containing analogs (6–12) likely impair AMP transit through the Gram-negative outer membrane, preventing them from reaching and disrupting the plasma membrane, regardless of intrinsic membrane-disruption potential.	inferred		Inferred from failure of cyclopropane analogs specifically against Gram-negatives in MIC50 assays; no direct outer-membrane permeability or plasma-membrane assay performed.
doi__10.1021_jm100143f	Cationic character (Orn residues), amphipathic character, β-sheet structure, ring size, and global hydrophobicity are key factors governing GS bioactivity against bacterial membranes.	indirect		Cited as established from prior SAR literature; this paper adds structural data (NMR) and MIC50/HC50 correlations but does not mechanistically deconvolve each factor.
doi__10.1021_jm100143f	For GS analogs active against Gram-negatives, a balanced combination of hydrophobicity, amphipathicity, molecular flexibility, and cationic character is required for productive interaction with outer membrane LPS and subsequent plasma membrane disruption.	inferred		Inferred from structure–activity patterns across the analog series; no direct LPS-binding, outer-membrane permeability, or inner-membrane disruption assays performed.
doi__10.1021_ja8093247	The lethal step for bacteria in vivo is membrane permeabilization, occurring within seconds to minutes of peptide addition and rendering cells incapable of recovery.	direct_assay	membrane permeabilization (SYTOX Green dye influx), time-course minimum sterilizing concentration assay	SYTOX Green measures bulk population permeabilization; killing onset inferred from MSC time-course experiments rather than direct single-cell observation
doi__10.1021_ja8093247	These peptides cause rapid cytoplasmic membrane depolarization in E. coli within less than one minute, followed by more extensive membrane disruption (SYTOX Green influx) over 10–40 minutes, suggesting a sequential two-step mechanism beginning with small-ion permeability and progressing to gross membrane disruption.	inferred	membrane depolarization (diSC3(5) fluorescent dye), membrane permeabilization (SYTOX Green dye influx)	Sequential causation inferred from timing difference between two independent assays; direct mechanistic linkage between depolarization and subsequent gross permeabilization not established
doi__10.1021_ja8093247	Peptide-induced membrane disruption is independent of the metabolic state of bacterial cells, as membrane permeabilization is equivalent in metabolically dormant cells (PBS), metabolically active cells (LTM), and cells with fully dissipated membrane potential (valinomycin-treated).	direct_assay	membrane permeabilization (SYTOX Green dye influx) under three metabolic conditions	Tested only in E. coli; valinomycin also depletes ATP in addition to dissipating membrane potential, so contributions of each cannot be fully separated
doi__10.1021_ja8093247	These peptides permeabilize bacterial membranes independently of the transmembrane electrochemical potential, contradicting the hypothesis that a negative-inside membrane potential is a key driver of AMP selectivity and activity.	direct_assay	membrane permeabilization (SYTOX Green) in valinomycin-depolarized E. coli cells	Only tested in E. coli; does not rule out a contributory role of membrane potential in other organisms or at sub-MSC peptide concentrations
doi__10.1021_ja8093247	The antifungal mechanism against Cryptococcus neoformans is different from the antibacterial mechanism, as fungal membrane permeabilization is substantially slower and often incomplete compared to bacteria, and full sterilization requires more than one hour.	inferred	membrane permeabilization (SYTOX Green at 40 min endpoint), time-course minimum sterilizing concentration assay	Mechanistic basis for slower kinetics not determined; the difference could reflect cell-wall barrier effects, membrane lipid composition differences, or a genuinely distinct mode of action; explicitly noted as under further study
doi__10.1021_ja8093247	Secondary structure is not required for antimicrobial activity, as single D-leucine substitutions that eliminate or substantially reduce β-sheet secondary structure still retain potent activity against at least some microorganisms.	indirect	circular dichroism spectroscopy (secondary structure), minimum sterilizing concentration assay, SYTOX Green membrane permeabilization	D-amino acid substitution also alters backbone dynamics, membrane-binding geometry, and protease susceptibility in addition to secondary structure; activity retention was organism-dependent and unpredictable, complicating a clean mechanistic interpretation
doi__10.1021_ja8093247	Broad-spectrum antimicrobial activity is a specific property dependent on interfacial activity rather than secondary structure, because single D-amino acid substitutions always abolish broad-spectrum activity even when species-specific activity is partially retained.	inferred	minimum sterilizing concentration assay with D-amino acid substituted analogs across four microbial species	Interfacial activity is invoked as an explanation but not directly measured in living cells in this paper; the inference rests on convergent patterns across the D-amino acid dataset
doi__10.1021_ja8093247	AMPs permeabilize membranes by partitioning into the membrane-water interface and disturbing lipid packing and organization ('interfacial activity'), rather than by forming specific, stable, water-filled transmembrane pores.	hypothesis		Hypothesis is supported by convergent indirect evidence (structure-independence of activity, D-amino acid substitution results, in vitro vesicle leakage data from prior work) but not directly proven by structural or single-molecule measurements in this paper; alternative pore models are not fully excluded
doi__10.1021_ja8093247	The minimum mechanistic elements of interfacial activity are: membrane binding (driven by electrostatic or hydrophobic forces), penetration into the bilayer interfacial region (driven only by hydrophobic interactions), and disruption of lipid packing sufficient to break down the permeability barrier.	hypothesis		Mechanistic model synthesized from biophysical principles and prior literature; individual elements not directly tested in this paper; amphipathic imperfection as a driver of disruption is speculative
doi__10.1021_ja8093247	The selected peptides have little or no permeabilizing effect on mammalian cell plasma membranes at concentrations that are bactericidal, consistent with selective targeting of microbial over mammalian membranes.	direct_assay	membrane permeabilization (SYTOX Green dye influx in HEK293T and NIH3T3 cells), hemolysis assay, MTT cytotoxicity assay	Only two mammalian cell lines and erythrocytes tested; some hemolytic activity was observed at 15 μM (above MSC) for human erythrocytes, indicating selectivity is concentration-dependent rather than absolute
doi__10.1021_ja8093247	AMPs carry an intrinsically low probability of resistance because microbial resistance would require reconfiguring the entire plasma membrane, imposing a prohibitively high fitness cost.	hypothesis		No resistance-selection experiments were performed in this study; the argument is based on general reasoning and cited prior literature; partial AMP resistance has been documented elsewhere
doi__10.1021_acsmedchemlett.1c00683	The active DKPs (1–4) act through a bactericidal (cidal, not static) mechanism, with MBC values equivalent or within one twofold dilution of the MIC.	direct_assay	minimum bactericidal concentration (MBC) assay	MBC data reported only in supplementary table; individual strain breakdown not provided in main text.
doi__10.1021_acsmedchemlett.1c00683	Potent antimicrobial DKPs 1 and 3 act as membrane disrupters, as demonstrated in an E. coli membrane integrity assay.	direct_assay	E. coli membrane integrity assay	Only DKPs 1, 3, and inactive control 5 were tested; full data in supplementary figures only; single organism tested.
doi__10.1021_acsmedchemlett.1c00683	DKPs 1 and 2 initiate membrane interaction through hydrogen bonding and salt bridge formation between their positively charged guanidine moieties and the negatively charged phosphate groups of the phospholipid head layer.	indirect		Evidence from in silico MD simulation using a model POPE bilayer; not confirmed by direct biophysical experiment (e.g., solid-state NMR, SPR, or fluorescence).
doi__10.1021_acsmedchemlett.1c00683	After initial surface binding, the arginine side chains of DKPs 1 and 2 insert into the hydrophilic head region of the membrane, followed by the biphenyl hydrophobic groups shifting into the hydrophobic membrane core.	indirect		Based solely on MD simulation; insertion depth and orientation not experimentally verified.
doi__10.1021_acsmedchemlett.1c00683	A cation–π interaction between the biphenyl group of DKPs 1 and 2 and a positively charged free amine on the membrane surface facilitates compound rotation and deeper insertion into the membrane head layer.	indirect		Observed only in MD simulation; not experimentally confirmed.
doi__10.1021_acsmedchemlett.1c00683	Trans-diastereomer DKP 3 is considerably slower to form hydrogen bonding and salt bridge interactions with the membrane surface compared to cis enantiomers 1 and 2, spending much of the simulation in solvent space, which correlates with its reduced Gram-negative activity.	indirect		Mechanistic explanation based on MD simulation; causality between slower membrane binding kinetics and reduced MIC not directly proven.
doi__10.1021_acsmedchemlett.1c00683	In trans-diastereomer DKP 3, the arginine side chains adopt a conformation in close proximity to the hydrophobic biphenyl groups (shielding effect), concealing the hydrophobic element from the aqueous environment and reducing amphiphilicity, which the authors correlate with reduced membrane interaction and antibacterial activity.	inferred		Structural basis is 1H NMR upfield shifts (0.2–0.3 ppm for H-4/H-5) and 2D ROESY cross-peaks; the link from shielding to reduced membrane activity is an inference without a direct causal experiment.
doi__10.1021_acsmedchemlett.1c00683	Stable amphiphilic solution structure is a key determinant of antimicrobial activity for these DKPs; stereoisomers forming well-defined amphiphilic conformations show superior membrane interaction potential and bioactivity.	inferred		Inferred from correlation of RP-HPLC retention factors, NMR-derived conformations, MD membrane simulations, and MIC data; no direct perturbation experiment isolates amphiphilicity as the sole causal variable.
doi__10.1021_acsmedchemlett.1c00683	The predominant mode of action of cationic antimicrobial peptides (cAMPs), including these synthetic DKP mimics, is at the plasma membrane, and this membrane-targeting mechanism underlies their low propensity to generate antimicrobial resistance.	inferred		General mechanistic framework cited from literature (not demonstrated de novo for these DKPs); supported for these compounds only by the membrane integrity assay and MD simulations; resistance mechanism link is entirely literature-cited.
doi__10.1021_jm800886n	GS mechanism of action begins with a peptide-membrane interaction that leads to disruption of the lipid bilayer and concomitant enhancement of its permeability, eventually resulting in cell death.	indirect		Attributed to prior literature (ref 10); paper itself states 'no unified opinion on the nature of such process exists' (ref 51); only MIC50 and HC50 assays were performed here, neither directly measuring membrane permeabilization.
doi__10.1021_jm800886n	GS amphiphilic structure — hydrophobic face (Val, Leu side chains) opposite the cationic face (Orn side chains) — is thought to be essential for interaction with lipid bilayers and hence for both antimicrobial and hemolytic activity.	hypothesis		Stated as 'thought to be essential'; supported by SAR correlations across the analogue series but no direct biophysical membrane-binding assay was performed in this paper.
doi__10.1021_jm800886n	Cationic charge, amphipathic character, and β-sheet structure are believed to be essential for GS interaction with lipid bilayers with some degree of specificity for bacterial over mammalian membranes.	inferred		Inferred from prior SAR studies (refs 10, 23, 24, 26); not directly tested in this paper.
doi__10.1021_jm800886n	High global hydrophobicity promotes higher partition of the peptide into biological membranes regardless of their zwitterionic or anionic character, and is closely related to hemolytic activity.	inferred	hemolysis (HC50), RP-HPLC retention time as hydrophobicity surrogate	Based on correlation between HPLC retention time and HC50 across the series; analogue 6 (d-Tic) is an explicit exception — it has higher HPLC retention than GS yet drastically lower hemolysis, undermining a simple hydrophobicity-drives-hemolysis rule.
doi__10.1021_jm800886n	For Gram-negative bacteria, GS must first disrupt the outer membrane (by interacting with its major component LPS) before it can deliver the lethal hit to the inner membrane; excess hydrophobicity may sequester the peptide in the outer membrane and prevent it from reaching the inner membrane target.	inferred	MIC50 assay against A. baumannii (sensitive and polymyxin-E-resistant strains)	Mechanistic two-membrane model inferred from differential activity data (Gram-positive vs. Gram-negative MIC50 values); no direct LPS-binding, outer-membrane disruption, or inner-membrane permeabilization assay was performed.
doi__10.1021_jm800886n	When membrane-bound, GS lies flat relative to the bilayer plane near the polar/apolar interface so that the Orn δ-NH3+ groups can interact with phospholipid polar head groups.	inferred		Cited from prior NMR and MD studies on the membrane-bound conformation of GS (refs 43, 55, 56); not directly measured in this paper.
doi__10.1021_jm800886n	The severe conformational rigidity of the d-Tic side chain in analogue 6 makes insertion of the aromatic group into lipid bilayers more difficult than the flexible d-Phe of GS, which may account for the near-absence of hemolytic activity in analogue 6.	hypothesis		Hypothesis inferred from NMR-derived structural data (single conformer observed) and HC50 > 50 µM; no direct membrane-insertion or lipid-binding assay was performed.
doi__10.1021_jm800886n	In analogue 6, a cation-π interaction positions the Orn δ-NH3+ group close to the d-Tic aromatic ring; upon membrane insertion this interaction must be broken, and the resulting thermodynamic penalty is greater for zwitterionic eukaryotic membranes than for anionic prokaryotic membranes, explaining why hemolytic activity is lost more than bactericidal activity.	hypothesis		Hypothesis inferred from NOE data showing Orn–d-Tic proximity and from the membrane-bound GS structural model in cited literature; no direct biophysical assay (e.g., membrane partitioning, ITC, fluorescence) was performed to quantify the thermodynamic penalty.
doi__10.1021_jm800886n	Bacterial resistance to GS is less likely to develop than for classical antibiotics because resistance would require major changes in membrane phospholipid composition that would also compromise membrane-based enzymatic and transport systems.	hypothesis		Stated as a general mechanistic argument with no experimental resistance-development data provided in this paper.
doi__10.1023_a_1024995105208	Peptide P6 causes significant morphological alterations of bacterial surfaces at 3.1 μM, as shown by scanning electron microscopy.	direct_assay	scanning electron microscopy (bacterial surface morphology)	SEM shows surface disruption but does not establish the molecular mechanism (e.g., membrane lysis vs. other surface damage); single concentration tested.
doi__10.1023_a_1024995105208	The parent hybrid peptide CA-MA (cecropin A(1–8)-magainin 2(1–12), P5) and its analogues act by releasing aqueous contents from phospholipid vesicles, implying membrane-disruption as the mechanism.	indirect		This evidence is cited from a prior publication (Kang et al. 1998) about the parent scaffold, not from experiments performed in this paper; applicability to P6 is inferred, not demonstrated.
doi__10.1023_a_1024995105208	P6 exerts antimicrobial activity through membrane disruption, consistent with the mechanism of its Leu-Lys-rich analogue lineage (cecropin A–magainin 2 hybrids).	inferred		No direct membrane-permeabilization assay is reported for P6 in this paper; inference is based on structural analogy to the parent peptide class and the SEM morphological data alone.
doi__10.1021_ol5026603	Ecumicin has a different molecular target from rifampin, streptomycin, and cycloserine, as inferred from its equal potency against Mtb H37Rv-isogenic strains that are monoresistant to each of these drugs.	indirect		Cross-resistance profiling rules out shared targets with the three tested drugs but does not identify the actual target; only single-drug-resistant isogenic strains were tested, not clinical MDR/XDR isolates.
doi__10.1021_ol5026603	The ClpC1 ATPase complex was identified as the putative molecular target of ecumicin by genome mining of lab-generated spontaneous ecumicin-resistant Mtb mutants, and this was confirmed by a drug affinity response test (DART).	direct_assay	genome mining of spontaneous resistant mutants, drug affinity response test (DART)	Full experimental details are deferred to a companion publication (Gao et al., Antimicrob Agents Chemother 2014, ref 2) and are not provided in this paper; the target is described as 'putative,' indicating confirmation was preliminary at the time of this report.
doi__10.1038_ja.2017.34	Pargamicin A exerted rapid bactericidal activity against staphylococci and enterococci via a mechanism that involved disruption of the membrane integrity of the target cells.	indirect		Mechanistic data cited to prior publications (refs 9, 10), not presented in this paper; specific assay details not described here.
doi__10.1038_ja.2017.34	The mode of action of pargamicin A is distinct from that of daptomycin.	indirect		Basis for this distinction is cited to prior work (refs 9, 10) and not elaborated in this paper.
doi__10.1038_ja.2017.34	The presence of polar groups in the northern region of the Pip moiety might be disadvantageous to the interaction with the staphylococcal membrane, as inferred from the four- to eightfold weaker activity of PRG-C and PRG-D against staphylococci compared with enterococci.	inferred		Inference drawn solely from differential MIC data; no direct membrane-interaction assay performed.
doi__10.1038_ja.2017.34	The side chain of the isoleucine residue and the northern Pip structures might have an important role in interaction with the bacterial membrane and localization of pargamicins on the bacterial surface.	hypothesis		Speculative; based on structure–activity relationship comparisons of MIC values only, with no direct membrane or localization experiments in this paper.
doi__10.1021_np500907t	Ocellatin-PT7 causes dramatic structural perturbation of E. coli cell envelopes, including reduction in pili and what appears to be cytoplasmic content release, as observed by atomic force microscopy at the MIC.	indirect	cell morphology by AFM	AFM performed in air (not aqueous), no biochemical confirmation of cytoplasmic content release; cytoplasm leakage is inferred from morphology only
doi__10.1021_np500907t	Disturbance of the outer membrane by ocellatin-PT7 may permit access of the peptide to the interstitial space and interaction with the inner membrane, causing leakage of the cytosol and eventual lysis and cell death.	inferred	cell morphology by AFM	Mechanism is inferred from AFM morphological changes; no direct inner-membrane permeabilization assay (e.g., fluorescent dye leakage) performed
doi__10.1021_np500907t	According to the Shai-Matsuzaki-Huang (SMH) model applied to ocellatins-PT, a positive net charge is required for the peptides to interact with bacterial membranes.	inferred		Model applied from the literature; no direct binding or electrophysiology assay performed on these peptides to confirm SMH mechanism
doi__10.1021_np500907t	Negatively charged lipopolysaccharide (LPS) molecules in the outer membrane of Gram-negative bacteria favor the initial electrostatic interaction of the cationic ocellatins with these organisms, explaining their preference for Gram-negative over Gram-positive strains.	inferred		Inferred from known LPS biochemistry and MIC data; no LPS-binding or neutralization assay performed
doi__10.1021_np500907t	The presence of negatively charged residues (Asp8, Asp12, or Glu19) in the polar sector of the amphipathic helix of ocellatins-PT1, -PT2, -PT3, -PT5, and -PT6 reduces their ability to interact with bacterial membranes, accounting for their lower antimicrobial activity relative to ocellatins-PT4, -PT7, and -PT8.	inferred		Inferred from correlation between predicted pI/helix-wheel analysis and MIC values; no direct membrane interaction assay performed
doi__10.1021_np500907t	Peptides with Phe3 and Gly8 (ocellatins-PT4, -PT6, -PT7, -PT8) favor α-helix formation at the N-terminal region, which is associated with slightly lower MICs against E. coli compared to peptides with Ile3 or Asp8.	inferred		Based on computational 3D structural predictions (PEP-FOLD), not experimental structure determination (e.g., NMR or CD); relationship to activity is correlational
doi__10.1021_np500907t	The conserved hydrophobic domains of ocellatins-PT may represent aggregation motifs rather than membrane-spanning sequences, suggesting the peptides act via multiple binding partners as part of a larger complex rather than by directly traversing the membrane.	hypothesis		Purely speculative inference from helix-wheel projections; no aggregation, co-immunoprecipitation, or native-PAGE assays performed
doi__10.1021_np500907t	The cationic surface charge of ocellatins-PT (isoelectric points >8; protonated at physiological pH) contributes to selective activity toward bacterial cells over eukaryotic cells, because bacterial cell surfaces carry a more negative charge than mammalian cell membranes.	inferred		Selectivity is demonstrated by hemolysis and fibroblast proliferation assays, but the electrostatic selectivity mechanism is inferred from pI calculations, not from direct zeta-potential or lipid-bilayer binding experiments
doi__10.1021_np500907t	In vivo, ocellatins may act synergistically with other peptides or secreted molecules present in frog skin, which could account for their low individual antimicrobial potency in vitro.	hypothesis		No synergy assays performed; purely speculative, offered as an alternative explanation for low potency
doi__10.1021_np500907t	Ocellatins-PT could act as enhancers of membrane permeability, allowing antibiotics easier access to intracellular targets when used in combination therapy.	hypothesis		Not tested in this study; supported only by citation of analogous work with a synthetic insect defensin-derived peptide
doi__10.1038_ja.2011.10	Crotamine kills bacteria through membrane permeabilization.	direct_assay	membrane permeabilization, time-kill	Demonstrated only against E. coli strains; mechanism not probed beyond membrane integrity readout
doi__10.1038_ja.2011.10	Killing of E. coli by crotamine occurred within 1 hour and reached maximum by 2 hours, consistent with a rapid membrane-disrupting mechanism.	direct_assay	time-kill	Kinetics alone do not prove membrane disruption is the primary lethal event
doi__10.1038_ja.2011.10	The antibacterial activity of crotamine against E. coli was completely abolished at 12.5 mM NaCl, suggesting the mechanism depends on electrostatic interactions between the cationic peptide and the bacterial membrane.	inferred		Salt abolition is consistent with electrostatic disruption but does not rule out other salt-sensitive processes; the electrostatic interpretation is not explicitly tested
doi__10.1038_ja.2011.10	The three intramolecular disulfide bonds of crotamine are dispensable for its antibacterial membrane-permeabilizing activity, as the reduced (disulfide-free) form retains activity against E. coli.	direct_assay	membrane permeabilization, MIC determination with reduced form	Tested only against E. coli; structural confirmation of complete reduction not detailed in abstract
doi__10.1023_a_1007018423603	Antifungal peptides act through diverse modes including disrupting fungal cell membranes, inhibiting cell wall synthesis, generating reactive oxygen species, or interfering with intracellular signaling pathways.	indirect		Background assertion citing prior literature [11]; not demonstrated experimentally in this paper.
doi__10.1023_a_1007018423603	Plant defensins RsAFP2 and MsDef1 exhibit broad-spectrum antifungal activity mainly by disrupting the fungal membrane.	indirect		Cited from prior works [17, 18]; no membrane assay performed in this study.
doi__10.1023_a_1007018423603	Cyclotides and defensins contain N-terminal signal peptides that target them to the apoplast to combat fungi, and their disulfide bonds stabilize their structure.	indirect		Cited from prior literature [12, 13]; mechanism of apoplastic action not tested here.
doi__10.1023_a_1007018423603	AtcAFP5 significantly disrupted fungal cell membranes of Botrytis cinerea, as shown by nucleic acid leakage.	direct_assay	membrane permeabilization (nucleic acid leakage assay)	Tested against B. cinerea only; leakage is a proxy for membrane disruption, not a direct membrane-integrity readout.
doi__10.1023_a_1007018423603	AtcAFP5 caused pronounced structural alterations in B. cinerea hyphae.	direct_assay	confocal microscopy of fungal hyphae	Morphological observation only; biochemical basis of structural damage not determined.
doi__10.1023_a_1007018423603	AtcAFP5 may exert immunomodulatory effects by enhancing plant immune signaling in addition to its direct antifungal activity.	indirect		Inferred from upregulation of immunity-associated marker genes in N. benthamiana; direct immune-signaling mechanism not established.
doi__10.1023_a_1007018423603	Residues T19 and T20 are critical for AtcAFP5's antifungal activity and for activation of plant immune responses, and their mutation to alanine disrupts the peptide's alpha-helical structure.	direct_assay	alanine scanning mutagenesis, in vitro growth inhibition assay, nucleic acid leakage assay, confocal microscopy, defense gene expression analysis	Loss of activity attributed to alpha-helix disruption based on AlphaFold3 prediction (computational, not experimentally determined structure); causal link between helix loss and membrane disruption is inferred.
doi__10.1023_a_1007018423603	The stable alpha-helical structures of AtcAFP3 and AtcAFP5 may contribute to their antifungal activity.	hypothesis		Structures predicted by AlphaFold3, not experimentally resolved; contribution of the helix to antifungal function is speculative, supported only by analogy to Plantaricin J and HR2-7.
doi__10.1023_a_1007018423603	High concentrations of AtcAFP5 (100 µmol/L) may exert phytotoxic effects or trigger programmed cell death in plant tissues.	indirect		Inferred from visible leaf necrosis 24 h after infiltration; PCD mechanism not directly tested.
doi__10.1038_ja.2017.23	Lysocin E is active against Gram-positive bacteria by targeting the bacterial membrane menaquinone.	indirect		Mechanism established in prior work (Hamamoto et al. 2015) against S. aureus; this paper only cites it and reports new anti-M. smegmatis MIC data without repeating mechanistic assays.
doi__10.1038_ja.2017.23	Pyrazinamide (PZA) is converted to the active metabolite pyrazinoic acid by the enzyme pyrazinamidase in M. tuberculosis, and M. smegmatis is resistant to PZA because PZA cannot enter the cells despite possessing pyrazinamidase activity.	indirect		Cited from Raynaud et al. 1999; the current paper only observes PZA inactivity in vitro and in the silkworm model consistent with that mechanism, but performs no uptake or enzymatic assays itself.
doi__10.1038_ja.2017.23	Isoniazid (INH) is a prodrug that requires activation by KatG (a mycobacterial catalase-peroxidase enzyme) to exert anti-mycobacterial activity, and this activation reaction may occur in INH-treated infected silkworms.	inferred		Mechanistic basis cited from Lei et al. 2000; the in-silkworm activation is speculative ('may occur'), inferred from the observation that INH shows efficacy in the silkworm model.
doi__10.1038_ja.2017.23	Lariatin A, a lasso peptide, exhibits anti-mycobacterial activity against M. smegmatis (MIC 0.10 μg/mL) and anti-TB activity in vitro.	direct_assay	MIC (liquid microdilution growth inhibition)	Mechanism of action is not characterized in this paper; prior mechanistic data are not cited. In vivo efficacy is shown only in silkworm, not mammalian, model.
doi__10.1038_ja.2017.23	Propeptin, a putative lasso-type peptide, exhibits moderate anti-mycobacterial activity, while propeptin-2 (missing two C-terminal amino acid residues) loses anti-mycobacterial activity, implying the C-terminal residues are required for activity.	inferred	MIC (liquid microdilution growth inhibition)	The lasso-type structure assignment is tentative ('direct evidence to support this has not yet been obtained'); the structural basis for activity loss is inferred by analogy from propeptin-2, with no mechanistic assays performed.
doi__10.1038_ja.2016.135	The extent of anti-infective and cytotoxic activities of Crotalicidin (Ctn) and its fragment Ctn[15–34] has been related to physicochemical characteristics such as helicity and hydrophobicity.	inferred		Only the abstract is available; the claim is correlative (structure-activity relationship), not derived from a direct mechanistic assay reported in this paper. Helicity and hydrophobicity are proxies commonly associated with membrane-disruption models, but no membrane or intracellular target assay is described here.
doi__10.1038_ja.2016.81	Ogipeptins A, B, C, and D blocked LPS binding to CD14 in vitro with IC50 values of 4.8, 6.0, 4.1, and 5.6 nM, respectively.	direct_assay	LPS-CD14 competitive binding inhibition assay	In vitro assay only; mechanism of how ogipeptins physically interrupt LPS-CD14 interaction (e.g., LPS sequestration vs. CD14 occlusion) is not determined in this paper.
doi__10.1038_ja.2016.81	Ogipeptins attenuated tumor necrosis factor-α secretion from LPS-stimulated macrophage-like cells, consistent with downstream suppression of LPS-induced innate immune signaling via CD14 blockade.	indirect	TNF-α secretion assay in macrophage-like cells	Cell-based functional readout; does not directly demonstrate the CD14-blocking mechanism is solely responsible, and does not rule out off-target immunosuppressive effects.
doi__10.1038_ja.2016.81	Ogipeptins displayed antimicrobial activity against Escherichia coli with minimum inhibitory concentrations ranging from 0.25 to 1 μg/mL.	indirect	minimum inhibitory concentration (MIC) broth dilution assay	The paper reports antibacterial activity but makes no mechanistic claim about how ogipeptins kill or inhibit E. coli growth; no membrane permeabilization, LPS neutralization, or other bactericidal mechanism assay is described.
doi__10.1021_np4009317	P3-Hp-1891 antimicrobial activity could be explained by transmembrane pore formation, based on its adoption of >70% α-helical conformation in the presence of negatively charged (DPPG) vesicles.	indirect	circular dichroism spectroscopy	No direct membrane permeabilization or pore-formation assay performed; barrel-stave vs. carpet mechanism not distinguished experimentally; inference rests entirely on CD-derived secondary structure in model liposomes.
doi__10.1021_np4009317	P3-Hp-1891 adopts only ~30% α-helical conformation in zwitterionic (DPPC) vesicles mimicking eukaryotic membranes, compared to >70% in anionic (DPPG) vesicles, indicating partial but insufficient selectivity for bacterial membranes.	indirect	circular dichroism spectroscopy	Model liposomes are a simplified proxy for cell membranes; behavior in single-lipid vesicles may not reflect mixed-lipid native membranes.
doi__10.1021_np4009317	The high hemolytic activity of P3-Hp-1891 is explained by its low cationicity (+3) and high hydrophobicity (52%), which are insufficient to provide selectivity for negatively charged bacterial membranes over zwitterionic mammalian membranes.	indirect	hemolysis assay, circular dichroism spectroscopy	Causal attribution of hemolysis to these two physicochemical parameters is inferred; no direct competition or selectivity assay was performed.
doi__10.1021_np4009317	P1-Hp-1971, a proline- and glycine-rich peptide with a highly disordered structure, most probably does not act by permeabilization of the bacterial membrane.	inferred	circular dichroism spectroscopy	Conclusion rests on absence of ordered structure in CD spectra (especially in vesicle conditions); no direct membrane integrity assay (e.g., dye leakage, SYTOX) was performed to confirm lack of permeabilization.
doi__10.1021_np4009317	P1-Hp-1971 may act by membrane depolarization, anionic lipid clustering, and/or translocation into the cytoplasm, consistent with the behavior of other proline-rich cell-penetrating peptides.	hypothesis		No experimental data are provided to support any of these alternative mechanisms; explicitly proposed as directions for future studies only.
doi__10.1021_np4009317	CD spectral changes of P1-Hp-1971 in the presence of liposomes (minimum shifting to higher wavelengths, decreased negative ellipticity) suggest possible adoption of a polyproline II (PP-II)-like conformation or an equilibrium between unfolded and partially helical states upon membrane interaction.	indirect	circular dichroism spectroscopy	PP-II assignment from CD is ambiguous; the authors hedge with 'could suggest'; no orthogonal structural technique (e.g., NMR, FTIR) is used to confirm PP-II structure.
doi__10.1021_np4009317	The reduced antimicrobial activity of P2-Hp-1935 against both E. coli and S. aureus is attributable to its low hydrophobic amino acid content (31.5%) and reduced helicity, despite good cationicity (net charge +5).	indirect	MIC assay, circular dichroism spectroscopy	Correlation between structural parameters and activity is inferred by comparison with P1 and P3; no mechanistic assay was performed for P2-Hp-1935 specifically.
doi__10.1021_np4009317	Cationic AMPs are electrostatically attracted to bacterial membranes (composed mainly of anionic lipids and lacking cholesterol), while their hydrophobic residues facilitate insertion into and interaction with fatty acyl chains.	inferred		General mechanistic framework endorsed from cited literature; not directly tested for the H. pulchellus peptides in this study.
doi__10.1021_np4009317	AMPs can translocate across the bacterial cytoplasmic membrane without destroying it, inhibiting multiple intracellular targets including DNA/RNA synthesis, protein folding, cell wall synthesis, cell division, and protein translocation.	inferred		Background claim cited from prior literature (refs 15–17); not experimentally investigated for the H. pulchellus peptides in this study.
doi__10.1021_np4009317	Cytolytic activity of AMPs is not mediated by interaction with specific receptors; rather, peptide–lipid interactions leading to membrane permeation play a major role in antimicrobial activity.	inferred		General consensus claim endorsed from cited literature; not experimentally tested for the H. pulchellus peptides in this paper.
doi__10.1021_np4009317	Amphipathic α-helical AMPs permeate membranes via either a barrel-stave mechanism (transmembrane pores from bundled amphipathic helices) or a carpet mechanism (detergent-like membrane solubilization without insertion into the hydrophobic core).	inferred		Framework derived from literature; neither mechanism is directly tested for the H. pulchellus peptides, and the paper only speculatively assigns P3-Hp-1891 to the barrel-stave model.
doi__10.1038_ja.2016.101	Persulcatusin (IP) permeabilizes the cell membranes of MSSA, MRSA, and VRSA strains, causing calcein leakage within 5 minutes in a concentration-dependent manner.	direct_assay	membrane permeabilization (calcein leakage assay)	VISA strain Mu50 showed no membrane permeabilization by IP despite a low MIC90, indicating this mechanism does not operate against all S. aureus phenotypes; assay duration limited to 30 min.
doi__10.1038_ja.2016.101	IP causes gross ultrastructural damage to MRSA and VRSA cells, including crumpling and prominent surface structural changes comparable to those induced by Nisin.	direct_assay	scanning electron microscopy	Morphological observation only; does not resolve the molecular basis of membrane disruption; single time-point (30 min) at supra-MIC concentrations.
doi__10.1038_ja.2016.101	IP possesses a second bactericidal mechanism beyond cell membrane attack, inferred from its low MIC90 against VISA strain Mu50 (8 µg/mL, equivalent to vancomycin) despite failing to permeabilize Mu50 membranes.	inferred		The nature of this second mechanism is entirely unknown; the inference relies on the indirect logic that low MIC with absent membrane activity implies another mode of killing; no biochemical or molecular assays were performed to identify it.
doi__10.1038_ja.2016.101	The rapid onset of IP's bactericidal effect is consistent with a pore-forming mechanism on bacterial membranes, as is common for amphipathic antimicrobial peptides.	indirect	membrane permeabilization (calcein leakage assay, kinetics)	Pore formation is not directly demonstrated; the attribution is by analogy to other AMPs; no ion-flux, electrophysiology, or lipid-bilayer assay was performed.
doi__10.1038_ja.2016.101	IP's cationic, amphipathic structure enables electrostatic interaction with negatively charged components of the bacterial cell surface, which underlies its membrane-damaging activity.	hypothesis		Electrostatic interaction is a general AMP class mechanism cited from literature (ref 28) and applied to IP on the basis of its reported cationic/amphipathic character (ref 12); no charge-neutralization, lipopolysaccharide-binding, or surface-charge experiments were performed in this study.
doi__10.1038_s41429-019-0272-y	Pentaminomycin C exhibited antibacterial activities against Gram-positive bacteria including Micrococcus luteus, Bacillus subtilis, and Staphylococcus aureus with MIC of 16 µg/mL, but no activity against Gram-negative bacteria E. coli and P. aeruginosa at 64 µg/mL.	direct_assay	minimum inhibitory concentration (broth microdilution)	MIC-only data; no mechanistic mode-of-action assay performed; selectivity for Gram-positive over Gram-negative bacteria is documented but the underlying reason is not investigated in this paper
doi__10.1038_nchembio.2207	Humimycin A resistance is conferred by non-synonymous point mutations in SAV1754 (annotated as a polysaccharide biosynthesis protein), suggesting SAV1754 is a target or key mediator of humimycin A activity.	indirect		Genetic resistance selection identifies SAV1754 involvement but does not prove direct molecular interaction; some resistant mutants acquired additional non-SAV1754 mutations; no biochemical binding or enzyme inhibition assay reported in this document.
doi__10.1038_nchembio.2207	Overexpression of wild-type SAV1754 raises the humimycin A MIC from 8 µg/mL to >128 µg/mL in S. aureus, consistent with SAV1754 being the functional target of humimycin A.	indirect		Overexpression-based resistance is consistent with target engagement but could also reflect titration of an indirect effector; no direct biochemical interaction demonstrated.
doi__10.1038_nchembio.2207	A resistance-conferring mutant allele of SAV1754 (mutant no. 8) also confers full resistance (>128 µg/mL) when overexpressed, indicating that the resistance mutations in SAV1754 are dominant and act through the same locus.	indirect		Mechanistic interpretation is inferential; the specific biochemical function disrupted by the mutations in SAV1754 is not characterized in this document.
doi__10.1038_ki.2014.268	Recombinant human and mouse RNase 6 exhibit rapid, dose-dependent bactericidal activity against uropathogenic E. coli (CFT073, UTI89), E. faecalis, and S. saprophyticus at micromolar concentrations, comparable in potency to RNase 7.	direct_assay	bacterial viability (Live/Dead BacLight fluorescence assay with SYTO9/propidium iodide)	Performed with recombinant His-tagged protein in defined buffer conditions; not tested in urine or in vivo; no direct comparison of killing kinetics vs clinical isolates beyond the two UPEC strains
doi__10.1038_ki.2014.268	The highly cationic character of RNase 6 (pI = 9.49) may enhance electrostatic binding to the negatively charged microbial membrane, promote membrane permeabilization, and facilitate bacterial cell death.	inferred		No direct membrane permeabilization assay (e.g., ONPG leakage, dye uptake) was performed in this study; mechanism inferred solely from the physicochemical property (pI) and analogy to other cationic AMPs described in the literature
doi__10.1038_ki.2014.268	RNase 6 may kill bacteria by degrading microbial RNA, analogous to the postulated ribonucleolytic antimicrobial mechanism of Ear11, a macrophage-resident RNase A superfamily member in the lung.	hypothesis		No RNA degradation or ribonuclease activity assay against bacterial RNA was performed; mechanism is purely speculative by analogy to another family member in a different tissue context
doi__10.1038_ki.2014.268	Myeloid cells may deploy RNase 6 against UPEC surviving within phagosomes or lysosomes, given RNase 6 localizes to cytoplasmic granules consistent with lysosomal compartments and UPEC is known to reside in Lamp1-positive structures inside macrophages for up to 24 hours.	hypothesis		Direct co-localization of RNase 6 with intracellular bacteria or with lysosomal markers was not demonstrated in this study; inferred from RNase 6 granular IHC pattern, third-party proteomics data (Sleat et al.), and published UPEC intramacrophage survival literature
doi__10.1038_ki.2014.268	Neutralization of RNase 7 in human urine specimens in vitro increases urinary bacterial growth, indicating RNase 7 exerts direct bactericidal activity within urine to help maintain urinary tract sterility.	direct_assay	antibody neutralization of endogenous RNase 7 in human urine followed by bacterial growth measurement	Reported from prior publications by the same group (refs 5–7) and not replicated de novo in this study; does not address the mechanism of RNase 6
doi__10.1038_ki.2014.268	RNase 6 and RNase 7 did not exhibit synergistic antimicrobial activity against UPEC, indicating they likely act through independent rather than complementary mechanisms when tested in combination.	direct_assay	broth microdilution checkerboard assay (FICI calculation)	Absence of synergy in vitro does not exclude additive effects in vivo; only tested against one UPEC strain (UTI89) under defined in vitro conditions; antagonism was also not detected
doi__10.1038_s41587-019-0222-z	Mag(i+4)1,15(A9K) inserts into bacterial membranes in a transmembrane fashion, as evidenced by uniform changes in resonant frequency across QCM harmonics upon exposure to POPC:POPG supported lipid bilayers mimicking bacterial membranes.	direct_assay	quartz crystal microbalance (QCM), supported lipid bilayer	SLBs are membrane models, not live bacteria; experiments performed only twice per condition
doi__10.1038_s41587-019-0222-z	Mag(i+4)1,15(A9K) selectively interacts with anionic (bacterial-mimic) membranes but not zwitterionic (mammalian-mimic) membranes, as incubation with POPC:POPG liposomes reduces deuterium exchange while POPC:Cholesterol liposomes show no such effect.	direct_assay	hydrogen-deuterium exchange mass spectrometry (HX-MS), liposome binding	Liposomes are simplified membrane models; HX-MS reports on peptide backbone exposure, not direct membrane disruption mechanism
doi__10.1038_s41587-019-0222-z	Mag(i+4)1,15(A9K) shows little to no interaction with mammalian-type POPC membranes at both low and high peptide concentrations, consistent with its low hemolytic activity.	direct_assay	quartz crystal microbalance (QCM), supported lipid bilayer	Cholesterol content tested only as a titration in POPC bilayers; data are mean of two experiments
doi__10.1038_s41587-019-0222-z	Increasing cholesterol content in POPC bilayers progressively abolishes Mag(i+4)1,15(A9K) membrane interaction, suggesting cholesterol confers mammalian membrane selectivity.	direct_assay	quartz crystal microbalance (QCM)	Only two independent experiments; causality between cholesterol and selectivity is inferred from correlation
doi__10.1038_mi.2014.41	sfTSLP shares the cationic charge and α-helical conformation characteristic of antimicrobial peptides, structural features that are thought to underlie the antimicrobial activity of this peptide class.	inferred		α-helical conformation of sfTSLP is not directly confirmed in this paper; the mechanistic link between these structural features and killing (e.g., membrane disruption) is asserted by analogy to other AMPs, not experimentally demonstrated here.
doi__10.1038_mi.2014.41	The antimicrobial activity of TSLP is primarily mediated by the C-terminal region of the protein, specifically a 34-amino-acid peptide spanning the C-terminal domain.	indirect		This claim is attributed entirely to a prior publication (ref 11) and is not independently demonstrated in the present study.
doi__10.1038_mi.2014.41	Synthetic sfTSLP (60 aa and 63 aa forms) at 1.35 μM directly kills multiple bacterial species (S. mitis, S. epidermidis, E. faecalis, E. coli, B. cereus) and the fungus C. albicans, as measured by reduction in colony-forming units.	direct_assay	colony-forming unit reduction assay	Synthetic (non-PTM-modified) peptide was used; native sfTSLP in saliva and tissue appears at 9 kDa (vs. 7.1–7.4 kDa synthetic), suggesting PTMs that may alter activity; assay performed in sodium phosphate buffer rather than physiological fluid; microbial inoculum size assumed equal across species based on OD600.
doi__10.1038_mi.2014.41	sfTSLP kills S. mitis more potently than the well-characterized AMP LL-37 at equimolar concentrations, indicating a direct and comparatively strong bactericidal activity.	direct_assay	colony-forming unit reduction assay	Comparison limited to a single bacterial species (S. mitis); equimolar dosing does not account for differences in physiological concentrations of the two peptides; LL-37 comparison was a single dose-response experiment.
doi__10.1038_mi.2014.41	The antimicrobial activity observed with sfTSLP is specifically attributable to sfTSLP itself, as pre-incubation with polyclonal anti-TSLP antibody reduced killing of S. mitis by approximately 50%.	direct_assay	antibody neutralization, colony-forming unit reduction assay	Neutralization was only partial (~50%); complete abrogation was not achieved, leaving open whether residual killing reflects incomplete antibody neutralization or a non-sfTSLP component.
doi__10.1038_mi.2014.41	The antimicrobial activity resides within the sfTSLP peptide sequence itself and does not require the additional N-terminal residues present in full-length lfTSLP, because sfTSLP showed equal or greater killing than lfTSLP across all tested organisms.	inferred	colony-forming unit reduction assay	lfTSLP used in the assay was recombinant prokaryote-derived (15 kDa), whereas native lfTSLP is ~23 kDa due to PTMs; this production-system difference may underestimate lfTSLP activity.
doi__10.1038_mi.2014.41	Bacterial proteases (exemplified by S. aureus protease) may cleave lfTSLP to liberate a C-terminal 34 aa fragment with potent antimicrobial activity, and sfTSLP may represent the naturally occurring counterpart of this proteolytic fragment.	hypothesis		Not tested in this paper; the proposition is entirely speculative and based on inference from prior work (ref 11) on lfTSLP proteolysis.
doi__10.1039_c2cc36336d	Actagardine inhibits cell wall biosynthesis by binding to lipid II.	indirect		Cited from prior literature (ref 11); not experimentally demonstrated in this paper.
doi__10.1039_c2cc36336d	Actagardine's binding to lipid II is not antagonized by vancomycin, suggesting a distinct binding site on lipid II compared to vancomycin.	indirect		Cited from prior literature (ref 12); not experimentally demonstrated in this paper.
doi__10.1038_s41586-018-0483-6	G0775 forms a covalent bond between its nitrile group and the catalytic lysine residue of LepB (bacterial signal peptidase I) at each active site in the asymmetric unit.	direct_assay	X-ray crystallography (2.41 Å mFo-DFc omit map), protein fragmentation mass spectrometry (LC-MS/MS with G0775 compound as variable modification at 899.46 Da)	Crystal structure solved from isolated protease domain (Val77-His324), not full-length membrane-embedded LepB; crystals grown at pH 4.5 (sodium acetate buffer), which may not reflect physiological conditions; single crystal form (I4 space group) observed.
doi__10.1038_s41586-018-0483-6	G0775 inhibits LepB signal peptidase enzymatic activity through a two-step irreversible binding mechanism, characterized by Kinact/KI binding constants.	direct_assay	fluorogenic peptide substrate cleavage assay (Dabcyl-DAP-PAKAAE-Edans), enzyme kinetics fitted to 2-step irreversible binding model (Dynafit)	Assay performed with recombinant full-length E. coli LepB in detergent (0.1% Triton X-100) in solution rather than in native membrane context; kinetics reflect isolated enzyme behavior.
doi__10.1038_s41586-018-0483-6	LepB is an essential gene in E. coli, making its inhibition by arylomycins a lethal antibacterial mechanism.	indirect		Essentiality is inferred from construction of a conditional (arabinose-inducible) lepB mutant used to modulate LepB levels; the paper does not present growth/killing data from lepB depletion directly in this supplementary text; essentiality may be condition-dependent.
doi__10.1038_nchembio.1116	Acanthaporin forms pores in liposomal membranes, causing immediate dissipation of a valinomycin-induced membrane potential accompanied by dequenching of a fluorescent dye.	direct_assay	membrane potential dissipation, fluorometric dequenching assay in liposomes	Liposome model system, not live cells; single concentration tested (2 pmol).
doi__10.1038_nchembio.1116	Acanthaporin depolarizes liposome membranes but does not lyse them, indicating a pore-forming rather than detergent-like membrane disruption mechanism.	direct_assay	membrane potential dissipation, liposome integrity assay (inverted-addition fluorescence experiment)	Lysis distinction made only at the concentrations tested; liposome model may not fully represent bacterial membranes.
doi__10.1038_nchembio.1116	Acanthaporin permeabilizes viable Gram-positive bacterial (B. megaterium) membranes in a concentration- and time-dependent manner.	direct_assay	membrane permeabilization (SYTOX green dye uptake in live bacteria)	Tested on a single bacterial species (B. megaterium); assay reports membrane compromise, not pore conductance directly.
doi__10.1038_nchembio.1116	Acanthaporin destabilizes PE:PG (80:20%) membranes (analogous to Gram-positive bacterial cytoplasmic membranes) at pH 6.0, producing an increase in transmembrane current followed by membrane rupture.	direct_assay	planar lipid bilayer electrophysiology	Artificial membrane model; outcome was membrane rupture rather than defined stable pore conductance, complicating quantification of single-pore properties.
doi__10.1038_nchembio.1116	Acanthaporin does not form pores in or destabilize membranes mimicking the human plasma membrane (PC:PE:SM:Chol:PS 25:25:20:20:10%) at pH 8.0, indicating selectivity against human cell membranes under physiological pH.	direct_assay	planar lipid bilayer electrophysiology	Single pH (8.0) and single protein concentration (6.6 nM) tested; artificial membrane composition.
doi__10.1038_nchembio.1116	Acanthaporin does not form pores in or destabilize PE:PG membranes at pH 8.0, demonstrating that its pore-forming activity against bacterial-mimicking membranes is pH-dependent.	direct_assay	planar lipid bilayer electrophysiology	Single pH and single concentration (6.6 nM) tested; only one lipid composition evaluated at this pH.
doi__10.1038_nchembio.1116	Acanthaporin does not form transmembrane pores in or destabilize PC-only membranes at pH 6.0, indicating that anionic lipids (e.g., PG) in the target membrane are required for pore-forming activity.	direct_assay	planar lipid bilayer electrophysiology	Negative result at a higher concentration (6.6 nM vs. 3.3 nM active against PE:PG); mechanism of lipid selectivity not directly probed.
doi__10.1038_nchembio.1116	Acanthaporin exhibits pH-dependent antimicrobial activity, with substantially lower MIC and MBC values at pH 5.2 than at pH 7.4 against multiple Gram-positive bacterial strains, and near-complete loss of activity at neutral pH.	direct_assay	microdilution susceptibility assay (MIC, MBC)	Killing assay does not directly identify the mechanistic step affected by pH; altered pH may independently affect bacterial physiology or membrane composition.
doi__10.1039_c4ra00132j	Kurahyne induced apoptosis in HeLa cells, as evidenced by suppression of cell death in the presence of the caspase inhibitor Z-VAD-FMK and observation of DNA laddering.	direct_assay	caspase inhibitor rescue assay (Z-VAD-FMK), DNA laddering (agarose gel electrophoresis), trypan blue dye exclusion assay	Apoptosis demonstrated only in HeLa cells; mechanism upstream of caspase activation not determined
doi__10.1039_c4ra00132j	The mechanism of action of kurahyne is likely mitochondrially-targeted, based on colocalization of a kurahyne-FITC conjugate with MitoTracker Red in HeLa cells.	indirect	fluorescence microscopy colocalization	Colocalization observed with a fluorescein-conjugated derivative (not native kurahyne); conjugate IC50 is ~22-fold higher than parent compound (85 µM vs 3.9 µM), raising questions about whether the conjugate faithfully reports native localization; authors use hedged language ('seemed to localize', 'it is likely')
doi__10.1038_s41564-018-0110-1	Malacidin antibacterial activity is calcium-dependent, requiring calcium supplementation to achieve antibiosis against MRSA.	direct_assay	calcium concentration-dependent MIC assay against MRSA; cation substitution experiments showing no antibiosis with non-calcium cations	MIC–calcium relationship tested only against MRSA (S. aureus USA300); other cation controls rule out generic ionic effects but assay range and ionic strength were not independently varied
doi__10.1038_s41564-018-0110-1	Malacidin does not disrupt or depolarize the S. aureus cytoplasmic membrane, indicating a mode of action distinct from daptomycin.	direct_assay	SYTOX green membrane permeability fluorescence assay; DiBAC4 membrane potential fluorescence assay	Assay performed only on S. aureus; absence of acute membrane leakage does not exclude indirect or delayed membrane effects downstream of cell wall damage
doi__10.1038_s41564-018-0110-1	S. aureus treated with malacidin accumulates the cell wall biosynthesis intermediate UDP-MurNAc-pentapeptide, indicating the antibacterial target lies downstream of this step in the cell wall synthesis pathway.	direct_assay	UPLC-MS detection and quantification of UDP-MurNAc-pentapeptide accumulation in malacidin-treated MRSA	Precursor accumulation is indirect evidence of target location; does not identify the precise molecular target; S. aureus only
doi__10.1038_s41564-018-0110-1	Malacidin does not sequester undecaprenyl phosphate (C55-P), distinguishing its mechanism from friulimicin and related cell-wall-intermediate-binding antibiotics.	direct_assay	TLC mobility shift assay with purified C55-P	In vitro assay with purified lipid carrier; does not rule out weak or transient in-cell interactions at concentrations not detected by TLC
doi__10.1038_s41564-018-0110-1	Malacidin interacts with the cell wall precursor lipid II in a calcium-dependent manner, appearing to inhibit cell wall biosynthesis by binding this key intermediate.	direct_assay	TLC mobility shift assay showing lipid-II-dependent disappearance of the malacidin band; calcium requirement for the interaction confirmed by TLC with and without Ca2+	In vitro binding assay only; exact binding stoichiometry, binding site on lipid II, and whether this interaction is sufficient to account for all bactericidal activity in vivo are not established
doi__10.1038_s41564-018-0110-1	Malacidin binds lipid II via a mechanistically distinct interaction compared to vancomycin, inferred from its retained activity against vancomycin-intermediate and vancomycin-resistant pathogens.	inferred		The exact binding epitope on lipid II is not determined; activity against VISA/VRE demonstrates the functional distinction but does not directly characterize the structural basis of differential binding
doi__10.1038_s41586-025-08723-7	Lariocidin (LAR) binds to the bacterial 70S ribosome at a defined site near the inter-subunit interface and the nascent peptide exit tunnel (NPET), as demonstrated by X-ray co-crystallography.	direct_assay	X-ray crystallography, ribosome co-crystallization (70S-PY complex), 2Fo-Fc electron density map at 1.0σ	Structure solved with protein Y (no A-site tRNA); static snapshot may not fully reflect binding geometry during active translation
doi__10.1038_s41586-025-08723-7	LAR occupies the same ribosomal position whether or not a tRNA is present in the A site, indicating that A-site tRNA is not required for LAR binding to the 70S ribosome.	direct_assay	X-ray crystallography, superposition of two co-crystal structures (with and without A-site tRNA)	Based on static crystal structures; functional consequence of tRNA-independent binding during translation is inferred, not directly measured
doi__10.1038_s41586-025-08723-7	LAR inhibits bacterial translation by stalling ribosomes at specific mRNA positions, as evidenced by toeprinting assays.	direct_assay	toeprinting	Raw blot data shown for main-figure panels 2h and 2i; sequence-specificity or stalling mechanism details are in the main text, not the supplementary
doi__10.1038_s41586-025-08723-7	LAR antibacterial activity depends on a functional electron transport chain, as spontaneous resistance mutations map to ATP synthase subunits (atpG, atpC) in both E. coli and B. subtilis, and ETC gene knockouts alter LAR MIC.	indirect		ETC/ATP synthase mutations may impair LAR uptake or membrane energization required for accumulation rather than altering the primary ribosome target directly; correlation between mutation and resistance does not establish mechanism
doi__10.1038_s41586-025-08723-7	LAR antibacterial activity is linked to menaquinone biosynthesis and isoprenoid metabolism, as resistance mutations in menA (1,4-dihydroxy-2-naphthoate octaprenyltransferase) and hepT (heptaprenyl diphosphate synthase) confer elevated MICs.	indirect		Mechanism is unresolved; mutations may affect membrane potential or LAR import rather than the ribosome target; pleiotropic effects of menaquinone loss cannot be excluded
doi__10.1039_c4cc02780a	The antimicrobial peptide [KLAKLAK]2 (KLA) induces cell death by disrupting the mitochondrial membrane when delivered into the cytosol.	indirect		Mechanism of mitochondrial membrane disruption is attributed entirely to prior work (ref 12, Futaki et al. 2004); this paper does not directly measure mitochondrial membrane integrity or perform an organelle-specific assay — cytotoxicity of CPPD-KLA conjugates provides only indirect corroboration that intracellular KLA is active.
doi__10.1039_c4cc02780a	KLA ([KLAKLAK]2) does not penetrate mammalian cells on its own and is therefore non-cytotoxic without an intracellular delivery agent.	inferred	cytotoxicity (WST-8 cell viability assay, HeLa and CHO cells, 24 h)	Cell impermeability is inferred from the absence of cytotoxicity of unconjugated KLA (>20 µM, no IC50 reached); cell uptake of free KLA was not directly measured (e.g., by fluorescence microscopy or flow cytometry); tested in only two adherent cell lines.
doi__10.1038_nchembio.2018	Telomycin resistance arises from spontaneous mutations in the dominant cardiolipin synthase genes cls2 (S. aureus Newman) and clsA (B. subtilis 168), localised to the catalytic HKD motif domains, indicating that cardiolipin biosynthesis is required for telomycin activity.	direct_assay	whole-genome sequencing of spontaneous resistant mutants, MIC determination	Resistance mutations implicate cardiolipin as functionally required but do not demonstrate direct molecular binding of telomycin to cardiolipin; additional membrane remodelling downstream of cardiolipin loss cannot be excluded.
doi__10.1038_nchembio.2018	Telomycin-resistant S. aureus and B. subtilis mutants with cardiolipin synthase lesions have cardiolipin levels reduced to 1.7–10.2% of wild-type, and the degree of MIC shift correlates with the extent of cardiolipin depletion, supporting cardiolipin as the functional target.	direct_assay	cardiolipin quantification (NAO fluorescence microscopy), MIC microdilution	Correlation is not proof of direct binding; NAO staining specificity for cardiolipin under these exact conditions is assumed but not independently validated in the supplement; other lipid changes co-occurring with cardiolipin loss are not ruled out.
doi__10.1038_nchembio.2018	Telomycin does not cause hemolysis of sheep red blood cells at concentrations tested, suggesting selectivity for bacterial membranes over mammalian erythrocyte membranes.	direct_assay	hemolysis assay (0.25% sheep RBC suspension, 1 h 37°C, A540 supernatant readout)	Only sheep erythrocytes tested; broader eukaryotic cytotoxicity not assessed; absence of hemolysis does not exclude other membrane-related mammalian cell toxicity.
doi__10.1038_nchembio.2018	Increasing osmotic stress (0–1.5 M NaCl) progressively enhances telomycin potency against wild-type S. aureus, consistent with a mechanism involving cardiolipin-dependent membrane integrity.	indirect	MIC determination under graded osmotic stress	Osmotic stress is pleiotropic and affects numerous cellular processes; the link between osmotic sensitivity and cardiolipin-dependent membrane disruption is interpretive, not directly demonstrated.
doi__10.1038_nchembio.2018	Albomycin inhibits seryl-tRNA synthetase, as inferred from an albomycin-resistant Ser-tRNA synthetase self-resistance gene embedded within the albomycin biosynthetic gene cluster.	inferred		MOA inferred solely from the presence of a self-resistance gene in the biosynthetic gene cluster; no direct biochemical or cellular assays were performed in this study; self-resistance gene identity is used as a proxy for target identity.
doi__10.1038_nchembio.2018	Teicoplanin targets the D-ala-D-ala terminus of peptidoglycan precursors in cell wall synthesis, as supported by a D-ala-D-lac glycopeptide-resistant ligase identified as the self-resistance determinant in the teicoplanin biosynthetic gene cluster.	inferred		MOA is inferred from the self-resistance gene and is consistent with prior glycopeptide literature; no new direct assays were performed in this study.
doi__10.1039_c7nr05872a	PvD1 activity in cancer cells must result from an intracellular target, as cell height changes and cytoskeleton exposure occur without any alteration in cell membrane surface roughness.	inferred		No direct intracellular target identified; inference is based on absence of membrane roughness change (AFM) combined with morphological damage; alternative explanations (e.g., rapid membrane recovery) not ruled out.
doi__10.1039_c7nr05872a	PvD1 quickly internalizes into cancer (MDA-MB-231) cells rather than remaining at the membrane, as evidenced by intracellular morphological damage in the absence of membrane roughness changes.	inferred		Internalization was not directly visualized (no fluorescent-labeled peptide or confocal microscopy); inferred from combined AFM morphology and di-8-ANEPPS/zeta potential data.
doi__10.1039_c7nr05872a	PvD1 remains located at the membrane of normal (non-tumor) breast cells without causing significant structural damage, as surface charge is perturbed but dipole potential is unaffected and cell height/roughness are unchanged.	indirect	zeta potential, membrane dipole potential measurement (di-8-ANEPPS fluorescence spectroscopy), AFM imaging	Membrane localization is inferred from probe data rather than directly visualized; the di-8-ANEPPS assay was negative for breast cells (not reporting PvD1 presence), which the authors interpret as superficial/electrostatic interaction.
doi__10.1039_c7nr05872a	PvD1 interacts with and permeabilizes the membranes of both breast cancer and normal breast cells, without achieving complete surface charge neutralization.	indirect	zeta potential	Zeta potential measures the electrostatic potential at the slipping plane, not membrane permeabilization per se; 'permeabilizing' is an interpretive label for charge changes; no direct permeability dye assay (e.g., propidium iodide) was performed.
doi__10.1039_c7nr05872a	PvD1 inserts into the lipid bilayer of human brain microvascular endothelial cell (HBMEC) membranes, perturbing their dipole potential.	indirect	membrane dipole potential measurement (di-8-ANEPPS fluorescence spectroscopy)	di-8-ANEPPS senses changes in the outer leaflet dipole potential and does not quantify insertion depth or bilayer translocation; does not distinguish insertion from peripheral electrostatic interaction in all cases.
doi__10.1039_c7nr05872a	PvD1 interaction with normal breast cell membranes is more superficial (surface/electrostatic) compared to its interaction with HBMEC membranes, as the hydrophobic membrane probe di-8-ANEPPS does not detect dipole potential changes in breast cells.	indirect	membrane dipole potential measurement (di-8-ANEPPS fluorescence spectroscopy), zeta potential	Negative di-8-ANEPPS result may reflect differences in membrane lipid composition between cell types rather than a fundamentally different mode of interaction; partial surface accumulation is inferred.
doi__10.1039_c7nr05872a	PvD1 damages breast tumor cells through nuclear collapse, cell shrinkage, and disruption of cytoskeletal structure, while leaving normal breast cell height and membrane roughness unaffected.	direct_assay	AFM imaging (cell height profiling, surface roughness Rms measurement)	Morphological readout only; specific molecular pathway causing nuclear collapse or cytoskeletal disruption is not identified; cells were fixed prior to imaging, precluding real-time observation.
doi__10.1039_c7nr05872a	PvD1 disrupts cell-to-cell adhesion between breast cancer cells (MDA-MB-231) and human brain endothelial cells (HBMEC), reducing the ability of cancer cells to attach to the BBB endothelium.	direct_assay	AFM single cell force spectroscopy (AFM-SCFS), detachment force (FD) and detachment work (WD) measurement	In vitro two-cell contact model; does not recapitulate the full in vivo BBB architecture or fluid shear forces; whether the adhesion reduction is due to peptide acting on the cancer cell, the endothelial cell, or both is not fully resolved.
doi__10.1039_c7nr05872a	PvD1 selectively damages breast tumor cells while leaving normal breast and brain endothelial cells largely unaffected at equivalent concentrations, consistent with a mechanism dependent on tumor-specific membrane properties (e.g., phosphatidylserine exposure, negative surface charge).	inferred	MTT cytotoxicity assay, AFM imaging	The specific membrane components responsible for tumor selectivity (PS exposure, GAGs, sialic acid) were not directly measured or manipulated for PvD1; selectivity basis is inferred from known tumor cell surface properties cited from literature.
doi__10.1042_bj20040422	Planar lipid membrane experiments with cormycin A showed step-like current transitions, suggesting that cormycin A is able to form pores in lipid bilayer membranes.	direct_assay	planar lipid bilayer electrophysiology (ion channel recording)	Pore formation is inferred from step-like current transitions; exact stoichiometry and pore architecture were not directly resolved, though the calcein-release model estimated partition coefficient, monomer aggregation, and number of monomers per active pore.
doi__10.1042_bj20040422	Cormycin A's pore-forming ability is strongly influenced by the phospholipid composition of the membrane, and in particular by the presence of sterols.	direct_assay	planar lipid bilayer electrophysiology with varied lipid compositions (cholesterol/diphytanoyl-PC system)	Experiments used defined artificial bilayer systems; physiological membrane complexity is not captured.
doi__10.1042_bj20040422	Cormycin A permeabilizes lipid membranes, as assessed by calcein release from large unilamellar vesicles and by red-blood-cell lysis.	direct_assay	membrane permeabilization (calcein release from LUVs), red-blood-cell haemolysis assay	The paper text is truncated before the quantitative results of the calcein assay are reported; RBC lysis reports net membrane disruption but does not distinguish pore formation from detergent-like disruption.
doi__10.1042_bj20040422	The higher biological activity of cormycin A relative to other Pseudomonas lipodepsipeptides is putatively ascribed to its weak positive net charge at neutral pH.	hypothesis		This is explicitly described as 'putative'; no direct charge-manipulation or electrostatic-blocking experiment is presented to test the hypothesis.
doi__10.1042_bj20040422	Cormycin A acts via membrane disruption, consistent with the established class mechanism of Pseudomonas lipodepsipeptides forming transmembrane ion channels and increasing cell membrane permeability.	inferred		The class-level mechanistic assignment relies on citations [17–21] for other lipodepsipeptides; the paper's own direct evidence for CM-A (pore-forming experiments) supports but does not fully characterise this mechanism.
doi__10.1042_bj20051371	Kalata B8 inhibits the cytopathic effects of HIV-1 infection in cultured human T-lymphoblast (CEM-SS) cells with an antiviral cytoprotective EC50 of approximately 2.5 μM.	direct_assay	XTT-based antiviral cytoprotection assay in HIV-infected CEM-SS cells	Highest concentration tested was only 4.5 μM; cytotoxic IC50 was >11 μM but not fully determined; single cell line used; mechanism of viral inhibition not characterized beyond virus-induced cell killing
doi__10.1042_bj20051371	Kalata B8 does not exert haemolytic activity against human red blood cells at concentrations up to 370 μM, in contrast to most cyclotides which are haemolytic at approximately 50 μM.	direct_assay	haemolytic assay with human type A red blood cells (absorbance at 415 nm)	HD50 was not achievable within the tested range; assay did not extend above 370 μM; only human type A red blood cells tested
doi__10.1042_bj20051371	The mechanism by which cyclotides act is dependent on the composition of the target membrane, as evidenced by kalata B8 retaining anti-HIV activity while lacking haemolytic activity.	inferred		No direct membrane interaction assays (e.g., lipid bilayer disruption, membrane permeabilization) were performed; inference is based solely on differential activity across cell types; other structural differences between HIV-infected and red blood cells are not ruled out
doi__10.1042_bj20051371	The hydrophilic surface of kalata B8, reflected in reduced surface-exposed hydrophobic residues compared to other cyclotides, accounts for its lack of haemolytic activity, because haemolytic activity in cyclotides correlates with hydrophobicity.	indirect		Hydrophobicity-haemolysis correlation is cited from prior literature (ref 53) and not directly tested here; causality for kalata B8 is structural inference from NMR-derived surface representations; does not explain how anti-HIV activity is retained despite reduced hydrophobicity
doi__10.1042_bj20051371	Anti-HIV activity and haemolytic activity in cyclotides involve a different interaction with HIV-infected mammalian cell membranes than with red blood cell membranes.	hypothesis		Purely speculative; no mechanistic or membrane-interaction experiments were performed; competing explanations (e.g., receptor-mediated entry inhibition for anti-HIV) are not considered
doi__10.1042_bj20051371	Tricyclon A, which also lacks haemolytic activity, additionally lacks anti-HIV activity, suggesting that the ability to interact with membranes (linked to surface hydrophobicity) is required for both activities and that their uncoupling in kalata B8 is not simply a consequence of losing haemolytic membrane disruption capacity.	indirect	XTT-based antiviral assay, haemolytic assay	Only two non-haemolytic cyclotides compared; the structural basis for why kalata B8 retains anti-HIV activity while tricyclon A does not is not identified; tricyclon A and kalata B8 differ in multiple structural features beyond hydrophobicity
doi__10.1042_bj20060318	The mechanism of action of omwaprin is via membrane disruption, as shown by scanning electron microscopy demonstrating structural changes in treated Bacillus megaterium and Staphylococcus warneri cells.	direct_assay	membrane disruption (scanning electron microscopy)	SEM reveals gross morphological surface changes but cannot rule out secondary intracellular targets; tested only on two of the susceptible Gram-positive species at high peptide concentrations (500 µM and 1 mM)
doi__10.1042_bj20060318	Omwaprin selectively targets bacterial membranes rather than mammalian cell membranes, as it lacks hemolytic activity on human erythrocytes at concentrations up to 1 mM.	indirect	hemolytic activity assay	Absence of hemolysis is a negative result that supports but does not prove bacterial membrane selectivity; the molecular basis of differential recognition between bacterial and mammalian membranes is not established
doi__10.1042_bj20060318	The three-dimensional structure of omwaprin constrained by four disulfide bonds is essential for its antibacterial mechanism, since reduction and alkylation of cysteine residues abolished antibacterial activity.	indirect		Reduction and alkylation cause global unfolding rather than targeted modification, so loss of activity reflects overall structural collapse rather than identifying a specific structural element required for membrane interaction; alkylation adds bulky pyridylethyl groups that may sterically hinder activity independently of structure
doi__10.1042_bj20060318	The six N-terminal residues of omwaprin, four of which are positively charged, are essential for antibacterial activity and thus contribute to the mechanism of action, as their deletion abolished activity.	indirect		N-terminal deletion shows essentiality but does not distinguish between a direct role in membrane interaction versus an indirect effect through structural destabilization; the specific molecular contribution of the charged residues is not demonstrated
doi__10.1073_pnas.2005540117	The similar MIC values of the L- and D-forms of horine and verine imply that both peptides target bacterial membranes rather than chiral intracellular targets.	indirect	MIC comparison of L- and D-enantiomers	Enantiomer equivalence is a widely used inference for membrane targeting but does not exclude non-chiral intracellular targets; labeled 'imply' by authors
doi__10.1073_pnas.2005540117	Inactivation of the mprF gene, which prevents lysylation of phosphatidylglycerol and thus leaves the membrane surface more negatively charged, rendered S. aureus more susceptible to horine and verine, substantiating that both peptides target the bacterial membrane.	direct_assay	mprF transposon-mutant susceptibility assay	Single gene knockout; indirect evidence of electrostatic membrane targeting; does not rule out additional intracellular steps after membrane association
doi__10.1073_pnas.2005540117	Both horine and verine rapidly permeated the membranes of S. aureus USA300, as demonstrated by propidium iodide uptake.	direct_assay	propidium iodide membrane permeabilization fluorescence assay	Tested only in S. aureus USA300 in this assay; PI uptake indicates loss of membrane integrity but does not define pore size or mechanism
doi__10.1073_pnas.2005540117	Horine and verine depolarize the membranes of S. aureus USA300, implying a breach in membrane potential through proton flux.	direct_assay	membrane depolarization assay	Authors use 'implying'; specific ion selectivity of the membrane disruption is not determined
doi__10.1073_pnas.2005540117	Horine causes membrane blebbing on S. aureus surfaces and verine causes complete surface damage on K. pneumoniae, as visualized by scanning electron microscopy.	direct_assay	scanning electron microscopy	Morphological observation only; does not resolve molecular mechanism of disruption
doi__10.1073_pnas.2005540117	Solid-state 31P NMR shows that horine and verine-L exert considerable positive curvature strain on a bacterial membrane-mimetic lipid bilayer, suggesting that the peptides kill bacteria by forming pores.	direct_assay	solid-state 31P NMR	Performed in a model lipid bilayer (POPG/POPE), not live bacteria; pore formation is inferred from curvature strain and is described as 'would suggest'; pore structure not directly visualized
doi__10.1073_pnas.2005540117	Both horine and verine-L preferentially interact with the anionic lipid POPG over the zwitterionic lipid POPE in a mixed bilayer, decreasing POPG acyl chain order parameters and indicating increased dynamics and gauche isomerization, which could lead to lipid clustering.	direct_assay	solid-state 2H NMR deuterium order parameter measurements	Performed in a model lipid bilayer; lipid clustering is described as a possibility ('could lead to'), not directly demonstrated; physiological relevance to live bacterial membranes not confirmed
doi__10.1073_pnas.2005540117	Horine adopts a horizontal orientation on the membrane surface (helix axis parallel to membrane plane), as determined by solid-state 15N NMR of a single 15N-labeled leucine residue showing a chemical shift of 91 ± 13 ppm consistent with an H-N vector parallel to the bilayer surface.	direct_assay	solid-state 15N NMR in oriented lipid bilayers	Measured in an E. coli membrane-mimetic model system (POPG/POPE 1:3), not in live bacterial membranes; single-residue labeling provides one orientational constraint
doi__10.1073_pnas.2005540117	Verine adopts a vertical orientation on the membrane (peptide axis perpendicular to membrane surface), as determined by solid-state 15N NMR of a leucine-substituted variant (verine-L) showing a chemical shift of 97 ± 5 ppm consistent with an H-N vector parallel to the bilayer surface.	direct_assay	solid-state 15N NMR in oriented lipid bilayers	Measured in an E. coli membrane-mimetic model system; requires a leucine substitution (verine-L); single-residue labeling; the vertical orientation was modeled by placing the solved 3D structure consistent with the NMR constraint
doi__10.1073_pnas.2005540117	The amphipathic structures of horine and verine present cationic surfaces that recognize negatively charged bacterial membranes and hydrophobic surfaces that anchor the peptides into the lipid bilayer.	inferred	NMR structure determination, electrostatic potential surface calculation	Inferred from structural analysis and general AMP principles; electrostatic selectivity for bacterial vs. host membranes is not experimentally verified in this study
doi__10.1073_pnas.2005540117	Membrane targeting of horine and verine is proposed as the mechanistic basis for the absence of resistance development, since no MIC increase was observed over 16 serial passages in sub-MIC peptide concentrations against S. aureus USA300.	direct_assay	in vitro serial-passage resistance development assay	In vitro model only; 16 passages may be insufficient to capture slow-developing resistance; absence of detected resistance does not prove impossibility
doi__10.1073_pnas.2005540117	Verine inhibits attachment of K. pneumoniae to surfaces in a dose-dependent manner, demonstrating an anti-biofilm mechanism at the colonization stage.	direct_assay	biofilm attachment inhibition assay	Molecular mechanism of attachment inhibition is not resolved; tested for one Klebsiella strain
doi__10.1073_pnas.2005540117	Horine and verine kill bacteria embedded in preformed biofilms, as shown by dose-dependent eradication of 48-h S. aureus and K. pneumoniae biofilms with confocal microscopy confirming cell death.	direct_assay	preformed biofilm eradication assay, confocal fluorescence microscopy (live/dead staining)	Mechanism of biofilm penetration and killing is not dissected beyond general membrane-targeting activity; limited to two strains/species
doi__10.1073_pnas.2005540117	Both horine and verine kill nafcillin-induced persister cells of S. aureus USA300 at 2× MIC, consistent with a membrane-targeting mechanism that bypasses the metabolic dormancy protecting persisters from conventional antibiotics.	direct_assay	persister cell killing assay	Mechanism against persisters is inferred by analogy with membrane targeting; no specific persister mechanistic experiments performed
doi__10.1073_pnas.2005540117	The small size (eight amino acids) and highly packed 3D structures of horine and verine are proposed to minimize association with host factors, thereby explaining their systemic in vivo efficacy.	hypothesis		Speculative attribution by authors ('We may attribute'); no direct experiments testing host-factor binding were performed in this study
doi__10.1093_abbs_gmx091	Polybia-CP, D-lys-CP, and D-CP exert their antimicrobial activity by disrupting the integrity of the cytoplasmic membrane, as demonstrated by propidium iodide uptake in Candida glabrata cells.	direct_assay	membrane permeabilization (PI uptake assay)	PI uptake assay performed on C. glabrata (fungal cells) only; membrane disruption inferred for antibacterial activity by extension
doi__10.1093_abbs_gmx091	D-CP targets the cell membrane of bacteria, as PI can only pass through a disrupted cell membrane and then binds with DNA to show fluorescence.	direct_assay	membrane permeabilization (PI uptake assay)	PI uptake assay shown on fungal cells; bacterial membrane targeting stated as inference; DNA binding is a consequence of membrane disruption, not a primary mechanism tested
doi__10.1093_abbs_gmx091	AMPs are proposed to always target the cell membrane rather than proteins or enzymes, and this membrane-active action mode is attributed to polybia-CP and its derivatives.	inferred		General field claim cited from Shai 2002; applied to polybia-CP derivatives by extension from prior work (Wang 2012)
doi__10.1093_abbs_gmx091	The net charge and hydrophobic properties of D-CP are unchanged after D-amino acid substitution, which is proposed to underlie retention of membrane-targeting activity.	inferred		Charge and hydrophobicity are inferred from sequence; no direct biophysical measurement of membrane binding or partitioning reported in this study
doi__10.1093_abbs_gmx091	The action target of AMPs has no chiral specificity, allowing D-CP to retain membrane-disrupting antimicrobial activity despite adopting a left-hand α-helical conformation.	inferred		Chiral non-specificity is a field-level inference supported by activity data; no direct binding or biophysical assay of chiral interaction with membrane reported here
doi__10.1046_j.1432-1327.1998.2530452.x	The bactericidal activity of myotoxin II (Lys49) is independent of PLA2 enzymatic activity, as the catalytically inactive Lys49 isoform kills bacteria with potency comparable to the catalytically active Asp49 myotoxin III.	direct_assay	colony-forming unit reduction assay	A contribution of PLA2 catalytic activity to bactericidal potency of Asp49 myotoxin III cannot be formally excluded, though overall activity is not greater than that of the inactive isoform.
doi__10.1046_j.1432-1327.1998.2530452.x	The bactericidal effect is initiated at the bacterial outer membrane, as exposure to myotoxin II or myotoxin II-(115-129)-peptide causes accelerated uptake of the hydrophobic probe N-phenyl-1-naphthylamine (Ph-NH-Nap) in susceptible but not in resistant bacteria.	direct_assay	membrane permeabilization (Ph-NH-Nap fluorimetry)	Assay could not be performed on S. aureus due to spontaneous Ph-NH-Nap partitioning into its membranes; fluorimetry measures outer-membrane disruption and does not resolve subsequent mechanistic steps.
doi__10.1046_j.1432-1327.1998.2530452.x	The bactericidal mechanism is exerted at the membrane surface and does not require internalization of the peptide into the bacterial cell interior.	direct_assay	bactericidal activity of peptide conjugated to large carrier protein (diphtheria toxoid, ~60 kDa)	The conjugate retained some bactericidal activity but at reduced levels compared with free peptide; lower activity could reflect steric hindrance rather than conclusively proving a purely surface-acting mechanism.
doi__10.1046_j.1432-1327.1998.2530452.x	LPS is a key molecular determinant of susceptibility or resistance in gram-negative bacteria, as coating bacteria with heterologous LPS transfers the donor strain's susceptibility or resistance phenotype to the recipient.	direct_assay	bacterial LPS chimera susceptibility assay, transmission electron microscopy	Efficiency of LPS incorporation was verified by immunostaining and agglutination but partial incorporation cannot be excluded; contributions of other outer-membrane components were not independently controlled.
doi__10.1046_j.1432-1327.1998.2530452.x	Binding of myotoxin II-(115-129)-peptide to lipid A and the LPS core region of gram-negative bacteria, and to lipoteichoic acids of gram-positive S. aureus, correlates with susceptibility to killing, whereas the O-chain polysaccharide does not bind the peptide and does not confer susceptibility.	direct_assay	indirect competitive binding assay (inhibition of bactericidal halo by purified LPS, lipid A, O-chain, and lipoteichoic acid)	Binding is measured indirectly via competitive inhibition of bactericidal activity rather than direct binding constants; quantitative affinities were not determined.
doi__10.1046_j.1432-1327.1998.2530452.x	The bactericidal region responsible for membrane-disruptive activity is a short cluster of basic and hydrophobic amino acids near the C-terminal loop of myotoxin II (residues 115-129), which reproduces the full bactericidal effect of the intact protein.	direct_assay	colony-forming unit reduction assay with synthetic 13-residue peptide; negative control with non-bactericidal peptide from residues 69-80	The synthetic peptide may have different conformational properties than the equivalent region in the folded dimer; a disulfide bond (Cys133-Cys50) in the intact protein precludes helix formation in this region in vivo.
doi__10.1046_j.1432-1327.1998.2530452.x	The proposed mechanism of membrane disruption involves displacement of stabilizing divalent cations (Ca2+ and Mg2+) from negatively charged surface groups (LPS core and lipid A for gram-negative bacteria; phosphate groups of lipoteichoic acids for gram-positive bacteria) by the cationic peptide, followed by insertion of the hydrophobic domain into the lipid bilayer, membrane permeabilization, and cell death.	hypothesis		Proposed entirely by analogy with other cationic peptides (lactoferricin B, defensins); no direct experimental evidence for cation displacement, hydrophobic insertion, or pore formation was presented in this study.
doi__10.1046_j.1432-1327.1998.2530452.x	The amphipathic character of the 115-129 peptide—with cationic and hydrophobic residues clustered on opposite faces of a potential helix—is a structural feature enabling membrane disruption, consistent with other antimicrobial peptides of diverse origin.	inferred		Conclusion is based solely on helical-wheel (axial projection) analysis; the three-dimensional structure of the peptide in solution was not determined experimentally, and helical conformation was not confirmed.
doi__10.1046_j.1432-1327.1998.2530452.x	The bactericidal effect causes cell death rather than bacteriostasis, as transmission electron microscopy shows severe ultrastructural damage in susceptible bacteria including inner-membrane detachment, outer-membrane blistering, electron-dense granule formation, and vacuolization.	direct_assay	transmission electron microscopy	Morphological damage is consistent with membrane disruption as the lethal event but does not resolve the molecular mechanism; mesosome-like structures in S. aureus can occasionally be fixation artefacts.
doi__10.1046_j.1432-1327.1998.2530452.x	Reduced bactericidal potency of myotoxin II and its peptide against gram-positive bacteria relative to gram-negative bacteria may result from the thicker gram-positive cell wall impeding access of the cationic peptide domain to the cytoplasmic membrane.	inferred		This explanation is explicitly tentative ('may be the consequence'); no direct experiment tested cell-wall thickness as the variable.
doi__10.1046_j.1432-1327.1998.2530452.x	Resistance of Brucella species to myotoxin II-(115-129)-peptide is attributed to low peptide binding affinity to Brucella outer membrane, resulting from reduced divalent-cation stabilization and a comparatively low density of negatively charged groups in Brucella LPS.	indirect	indirect binding assay (whole cells and purified LPS/lipid A from resistant and susceptible strains compared)	The cited physicochemical properties of Brucella LPS are from referenced prior literature, not measured in this study; additional resistance mechanisms (e.g., efflux, outer-membrane protein composition) were not investigated.
doi__10.1074_jbc.m112.359067	Cationic α-helical AMPs act by inserting into biological membranes, which constitute either their direct target of action or the main barrier to intracellular pathogen targets.	indirect		General field statement attributed to cited literature (refs 5–6); no direct membrane-insertion assay performed in this paper.
doi__10.1074_jbc.m112.359067	Incorporating proline residues into AMPs decreases the ability of the peptide to permeabilize the cytoplasmic membrane of Escherichia coli, with a concomitant reduction in antibacterial activity.	indirect		Attributed entirely to prior studies (refs 7–9); this paper does not perform membrane permeabilization assays.
doi__10.1074_jbc.m112.359067	Proline-containing peptides resist self-association and interact selectively with anionic lipids present in bacterial target membranes but absent from erythrocyte membranes, conferring antibacterial selectivity and reduced hemolysis.	indirect		Lipid-selectivity mechanism attributed to prior studies (refs 11–12); this paper supports the self-association resistance component via CD, tryptophan fluorescence, SEC, and DOSY NMR, but does not directly measure lipid binding.
doi__10.1074_jbc.m112.359067	Peptide self-association in solution, induced by coordinating phosphate anions or increased hydrophobicity, promotes structural ordering and is linked to hemolytic potential rather than antibacterial potency.	inferred		Inferred from parallel CD, tryptophan fluorescence (blue-shift/self-quenching), SEC (earlier elution), and DOSY NMR data correlating ordering/aggregation state with HC50 values; causality is not directly proven.
doi__10.1074_jbc.m112.359067	Antimicrobial action and hemolysis proceed via mechanistically distinct pathways, as demonstrated by proline-containing peptides that kill bacteria and cancer cells at concentrations substantially below those required to lyse erythrocytes.	inferred		Concluded from differential MIC50/EC50 vs. HC50 ratios across the peptide series; the molecular basis of each separate mechanism is not directly characterized.
doi__10.1074_jbc.m112.359067	Proline-containing peptides kill intraerythrocytic Plasmodium falciparum by penetrating the erythrocyte membrane to reach the intracellular parasite rather than by membrane lysis, as they achieve antiplasmodial activity without causing hemolysis.	inferred		Mechanistic interpretation inferred from EC50 vs. HC50 ratios and light microscopy showing reduced parasitemia without observable erythrocyte damage; no direct membrane-penetration or intracellular-localization assay was performed.
doi__10.1074_jbc.m112.359067	Maintaining conformational flexibility (disorder in aqueous solution) improves AMP selectivity for bacterial, plasmodial, and cancerous cell membranes over host erythrocyte membranes, enabling targeting of both extracellular and intracellular pathogens.	inferred		Conclusion drawn from correlation of conformational data (CD, NMR) with multi-target biological activity and HC50 data; the mechanistic link between solution-state flexibility and membrane selectivity is not directly measured.
doi__10.1074_jbc.m112.359067	The hydrophobicity and secondary structure of linear cationic amphipathic AMPs govern their ability to self-associate and insert into biological membranes, properties that contribute to both antimicrobial potency and host cell toxicity.	inferred		General mechanistic principle stated and supported by structural characterization (CD, NMR) and correlated activity data in this paper, but without direct membrane-insertion or membrane-disruption assays.
doi__10.1096_fj.01-0736fje	Parasin I coats the mucosal surface where it may contribute to the establishment of a local antimicrobial milieu against microbial invasion.	inferred		Localization inferred from immunohistochemistry showing extracellular immunoreactivity at mucosal surface; direct killing mechanism not demonstrated in this paper
doi__10.1096_fj.01-0736fje	Parasin I shows antimicrobial activity against both Gram-negative and Gram-positive fish-specific pathogens (A. salmonicida, C. aquatilis, Y. ruckeri, E. ictaluri, L. garvieae) as measured by MIC.	direct_assay	minimum inhibitory concentration (MIC) assay	Tested only against fish-specific pathogens; mechanism of killing (membrane disruption, intracellular targeting, etc.) not investigated in this paper
doi__10.1096_fj.01-0736fje	Parasin I contributes to the innate host defense of fish against invading microorganisms by functioning as an antimicrobial barrier on the skin mucosal surface.	inferred		Inferred from MIC data and surface localization; no in vivo infection model used; causality not directly demonstrated
doi__10.1128_aac.00765-09	DvnRV41 reduced viable L. monocytogenes EGDe cell counts in mouse spleens by 5.3 log10 under postchallenge conditions and 3.1 log10 under prechallenge conditions, demonstrating direct antilisterial activity in vivo.	direct_assay	CFU enumeration from spleen homogenates (in vivo murine model)	Small group sizes (n=5 per group); no statistical significance claimed by authors; preliminary study
doi__10.1128_aac.00765-09	The reduced antilisterial activity of DvnRV41 when administered prechallenge compared to postchallenge is hypothesized to result from a metabolic pathway affecting the peptide before infection, while the peptide remains intact when administered after infection.	hypothesis		Authors explicitly state the metabolic pathway is 'not clearly understood'; no pharmacokinetic or degradation assays performed
doi__10.1128_aac.00765-09	Specific amino acids at positions 19 (W19F), 21 (Q21S), 22 (A22G), and 40 (P40V) are important determinants of antilisterial activity, as single amino acid substitutions at these positions reduced activity both in vitro (elevated MICs) and in vivo (reduced CFU log reductions).	indirect	MIC determination (broth microdilution), CFU enumeration from spleen homogenates (in vivo murine model)	Mechanism by which these residues contribute to activity is not investigated in this paper; inferred from structure-activity comparison only
doi__10.1128_aac.00765-09	Class IIa bacteriocins such as DvnRV41 and its structural variants retain antilisterial activity in vivo, supporting their potential use to complement current antibiotics in the treatment of listeriosis.	direct_assay	CFU enumeration from spleen homogenates (in vivo murine model), spleen culture conversion	Preliminary study; no statistical significance; single inbred mouse strain (BALB/c); intravenous challenge model may not reflect natural oral infection route
doi__10.1093_abbs_gmaa043	HMPI exerts antimicrobial activity through cell membrane lysis, attacking intracellular targets, and immune modulation, consistent with general AMP mechanisms.	inferred		Stated as a general property of AMPs in the Introduction; not directly demonstrated for HMPI in this study; no membrane permeabilization or intracellular assay performed.
doi__10.1093_abbs_gmaa043	As a cationic AMP, HMPI is proposed to bind electrostatically to anionic bacterial membranes, interfere with phospholipid alignment, induce local membrane perturbations, and promote pore formation.	hypothesis		Presented in the Discussion as the prevailing model for cationic AMPs generally ('Most of them believed...'); not tested for HMPI in this paper; no membrane assay performed.
doi__10.1093_abbs_gmaa043	HMPI may translocate across the microbial membrane and inhibit intracellular processes including protein and DNA synthesis.	hypothesis		Cited as a general AMP mechanism in the Discussion; not tested for HMPI in this paper.
doi__10.1093_abbs_gmaa043	HMPI alone induces elevated reactive oxygen species (ROS) production in C. albicans cells.	direct_assay	intracellular ROS detection (DCFH-DA fluorescent probe, flow-cytometric microplate reader)	Tested only in C. albicans ATCC 14053; effect observed at 2–6 h time points at 32 and 64 μM; causal link to fungal killing not established.
doi__10.1093_abbs_gmaa043	Cu2+ enhances HMPI-induced ROS production in C. albicans and this elevated ROS may supplement the antifungal activity of HMPI.	indirect	intracellular ROS detection (DCFH-DA fluorescent probe)	ROS elevation is measured but its causal contribution to fungicidal activity is not proven; MIC/MFC values of HMPI are unchanged by Cu2+ addition, so ROS is framed as supplementary rather than primary; only one Candida strain tested for ROS.
doi__10.1093_abbs_gmz128	KDEL disrupts the surface membrane integrity of L. tarentolae promastigotes, causing rounding and swelling of cell bodies, release of cytoplasmic contents, and eventual cell death.	direct_assay	light microscopy (Giemsa staining), transmission electron microscopy	Electron microscopy and light microscopy show morphological outcomes but do not reveal the molecular mechanism of membrane disruption; study uses non-pathogenic L. tarentolae only.
doi__10.1093_abbs_gmz128	KDEL causes loss of plasma membrane integrity in L. tarentolae promastigotes, as evidenced by PI uptake (PI+/Annexin V−), consistent with late-stage apoptosis or necrosis.	direct_ass ay	Annexin V-FITC/PI flow cytometry	PI+/Annexin V− pattern is interpreted as late-stage apoptosis or necrosis but cannot distinguish between the two; dose-dependent effect observed only at 50 and 100 μg/ml vs 25 μg/ml.
doi__10.1093_abbs_gmz128	KDEL induces early-stage apoptosis in L. tarentolae promastigotes, as indicated by phosphatidylserine externalization (Annexin V+/PI−) without loss of membrane permeability.	direct_assay	Annexin V-FITC/PI flow cytometry	Annexin V binding requires Ca2+ and can be artifactual in organisms with divergent membrane biology; apoptosis pathway machinery in Leishmania differs from mammalian cells.
doi__10.1093_abbs_gmz128	KDEL induces depolarization of the mitochondrial membrane potential in L. tarentolae promastigotes, indicating initiation of programmed cell death.	direct_assay	JC-1 mitochondrial membrane potential assay, flow cytometry	JC-1 assay reports membrane potential loss but does not identify downstream effectors; whether this is upstream or downstream of membrane disruption is not established.
doi__10.1093_abbs_gmz128	KDEL-mediated killing involves osmotic instability, vacuolar swelling, and loss of cytosolic contents following membrane disruption.	indirect	transmission electron microscopy	These are morphological observations interpreted as consequences of membrane disruption; the sequence of events and causal relationships are inferred, not directly tested.
doi__10.1093_abbs_gmz128	Amastigotes are more susceptible to KDEL than promastigotes because the surface metalloprotease gp63 (Ldgp63), which protects against AMP-induced apoptosis, is significantly downregulated in amastigotes.	inferred		The gp63 explanation is cited from prior literature (refs 26, 27) and not experimentally tested in this study; no gp63 expression measurement or knockout experiment was performed here.
doi__10.1093_abbs_gmz128	KDEL acts through at least two mechanisms—apoptotic and non-apoptotic—consistent with known AMP-mediated antimicrobial effects.	inferred		The two-mechanism framework is attributed to a cited reference (ref 28) and is not independently validated for KDEL; the paper's own data primarily demonstrate membrane disruption and apoptotic markers.
doi__10.1074_jbc.ra120.012627	Cyclotides exert cytotoxic activity by disrupting the lipid bilayer of cell membranes, with membrane permeabilization and disintegration underpinning cyclotide cytotoxicity.	direct_assay	membrane permeabilization (LDH release assay), membrane binding (surface plasmon resonance), live-cell imaging (SYTOX Green influx), flow cytometry	No cancer-versus-normal cell selectivity was observed, suggesting the mechanism is not tumor-selective; correlation between membrane binding and cytotoxicity does not formally exclude secondary intracellular mechanisms.
doi__10.1074_jbc.ra120.012627	Hyen D, E, L, M, and cycloviolacin O2 preferentially interact with model lipid membranes containing phosphatidylethanolamine (PE) headgroups, with P/Lmax increasing linearly with POPE composition.	direct_assay	surface plasmon resonance (SPR) with POPC/POPE model lipid bilayers	Tested on model membranes, not native cell membranes; hyen C did not bind any tested membrane composition and is an exception to the PE-preference rule.
doi__10.1074_jbc.ra120.012627	Cyclotides (hyen D, E, L, M, cyO2, and kB1) compromise cell membrane integrity within 2 hours, as evidenced by cytosolic LDH release into the medium.	direct_assay	lactate dehydrogenase (LDH) release assay	LDH assay measures cumulative leakage over 2 h and does not resolve whether membrane disruption is the primary event or secondary to intracellular damage; LC50 values from LDH were consistent with cytotoxicity assay results.
doi__10.1074_jbc.ra120.012627	Hyen D induces rapid plasma membrane blebbing followed by membrane rupture and necrotic cell death in HeLa cells.	direct_assay	live-cell time-lapse microscopy, SYTOX Green membrane-impermeant nuclear dye	Demonstrated only in HeLa cells at 1–2 μM; a prior study found cyO2 did not disrupt HeLa membranes at 1 μM using a calcein assay, and the authors attribute the discrepancy to different evaluation methods.
doi__10.1074_jbc.ra120.012627	The cytotoxic potency of cyclotides from H. enneaspermus correlates with their membrane-binding affinity (P/Lmax in SPR), suggesting the cytotoxicity mechanism is mediated by lipid membrane binding.	indirect	surface plasmon resonance (SPR), cytotoxicity assay (CC50)	Correlation does not establish causation; hyen E displays the lowest P/Lmax yet has the slowest dissociation rate, indicating P/Lmax alone does not fully explain potency differences.
doi__10.1074_jbc.ra120.012627	The bioactive patch of cyclotides (formed by Glu-6/7 and adjacent residues) mediates specific recognition of phosphatidylethanolamine headgroups on the membrane.	inferred		Directly demonstrated only for the Möbius cyclotide kB1 via prior mutagenesis studies (cited); applied to bracelet hyen cyclotides by structural analogy and homology modeling, not by direct mutagenesis in this study.
doi__10.1074_jbc.ra120.012627	The hydrophobic patch on the cyclotide surface is responsible for membrane insertion and is essential for cytotoxic activity.	inferred		Not directly tested by mutagenesis in this study; inferred from prior kB1 mutagenesis studies and from the observed lack of cytotoxicity in hyen C, which has a smaller hydrophobic patch.
doi__10.1074_jbc.ra120.012627	Positively charged residues, particularly two in loop 5 and one in loop 6 of bracelet cyclotides, facilitate peptide–membrane interactions and contribute to cytotoxic potency.	inferred		Not directly tested by mutagenesis in this study; inferred from sequence–activity comparisons across cyclotides with different net charges and from prior literature; net charge is one of several contributing factors.
doi__10.1074_jbc.ra120.012627	The amphiphilic nature of cyclotides (combination of a hydrophobic patch and positively charged residues) modulates their membrane-binding properties, underpinning cytotoxic potency.	inferred		Amphiphilicity is inferred from structural homology models and electrostatic surface calculations, not directly measured; the relative contribution of the hydrophobic versus electrostatic components was not quantitatively dissected.
doi__10.1074_jbc.ra120.012627	Anionic phospholipids (POPS) facilitate cyclotide binding to membranes, potentially through electrostatic attraction, as shown by a slight increase in P/Lmax and decrease in KD for cyO2, hyen D, and hyen L on POPC/POPE/POPS membranes.	direct_assay	surface plasmon resonance (SPR) with POPC/POPE/POPS (60:20:20) model membranes	The enhancement effect was described as slight; the electrostatic mechanism is proposed but not directly proved; tested for only three cyclotides.
doi__10.1074_jbc.ra120.012627	At cytotoxic concentrations (0.5–1 μM), hyen D primarily binds to and compromises cell membranes, while at a sublethal concentration (0.25 μM), most hyen D is internalized into cells through endosomes.	direct_assay	flow cytometry with Trypan Blue quenching, confocal microscopy with Alexa Fluor 488-labeled peptide	Endosomal localization inferred from punctate fluorescence distribution in confocal images, not confirmed by co-localization with endosomal markers; whether internalized hyen D exerts additional intracellular activity is unknown.
doi__10.1074_jbc.ra120.012627	Hyen C lacks membrane-binding ability and cytotoxic activity because having Gln-6 (instead of Gly-6 as in kB1) disrupts PE-headgroup interaction, and its hydrophobic patch contains two fewer residues than kB1.	inferred	surface plasmon resonance (SPR)	The structural explanation is predicted from homology modeling and analogy to kB1 mutagenesis data ([G6A]kB1 loses PE binding); no mutagenesis of hyen C itself was performed; SPR confirmed absence of binding but did not resolve the molecular basis.
doi__10.1074_jbc.ra120.012627	Bracelet cyclotide cyO2 inserts into lipid bilayers using loops 2 and 3, whereas the Möbius cyclotide kB1 uses loops 5 and 6 for membrane insertion.	inferred		Based entirely on prior published studies (cited reference 24); not re-tested in this paper; applied here to rationalize the sequence differences between bracelet hyen cyclotides and kB1.
doi__10.1074_jbc.ra120.012627	Methylation of Glu and acetylation of Lys (loop 5) and Arg (loop 6) in the bracelet cyclotide cyO2 causes significant loss of cytotoxic, anthelmintic, and antibacterial activity, indicating that these bioactive-patch residues are critical for membrane-mediated activity.	inferred		Data originate from prior published studies (cited references 67–69), not generated in this paper; cited to support the importance of the bioactive patch in bracelet cyclotides by analogy to hyen D.
doi__10.1080_08927014.2017.1370087	KR-12-a5 adopts an α-helical conformation when in a membrane-mimicking (LPC) environment, and its higher antimicrobial activity relative to hBD-3–1CV (which shows a more disordered structure in LPC) suggests that α-helical secondary structure is required for potent antimicrobial activity.	indirect	circular dichroism spectroscopy	Relationship between helicity and MIC/MBC is correlational across only three peptides; no direct membrane disruption assay was performed; CD was measured in LPC solution, not actual bacterial membranes.
doi__10.1080_08927014.2017.1370087	The net positive charge of KR-12-a5 attracts it electrostatically to the anionic bacterial cell surface (which contains acidic phospholipids, LPS, teichoic acids, and lipoteichoic acids), while sparing mammalian cells whose membranes are composed of zwitterionic phosphatidylcholine and sphingomyelin.	inferred		Inferred from known membrane biochemistry (citing Matsuzaki 2009) and supported circumstantially by differential cytotoxicity data (MTT vs. MIC); no direct membrane-binding or surface-charge interaction assay was performed in this study.
doi__10.1080_08927014.2017.1370087	The amphipathic α-helical structure of KR-12-a5, combined with its net positive charge, enables penetration through microbial membranes as the basis for its antimicrobial mechanism.	inferred		Mechanism attributed by citing Brogden 2005 and supported indirectly by CD data showing α-helix in LPC; no membrane permeabilization or pore-formation assay was performed in this study.
doi__10.1080_08927014.2017.1370087	KR-12-a5 has high LPS-binding and neutralizing activity, which enhances its ability to control Gram-negative bacterial infection.	indirect		Cited entirely from Jacob et al. 2013; the LPS-binding assay was not performed in the present study.
doi__10.1080_08927014.2017.1370087	KR-12-a5 causes membrane compromise (loss of membrane integrity) in E. faecalis and S. mutans within dentin biofilms, as evidenced by propidium iodide uptake in LIVE/DEAD staining, with efficacy increasing with concentration.	indirect	membrane permeabilization (LIVE/DEAD BacLight CLSM with propidium iodide)	Propidium iodide uptake indicates membrane permeability loss but cannot distinguish primary membrane disruption from secondary membrane degradation following killing by another intracellular mechanism; assay performed on preformed 7-day biofilms in dentin, limiting generalizability to planktonic conditions.
doi__10.1080_08927014.2017.1370087	A delicate balance between net positive charge and hydrophobicity in KR-12-a5 (net charge +5, 42% positive residues, highest hydrophobic angle among KR-12 analogs) underlies its optimal antimicrobial activity.	inferred		Inferred from correlation of RP-HPLC retention time and net charge parameters with MIC/MBC outcomes; no experiments directly manipulating charge or hydrophobicity were performed in this study; citing Jacob et al. 2013 and Rosenfeld et al. 2010 for the mechanistic rationale.
doi__10.1080_14786419.2019.1644636	The esculentin-2 HYba peptides adopt an amphipathic alpha-helical conformation with segregation of hydrophobic and polar residues to opposite faces of the helix, a structural feature invoked to predict their antimicrobial functional roles.	inferred		Secondary structure determined solely by computational prediction (PSIPRED, JPred4) and helical wheel projection; no experimental structure determination (e.g., CD, NMR) or direct membrane-interaction assay (e.g., lipid vesicle leakage, membrane depolarization) is reported; the inference that amphipathic helix drives mechanism is implicit, not argued in the text.
doi__10.1080_14786419.2019.1644636	The C-terminally amidated analogs (E2/1-NH2, E2/2-NH2) achieve complete bacterial killing at their MIC within 10–15 minutes, indicating rapid bactericidal activity that is consistent with a membrane-disruptive mechanism.	indirect	killing kinetics (time-kill assay at MIC and sub-MIC against S. aureus MTCC 9542 and V. cholerae MCV09)	Speed-of-kill data characterise the rate of activity but do not identify the molecular target; no permeabilization, ion-channel, or intracellular-target assay is included; the mechanistic interpretation (membrane disruption) is not stated in the paper—it is a common inference from rapid kill kinetics in AMP literature.
doi__10.1038_s41586-019-1665-6	Compound 8 engages BamA (outer membrane beta-barrel assembly protein) as a target, evidenced by the selective emergence of a bamA D703Y resistance mutation in K. pneumoniae during serial passage with compound 8 but not during parallel passages with colistin.	indirect		Evidence is genetic (whole-genome sequencing of resistant mutants); direct physical binding to BamA is not demonstrated in the provided text; other co-occurring mutations (phoQ, arnC, envZ, rne, yiaV, wbgU, pqiB) in the same resistant lineages may also contribute to the resistance phenotype.
doi__10.1038_s41586-019-1665-6	BamA is functionally required for compound 8 antibacterial activity: complementation of compound 8-resistant K. pneumoniae passage mutants (passages 8, 13, 16) with wild-type bamA significantly restores susceptibility to compound 8 (χ² p<0.01, V≥0.94), whereas introduction of the resistant bamA D703Y allele does not.	indirect		Genetic complementation supports BamA involvement but does not prove direct ligand–protein binding; MICs of colistin and meropenem were unaffected by bamA complementation, providing specificity controls; the passage 8 bamA-complementation result did not reach statistical significance (p>0.01), indicating the relationship is clearest at later, higher-resistance passages.
doi__10.1038_s41586-019-1665-6	Lipid A modification via the PhoP/Q regulatory pathway (phoQ mutations) and ArnC-mediated 4-amino-arabinose addition to lipid A (arnC mutations) contributes to acquired resistance to compound 8, implicating LPS/lipid A as a component of the compound's interaction with the outer membrane.	indirect		phoQ mutations also arise in colistin-selected K. pneumoniae passages, so this pathway is not unique to compound 8; phoQ/arnC mutations reduce susceptibility to both polymyxins and compound 8, which may reflect the colistin-ring (LPS-binding) chimeric component rather than a distinct MOA; no direct LPS-binding measurements are shown for compound 8 in this text.
doi__10.1038_s41586-019-1665-6	The chimeric peptides 3 and 4 permeabilize the outer and inner membranes of E. coli, as assessed by membrane-impermeant SYTOX-Green fluorescence dye uptake, release of periplasmic β-lactamase (detected with CENTA substrate), and release of cytoplasmic β-galactosidase (detected with ONPG substrate).	direct_assay	membrane permeabilization (SYTOX-Green fluorescence), outer-membrane disruption (periplasmic β-lactamase/CENTA release assay), inner-membrane disruption (cytoplasmic β-galactosidase/ONPG release assay)	Quantitative results are presented in Extended Data Figure 3, not reproduced in the provided text; both a PMB-susceptible strain (E. coli ATCC 25922) and a PMB/colistin-resistant strain (E. coli 926415) were included, but the outcome for the resistant strain cannot be assessed from the text excerpt; degree of permeabilization relative to polymyxin B1 comparator is not stated in the text.
doi__10.1038_s41586-019-1665-6	Compounds 3 and 4 inhibit macromolecular biosynthesis in E. coli, with the profile across DNA, protein, RNA, and cell wall synthesis measured by radiolabeled precursor incorporation to identify the primary biosynthetic target.	direct_assay	macromolecular synthesis inhibition ([³H]-thymidine for DNA, L-[³H]-leucine for protein, [³H]-uridine for RNA, N-[³H]-acetyl-glucosamine for cell wall peptidoglycan)	Quantitative results are in Extended Data Figure 2, not provided in the text; the identity of the predominantly inhibited pathway and whether inhibition is primary (direct) or secondary (consequent to outer-membrane disruption) cannot be determined from the text excerpt alone.
doi__10.1038_s41586-019-1665-6	Antibacterial activity of chimeric compounds 3 and 4 against E. coli ATCC 25922 is modulated by extracellular Mg²⁺ concentration (2 mM versus 20 µM in BM2 minimal medium), paralleling the Mg²⁺-dependent activity of polymyxin B2, consistent with an LPS-binding mechanism that is sensitive to Mg²⁺-induced lipid A remodeling.	indirect		MIC values at different Mg²⁺ concentrations are tabulated in Table S2e but numerical data are not reproduced in the text excerpt; the mechanistic interpretation (Mg²⁺ induces LPS modification that reduces polymyxin-class binding) is inferred by analogy to the established polymyxin mechanism rather than demonstrated directly for the chimeras.
doi__10.1093_abbs_gmx023	Temporin-GHa–GHd severely disrupt the cell wall and cell membrane of E. coli and S. aureus, leading to final cell lysis, as evidenced by rough, crimpled, and collapsed bacterial morphology observed by scanning electron microscopy after 1 h treatment at 10× MIC.	direct_assay	scanning electron microscopy	SEM reveals morphological damage but does not measure membrane permeabilization, ion leakage, or membrane depolarization at the molecular level; only two bacterial species tested; high peptide concentration (10× MIC) used; no time-course to establish sequence of events.
doi__10.1093_abbs_gmx023	The mechanism of temporin-GHa–GHd against bacteria may involve disruption of the cell wall and cell membrane.	inferred		Authors explicitly use 'may involve' language; inference based solely on SEM morphological data with no mechanistic assays (membrane permeabilization, fluorescent dye leakage, depolarization); SEM cannot distinguish primary target from secondary collapse.
doi__10.1093_abbs_gmx023	Antimicrobial activity of temporin-GHa–GHd is mediated at least partly through electrostatic interactions with the bacterial membrane, as activity is reduced approximately 18% by physiological NaCl (0.15 M) and does not decrease further up to 2 M NaCl.	indirect		Salt effect is modest (~18% reduction); NaCl could alter peptide conformation rather than specifically disrupting electrostatic binding; no direct binding assay performed; activity is never abolished, leaving open alternative mechanisms.
doi__10.1093_abbs_gmx023	Temporin family AMPs react directly with bacterial cell membranes, making it difficult for microorganisms to develop resistance.	inferred		Applied to temporin-GHa–GHd by family association citing external reference [25]; not directly demonstrated for these specific peptides; no resistance-evolution experiments performed in this study.
doi__10.1093_abbs_gmx023	AMPs (as a class, including the peptides studied) attach to anionic bacterial cell walls via electrostatic interaction and insert into phospholipid membranes to disrupt and lyse microorganisms.	hypothesis		General class mechanism cited from literature (ref [9]); not directly demonstrated experimentally for these specific temporin-GH peptides; applied as contextual background, not a primary finding of this study.
doi__10.1093_abbs_gmx023	AMPs may also exert antimicrobial action by interfering with intracellular processes including DNA duplication, protein translation and folding, cell wall synthesis, and metabolic turnover.	hypothesis		Cited from general AMP literature (ref [10]) as alternative mechanism class; not tested or assayed for any of the peptides in this study.
doi__10.1093_abbs_gmx023	An α-helical secondary structure is not required for the antimicrobial activity of temporin-GHb, which is predicted to contain zero α-helix content yet retains potent broad-spectrum antimicrobial activity comparable to or stronger than the α-helix-containing temporins.	inferred		Secondary structure is computationally predicted (HNN method), not experimentally determined by CD spectroscopy or NMR; authors acknowledge it is unclear whether the lack of α-helix or the two specific amino acid substitutions (Leu2→Ile, Gln3→His) drives the activity difference; prediction may not reflect structure in membrane-mimetic or bacterial environments.
doi__10.1128_aem.00548-09	Mycosubtilin induces complete disruption of the transmembrane electrical potential (ΔΨ) in Candida albicans, as demonstrated by significant fluorescence signal release from DiSC3(5)-loaded cells upon addition of 10 µM mycosubtilin, with no additional signal upon subsequent valinomycin addition.	direct_assay	membrane potential disruption (DiSC3(5) fluorescence assay)	Single reference strain tested (C. albicans ATCC 10231); single concentration used (10 µM); mechanism inferred from potential collapse, not directly visualized at molecular level
doi__10.1128_aem.00548-09	Mycosubtilin causes formation of transmembrane pores in C. albicans, as suggested by extensive cell leakage of UV-absorbing molecules (proteins and nucleic acids).	indirect	cell leakage assay (UV-absorbing molecule release)	Pore formation is inferred from leakage data, not directly demonstrated; single strain tested
doi__10.1128_aem.00548-09	For iturin A, a closely related iturinic lipopeptide to mycosubtilin, a membrane pore-forming mode of action has been suggested for Saccharomyces cerevisiae spheroplasts, and mycosubtilin is assumed to share this mechanism.	inferred		This claim is based on a cited study of iturin A, not mycosubtilin itself; extrapolation across related lipopeptides is stated by analogy only
doi__10.1128_aem.00548-09	The moderate effectiveness of anteiso-C17 mycosubtilin against sterol-auxotrophic C. glabrata isolates may be explained by free ergosterol in the culture medium acting as a strong iturin antagonist.	hypothesis		Proposed as an explanation based on known ergosterol-iturin antagonism from literature; not directly tested in this study
doi__10.1128_aem.00548-09	Antifungal activity of mycosubtilin increases with the number of carbon atoms in the acyl chain, making the C17 homologue more active than shorter-chain isoforms.	inferred		Attributed to a cited PhD thesis (Hhid 1996); not experimentally demonstrated in this paper for the anteiso-C17 isoform specifically
doi__10.1128_aac.27.5.791	Microcin 7 inhibits protein biosynthesis in susceptible E. coli, as measured by reduced incorporation of labeled leucine into TCA-precipitable macromolecules.	direct_assay	radiolabeled leucine incorporation (TCA precipitation), pulse-labeling incorporation rate	Assay performed at MIC in one susceptible strain (E. coli GS7T1); bacteriostatic concentration only; short-term lag before inhibition observed
doi__10.1128_aac.27.5.791	Microcin 7 does not inhibit DNA synthesis, as incorporation of radiolabeled thymine into TCA-precipitable material was unaffected at the MIC.	direct_assay	radiolabeled thymine incorporation (TCA precipitation)	Single strain and concentration tested; assay tracks bulk DNA synthesis, not replication fidelity
doi__10.1128_aac.27.5.791	Microcin 7 does not inhibit RNA synthesis, as incorporation of radiolabeled uridine into TCA-precipitable material and the pulse-labeled uridine incorporation rate were unaffected.	direct_assay	radiolabeled uridine incorporation (TCA precipitation), pulse-labeling incorporation rate	Single strain and concentration; does not distinguish rRNA, mRNA, or tRNA pools
doi__10.1128_aac.27.5.791	Microcin 7 apparently stimulates cell wall synthesis, as incorporation of radiolabeled diaminopimelic acid into SDS-insoluble material increased in treated cells.	direct_assay	radiolabeled diaminopimelic acid incorporation (SDS-insoluble fraction)	Authors note this is 'apparent' stimulation; attributed to indirect secondary effect of protein synthesis inhibition in a relA strain rather than a primary action on cell wall machinery
doi__10.1128_aac.27.5.791	The stimulation of cell wall synthesis by microcin 7 is a secondary consequence of protein synthesis inhibition acting through stringent control in relA strains, not a direct effect on cell wall biosynthesis.	inferred		Inference based on published literature on relA phenotype; not directly tested in this paper; relA status of GS7T1 not explicitly confirmed
doi__10.1128_aac.27.5.791	Microcin 7 does not block leucine transport into the cell, as treated cells transported radiolabeled leucine at the same rate as controls and retained comparable intracellular leucine levels.	direct_assay	radiolabeled leucine transport assay (filter-capture)	Assay performed at twice the MIC concentration used in incorporation experiments; transport tested after 20 min pre-incubation, not kinetically from time zero
doi__10.1128_aac.27.5.791	Microcin 7 likely acts at an intracellular target, as a lag period before protein synthesis inhibition is observed that shortens when cell density is lowered or peptide concentration is raised, consistent with time needed to accumulate sufficient intracellular peptide.	inferred		Intracellular accumulation was not directly measured; the lag could alternatively reflect a multistep extracellular or membrane-associated process
doi__10.1128_aac.27.5.791	Unlike most peptide antibiotics and colicins, microcin 7 does not disrupt the cell membrane permeability barrier, because it selectively inhibits only protein synthesis while leaving DNA, RNA, and cell wall biosynthesis intact.	inferred		No direct membrane permeability assay (e.g., dye leakage, membrane potential) was performed; selectivity of inhibition is used as a proxy; membrane disruption at higher concentrations was not tested
doi__10.1128_aac.27.5.791	Microcin 7 is bacteriostatic rather than bactericidal at its MIC, as treated cells retained viability for at least 8 hours in the presence of the peptide.	direct_assay	colony-forming unit viability assay	Only tested at one concentration (MIC) and up to 8 h; higher concentrations or longer exposures not reported
doi__10.1172_jci2410	hBD-2 demonstrates broad-spectrum antibacterial activity against gram-negative and gram-positive organisms, with MICs of 62 µg/ml for E. coli, P. aeruginosa, and S. aureus, and 15 µg/ml for E. faecalis.	direct_assay	broth microdilution MIC assay, agarose diffusion assay	Tested only under low-salt, half-strength Mueller-Hinton broth conditions; recombinant baculovirus-derived peptide used, not native purified form
doi__10.1172_jci2410	The antibacterial activity of hBD-2 against E. coli is salt-sensitive, diminishing eightfold when NaCl concentration is increased from 20 mM to 150 mM.	direct_assay	broth microdilution assay with titrated NaCl concentrations	Tested only against E. coli D31; salt sensitivity of activity against other organisms not directly measured
doi__10.1172_jci2410	hBD-2 acts synergistically with lysozyme against E. coli, P. aeruginosa, and E. faecalis, with MICs decreased two- to fourfold in the presence of non-bacteriostatic concentrations of lysozyme.	direct_assay	broth microdilution MIC assay with combinatorial peptide/protein treatment	Mechanism of synergy not characterized; non-bacteriostatic concentrations of lysozyme used, so the contribution of lysozyme alone is excluded but the interaction mechanism is unexplained
doi__10.1172_jci2410	hBD-2 acts synergistically with lactoferrin against E. coli and S. aureus, with MICs decreased two- to fourfold in the presence of non-bacteriostatic concentrations of lactoferrin.	direct_assay	broth microdilution MIC assay with combinatorial peptide/protein treatment	Mechanism of synergy not characterized; non-bacteriostatic concentrations of lactoferrin used
doi__10.1172_jci2410	hBD-2 may be inactivated in the high-salt environment of cystic fibrosis airway surface fluid, analogous to hBD-1, potentially contributing to impaired innate immunity in CF.	inferred		Described as speculative by the authors; CF-specific salt elevation is itself disputed; no direct measurement of hBD-2 activity in CF airway surface fluid was performed
doi__10.1128_aac.49.6.2438-2444.2005	Antimicrobial peptides, including hLF1-11, are thought to have a diminished tendency to induce resistance because of the evolutionary difficulty bacteria face in altering their membrane structure.	inferred		Claim is made for the class of antimicrobial peptides generally and attributed to cited references (Hancock 1997); not directly tested for hLF1-11 in this study.
doi__10.1128_aac.49.6.2438-2444.2005	At very low systemic dosages, hLF1-11 reduces bacterial load primarily through an immune-inciting (immunomodulatory) effect rather than direct killing.	indirect		This mechanism was presumed by Nibbering et al. (2001) in a mouse thigh infection model and is cited here; not directly demonstrated in the current rabbit osteomyelitis study. The paper uses 'presumed' language.
doi__10.1128_aac.49.6.2438-2444.2005	At higher local concentrations, hLF1-11 exerts a direct bacterial killing effect, which is presumed to account for its efficacy in the prophylactic rabbit osteomyelitis model.	inferred		Presumed based on the authors' own prior prophylactic study (Stallmann et al. 2004, ref 21); the direct killing mechanism is not assayed in the current therapeutic study. The paper uses 'presumed' language.
doi__10.1128_aac.49.6.2438-2444.2005	In the current therapeutic model, both direct bacterial killing (at high local concentrations in the tibia) and immune-inciting activity (from low systemic concentrations via the bone-serum gradient) may have acted simultaneously to reduce MRSA burden.	hypothesis		Explicitly speculative; authors state 'more pharmacokinetic studies are required to elucidate the mechanism of action in this model.' No pharmacokinetic or immunological assays were performed in this study to test either mechanism.
doi__10.1134_s1068162024030087	The antibacterial action of AmBRI-44a is associated with inhibition of bacterial cell wall biosynthesis, as indicated by genetic and phenotypic analysis of selected AmBRI-44a-resistant Bacillus licheniformis B-511.	indirect		No direct biochemical assay of cell wall biosynthesis (e.g., lipid II binding, radiolabeled precursor incorporation) was performed; the conclusion is inferred from resistance-selection genetics (WalK R217S mutation) and cross-resistance profiling, not a direct mechanistic experiment.
doi__10.1134_s1068162024030087	AmBRI-44a does not act primarily through disruption of the cytoplasmic membrane, as evidenced by the successful selection of stably resistant bacterial strains—an outcome not possible for membrane-disrupting AMPs.	indirect		Membrane non-disruption is inferred from the resistance-selection outcome and narrow spectrum; no direct membrane permeabilization assay (e.g., SYTOX Green uptake, liposome leakage) was performed to formally exclude a membrane component.
doi__10.1134_s1068162024030087	A mutation (R217S) in the HAMP domain of the WalK histidine kinase—a regulator of cell wall biosynthesis in Gram-positive bacteria—confers stable resistance to AmBRI-44a, implying AmBRI-44a targets a process controlled by the WalK/WalR two-component system.	indirect		The R217S mutation was identified by whole-genome sequencing of the resistant strain; causal sufficiency was not verified by allelic exchange or complementation. A second mutation (V375A in TgpA) was also found but considered unlikely to be the key driver.
doi__10.1134_s1068162024030087	AmBRI-44a likely targets a cell-surface component of the cell wall (e.g., lipid II or a related structural element) rather than the intracellular domain of WalK directly, because the peptide's mass (>5 kDa) would prevent membrane penetration to reach the cytoplasmic HAMP domain.	hypothesis		This is explicitly presented as the authors' preferred hypothesis; no direct binding or docking experiments to lipid II or other cell-wall components were conducted in this study.
doi__10.1134_s1068162024030087	Cross-resistance of the AmBRI-44a-resistant B. licheniformis strain specifically to vancomycin and nisin—but not to membrane-disrupting AMPs (LL-37, tachyplesin-1) or other antibiotics—supports a mechanism involving binding to lipid II or inhibition of a shared cell-wall biosynthesis step.	indirect		Cross-resistance pattern is consistent with shared pathway perturbation but does not prove a shared molecular target; the WalK mutation affects a regulatory kinase upstream of lipid II synthesis, so the cross-resistance could reflect a regulatory adaptation rather than target overlap.
doi__10.1134_s1068162024030087	The activity of AmBRI-44a against Candida albicans at relatively high MIC (16 µM) likely reflects a nonspecific effect on eukaryotic membranes rather than a specific mechanism.	inferred		Attributed by analogy to observations with other defensin-like peptides of animal origin; no membrane permeabilization or target-identification experiments were performed for the antifungal activity.
doi__10.1128_aem.02940-05	Enterocins MR10A and MR10B exhibit synergistic antibacterial activity when combined, as demonstrated by increased inhibitory activity in fractions containing both peptides compared to individual fractions.	indirect		Data not shown; synergy inferred from rising AU across purification steps concentrating both peptides together, not from a controlled head-to-head assay of individual vs. combined peptides; no mechanistic basis for synergy determined.
doi__10.1128_aem.02940-05	The antimicrobial activity of enterocin MR10 is mediated by a peptide mechanism rather than a hydrogen-peroxide or small-molecule mechanism, as activity is completely abolished by trypsin and Streptomyces griseus/Aspergillus oryzae proteases but is unaffected by catalase.	indirect	protease sensitivity assay, catalase sensitivity assay	Confirms peptide nature and rules out H2O2 as the active agent, but does not identify the downstream cellular target or killing mechanism.
doi__10.1128_aem.02940-05	MR10A and MR10B are cationic (predicted pI ~10) and highly hydrophobic peptides, properties consistent with membrane-targeting activity typical of class II LAB bacteriocins.	inferred		Inferred solely from deduced amino acid composition and sequence similarity to enterocins L50A/B; no membrane permeabilization, ion-channel, or cytoplasmic membrane potential assay was performed.
doi__10.1128_aem.02940-05	By analogy to their closest relatives, enterocins L50A and L50B, MR10A and MR10B are proposed to act as two hydrophobic/cationic peptides that function synergistically against target cells.	inferred		Mechanistic attribution derived entirely from sequence homology to L50A/B; no independent MOA experiments conducted on MR10A/B; the analogy is weakened by the fact that MR10A/B differ from L50A/B in host species, genomic location, and activity spectrum (including partial Gram-negative activity).
doi__10.1128_aac.01515-10	Thrombin-derived C-terminal peptides (GKY25 and related variants) exert bactericidal effects against Gram-positive and Gram-negative bacteria mediated by membrane lysis.	direct_assay	membrane permeabilization (FITC impermeant probe fluorescence microscopy), scanning electron microscopy, liposome leakage (carboxyfluorescein release)	Membrane lysis stated as established in prior work; this paper provides corroborating direct assay data for GKY20/GKY25 specifically.
doi__10.1128_aac.01515-10	GKY25 and GKY20 permeabilize E. coli bacterial membranes, as demonstrated by intracellular uptake of the normally impermeant probe FITC.	direct_assay	membrane permeabilization (FITC impermeant probe fluorescence microscopy)	Single bacterial strain (E. coli ATCC 25922); single peptide concentration (30 µM); assay visualizes permeabilization but does not distinguish primary pore-formation from secondary membrane collapse.
doi__10.1128_aac.01515-10	GKY20 causes local perturbations and breaks in P. aeruginosa and S. aureus plasma membranes with extrusion of intracellular material into the extracellular space.	direct_assay	scanning electron microscopy	Morphological endpoint only; does not resolve kinetics or whether membrane disruption is the primary lethal event versus a secondary consequence.
doi__10.1128_aac.01515-10	GKY25 and GKY20 disrupt anionic (DOPE/DOPG) liposome membranes, inducing leakage of encapsulated carboxyfluorescein, indicating direct membrane-disruptive activity.	direct_assay	liposome leakage (carboxyfluorescein release fluorimetry)	Synthetic lipid model membranes; lipid composition (DOPE/DOPG 75:25) approximates bacterial but not mammalian membranes; does not recapitulate full membrane complexity.
doi__10.1128_aac.01515-10	LPS induces a conformational change toward α-helical structure in GKY25, GKY20, and VFR12, suggesting that helical folding upon LPS contact is part of the antimicrobial and LPS-binding mechanism.	direct_assay	CD spectroscopy	CD reports average secondary structure; helical induction by LPS does not establish that helicity is required for activity, only correlated with it.
doi__10.1128_aac.01515-10	Anionic liposomes induce significant helical conformation in GKY25 but not in GKY20 or VFR12, yet GKY25 and GKY20 show comparable membrane-disruptive activity, indicating that stable helix formation in lipid environments is not strictly required for membrane disruption.	direct_assay	CD spectroscopy, liposome leakage (carboxyfluorescein release fluorimetry)	Dissociation between helical content and leakage activity suggests helix induction may be a correlate rather than a prerequisite; mechanism bridging conformation and disruption is not directly resolved.
doi__10.1128_aac.01515-10	The lower membrane-disruptive potency of the shorter VFR12 relative to GKY25 and GKY20 likely reflects a higher entropic penalty for membrane insertion of the shorter peptide.	inferred	liposome leakage (carboxyfluorescein release fluorimetry)	Entropy penalty is not directly measured; interpretation is by analogy to published data on cardin consensus peptides; other explanations (reduced amphipathicity, charge) are not excluded.
doi__10.1128_aac.01515-10	Thrombin-derived peptides inhibit LPS-induced nitric oxide production in RAW 264.7 macrophages, indicating suppression of LPS-driven innate immune signaling.	direct_assay	macrophage nitric oxide production (Griess reaction)	Cell-line model (RAW 264.7); NO is a downstream reporter; mechanism of upstream signaling inhibition is not directly characterized in this paper.
doi__10.1128_aac.01515-10	Thrombin-derived peptides inhibit lipoteichoic acid (LTA)-induced nitric oxide production in RAW 264.7 macrophages, demonstrating activity against Gram-positive cell-wall pattern recognition signaling.	direct_assay	macrophage nitric oxide production (Griess reaction)	Same cell-line limitation; mechanism not resolved beyond downstream NO suppression.
doi__10.1128_aac.01515-10	Thrombin-derived peptides inhibit zymosan-induced nitric oxide production in RAW 264.7 macrophages, indicating immunomodulatory activity extending to fungal pattern recognition (dectin-1/TLR2 pathways).	direct_assay	macrophage nitric oxide production (Griess reaction)	Pathway not directly verified; zymosan activates multiple receptors and the specific receptor target of peptide action is unresolved.
doi__10.1128_aac.01515-10	The anti-inflammatory mechanism of GKY20 may involve direct binding to and neutralization of LPS, thereby blocking downstream TLR signaling.	hypothesis		Explicitly speculative ('may involve'); the finding that VFR12 binds LPS and adopts helical conformation in LPS yet lacks anti-inflammatory activity in the macrophage model indicates LPS binding alone is insufficient; mechanism remains unresolved.
doi__10.1128_aac.01515-10	Additional mechanisms beyond direct LPS binding contribute to the anti-endotoxin effects of GKY20/GKY25, possibly including interactions with host-cell receptors such as CD14, TLRs, or intracellular receptors.	hypothesis		No direct receptor-binding or receptor-blocking assay performed; proposed by exclusion (LPS-binding peptide VFR12 lacks anti-inflammatory activity, so LPS binding alone is insufficient); all candidate receptors are speculative.
doi__10.1128_aac.01515-10	GKY20 reduces systemic proinflammatory cytokines (IL-6, IFN-γ, TNF-α, MCP-1) and increases anti-inflammatory IL-10 in a murine LPS-shock model, indicating modulation of the host cytokine network as part of its protective mechanism.	direct_assay	plasma cytokine measurement (cytometric bead array)	Mouse model only; cytokine changes are downstream readouts and do not establish the molecular mechanism by which GKY20 alters cytokine production; peptide given 30 min post-LPS.
doi__10.1128_aac.01515-10	A minimum peptide length of approximately 19–20 amino acids is required for full anti-inflammatory (anti-endotoxin) activity, whereas shorter variants retain antimicrobial but not immunomodulatory function, implying that the two activities depend on distinct structural determinants.	indirect	macrophage nitric oxide production (Griess reaction), MIC assay, radial diffusion assay	Length cutoff is functional, not mechanistic; the structural basis for the length requirement (e.g., additional contacts with host receptors vs. higher-order LPS aggregate disruption) is not determined.
doi__10.1128_aac.01515-10	The two central lysine residues (K14 and adjacent K) flanking the evolutionarily conserved WI sequence are particularly important for antimicrobial activity, likely by providing cationic charge for initial electrostatic interaction with anionic bacterial membranes.	indirect	radial diffusion assay (K→S substitution series)	Electrostatic mechanism is inferred from the well-established paradigm for AMPs, not directly demonstrated here; K-to-S substitution simultaneously removes charge and alters structure/amphipathicity, confounding mechanistic interpretation.
doi__10.1172_jci115880	The amphipathic α-helical conformation of antimicrobial peptides may promote interaction with the bacterial membrane.	inferred		Inferred by analogy with other amphipathic helical proteins and antimicrobial peptides described in the literature; no direct membrane interaction assay performed in this paper.
doi__10.1172_jci115880	Both the α-helical and amphipathic structural motifs are required for antibacterial activity of C13, as amino acid substitutions designed to disrupt either feature abolished activity.	direct_assay	serum bactericidal assay with structural analogues (C13A disrupting α-helicity via proline substitutions; C13B disrupting amphipathicity via charge/hydrophobic residue exchange)	Activity was assessed only in NHS plus sub-MIC cefepime conditions; not tested in broth-based or heat-inactivated serum systems. Edmundson wheel projections were used to predict structural disruption but secondary structure was not directly confirmed by biophysical methods.
doi__10.1172_jci115880	β-Lactam antibiotic-altered bacteria may be more susceptible to antimicrobial peptides because, analogous to complement, the peptides require access to the bacterial inner membrane for bactericidal activity, and β-lactam modification of the outer membrane facilitates such access.	hypothesis		Explicitly framed as a hypothesis ('suggested that β-lactam-altered bacteria might be more susceptible to other agents, which in a mechanism similar to complement, need to gain access to the bacterial inner membrane'); no direct assay of inner-membrane access or permeabilization reported in this paper.
doi__10.1172_jci115880	The late components of the complement pathway (C8-dependent terminal complement complex) are essential for optimal antibacterial activity of peptide C18G in human serum.	direct_assay	serum bactericidal assay in C8-depleted sera vs. C8-replenished sera; heat-inactivated serum controls	Assay measures bacterial killing as endpoint, not a direct mechanistic readout of complement activation or pore formation; the molecular basis of complement potentiation of peptide activity remains stated as unclear.
doi__10.1172_jci115880	Peptide C18G promotes increased C5b-9 (terminal complement complex) deposition on bacteria.	direct_assay	C5b-9 deposition assay	Described as 'initial studies' and presented without quantitative data in this paper ('data not shown'); the molecular interaction between cefepime-altered bacterial cell, peptide, and complement is stated to remain unclear.
doi__10.1172_jci115880	Peptide C18G in combination with serum complement disrupts the bacterial outer membrane, resulting in access of the peptide and/or terminal complement components to critical sites in the bacterial cell envelope.	hypothesis		Explicitly labeled as 'a possible hypothesis'; no direct outer-membrane disruption assay (e.g., membrane permeabilization, electron microscopy) is reported in this paper.
doi__10.1172_jci115880	β-Lactam antibiotics, which affect the bacterial outer membrane, may augment peptide C18G-plus-complement-mediated killing in some bacterial strains by facilitating outer-membrane disruption.	inferred		Inferred from strain-dependent differences in cefepime enhancement of killing and from prior published work (reference 12) showing β-lactam-dependent C5b-9 deposition; no direct assay of outer-membrane integrity presented here.
doi__10.1172_jci115880	The mechanism by which peptide C18G acts together with serum complement does not involve stereospecific enzyme recognition or chiral receptors, as the all-D amino acid analogue C18X retains equivalent antibacterial activity both in vitro and in vivo.	indirect	serum bactericidal assay and neutropenic mouse protection experiment with all-D amino acid analogue C18X	Absence of stereospecificity rules out chiral receptor/enzyme involvement but does not identify the actual mechanistic target; in vitro data for C18X cited as 'data not shown'.
doi__10.1128_aac.46.11.3585-3590.2002	The antimicrobial activity of Ib-M peptides against E. coli depends on their net charge and hydrophobicity, as Flórez et al. deliberately altered these properties in the C-terminal domain of Ib-AMP4 to generate the Ib-M analog family with improved antimicrobial activity against non-pathogenic E. coli.	inferred		No mechanistic assay is described; the claim is an inference from a rational-design statement. The dedicated MOA section (1.2.1) and the Results/Discussion sections (5–6) are absent from the provided text, so the paper's full mechanistic account is not available for extraction.
doi__10.1128_aac.46.11.3585-3590.2002	Ib-AMP family peptides (parent class of Ib-M) are cationic and highly basic with two disulfide bridges, structural features the paper associates with their antimicrobial function.	inferred		Described as structural properties only; no assay links these features to a specific killing mechanism in the provided text. Causal connection to MOA is implicit, not stated.
doi__10.1128_aac.46.11.3585-3590.2002	Antimicrobial peptides (class including Ib-M) have a low probability of inducing resistance, which the paper attributes to a property of their mechanism of action distinct from that of conventional antibiotics.	hypothesis		Cited to Pereira 2006 without further mechanistic elaboration in the provided text; no resistance-development assay is reported for Ib-M specifically.
doi__10.1186_s40538-025-00751-9	Most AMPs exert antimicrobial effects by directly targeting and rupturing pathogen cell membranes.	indirect		Cited from prior literature (ref [9]); no membrane-disruption assay performed in this study; not tested for cAMP_1 or cAMP_2.
doi__10.1186_s40538-025-00751-9	A small subset of AMPs enter the cytoplasm to disrupt cellular processes rather than acting on the membrane.	indirect		Cited from prior literature (ref [9]); not investigated experimentally for any peptide in this study.
doi__10.1186_s40538-025-00751-9	A higher net positive charge enhances electrostatic interactions between AMPs and the negatively charged components of microbial membranes, thereby increasing antibacterial activity.	inferred		Inferred from comparative physicochemical analysis of AMP vs. NAMP datasets (higher isoelectric points in AMPs) and prior literature (ref [25]); not directly tested for cAMP_1 or cAMP_2 via any membrane-interaction assay.
doi__10.1186_s40538-025-00751-9	Increasing the proportion of hydrophobic amino acids in an AMP can significantly enhance its antibacterial activity, as demonstrated by substituting lysine with isoleucine at positions 20 and 27 in PMAP-37 (K20/27-I), which inhibited bacterial growth and showed therapeutic effects in infected mice.	indirect		Based entirely on cited prior work (ref [58]) on a different peptide (PMAP-37); not tested for cAMP_1 or cAMP_2.
doi__10.1186_s40538-025-00751-9	AMPs adopt an unordered structure in aqueous solution but, upon entering a membrane environment, form highly stable α-helical secondary structures that interact with phospholipid molecules and facilitate passage through bacterial membranes.	inferred		Inferred from secondary-structure comparative analysis of AMP vs. NAMP datasets and prior literature; no lipid-interaction or membrane-permeability assay was performed in this study; not specifically demonstrated for cAMP_1 or cAMP_2.
doi__10.1186_s40538-025-00751-9	The three-dimensional conformation of AMPs is essential for their interactions with microbial membranes and intracellular targets.	hypothesis		Stated as a general principle in the Discussion to motivate future structure-based modelling; no structural or target-binding experiments were conducted in this study.
doi__10.1186_s13568-021-01226-4	Iturin A rapidly enters HepG2 cells, enabled by its amphiphilic structure (hydrophobic fatty acid chain plus hydrophilic cyclic peptide).	direct_assay	fluorescence microscopy with CFNSE-labeled iturin A (cellular uptake within 10 min)	CFNSE conjugation may alter iturin A physicochemical properties; internalization mechanism (passive diffusion vs. endocytosis) not determined
doi__10.1186_s13568-021-01226-4	Iturin A causes an intracellular reactive oxygen species burst in HepG2 cells.	direct_assay	DCFH-DA ROS fluorescence assay (in vitro); ROS fluorescence staining of frozen tumor sections (in vivo)	DCFH-DA is not ROS-species-specific; whether ROS burst is causally upstream or downstream of other death signals not established
doi__10.1186_s13568-021-01226-4	Iturin A disrupts the HepG2 cell cycle, causing G2/M phase arrest and a decrease in the S phase fraction.	direct_assay	PI-based flow cytometry cell cycle analysis	Molecular targets responsible for G2/M arrest (e.g., checkpoint kinases, cyclins) not identified
doi__10.1186_s13568-021-01226-4	Iturin A induces apoptosis in HepG2 cells, predominantly at the early apoptotic stage.	direct_assay	Annexin V-FITC/PI dual-staining flow cytometry	Late apoptotic and necrotic populations overlap; the apoptotic trigger upstream of phosphatidylserine externalization not directly shown in vitro
doi__10.1186_s13568-021-01226-4	Iturin A induces apoptosis in HepG2 xenograft tumors via the intrinsic mitochondrial pathway, involving Bax upregulation, Bcl-2 downregulation, cytochrome C release, and activation of caspase-9 and caspase-3.	direct_assay	immunoblot/immunohistochemistry for Bax, Bcl-2, cytochrome C; colorimetric caspase-3 and caspase-9 activity assays on tumor lysates	Measured in excised tumor tissue only (in vivo), not confirmed in vitro in HepG2 cells with equivalent assays; upstream activator of Bax/Bcl-2 axis not identified
doi__10.1186_s13568-021-01226-4	Iturin A induces paraptosis in HepG2 cells, characterized by cytoplasmic vacuolization and swelling of mitochondria and endoplasmic reticulum.	direct_assay	optical microscopy (vacuole detection); transmission electron microscopy (ultrastructural swelling of mitochondria and ER)	Paraptosis identified solely on morphological criteria; molecular markers (e.g., AIP1/Alix) not used; paraptosis was not observed in vivo, attributed to indirect drug–cell contact in the tumor microenvironment
doi__10.1186_s13568-021-01226-4	Iturin A induces autophagy in HepG2 cells and in xenograft tumors, evidenced by autophagosome formation and increased LC3-II with decreased p62.	direct_assay	transmission electron microscopy (autophagosome detection, in vitro); immunoblot for LC3-II and p62 (in vivo tumor tissue)	Autophagic flux (i.e., completion to autolysosome) not confirmed with flux inhibitors; whether autophagy is cytoprotective or pro-death in this context not determined
doi__10.1186_s13568-021-01226-4	The fatty acid chain of iturin A is essential for its anticancer activity; the peptide ring alone has no effect on HepG2 cell proliferation.	direct_assay	MTT cell viability assay comparing intact iturin A vs. synthetic peptide fragment (no fatty acid chain) across 5–100 µM	Synthetic peptide sequence (Asn-Tyr-Asn-Gln-Pro-Asn-Ser) lacks the D-amino acid configuration of native iturin A, potentially confounding the comparison; mechanism by which the fatty acid chain confers activity (membrane partitioning, receptor binding, etc.) not resolved
doi__10.1186_s13568-021-01226-4	Iturin A downregulates TGF-β1 expression in xenograft tumor tissue, suggesting inhibition of epithelial-mesenchymal transition and suppression of tumor immune escape.	direct_assay	fluorescence immunohistochemistry for TGF-β1 in tumor sections	The downstream immunological consequences (T cell differentiation, dendritic cell function) were not directly measured; immune escape suppression is inferred from the literature, not demonstrated functionally
doi__10.1186_s13568-021-01226-4	Iturin A downregulates PD-L1 expression in xenograft tumor tissue, potentially reducing T cell suppression and tumor immune escape.	indirect	fluorescence immunohistochemistry for PD-L1 in tumor sections	Reduction in PD-L1 did not reach statistical significance (p > 0.05); T cell functional activity and PD-1/PD-L1 axis disruption not directly assayed
doi__10.1186_s13568-021-01226-4	Iturin A promotes tumor-infiltrating lymphocyte accumulation in xenograft tumors, indicating improvement of the tumor immune microenvironment.	direct_assay	H&E histopathology of tumor sections	Lymphocyte subtypes (CD4+, CD8+, Treg, NK) not characterized; functional cytotoxic activity of infiltrating lymphocytes not measured
doi__10.1186_s13568-021-01226-4	The amphiphilic character of iturin A is speculated to be the primary mechanism enabling its anticancer activity, by facilitating membrane interaction and intracellular entry.	hypothesis		Proposed by authors based on analogy to other lipopeptides and the fatty-acid-deletion experiment; membrane interaction, receptor engagement, or endosomal escape not directly characterized for iturin A in cancer cells
doi__10.1186_1471-2407-9-183	Cationic antimicrobial peptides with antitumor activity induce lysis of cancer cells through direct interactions with the plasma membrane.	indirect		Stated as established background from cited literature; no direct membrane-disruption assay performed in this study; mechanism inferred from prior work.
doi__10.1186_1471-2407-9-183	CAPs selective for cancer cells act via a non-receptor-mediated pathway.	inferred		Asserted as known background; no receptor-blocking or competition experiments performed in this study to demonstrate it.
doi__10.1186_1471-2407-9-183	Most CAPs selective for cancer cells interact with the target membrane through the 'carpet model', wherein the peptides align parallel to the outer membrane surface and permeate it after a threshold peptide concentration is reached.	inferred		Cited from external literature; not experimentally tested or verified in this study.
doi__10.1186_1471-2407-9-183	Some CAPs trigger apoptosis in cancer cells via disruption of the mitochondrial membrane.	inferred		Attributed generically to 'some CAPs' and cited from external literature; not tested in this study.
doi__10.1186_1471-2407-9-183	LfcinB induces cell death in tumor cells by targeting the plasma membrane and, following internalization, disrupting the mitochondria.	indirect		Based on the authors' own prior publications (ref [8]), not demonstrated by any assay conducted in this study.
doi__10.1186_1471-2407-9-183	The cationic nature of CAPs facilitates their initial interaction with target cancer cells through electrostatic attraction to negatively charged molecules in the plasma membrane.	inferred		Chemical inference from peptide charge properties; no direct binding or electrostatic assay performed in this study.
doi__10.1186_1471-2407-9-183	LfcinB binds to glycosaminoglycans, with higher affinity for heparan sulfate than for chondroitin sulfate.	indirect		Cited from the authors' own prior work (ref [40]); binding affinity measurements not reproduced in this study; relied upon as a premise for the present study's interpretation.
doi__10.1186_1471-2407-9-183	Cell surface heparan sulfate sequesters CAPs (LfcinB and KW5) away from the phospholipid bilayer, thereby preventing them from reaching the membrane and impeding their ability to induce cytolysis.	inferred		Sequestration is a proposed model inferred from cytotoxicity outcomes (MTT assay); no direct visualization of peptide localization relative to HS or membrane was performed; heparitinase enzyme-removal experiments were conducted but yielded inconsistent results and are not reported as supporting data; the mechanism is supported indirectly by: enhanced killing of GAG-deficient CHO pgsA-745 cells, sodium chlorate sulfation-reduction enhancing cytotoxicity, exogenous heparin (but not CS) inhibiting cytotoxicity, and greater LfcinB potency against HS-negative vs. HS-positive lymphoma cell lines.
doi__10.1186_1471-2407-9-183	Chondroitin sulfate does not substantially inhibit the cytotoxic activity of LfcinB or KW5, in contrast to heparan sulfate, indicating the inhibitory sequestration effect is specific to HS.	indirect	exogenous GAG competition cytotoxicity assay (MTT), GAG-type profiling via [35S]sulfate radiolabeling with chondroitinase ABC and HNO2 enzymatic degradation	CS effect was measured only via exogenous addition and cell-line comparison, not by selective CS removal from cell surfaces; heparitinase experiments intended to isolate HS contribution were inconsistent and excluded from the results.
doi__10.1186_1471-2407-9-183	Larger cell-surface proteoglycans may hold lytic peptides at a greater distance from the phospholipid bilayer, further reducing peptide access to the membrane and increasing cell resistance to CAPs.	hypothesis		Speculative extrapolation from Superose-6 gel chromatography data showing HT-29 cells have larger PGs than FEMX cells; no direct test of the distance-resistance relationship was performed; confounded by simultaneous difference in HS vs. CS ratio between the two cell lines.
doi__10.1186_1471-2407-9-183	Smaller anionic membrane molecules such as phosphatidylserine and sialic acids, located close to the phospholipid bilayer, facilitate CAP cytotoxic activity, in contrast to the inhibitory effect of the large, extended HS chains.	inferred		Not tested in this study; mechanism proposed by contrast with HS findings and by citing external reports on phosphatidylserine (ref [51]) and sialic acid (ref [50]); no direct comparison experiment was performed.
doi__10.1186_s40543-021-00264-8	Magainin II kills bacteria primarily by depolarizing and permeabilizing the negatively charged cytoplasmic membrane, making membrane disruption the major killing event.	direct_assay	membrane depolarization (DiSC3(5) fluorescent dye on intact S. aureus), membrane permeabilization (calcein dye leakage from anionic PC/PG 1:1 LUVs)	membrane-lytic activity and MIC values were not entirely linear; S. aureus used for depolarization assay only; artificial liposomes used for permeabilization
doi__10.1186_s40543-021-00264-8	Magainin II is localized to the bacterial surface rather than the cytoplasm, consistent with its membrane-lytic mode of action.	indirect		cited from Park et al. 2000 (confocal fluorescence microscopy); not measured in this study
doi__10.1186_s40543-021-00264-8	Magainin II does not translocate across lipid bilayers.	direct_assay	FRET-based translocation assay (Trp donor to dansyl-PE acceptor in PC/PG/dansyl-PE LUVs with encapsulated chymotrypsin; no fluorescence decrease observed over 500 s)	artificial liposome model only; PC/PG/dansyl-PE composition may not fully replicate bacterial membrane
doi__10.1186_s40543-021-00264-8	Magainin II dimer disrupts both anionic (PC/PG) and zwitterionic (PC) membranes non-selectively, and its cytotoxicity against mammalian cells is associated with this zwitterionic membrane-lytic activity.	inferred	membrane permeabilization (calcein leakage from PC/PG 1:1 and PC LUVs), hemolysis assay (HC50), cytotoxicity MTT assay on RAW 264.7 cells	correlation between zwitterionic lysis and cytotoxicity; causation not directly proven; artificial liposomes used
doi__10.1186_s40543-021-00264-8	Buforin II kills bacteria without disrupting or depolarizing the cytoplasmic membrane, indicating an intracellular rather than membrane-lytic mechanism.	direct_assay	membrane depolarization (DiSC3(5) dye on S. aureus; no depolarization even at MIC), membrane permeabilization (calcein leakage from PC/PG LUVs; no leakage detected)	intracellular molecular targets (DNA, enzymes) not directly assayed in this study; mechanism inferred from absence of membrane effects
doi__10.1186_s40543-021-00264-8	Buforin II accumulates mainly in the bacterial cytoplasm, consistent with an intracellular mechanism of action.	indirect		cited from Park et al. 2000 (confocal fluorescence microscopy); not measured in this study
doi__10.1186_s40543-021-00264-8	Buforin II translocates across lipid bilayers to reach intracellular targets, and this translocation is a key component of its antimicrobial mechanism.	direct_assay	FRET-based translocation assay (time-dependent decrease in Trp fluorescence via energy transfer to dansyl-PE in PC/PG/dansyl-PE LUVs with encapsulated chymotrypsin)	demonstrated in artificial liposomes; specific intracellular targets not identified in this study; translocation efficiency in live bacteria not directly measured
doi__10.1186_s40543-021-00264-8	The buforin II dimer exerts antimicrobial activity through a dual mechanism: it both depolarizes and selectively permeabilizes anionic bacterial membranes, and also translocates across the membrane to target intracellular components.	inferred	membrane depolarization (DiSC3(5) assay on S. aureus; >50% dissipation), membrane permeabilization (calcein leakage ~60% from PC/PG LUVs; no leakage from PC LUVs), FRET-based translocation assay (faster and more effective than magainin II dimer)	intracellular targets not directly identified; exact mode of action not fully elucidated per authors; membrane-lytic activity and MIC not entirely linear; all membrane assays use artificial liposomes
doi__10.1186_s40543-021-00264-8	Buforin II dimer selectively disrupts anionic membranes but not zwitterionic membranes, and this selectivity correlates with its lack of cytotoxicity against mammalian cells.	inferred	membrane permeabilization (calcein leakage from anionic PC/PG 1:1 and zwitterionic PC LUVs), hemolysis assay (HC50 > 200 μM), cytotoxicity MTT assay on RAW 264.7 cells (LC50 > 200 μM)	correlation between anionic-membrane selectivity and mammalian cell sparing; direct causation not proven; artificial liposome selectivity may not fully recapitulate in vivo selectivity
doi__10.1172_jci64416	The K6A-derived 19-mer KDAMP binds directly to bacterial cells, as demonstrated by colocalization of TAMRA-tagged peptide with P. aeruginosa under fluorescence microscopy.	direct_assay	bacterial binding (fluorescence microscopy with TAMRA-tagged peptide, colocalization with SYTOX Blue)	Demonstrated only for P. aeruginosa strain 6206; TAMRA tag altered 19-mer activity against S. marcescens, E. coli, and S. pyogenes, so tag may affect binding in those organisms
doi__10.1172_jci64416	KDAMPs cause bacterial cell wall/membrane permeabilization, as shown by uptake of the cell-impermeant dye SYTOX Blue in 19-mer-treated P. aeruginosa but not in untreated or scrambled-peptide-treated controls.	direct_assay	membrane permeabilization (SYTOX Blue cell-impermeant dye staining, fluorescence microscopy)	Demonstrated for P. aeruginosa only; the paper explicitly acknowledges that permeabilization may be secondary to cell death via another mechanism rather than the primary lethal event
doi__10.1172_jci64416	The rapid bactericidal kinetics of the 19-mer (71.7% killing at 5 min, >90% at 15 min) indicate that direct membrane disruption, rather than inhibition of macromolecular synthesis, is the primary killing mechanism.	inferred	time-kill kinetics assay	Inference rests on a kinetic threshold comparison (>30 min required for macromolecular synthesis inhibitors); no direct assay excluding DNA/RNA/protein synthesis inhibition was performed
doi__10.1172_jci64416	KDAMPs inhibit bacterial swimming motility, as 19-mer-treated P. aeruginosa lost motility and some cells aggregated within 15 minutes, while untreated or scrambled-peptide-treated bacteria remained motile.	direct_assay	motility assay (real-time video phase-contrast microscopy)	Qualitative observation only; the mechanistic basis of motility loss (membrane damage, energy depletion, etc.) was not investigated
doi__10.1172_jci64416	Glycine residues at positions 2 and 8 are required for KDAMP bactericidal activity, as G2A/G8A substitutions in the 10-mer significantly reduced killing of P. aeruginosa (~86% vs >98%, P < 0.0001).	direct_assay	site-directed mutagenesis, bactericidal viability assay	Only two glycine positions tested in one variant (10-mer); alanine substitutions maintained similar amphipathicity and physicochemical properties but activity reduction was partial, not complete
doi__10.1172_jci64416	KDAMP bactericidal activity does not require α-helical secondary structure; circular dichroism confirmed that all active KDAMPs (19-mer, 17-mer, 10-mer) maintained random coil conformation even in helix-promoting 100% TFE solvent.	direct_assay	circular dichroism spectroscopy, K2D2 spectral analysis	CD performed in solution; secondary structure in the presence of intact bacterial membranes was not measured; the one longer variant (36-mer) did adopt helical structure in 100% TFE yet retained activity, complicating interpretation
doi__10.1172_jci64416	KDAMP bactericidal activity is independent of net cationic charge, as peptides with neutral net charge at pH 7.0 (13-mer, 10-mer) showed bactericidal activity comparable to positively charged variants.	indirect	bactericidal viability assay across multiple charge variants	Charge independence inferred from structure-activity comparison across variants; direct charge manipulation (e.g., by chemical modification) without altering sequence was not performed; charge and sequence are confounded across variants
doi__10.1172_jci64416	KDAMP bactericidal activity is retained at physiological salt concentration (150 mM NaCl), unlike classical cationic antimicrobial peptides (β-defensins, LL-37) whose activity is markedly reduced by salt.	direct_assay	bactericidal viability assay in 150 mM NaCl vs. water	Salt tolerance tested systematically only for the 19-mer against P. aeruginosa; other KDAMP variants and other pathogens not evaluated under salt conditions
doi__10.1172_jci64416	A specific amino acid sequence is required for KDAMP bactericidal activity, as a scrambled 19-mer with similar predicted net charge and coil structure showed little or no killing of all five P. aeruginosa isolates tested.	direct_assay	bactericidal viability assay with sequence-scrambled control peptide	The scrambled 19-mer also had a lower hydrophobic moment (0.138 μH vs 0.279 μH) and lacked predicted transmembrane helix formation, so loss of activity cannot be attributed to sequence alone
doi__10.1172_jci64416	P. aeruginosa LPS is not a primary determinant of KDAMP susceptibility, as mutations abolishing LPS O-antigen or core oligosaccharide had only minor impact on 19-mer bactericidal activity.	indirect	bactericidal viability assay with isogenic LPS mutant strains	Residual minor effects of LPS mutations were observed; experiment rules out LPS as a dominant target but does not identify the actual target; only tested for P. aeruginosa PAC1R and the 19-mer
doi__10.1172_jci64416	Glycine repeats in KDAMPs may confer high structural flexibility that enables their antimicrobial mechanism of action.	hypothesis		Purely speculative; proposed by analogy with known glycine-rich proteins; no direct experimental evidence for this role was provided in the paper
doi__10.1172_jci64416	The specific mechanism by which K6A-derived peptides disrupt the bacterial cell wall/membrane may be novel, given that their structural features (low charge, no required α-helix, salt tolerance) differ from those of all previously characterized antimicrobial peptide classes.	hypothesis		Based on comparison of predicted structural features with literature; no direct mechanistic experiments (e.g., pore formation assays, lipid bilayer studies, target identification) were performed to characterize or confirm novelty
doi__10.1248_cpb.57.214	The mechanism of antibacterial action of stylisin 1 (8) may be interference with the cell membrane functions by penetrating the outer membrane of bacteria through porin channels.	hypothesis		Explicitly speculative ('may be'); no mechanistic assay performed; proposed by analogy to other cyclic peptides, not tested for this compound.
doi__10.1248_cpb.c14-00103	Salusin-β depolarizes the bacterial cytoplasmic membrane of Staphylococcus aureus NBRC 12732 in a concentration-dependent manner, as demonstrated by slow, concentration-dependent leakage of DiSC3(5) fluorescence dye.	direct_assay	membrane depolarization (DiSC3(5) fluorescent dye assay)	Tested on a single bacterial strain (S. aureus NBRC 12732) only; described as 'slow' compared to gramicidin S; causal link to antibacterial activity is suggested but not proven
doi__10.1248_cpb.c14-00103	Membrane depolarization may be linked to the antibacterial activity of salusin-β.	inferred		Authors use cautious language ('may be linked'); no direct causal experiment (e.g., rescued viability) was performed to confirm the membrane disruption is the killing mechanism
doi__10.1248_cpb.c14-00103	The N-terminal region of salusin-β is more important than the C-terminal region for expression of antimicrobial activity, based on the progressive loss of activity in N-terminal deletion analogs.	indirect	MIC determination (microplate dilution method)	Structural basis not established; deletions alter both sequence and potentially conformation simultaneously
doi__10.1248_cpb.c14-00103	The α-helical conformation of salusin-β, observed by CD spectroscopy, does not clearly contribute to its antimicrobial activity, because analogs with similar activity (e.g., [1]) lack a salusin-β-like CD profile.	inferred	circular dichroism (CD) spectroscopy	CD performed in methanol, not in a membrane-mimetic environment; authors explicitly state the contribution is 'not clear'
doi__10.1248_cpb.c12-00290	The principal modes of antibiotic action of gramicidin S, tyrocidine A, and gratisin result from interaction with the cell membrane of target microorganisms.	indirect		Attributed to prior literature (refs 2–15), not demonstrated by new experiments in this paper; no membrane assay performed here.
doi__10.1248_cpb.c12-00290	No resistance has been found for gramicidin S, tyrocidine A, and gratisin because resistance would require significant alteration of the lipid composition of the cell membrane.	inferred		Mechanistic rationale cited from ref 16, not experimentally tested in this paper.
doi__10.1248_cpb.c12-00290	The GS-like amphiphilic β-sheet conformation is very important for exhibiting both high antibiotic activity and high hemolytic activity.	indirect		Inferred from correlation between CD spectra (conformation maintenance) and MIC/hemolysis data across analogues 1–3; no direct membrane assay performed.
doi__10.1248_cpb.c12-00290	The dissociation of high antimicrobial activity and low hemolytic activity in analogues 4 and 5 is caused by differential ionic interaction against the prokaryotic membrane versus the eukaryotic membrane, attributable to their additional positive charges.	inferred		Mechanistic interpretation is proposed by the authors based on MIC and hemolysis data; no direct membrane interaction or binding assay was performed to confirm differential ionic interactions.
doi__10.1248_cpb.c12-00290	The Pro5,5′ residues with pyrrolidine ring at the β-turn part are important for maintaining the GS-like β-sheet conformation, and replacement of Pro5,5′ may be partially effective through a structural change in the biological activity of analogue 5.	indirect		Based on CD spectral differences between analogue 5 and GS in methanol; solution conformation may not reflect membrane-bound active conformation.
doi__10.1248_cpb.c12-00290	Amino acid residues with neutral amide (Asn) and acidic (Asp) side chains at position 5,5′ are almost ineffective for interaction with both bacterial membrane and sheep cell membrane.	inferred		Conclusion drawn from MIC and hemolysis data for analogues 6 and 7; no direct membrane interaction assay performed.
doi__10.1248_bpb.31.1906	Piscidins exert their fungicidal effects by disrupting the fungal plasma membrane through pore formation.	direct_assay	membrane permeabilization (calcein leakage from LUVs), membrane depolarization (DiBAC4(3) flow cytometry), protoplast regeneration, membrane fluidity (DPH fluorescence anisotropy)	Pore formation inferred from DPH anisotropy decrease by analogy with melittin; discrete pore structures not directly visualized; in vivo experiments limited to C. albicans only
doi__10.1248_bpb.31.1906	The biological action of piscidins is carried out through the lipid membrane, as membrane-permeabilizing ability in model phospholipid vesicles correlates with fungicidal and hemolytic activity.	indirect	membrane permeabilization (calcein leakage from LUVs)	Model LUV membranes do not fully recapitulate fungal or erythrocyte membrane composition; correlation does not establish causation
doi__10.1248_bpb.31.1906	Piscidin 1 exerts its fungicidal activity by interacting with the plasma membrane of C. albicans rather than the cell wall.	direct_assay	protoplast regeneration	Reduced protoplast regeneration frequency is an indirect readout and could reflect intracellular effects not related to membrane disruption
doi__10.1248_bpb.31.1906	Piscidin 1 dissipates the plasma membrane potential of C. albicans by injuring the membrane, causing depolarization.	direct_assay	membrane depolarization (DiBAC4(3) flow cytometry)	Depolarization could be a secondary consequence of membrane permeabilization rather than a mechanistically distinct event
doi__10.1248_bpb.31.1906	Piscidin 1 forms pores in the fungal plasma membrane of C. albicans, triggering release of intracellular ions and larger molecules.	direct_assay	membrane fluidity (DPH fluorescence anisotropy)	Pore formation is inferred from decreased DPH anisotropy by analogy with melittin positive control; DPH anisotropy decrease reflects membrane perturbation but does not distinguish pores from general membrane disruption
doi__10.1248_bpb.31.1906	Against bacteria, piscidin permeabilizes the membrane by toroidal pore formation rather than the barrel-stave mechanism.	indirect		This claim is cited from a prior study (Campagna et al. 2007, ref 15) and not experimentally tested in the present paper; mechanism was characterized in a bacterial system, not fungi
doi__10.1248_bpb.31.1906	The higher cationicity and hydrophobicity of piscidin 1 compared to piscidin 3 contribute to its greater antifungal activity and hemolytic activity.	hypothesis		Stated as a hypothesis based on structural comparison of P1 and P3; not directly tested by mutagenesis or charge/hydrophobicity manipulation
doi__10.1248_bpb.31.1906	The biological activity of piscidins is less dependent on alpha-helical content, because the less helical peptide (P1) exhibits greater membrane-permeabilizing ability than the more helical P3.	inferred	membrane permeabilization (calcein leakage from LUVs)	CD spectroscopy data establishing helicity values are from a prior publication (ref 27), not measured in this study; helicity and membrane-permeabilizing ability co-vary with other structural differences between P1 and P3
doi__10.1351_pac200779040717	Cationic amphipathic α-helical antimicrobial peptides kill bacteria presumably by disrupting their membranes, operating in a receptor-independent mode as demonstrated by enantiomeric all-D analogs exhibiting the same activities as all-L wild-type peptides.	indirect		Membrane disruption is stated as presumed; receptor-independence inference from D-analog activity is cited from prior literature, not measured in this paper.
doi__10.1351_pac200779040717	PGLa-NH2 lies flat on the membrane surface at low peptide concentration with charged residues pointing toward the water phase, then adopts a tilted state (~35° from membrane plane) at higher concentration, consistent with dimer formation rather than a stable transmembrane pore.	indirect	solid-state 19F NMR, solid-state 2H NMR	NMR data are from cited prior studies by the same group, not new experiments in this paper; pore formation is explicitly described as short-lived and not stable on the NMR timescale.
doi__10.1351_pac200779040717	When PGLa-NH2 is mixed with magainin 2 in a 1:1 ratio it adopts an almost upright transmembrane orientation compatible with pore formation.	indirect	solid-state NMR	Cited from prior work; upright orientation is described as 'compatible with' pore formation but not directly proven by a pore-function assay.
doi__10.1351_pac200779040717	At high concentrations PGLa-NH2 forms extended immobile aggregates in membranes, suggesting aggregation as a secondary membrane-disruption mechanism.	indirect	solid-state NMR	Cited from prior studies; mechanistic role of aggregation in killing is speculative.
doi__10.1351_pac200779040717	MSI-103-NH2 adopts a flat surface-bound state at low concentration and a tilted state at high concentration similar to PGLa-NH2, suggesting it forms dimers and may share the same membrane-disruption mechanism.	inferred	solid-state NMR	NMR data cited from a diploma thesis; mechanism inference is explicitly speculative ('is expected to form dimers', 'may thus have a similar mechanism').
doi__10.1351_pac200779040717	MSI-103 induces dimerization and aggregation in membranes at lower peptide concentrations than PGLa-NH2, which may contribute to its higher antimicrobial potency.	inferred		Structural basis from NMR cited from prior/concurrent work; link to potency is speculative inference by the authors.
doi__10.1351_pac200779040717	MAP-NH2 forms large membrane aggregates at very low concentration and may have a different mode of action from PGLa and MSI-103.	inferred	solid-state NMR	Cited as unpublished results; mechanism described as speculative ('may have a rather different mode of action').
doi__10.1351_pac200779040717	Dimerization of amphipathic helices in the membrane is speculatively linked to antimicrobial activity, while aggregation may be responsible for hemolytic activity.	hypothesis		Explicitly flagged by the authors as speculation ('If we may speculate here'); no direct experimental support provided in this paper.
doi__10.1351_pac200779040717	Higher positive charge of amidated peptides compared to their free-acid analogs partly explains greater antimicrobial activity, as antimicrobial activity is generally correlated with positive charge.	inferred		Charge correlation is based on literature precedent; the authors note charge alone is insufficient to explain all activity differences observed.
doi__10.1351_pac200779040717	Greater hydrophobicity of amidated peptides relative to their free-acid analogs explains their higher hemolytic activity, since hemolytic activity is correlated with peptide hydrophobicity.	inferred	hemolysis assay	Hemolysis assay measures bulk lysis, not a direct membrane-interaction mechanism; hydrophobicity–hemolysis correlation is from literature; authors note other factors are likely also involved for MAP.
doi__10.1186_1742-4690-10-136	NYAD-36, NYAD-66, and NYAD-67 bind the C-terminal domain (CTD) of HIV-1 capsid (CA) protein, producing significant NMR spectral perturbations consistent with tight binding predominantly at CTD residues, with dissociation constants of 10.12 μM, 3.60 μM, and 2.63 μM, respectively.	direct_assay	1H-15N HSQC NMR titration, isothermal titration calorimetry (ITC)	NMR and ITC used a monomeric W184A/M185A double-mutant CA construct to prevent CA dimerization, not wild-type CA; binding constants may differ for the native protein
doi__10.1186_1742-4690-10-136	NYAD-36, NYAD-66, and NYAD-67 disrupt formation of mature-like HIV-1 CA assemblies in vitro in a dose-dependent manner by targeting CA-CA interactions.	direct_assay	negative-stain electron microscopy of in vitro CA assembly, turbidity-based in vitro CA assembly assay	NYAD-67 showed tight CA binding by NMR yet did not reduce assembly rate or extent in the turbidity assay, indicating binding does not always translate to assembly disruption; in vitro assembly conditions (NaCl-driven tube formation) may not fully replicate intracellular assembly
doi__10.1186_1742-4690-10-136	i,i+7 stapled peptides impair Gag precursor (Pr55Gag) processing in virus-producing cells, causing accumulation of unprocessed Gag, without inhibiting virus release from the cell.	direct_assay	metabolic labeling ([35S]Met/Cys), immunoprecipitation with HIV-Ig, SDS-PAGE with phosphorimager quantification of cell- and virion-associated Gag species	Gag accumulation was described as modest; the mechanistic basis for impaired processing (e.g., direct protease inhibition vs. structural interference with the Gag lattice) was not established
doi__10.1186_1742-4690-10-136	HIV-1 virions produced in the presence of i,i+7 stapled peptides display markedly impaired infectivity, consistent with a CA-level defect imposed during virus assembly.	direct_assay	single-cycle infectivity assay (luciferase reporter in TZM-bl cells) with RT-normalized virus stocks	Peptide was diluted ~20-fold from producer-cell concentration before infection assay, reducing potential carry-over entry effects; infectivity defect attributed to CA but not mechanistically separated from Gag processing impairment
doi__10.1186_1742-4690-10-136	i,i+7 stapled peptides inhibit HIV-1 entry in an Env-dependent manner by binding the gp120 V3 loop, as demonstrated by specific binding to gp120 that is abrogated >5-fold upon V3 loop deletion.	direct_assay	surface plasmon resonance (SPR) with immobilized full-length Yu2 gp120 and V3-deleted gp120ΔV3, ITC with cyclic V3 loop peptide	NYAD-66 showed no detectable binding to the cyclic V3 loop peptide in ITC despite showing antiviral activity; SPR used immobilized recombinant gp120, which may not fully represent the native trimeric Env spike; the precise V3 contact residues were not mapped
doi__10.1186_1742-4690-10-136	Viral resistance to NYAD-36 emerged via two mutations in gp120 (V120Q in the C1 region and A327P at the base of the V3 loop), but not in Gag/CA, implicating Env-mediated entry as a primary antiviral target of the i,i+7 peptides in spreading infection.	indirect	viral resistance selection in Jurkat cells, PCR amplification and sequencing of gag and env coding regions, single-cycle and spreading-infection assays with engineered V120Q/A327P mutant virus	Resistance selection was performed only with NYAD-36; mutations severely attenuated viral fitness in PBMC, confounding interpretation; no CA mutations were identified despite CA binding, suggesting CA binding alone is insufficient to drive resistance in cell culture
doi__10.1186_1742-4690-10-136	i,i+7 stapled peptides exert a dual mechanism: Env mutations (V120Q/A327P) confer resistance to the entry-blocking component but do not rescue the infectivity defect when mutant virions are produced in the presence of peptide, demonstrating a CA-dependent inhibitory activity independent of Env targeting.	direct_assay	single-cycle infectivity assay comparing WT vs. V120Q/A327P virions produced in peptide-treated 293T producer cells	Separation of CA and Env effects is indirect and based on differential rescue by Env mutations; the contribution of impaired Gag processing versus direct CA assembly disruption to the CA-based infectivity defect is not resolved
doi__10.1186_1742-4690-10-136	VSV-G pseudotyping of HIV-1 abolishes the entry-inhibitory activity of i,i+7 stapled peptides when peptide is present during infection, confirming that the entry component of inhibition is specifically Env-dependent.	direct_assay	single-cycle infectivity assay with VSV-G-pseudotyped HIV-1 particles in the presence of peptide during the infection step	VSV-G-pseudotyped virions produced in the presence of peptide still show infectivity defects, attributed to the CA mechanism, making entry-specific quantification indirect
doi__10.1186_1742-4690-10-136	Cell penetration efficiency is required for the intracellular CA-targeting and assembly-inhibitory activity of i,i+7 stapled peptides, and the net charge of −4 renders them less cell-permeable than the i,i+4 peptide NYAD-1 (net charge 0).	indirect	FACS analysis of cellular uptake of FAM-conjugated peptides in 293T cells, confocal microscopy	Cell penetration was measured separately from assembly inhibition; causality is inferred by correlation between penetration efficiency, net charge, and antiviral potency across the peptide series rather than by direct ablation of penetration
doi__10.1186_1742-4690-10-136	Hydrocarbon stapling confers α-helical structure on the linear CAI-derived peptide, and this α-helicity is essential for cell penetration and subsequent intracellular targeting of HIV-1 CA.	indirect	circular dichroism (CD) spectroscopy comparing stapled (NYAD-36, -66, -67) vs. linear control (NYAD-41) peptides	CD confirms α-helicity of stapled peptides; essentiality for cell penetration is inferred from prior i,i+4 studies cited as background and from the failure of the unstapled linear peptide to penetrate or inhibit—direct mutagenic or structural uncoupling of helicity from penetration was not performed in this paper
doi__10.1186_1742-4690-10-136	NYAD-1 (i,i+4 stapled peptide) reduces infectivity of both wild-type and V120Q/A327P Env mutant HIV-1 to a similar extent (~10-fold), indicating that NYAD-1 acts primarily through CA and lacks the Env/entry-targeting component seen with i,i+7 peptides.	direct_assay	single-cycle infectivity assay comparing WT and V120Q/A327P mutant virus in the presence of NYAD-1	Only a single concentration of NYAD-1 was tested in this comparison; mechanism of CA-based infectivity reduction by NYAD-1 is characterized in prior work cited, not re-established here
doi__10.18388_abp.2001_3890	Cecropins (and by homology peptide 8.4.1) interact with negatively charged bacterial membranes, and peptide charge is a key determinant of this interaction.	indirect		The paper cites this as general knowledge about cecropins, not a direct finding from experiments on 8.4.1; no membrane assay was performed in this study.
doi__10.18388_abp.2001_3890	Peptide 8.4.1 likely adopts a two-amphipathic-alpha-helix structure with a sharp bend at proline-23, consistent with the cecropin structural scaffold.	inferred		Inferred entirely from 90% sequence identity to Bombyx mori cecropin D and presence of proline at position 23; no structural determination (CD, NMR, X-ray) was performed.
doi__10.18388_abp.2001_3890	The neutral net charge of peptide 8.4.1 (six positive and six negative residues at physiological pH) likely explains its poor MIC (53 µM) relative to canonical cecropins (0.2–20 µM), because reduced cationic character diminishes electrostatic attraction to anionic bacterial membranes.	hypothesis		Post-hoc rationalisation of MIC data; no membrane-binding, zeta-potential, or electrostatic-perturbation assay was conducted; other structural differences from canonical cecropins are not ruled out.
doi__10.18388_abp.2001_3890	The slightly greater antibacterial potency of peptide 5.11.1 (MIC 43 µM) compared to 8.4.1 (MIC 53 µM) may be related to its higher net positive charge (+5), which would enhance interaction with negatively charged bacterial membranes.	hypothesis		Speculative; the MIC difference is small; no charge-titration or membrane-interaction experiment was performed; 5.11.1 has a unique sequence with unknown fold, making charge the only feature the authors can comment on.
doi__10.1292_jvms.09-0167	The positive charge of P4 (+4) is important for the initial electrostatic attraction of the peptide to the negatively charged phospholipid membranes of bacteria and other microorganisms.	inferred		Claim is based on predicted chemicophysical properties (ProtParam) and general AMP literature; no direct binding assay performed on P4.
doi__10.1292_jvms.09-0167	The electrostatic potential on the molecular surface of P4 plays an important role in electrostatic bonding between P4 and the negatively charged bacterial cell membrane, consistent with the molecular electroporation theory.	inferred		Electrostatic potential computed in silico (Arguslab/CCP4MG); the molecular electroporation theory is cited as the explanatory framework but no direct membrane-interaction experiment was performed.
doi__10.1292_jvms.09-0167	The antimicrobial activity of P4 is attributable to its well-developed β-sheet secondary/tertiary structure.	inferred		Based on computational secondary-structure prediction (HNN) and homology-based tertiary-structure modeling (Swiss-Model on 1fjn.pdb template); no mutational or direct structural confirmation.
doi__10.1292_jvms.09-0167	Both the β-sheet and the α-helix conformation are involved in the antimicrobial mechanism of P4, because P4 transitions from a largely unstructured/β-sheet state in aqueous solution to a significant α-helical conformation upon contact with membrane-mimicking environments.	indirect	circular dichroism spectroscopy (CD) in water, 50% TFE, and 25 mM SDS	CD was performed with membrane-mimicking solvents (TFE, SDS), not with actual bacterial membranes; α-helix content observed in SDS (39.7%) and TFE (26.6%) is used as a proxy for membrane interaction, but the link to killing activity is inferred, not demonstrated with a paired functional assay.
doi__10.1292_jvms.09-0167	Disulfide bond(s) in P4 (predicted between Cys9–Cys17) are likely involved in stabilizing the peptide structure and may contribute to its antimicrobial activity.	hypothesis		Disulfide bond predicted computationally (DIpro) only; no biochemical confirmation of bond formation, and the contribution to activity is explicitly stated as speculative ('may play a role').
doi__10.1292_jvms.09-0167	The hydrophobicity of P4 (GRAVY index higher than other longicin analogs, but at a moderate level) is an essential feature enabling its interaction with bacterial membranes.	inferred		GRAVY index is a computed property; the paper notes that increased hydrophobicity correlates with mammalian cell toxicity and loss of antimicrobial specificity, so P4's moderate level is presented as optimal, but no direct membrane-interaction experiment was conducted.
doi__10.1292_jvms.09-0167	The amphipathic character of P4 (high mean amphipathicity as an α-helix) is a key determinant of its antimicrobial activity, as amphipathicity is more important than hydrophobicity and α-helical content alone in governing AMP activity.	inferred		Amphipathicity calculated computationally (WHAT software); the primacy-of-amphipathicity claim is attributed to Pathak et al. [24] and applied by analogy to P4, not directly tested here.
doi__10.1292_jvms.09-0167	P4 shows low cytolytic activity against mammalian cells (less than 15% hemolysis at up to 500 µM against bovine erythrocytes; less than 50% growth inhibition of Vero cells, with significant inhibition beginning at 16 µM), suggesting a degree of selectivity for microbial over host cells.	direct_assay	hemolysis assay (erythrocytes of cattle, dog, rabbit at 540 nm); cytotoxicity assay (Vero cells, CellTiter 96 MTS assay at 550 nm)	Hemolytic safety threshold is relative; Vero cell inhibition becomes significant at 16 µM, which overlaps with the reported antibacterial MIC range (2–10 µM from Tsuji et al. [33]), so the therapeutic window is narrow and warrants further evaluation.
doi__10.1248_cpb.c23-00465	The antimicrobial peptides studied (Stripe and derivatives) act by disrupting the integrity of bacterial plasma membranes, which are essential for bacteria to sustain cellular functions.	indirect		No membrane disruption assay was performed in this study; the claim is attributed to cited prior literature (refs 3–8) and applied by analogy to the peptides designed here.
doi__10.1248_cpb.c23-00465	The positively charged AMPs interact electrostatically with the negatively charged bacterial cell wall/membrane to form channel-forming agents and ionophores in the bacterial membrane.	indirect		Channel formation or ionophore activity was not directly measured; this is a background mechanistic framework from cited literature applied generally to the peptide class.
doi__10.1248_cpb.c23-00465	Targeting bacterial cell membranes confers a low probability of inducing bacterial resistance, an advantage attributed to the membrane-disruption mechanism of the AMPs studied.	indirect		No resistance-evolution experiments were performed; the claim is taken from cited literature (refs 9, 10).
doi__10.1248_cpb.c23-00465	Amphipathicity is the structural property crucial for the antimicrobial activity of the peptides, as loss of amphipathic character (StripeLD, AltStripe) correlates with reduced MICs across all strains tested.	inferred		Mechanistic link between amphipathicity and membrane disruption is inferred from MIC comparisons and CD-derived secondary structure data; no direct membrane-permeabilization or leakage assay was performed.
doi__10.1248_cpb.c23-00465	StripeLD shows reduced antimicrobial activity compared to Stripe because simple L-to-D alternation disrupts the amphipathic secondary structure without conferring a new productive conformation.	inferred		Inference based on CD spectra (weak signal ~200 nm, not characteristic of a well-defined helix) and MIC data; the actual conformation of StripeLD in a membrane environment was not determined.
doi__10.1248_cpb.c23-00465	AltStripe displays very weak antimicrobial activity because, although it forms an α-helix, the rearranged sequence yields a non-amphipathic helical face that cannot effectively interact with bacterial membranes.	inferred		Conclusion is based on helical-wheel analysis, CD confirmation of α-helical structure, and MIC values; no direct membrane interaction or amphipathicity quantification assay was performed.
doi__10.1248_cpb.c23-00465	AltStripeLD achieves higher antimicrobial activity than AltStripe because the LD-alternating sequence allows the peptide to adopt an amphipathic β6.3-helix (analogous to Gramicidin A) that presents cationic and hydrophobic faces on opposite sides, enabling effective membrane interaction.	inferred		β6.3-helix formation for AltStripeLD could not be confirmed by CD (weak signal); conclusion relies on molecular modeling (MOE, constrained backbone based on GA PDB 1MAG) and MIC improvement over AltStripe; no direct membrane assay performed.
doi__10.1371_journal.pone.0201220	RT53 rapidly permeabilizes the plasma membranes of cancer cells, inducing necrotic cell death characterized by membrane disruption and release of intracellular contents.	direct_assay	membrane permeabilization (LDH release), transmission electron microscopy	LDH kinetics measured at single concentration (20 µM); TEM performed on U2OS only
doi__10.1371_journal.pone.0201220	RT53-induced plasma membrane permeabilization is selective for cancer cells and does not affect non-malignant cells (HaCat, MRC-5) or erythrocytes.	direct_assay	membrane permeabilization (LDH release), hemolysis assay	Only two non-malignant cell lines tested; erythrocyte assay at a single concentration (20 µM) and single timepoint (1 h)
doi__10.1371_journal.pone.0201220	RT53 acts through a non-regulated, membranolytic mode of necrosis that is independent of caspase activation, necroptosis (RIPK1-mediated), and mitochondrial permeability transition pore (MPTP)-mediated regulated necrosis.	direct_assay	membrane permeabilization (LDH release) with pharmacological inhibitors (zVAD-fmk, necrostatin-1, cyclosporin A)	Inhibitor experiments performed in U2OS only; inhibitor concentrations and on-target efficacy not independently validated in this study
doi__10.1371_journal.pone.0201220	The membranolytic activity of RT53 requires intact leucine residues at positions 384 and 391 of the AAC-11 heptad repeat region, as substitution to alanine (RT53M mutant) abolishes plasma membrane permeabilization.	direct_assay	membrane permeabilization (LDH release), mutant peptide comparison	Mechanism by which leucine substitutions abolish activity (loss of helix amphipathicity vs. loss of partner binding) is not distinguished
doi__10.1371_journal.pone.0201220	RT53 acts via a non-specific, detergent-like membrane disruption mechanism is ruled out because it does not lyse erythrocytes, unlike typical amphiphilic detergent peptides.	direct_assay	hemolysis assay	Absence of hemolysis at 20 µM does not fully exclude unspecific activity at higher concentrations or other membrane compositions
doi__10.1371_journal.pone.0201220	RT53 inserts into cancer cell membranes through interaction with a yet-unknown cancer cell-specific membrane-bound AAC-11 protein partner, and this binding likely increases the local concentration of RT53, resulting in membrane lysis via its membrane-active alpha-helical structure.	hypothesis		The putative partner protein has not been identified; selectivity for cancer cell membranes could also reflect differences in membrane lipid composition; alpha-helical pore-forming mechanism is inferred from structural properties, not directly measured here
doi__10.1371_journal.pone.0201220	RT53 triggers aggregation and plasma membrane surface exposure of calreticulin (CRT) through a caspase-independent and eIF2α phosphorylation-independent pathway, distinct from the canonical chemotherapy-induced CRT exposure pathway.	direct_assay	CRT-GFP biosensor fluorescence microscopy, Western blot (eIF2α phosphorylation), pharmacological inhibition (zVAD-fmk)	CRT aggregation (fluorescence redistribution) used as a proxy for surface exposure; actual surface CRT quantification (e.g., flow cytometry) not shown in this study; U2OS stable line may not represent all cancer types
doi__10.1371_journal.pone.0201220	RT53 induces dose-dependent extracellular release of HMGB1 from cancer cells, consistent with passive release secondary to plasma membrane destruction.	direct_assay	HMGB1 ELISA (culture supernatant)	Active vs. passive release not formally distinguished; experiments performed in U2OS only
doi__10.1371_journal.pone.0201220	RT53 treatment causes a dramatic increase in extracellular ATP release from cancer cells.	direct_assay	ATP bioluminescence assay (culture supernatant)	Active secretion vs. passive leakage through disrupted membrane not distinguished; single cell line (U2OS)
doi__10.1371_journal.pone.0201220	HMGB1 and ATP released by RT53-treated dying cells are likely passively liberated as a consequence of plasma membrane destruction rather than through regulated secretion pathways.	inferred		Passive vs. active release not experimentally tested; inference is based on the non-regulated necrotic mode of cell death established by inhibitor studies
doi__10.1371_journal.pone.0201220	The immunogenic cell death induced by RT53 is not a mere consequence of non-specific spillage of intracellular components, as freeze-thaw necrosis producing similar spillage is non-immunogenic, indicating RT53-triggered necrosis has additional immunogenic qualities.	inferred		Comparison to freeze-thaw necrosis is based on published literature, not a direct within-study comparison; the molecular basis for immunogenic versus non-immunogenic necrosis remains uncharacterized for RT53
doi__10.1264_jsme2.me18148	BCR1, BCR3, BCR5, and BCR8 kill bacteria by increasing cell membrane permeability, evidenced by propidium iodide uptake and a large reduction in colony-forming units in E. coli.	direct_assay	membrane permeabilization (PI staining, DAPI staining, flow cytometry), colony-forming unit reduction	Tested in E. coli as a model γ-proteobacterium; direct activity against the native target Buchnera aphidicola was not tested; assayed at a single concentration (5 µM) for morphology/permeability experiments
doi__10.1264_jsme2.me18148	BCR2 permeabilizes the E. coli cell membrane without exhibiting significant bactericidal activity, indicating membrane disruption can be decoupled from killing.	direct_assay	membrane permeabilization (PI staining, DAPI staining, flow cytometry), colony-forming unit assay	Tested at 5 µM only; activity spectrum at other concentrations not assessed; mechanism distinguishing sub-lethal permeabilization from lethal permeabilization not elucidated
doi__10.1264_jsme2.me18148	BCR1 and BCR3 cause morphological cell elongation in E. coli, an effect shared with NCR peptides acting on rhizobia.	direct_assay	cell morphology by fluorescence microscopy, forward scatter (FSC) by flow cytometry	Molecular basis of elongation not investigated; elongation could be a secondary consequence of membrane stress rather than a primary mechanistic action
doi__10.1264_jsme2.me18148	BCR3 and BCR8 promote cell aggregation in E. coli, as observed by flow cytometry side-scatter and fluorescence microscopy.	direct_assay	cell morphology by flow cytometry (SSC), fluorescence microscopy	Mechanism of aggregation not investigated; could reflect surface charge changes, membrane destabilization, or other physicochemical effects
doi__10.1264_jsme2.me18148	BCR1 and BCR8 permeabilize the S. meliloti cell membrane, increasing PI and DAPI fluorescence and cell size, indicating the membrane-disrupting mechanism extends to α-proteobacteria.	direct_assay	membrane permeabilization (PI staining, DAPI staining), cell size by flow cytometry (FSC, SSC)	Bactericidal endpoint (CFU) for S. meliloti at these concentrations not shown in the main figure; phylogenetic extrapolation to Buchnera remains untested
doi__10.1264_jsme2.me18148	The antimicrobial activity of BCR peptides involves the bacterial inner-membrane protein SbmA/BacA, because E. coli sbmA deletion mutants and S. meliloti bacA deletion mutants are significantly more sensitive to BCR1, BCR3, and BCR8 than their isogenic wild-type parents.	indirect	colony-forming unit assay comparing isogenic wild-type and deletion mutant strains	SbmA/BacA are peptide importers; increased sensitivity in the mutant likely reflects loss of peptide internalization/sequestration rather than a characterised protective mechanism; the molecular basis by which SbmA/BacA modulates sensitivity is not established in this study; effect size differences between wild type and mutant were described as small
doi__10.1264_jsme2.me18148	BCR peptides likely act via a BacA/SbmA-independent mechanism to affect Buchnera membrane permeability and survival, because no bacA/sbmA homolog is present in the Buchnera genome.	inferred		Inferred entirely from genomic absence of bacA/sbmA in Buchnera; no direct experiments on Buchnera were performed; alternative uptake or resistance pathways were not excluded
doi__10.1264_jsme2.me18148	BCR peptides may control Buchnera population size within bacteriocytes through their antimicrobial activity, analogous to coleoptericin-A in weevil–Sodalis symbiosis and NCR peptides in legume–rhizobia symbiosis.	hypothesis		No in vivo aphid experiments performed; function in intact aphid bacteriocytes entirely uncharacterised; analogy to other systems is speculative
doi__10.1264_jsme2.me18148	BCR peptides that permeabilize the bacterial membrane may facilitate metabolic exchange of amino acids and other compounds between Buchnera and host bacteriocyte cells, analogous to Alnus defensin-like peptide Ag5 inducing amino acid release from Frankia.	hypothesis		Purely analogical; no metabolite release experiments performed on BCR-treated bacteria; the loss of transporter genes in the aphid genome is cited as circumstantial support but does not confirm this mechanism
doi__10.18388_abp.2009_2518	The higher susceptibility of Gram-negative bacteria (E. coli and P. aeruginosa) compared to Gram-positive bacteria (S. aureus and S. pyogenes) to SSAP indicates the possibility of SSAP being target-specific against lipopolysaccharides (LPS) in its antimicrobial activity.	inferred		Explicitly framed only as a 'possibility'; no LPS-binding, LPS-neutralization, or competitive-inhibition assay was performed; differential MIC values reflect multiple structural differences between Gram-negative and Gram-positive cell envelopes beyond LPS alone; a broader panel of organisms (fungi, yeast) was acknowledged as untested.
doi__10.13652_j.issn.1003-5788.2019.07.001	The ovalbumin-derived antimicrobial peptide (GLEIPNFN) disrupts bacterial cell membrane permeability in both E. coli and Salmonella, as demonstrated by increased conductivity of bacterial culture media caused by leakage of intracellular ions (K⁺, Ca²⁺, Na⁺).	direct_assay	membrane permeabilization (conductivity measurement of ion leakage)	Conductivity measures bulk ion leakage as a proxy for membrane disruption; not a direct structural visualization; only a single peptide concentration (10 mg/mL) tested; only gram-negative bacteria tested—gram-positive activity not studied.
doi__10.13652_j.issn.1003-5788.2019.07.001	The ovalbumin-derived antimicrobial peptide (GLEIPNFN) inhibits bacterial protein synthesis in E. coli and Salmonella, as indicated by decreased soluble protein content in treated bacterial cultures.	indirect		Inhibition of synthesis is inferred from reduced soluble protein content, which conflates synthesis inhibition with protein leakage through a disrupted membrane; no radiolabeling or direct translation assay was performed.
doi__10.13652_j.issn.1003-5788.2019.07.001	The ovalbumin-derived antimicrobial peptide (GLEIPNFN) causes leakage of intracellular reducing sugars across the bacterial cell membrane in E. coli and Salmonella.	direct_assay	reducing sugar leakage assay (direct titration method)	Leakage of reducing sugars is a downstream consequence of membrane damage rather than a primary mechanism; only gram-negative bacteria tested; single concentration used.
doi__10.13652_j.issn.1003-5788.2019.07.001	General antimicrobial peptide mechanisms include destroying cell membrane proteins, blocking cell membrane synthesis, cytoplasmic coagulation, penetrating damaged cell walls to specifically bind intracellular targets and inhibit protein and RNA synthesis, leakage of intracellular components, disruption of normal cellular reproduction and metabolism, and inhibition of molecular active transport.	inferred		Presented as a literature-derived taxonomy of general AMP mechanisms (citing refs [11][12][13]); not experimentally demonstrated for the ovalbumin-derived peptide in this study; it is unclear which of these mechanisms the specific peptide GLEIPNFN employs beyond membrane permeabilization.
doi__10.3389_ffunb.2021.638595	MCh-AMP1 caused permeabilization of the fungal cell membrane in Candida albicans.	indirect	membrane permeabilization	Data cited from a prior publication by the same group (Seyedjavadi et al., 2020); assay details not reported in this paper.
doi__10.3389_ffunb.2021.638595	MCh-AMP1 induced reactive oxygen species (ROS) production in Candida albicans.	indirect	ROS production assay	Data cited from a prior publication by the same group (Seyedjavadi et al., 2020); assay details not reported in this paper.
doi__10.3389_ffunb.2021.638595	DiMCh-AMP1 may act via the same antifungal mechanism as the parent peptide MCh-AMP1 (membrane permeabilization and ROS induction), because the linker caused minimal conformational change to the native peptide structure.	inferred		No direct mechanistic assay performed on DiMCh-AMP1 in this study; inference rests entirely on in silico structural similarity (RMSD 1.76 Å) and the assumption that function follows structure.
doi__10.3389_ffunb.2021.638595	The reduced hemolytic activity of DiMCh-AMP1 relative to MCh-AMP1 is attributed to its lower total hydrophobic ratio (36% vs. 47%), because highly hydrophobic peptides penetrate more deeply into the hydrophobic core of red blood cell membranes, causing stronger hemolysis through pore or channel formation.	hypothesis	hemolysis assay	The mechanistic explanation (pore/channel formation via hydrophobic core penetration) is borrowed from Chen et al. (2007) and not directly tested here; only haemoglobin-release outcome was measured, not membrane pore formation.
doi__10.1128_aac.49.7.2845-2850.2005	LL-37 binds LPS and neutralizes its bioactivity by inhibiting LPS-induced nitric oxide production from isolated rat aortic tissue.	indirect	LPS-induced nitric oxide inhibition (Griess reagent nitrate/nitrite assay, rat aorta ex vivo)	LPS binding is not measured directly; nitrate/nitrite accumulation is a downstream proxy for NO; ex vivo rat model; single LPS concentration (1 ng/ml) tested
doi__10.1128_aac.49.7.2845-2850.2005	N-terminally truncated LL-37 analogs (fragments 106 and 110), the 18-mer LLKKK, and BMAP-27 retain LPS-neutralizing activity at potencies similar to LL-37, as shown by inhibition of LPS-induced nitric oxide production in rat aorta.	indirect	LPS-induced nitric oxide inhibition (Griess reagent nitrate/nitrite assay, rat aorta ex vivo)	Fragment 106 was significantly less potent than LL-37 at 2 µM; LPS binding is not directly measured; ex vivo rat model
doi__10.1128_aac.49.7.2845-2850.2005	LL-37 causes concentration-dependent hemolysis of human erythrocytes, with cytotoxicity attributed to hydrophobic interactions between the peptide and the eukaryotic cell membrane.	direct_assay	hemolysis (hemoglobin release, absorbance at 540 nm)	Hydrophobic membrane interaction as the molecular mechanism is cited from prior literature (Oren et al., ref 18) and not directly demonstrated here; this study contributes supporting evidence (more hydrophobic peptides cause more hemolysis)
doi__10.1128_aac.49.7.2845-2850.2005	LL-37 induces internucleosomal DNA fragmentation consistent with apoptosis in human vascular smooth muscle cells in a concentration-dependent manner.	direct_assay	internucleosomal DNA fragmentation (cell death detection ELISA)	Experiments conducted under serum-free conditions only; DNA fragmentation confirms apoptosis but the upstream induction mechanism is not characterized in this study
doi__10.1128_aac.49.7.2845-2850.2005	LL-37 and its N-terminally truncated analogs (fragments 106 and 110) attract human neutrophil granulocytes through a chemotactic mechanism mediated by the formyl peptide receptor FPRL1.	direct_assay	neutrophil chemotaxis (transmembrane migration assay, polycarbonate membrane, 5-µm pores)	FPRL1 receptor involvement is cited from prior literature (refs 1, 21, 29) and not confirmed by receptor blockade or competitive binding experiments here; biphasic concentration-response is not mechanistically explained
doi__10.1128_aac.49.7.2845-2850.2005	The antibacterial activity of LL-37 depends on its alpha-helical conformation, which is disrupted by anions such as Cl-, explaining the reduced potency observed at physiological salt concentrations.	inferred		Mechanism is based entirely on prior literature (ref 8, Johansson et al.); no structural or conformational assays performed here; invoked to interpret observed salt-dependent activity changes
doi__10.1128_aac.49.7.2845-2850.2005	The loss of antifungal activity of LL-37 and its analogs against Candida albicans at physiological NaCl concentrations is attributed to salt-induced conformational changes in the peptide molecules.	hypothesis		The paper explicitly states the results do not provide an explanation; the conformational-change hypothesis is speculative, untested, and applied by analogy from antibacterial salt-sensitivity data
doi__10.1128_aac.49.7.2845-2850.2005	LL-37's antimicrobial activity in serum is reduced because it binds plasma proteins, particularly apolipoprotein A-I, which sequesters and inactivates the peptide.	direct_assay	radial diffusion assay with human serum (0%, 40%, 99%)	Direct binding to apolipoprotein A-I is cited from prior literature (refs 24, 28); this study measures only functional serum inhibition of antibacterial activity, not protein-peptide binding affinity
doi__10.1128_aac.49.7.2845-2850.2005	The N-terminal hydrophobic amino acids of LL-37 mediate its interaction with plasma proteins such as apolipoprotein A-I through hydrophobic forces, since their removal substantially reduces serum-mediated inactivation of antibacterial activity.	inferred	radial diffusion assay with human serum	Direct protein-peptide binding was not measured; hydrophobic nature of the interaction is inferred from structural differences between peptides and supported by prior literature (refs 24, 28) but not proven here
doi__10.1128_aac.49.7.2845-2850.2005	At 10 µM, the 18-mer LLKKK exhibits markedly greater chemotactic activity than LL-37, probably due to loss of receptor selectivity and nonspecific agonism at chemoattractant receptors beyond FPRL1.	hypothesis		Mechanism is speculative (paper states 'probably due to a loss of selectivity'); no receptor binding, displacement, or selectivity assays were performed
doi__10.4172_2327-5073.1000291	The designed cathelicidin-like peptides (TN1 and TN3) integrated into membrane lipids by pulling negatively charged phosphate groups of lipids via positively charged arginine residues, shrinking the membrane and decreasing its original thickness.	indirect		Evidence is from molecular dynamics (MD) simulation only, not wet-lab direct measurement of membrane thickness or lipid interaction.
doi__10.4172_2327-5073.1000291	A single peptide molecule is capable of creating a hydrophilic channel in the bacterial membrane, allowing free passage of water molecules and hydrophilic molecules such as SYBR Green.	indirect		Channel formation is inferred from MD simulation; the SYBR Green fluorescence assay supports membrane disruption but does not directly confirm channel formation by a single molecule.
doi__10.4172_2327-5073.1000291	TN1 disrupts the S. aureus cell membrane, causing bacteria to split into halves, as observed by transmission electron microscopy.	direct_assay	transmission electron microscopy (TEM)	Only TN1 was tested by TEM; single concentration (64 µg/ml) and single time point (15 min); one organism tested.
doi__10.4172_2327-5073.1000291	Treatment of S. aureus with TN1 results in membrane disruption sufficient for the nucleic acid dye SYBR Green to penetrate bacterial cells and bind to intracellular DNA.	direct_assay	membrane permeabilization (SYBR Green fluorescence assay)	SYBR Green entry indicates membrane compromise but does not distinguish specific mechanisms (pore formation vs. generalized membrane disruption); only S. aureus and TN1 tested.
doi__10.4172_2327-5073.1000291	TN3 strongly binds to the active site of glycosyltransferase, the major S. aureus enzyme responsible for building the peptidoglycan cell wall.	indirect		Evidence is entirely from computational molecular docking (GRAMM-X) and MD simulation; no biochemical binding or enzyme inhibition assay was performed to confirm this interaction in vitro.
doi__10.4172_2327-5073.1000291	Elongating the hydrophobic tail of peptides (as in TN4) causes self-aggregation between peptide molecules, which eliminates antibacterial activity by inhibiting peptide-membrane interaction.	indirect		Self-aggregation is inferred from MD simulation showing TN4 requires 4 molecules to self-cluster versus 2 for TN3; the mechanistic link to loss of activity is inferred, not directly demonstrated by a binding assay.
doi__10.4172_2327-5073.1000291	Positively charged arginine residues in the peptides electrostatically interact with the negatively charged phosphate groups of bacterial membrane phospholipids, driving membrane association.	indirect		Primarily inferred from peptide design rationale and supported by MD simulation; no direct biophysical measurement (e.g., zeta potential, isothermal titration calorimetry) reported.
doi__10.3389_fmicb.2025.1622282	HTP2 killed P. aeruginosa cells in a concentration-dependent manner, with ~1-log and ~3-log reductions at 25 μg/mL and 50 μg/mL respectively within 15 minutes.	direct_assay	time-killing kinetics	Single strain tested (PAO1); only 0, 15, and 30 min time points assessed
doi__10.3389_fmicb.2025.1622282	HTP2 primarily binds to the surface of P. aeruginosa cells, with weak fluorescence also detectable inside the cell, indicating both surface and intracellular action sites.	direct_assay	FITC-labeled peptide confocal laser-scanning microscopy	Fluorescence localization does not distinguish active binding from passive diffusion of permeabilized cells; single concentration tested (10 μg/mL)
doi__10.3389_fmicb.2025.1622282	Electrostatic interactions mediate HTP2 binding to P. aeruginosa, as exogenous cations (especially divalent) and exogenous LPS competitively reduce HTP2 antibacterial activity.	indirect	LPS competition binding assay, salt stability/cation sensitivity assay	MIC shift is a functional readout, not a direct binding measurement; does not quantify binding affinity
doi__10.3389_fmicb.2025.1622282	HTP2 disrupts the integrity of the P. aeruginosa cell membrane in a concentration-dependent manner, causing rapid membrane permeabilization.	direct_assay	membrane permeabilization (SYTOX green fluorescence)	Assay measures outer membrane permeability to the dye, not direct pore formation; single strain (PAO1)
doi__10.3389_fmicb.2025.1622282	HTP2 disrupts the membrane potential of P. aeruginosa cells in a concentration-dependent manner.	direct_assay	membrane potential assay (DiBAC4(3) fluorescence)	DiBAC4(3) signal decrease can reflect depolarization or dye displacement; single strain (PAO1)
doi__10.3389_fmicb.2025.1622282	HTP2 induces accumulation of reactive oxygen species (ROS) in P. aeruginosa cells.	direct_assay	ROS measurement (DCFH-DA fluorescence)	DCFH-DA is a general oxidative stress probe; source of ROS (bacterial vs. peptide-generated) not distinguished; single strain
doi__10.3389_fmicb.2025.1622282	ROS induced by HTP2 may damage DNA, RNA, proteins, and membrane lipids of P. aeruginosa.	hypothesis		No direct measurement of ROS-mediated macromolecular damage; extrapolated from citation to general ROS biology
doi__10.3389_fmicb.2025.1622282	HTP2 interacts with both RNA and plasmid DNA, retarding their migration in gel electrophoresis.	direct_assay	nucleic acid gel retardation (binding) assay	Gel retardation shows binding but not the functional consequence; intracellular access not directly demonstrated
doi__10.3389_fmicb.2025.1622282	HTP2's interaction with nucleic acids may inhibit DNA replication, transcription, and translation in P. aeruginosa.	hypothesis		No functional replication, transcription, or translation assays performed; inferred from nucleic acid binding result
doi__10.3389_fmicb.2025.1622282	HTP2 inhibits biofilm formation of P. aeruginosa in a concentration-dependent manner, reducing biomass by ~24%, ~41%, and ~72% at 6.25, 12.5, and 25 μg/mL respectively.	direct_assay	biofilm formation assay (crystal violet staining)	Anti-biofilm mechanism (membrane disruption vs. signaling inhibition vs. growth inhibition) not distinguished; single strain (PAO1); sub-inhibitory concentrations not confirmed to be non-bactericidal
doi__10.3389_fmicb.2025.1622282	HTP2 significantly inhibits swimming and swarming motility of P. aeruginosa at sub-MIC concentrations.	direct_assay	swimming motility assay, swarming motility assay (agar plate)	Mechanism of motility inhibition (flagella, flagellar gene expression, energy, etc.) not determined; single strain
doi__10.3389_fmicb.2025.1622282	HTP2 inhibits pyocyanin production of P. aeruginosa, reducing output by ~9.6% and ~19.6% at 6.25 and 12.5 μg/mL respectively.	direct_assay	pyocyanin extraction and colorimetric quantification	Effect size is modest at tested concentrations; whether inhibition is direct (biosynthesis pathway) or indirect (growth rate reduction) not determined
doi__10.3389_fmicb.2025.1622282	HTP2 inhibits elastase production/activity of P. aeruginosa, reducing it by ~7.7% (non-significant) and ~18.1% (significant) at 6.25 and 12.5 μg/mL respectively.	direct_assay	elastase activity assay (ECR substrate colorimetric)	Assay measures combined production and activity; lower dose effect not statistically significant (p > 0.05); mechanism of inhibition not determined
doi__10.3389_fmicb.2025.1622282	HTP2 significantly reduced P. aeruginosa bacterial load and inhibited inflammatory infiltration in a mouse subcutaneous infection model, demonstrating in vivo antibacterial activity.	direct_assay	in vivo mouse subcutaneous infection model (CFU counting, H&E histology)	In vivo mechanism of action not dissected (host immune contribution not controlled); small group size (n=6); single dose and route tested
doi__10.31083_j.fbl2702064	The mechanism of action of cationic antimicrobial peptides (AMPs) primarily involves disruption or displacement of the bacterial membrane, giving rise to a lower likelihood of resistance development compared to traditional antibiotics.	inferred		General background claim about AMPs cited from prior literature (Zasloff 2002, Hancock & Sahl 2006), not experimentally demonstrated for the peptoids studied here.
doi__10.31083_j.fbl2702064	Antimicrobial peptoids display membrane permeability or interact with intracellular targets such as bacterial DNA.	indirect		Stated as prior literature knowledge in the introduction; not directly demonstrated for the specific peptoids synthesized in this study.
doi__10.31083_j.fbl2702064	Multiple cationic charges in cell-penetrating peptoids favour endosomal accumulation, while lipophilicity promotes mitochondrial localization.	inferred		Cited from prior work (Kölmel et al. 2012, 2014); serves as design rationale rather than being re-demonstrated experimentally in this paper.
doi__10.31083_j.fbl2702064	Peptoids 1 and 11 permeabilize the bacterial membrane of more than half the S. aureus ATCC 29737 population (54.6% and 54.4% SYTOX green-positive cells, respectively) at 1× MIC.	direct_assay	membrane permeabilization (SYTOX green uptake measured by flow cytometry)	Assessed at a single concentration (1× MIC) and single time point (2 h); only one S. aureus strain tested; SYTOX green detects compromised membranes but does not distinguish the mode of disruption.
doi__10.31083_j.fbl2702064	Peptoids 10 and 11 kill S. aureus through membrane disruption that precedes bactericidal activity, ultimately resulting in cell lysis and death.	direct_assay	membrane permeabilization (SYTOX green uptake, flow cytometry), time-concentration kill kinetics (CFU counts)	Temporal relationship between membrane damage and killing is inferred by combining two separate assays rather than measured in a single real-time experiment; causal direction is interpretive.
doi__10.31083_j.fbl2702064	Peptoid 1 kills S. aureus (and is cytotoxic to mammalian cells) by extensively lysing cell membranes, as evidenced by high SYTOX green uptake and rapid bactericidal activity at 1× MIC.	direct_assay	membrane permeabilization (SYTOX green uptake, flow cytometry), time-concentration kill kinetics (CFU counts)	Mammalian membrane lysis is inferred from the low selectivity ratio (SR = 2) and cytotoxicity data rather than directly visualised; non-selective lysis of both bacterial and mammalian membranes is a mechanistic interpretation, not independently verified.
doi__10.31083_j.fbl2702064	Peptoids 2, 5, and 6 kill S. aureus through a mechanism that does not primarily involve membrane permeabilization, implying at least one additional intracellular or non-membrane mechanism of action.	indirect	membrane permeabilization (SYTOX green uptake, flow cytometry), time-concentration kill kinetics (CFU counts)	The alternative mechanism is not identified or characterised; conclusion is based solely on the discordance between low SYTOX green uptake (<10% permeabilised cells) and confirmed bactericidal activity, not on a positive intracellular-target assay.
doi__10.31083_j.fbl2702064	The active peptoids selectively kill Gram-positive bacteria and mycobacteria but not Gram-negative E. coli because hydrophobicity enables insertion into Gram-positive membranes while charged lipopolysaccharide in the Gram-negative outer membrane presents an additional electrostatic barrier that prevents peptoid entry.	inferred	MIC determination (lack of activity against E. coli)	The mechanistic explanation (hydrophobicity-driven Gram-positive selectivity and LPS electrostatic barrier) is cited from prior AMP literature (references 24–26) and not directly tested; outer membrane penetration was not measured.
doi__10.31083_j.fbl2702064	Higher MICs against mycobacteria compared to S. aureus are attributable to the mycolic acid outer layer of mycobacteria, which renders them relatively more impermeable to antimicrobial agents.	inferred	MIC determination (comparative MIC values across species in Table 1)	Mechanistic attribution to mycolic acid is cited from prior literature (reference 23), not experimentally demonstrated; alternative explanations (e.g., efflux pumps, altered target affinity) were not ruled out.
doi__10.31083_j.fbl2702064	The tetrameric peptoids (except peptoid 6) localize in the mitochondria of HeLa cells, indicating that their cell-penetrating mechanism targets the mitochondrial compartment rather than lysing the plasma membrane.	direct_assay	confocal microscopy with MitoTracker Green co-staining (Pearson correlation coefficients 0.75–0.957 for peptoids 1–5, 7–11)	Demonstrated in mammalian cells only; mitochondrial localisation within bacteria was not assessed; all peptoids carry a Rhodamine B label which itself has mitochondriotropic properties and may contribute to the observed localisation.
doi__10.31083_j.fbl2702064	The peptoids penetrate RAW 264.7 macrophages and accumulate in their mitochondria, suggesting a potential mechanism for reaching intracellular pathogens (e.g., M. tuberculosis) residing within macrophage granulomata.	direct_assay	confocal microscopy with MitoTracker Green co-staining in RAW 264.7 macrophages	Only localisation is demonstrated; antimicrobial efficacy against intracellular bacteria within macrophages was not tested; extrapolation from localisation to functional killing of intracellular pathogens is speculative.
doi__10.5943_mycosphere_8_1_10	Malformin A1 induces cytotoxicity in HeLa cancer cells through epigenetic changes by modifying lysine residues of histone H3 and H4 via acetylation or methylation.	indirect	immunofluorescence staining for histone modifications (H3K9me2, H3K9me3, H3K27me3, H3K27ac, H4K5ac, H4K16ac)	Immunofluorescence measures correlation between histone mark changes and cytotoxicity; no direct causal mechanistic experiment (e.g., rescue assay, enzyme inhibition assay) was performed; histone changes are downstream readouts, not proven causal drivers
doi__10.5943_mycosphere_8_1_10	Malformin A1 upregulates H3K9me2 and H3K9me3 in HeLa cells, which may suppress transcription of oncogenes linked to carcinogenesis.	indirect	immunofluorescence staining	Suppression of oncogene transcription is inferred from published literature on H3K9me2/me3 biology; no gene expression or transcriptomics data presented; causal link not directly demonstrated
doi__10.5943_mycosphere_8_1_10	Malformin A1 upregulates H4K16ac in HeLa cells, consistent with reduced genomic instability and DNA damage response restoration, supporting its cytotoxic chemotherapeutic activity.	indirect	immunofluorescence staining	DNA damage response improvement is inferred from published H4K16ac biology; no DNA damage or genomic stability assays performed in this study
doi__10.5943_mycosphere_8_1_10	Malformin A1 downregulates H3K27me3 (at 10 ng/mL), which may inhibit proliferation of cancerous cells by reducing PcG-complex-mediated gene repression associated with cancer metastasis.	indirect	immunofluorescence staining	Anti-proliferative interpretation is inferred from published PcG/H3K27me3 biology; no proliferation, metastasis, or PcG protein level assays conducted; effect seen only at 10 ng/mL, not 100 ng/mL
doi__10.5943_mycosphere_8_1_10	Malformin A1 downregulates H3K27ac (at 100 ng/mL) and H4K5ac (at 100 ng/mL) in HeLa cells, supporting its chemotherapeutic activity by reducing marks associated with cancer severity and faulty DNA replication.	indirect	immunofluorescence staining	Mechanistic interpretation relies on published literature; no direct DNA replication, chromatin compaction, or transcriptional assays performed; concentration-dependent effects differ for H3K27me3 vs H3K27ac/H4K5ac
doi__10.4172_2155-6113.s2-003	The high anti-HIV potency of GLRC-2 is likely due to its high hydrophobicity, as the three most active GLRC peptides showed HIV inhibitory activities proportional to hydrophobicity measured by HPLC retention time.	inferred		Correlation holds only for the three most potent GLRC peptides; authors explicitly note it 'could not be extended to all the peptides'; hydrophobicity-potency correlation does not establish causality or identify a molecular target.
doi__10.4172_2155-6113.s2-003	GLRC-2 may act on viral membranes, by analogy to the HIV-inhibitory cyclotide cycloviolacin Y5, which was proposed to act on viral membranes and is also the most hydrophobic member of its family.	hypothesis		Authors explicitly state 'whether GLRC-2 acts by the same mechanism remains to be established'; no membrane disruption or fusion assays were performed; the analogy is to a structurally unrelated peptide class.
doi__10.4172_2155-6113.s2-003	Positively charged residues (Arg/Lys) are important for anti-Gram-negative (E. coli) activity of GLRC peptides, as GLRC-7 with the fewest positive charges was the least active against E. coli.	indirect		Inference drawn from a single outlier peptide (GLRC-7) that also differs from others in length and loop size; multiple co-varying structural parameters prevent clean attribution to charge alone; no direct membrane or electrostatic interaction assay performed.
doi__10.4172_2155-6113.s2-003	High hydrophobic content contributes to activity against Gram-positive bacteria (B. subtilis), as GLRC-6, with the highest hydrophobic residue percentage (50%) among the GLRC peptides, was the only member with moderate activity against B. subtilis.	indirect		Single-peptide observation; GLRC-6 also differs from other peptides in sequence and terminal truncation; no mechanistic assay (e.g., membrane depolarization, dye leakage) performed to confirm membrane-targeting mechanism.
doi__10.2478_s11535-010-0111-4	The peptides kill Candida cells within minutes, consistent with the rapid membrane-disrupting action of short cationic amphipathic α-helical antimicrobial peptides.	direct_assay	colony forming unit determination, rhodamine 6G efflux time course	Time course demonstrated only for LL-III, LL-III/12, and HAL-1/10; >95% cell death at 1 min confirmed by CFU plating but not for all analogs.
doi__10.2478_s11535-010-0111-4	AMP treatment causes rapid efflux of rhodamine 6G from loaded Candida cells, with >80% of the dye released within 1 minute, indicating disruption of membrane barriers.	direct_assay	rhodamine 6G efflux (spectrofluorometric and fluorescent microscopy)	Only tested with LL-III, LL-III/12, and HAL-1/10; rhodamine 6G efflux reflects membrane disruption but does not distinguish which specific membrane is disrupted first.
doi__10.2478_s11535-010-0111-4	AMP treatment permeabilizes the Candida plasma membrane sufficiently to allow entry of propidium iodide (a normally membrane-impermeant DNA-binding dye) into >90% of cells within 10 minutes.	direct_assay	propidium iodide staining, fluorescent microscopy	Explicitly demonstrated only for HAL-1/10 at 40 µM; 10-minute incubation used.
doi__10.2478_s11535-010-0111-4	AMP treatment permeabilizes the Candida plasma membrane sufficiently to allow nuclear DAPI staining in >90% of cells within 10 minutes, an event that requires membrane permeabilization in Candida (unlike mammalian cells).	direct_assay	DAPI staining, fluorescent microscopy	Explicitly demonstrated only for HAL-1/10 at 50 µM; authors note this Candida-specific impermeability is distinct from mammalian cells.
doi__10.2478_s11535-010-0111-4	The peptides disrupt not only the plasma membrane but also intracellular membrane barriers, as shown by redistribution of mitochondria-localized rhodamine 6G from uneven to uniform intracellular distribution before its release from cells at MIC concentrations.	indirect	rhodamine 6G efflux, fluorescent microscopy	Inference from fluorescence redistribution pattern; intracellular membrane identity not confirmed with organelle-specific markers; redistribution could reflect passive diffusion after initial plasma membrane breach.
doi__10.2478_s11535-010-0111-4	At sub-MIC concentrations the peptides do not easily enter intact Candida cells; multiple peptide molecules must cooperate to overcome membrane barriers, consistent with pore-forming models.	indirect	fluorescein-labeled peptide uptake (Fluo-LL-III, fluorescent microscopy)	Only Fluo-LL-III tested; pore-forming model invoked from cited literature, not directly demonstrated (e.g., by electrophysiology or lipid-vesicle leakage assays); Fluo-LL-III has ~4-fold lower antifungal activity than native LL-III.
doi__10.2478_s11535-010-0111-4	At MIC and above, co-addition of unlabeled AMP causes all Candida cells to become immediately and uniformly fluorescent when treated with Fluo-LL-III, demonstrating that the labeled peptide enters cells once membrane barriers are overcome.	direct_assay	fluorescein-labeled peptide uptake, fluorescent microscopy	Entry of Fluo-LL-III required co-addition of unlabeled LL-III or HAL-1/10 at MIC; whether labeled peptide itself contributes to killing or is a passive tracer not resolved.
doi__10.2478_s11535-010-0111-4	The killing mechanism is necrotic rather than apoptotic, based on rapid total membrane disruption and outflow of cell contents without evidence of regulated programmed cell death.	indirect	rhodamine 6G efflux, propidium iodide staining, DAPI staining, colony forming unit determination	Authors explicitly state they did not measure any apoptotic markers (caspases, AIF, metacaspase, annexin V, etc.); necrosis conclusion is by exclusion; short detection interval (10 min) used.
doi__10.2478_s11535-010-0111-4	The antifungal killing mechanism is not energy-dependent, as pretreatment with metabolic inhibitors NaN3 or NaCN does not affect peptide effectiveness.	direct_assay	metabolic inhibitor assay (NaN3, NaCN)	Data not shown in the paper; result only briefly mentioned; specific peptides and concentrations tested are not described.
doi__10.2478_s11535-010-0111-4	Programmed (apoptotic) cell death may occur at low AMP concentrations in a small fraction of cells, but this mechanism is considered unlikely for the peptides studied because they do not enter cells readily at sub-MIC concentrations.	hypothesis		Authors explicitly did not measure apoptotic markers; hypothesis is based on comparison with other AMPs in cited literature (melittin, lactoferrin, dermaseptins, plant defensins) and on negative fluorescent-peptide entry data at low concentrations.
doi__10.3892_etm.2016.3578	Fowlicidin-2, as a cathelicidin antimicrobial peptide, exerts nonspecific membrane-lytic antibacterial activity, making resistance development by bacteria extremely difficult.	inferred		Membrane-lytic activity is asserted for AMPs as a class and applied to fowlicidin-2 by category membership; no membrane permeabilization or membrane integrity assay was performed on fowlicidin-2 in this study.
doi__10.3892_etm.2016.3578	Fowlicidin-2 exerts potent lipopolysaccharide (LPS)-neutralizing activity, supporting its potential as an antisepsis agent.	indirect		LPS-neutralizing activity is cited from prior studies (Xiao et al, 2006 and 2009; references 8 and 9) and not experimentally demonstrated in the present study.
doi__10.3892_etm.2016.3578	The α-helical amphipathic structure of fowlicidin-2—with an N-terminal amphipathic helix and a more hydrophobic C-terminal helix—is proposed to underlie its cytotoxic activity against cancer cells, consistent with the general principle that increased α-helicity and mean hydrophobicity enhance AMP cytotoxicity toward cancer cells.	hypothesis		Authors explicitly state that 'the mechanism of action of the peptide on cancer cells requires further investigation'; structural features are invoked by analogy to other AMPs (references 9, 33, 34), not by direct mechanistic assay on fowlicidin-2.
doi__10.3892_etm.2016.3578	The hemolytic activity of recombinant fowlicidin-2 against human erythrocytes is dose-dependent, and differences in spatial (three-dimensional) structure between the recombinant and chemically synthesized forms may account for the higher EC50 observed in this study compared with prior reports.	hypothesis	membrane permeabilization (hemolysis via hemoglobin release assay)	Structural differences between recombinant and synthetic fowlicidin-2 are proposed but not confirmed; the authors state 'the underlying mechanism is unclear.'
doi__10.3858_emm.2008.40.4.370	The target of surface-active antimicrobial peptides, including pleurocidin, appears to be the cellular lipid bilayer membrane.	inferred		Stated as 'appears to be'; no direct mechanistic assay performed in this paper; general inference from literature
doi__10.3858_emm.2008.40.4.370	Pleurocidin's antibacterial activity correlates with its membrane-disrupting activity.	indirect		Attributed to cited prior work (Saint et al., 2002); not independently demonstrated in this paper
doi__10.3858_emm.2008.40.4.370	L-pleurocidin causes membrane permeabilization (pore formation), as shown by strong calcein leakage from PC:cholesterol large unilamellar vesicles.	direct_assay	membrane permeabilization (calcein leakage from liposomes)	Liposomes composed of PC:cholesterol (10:1 w/w) are a mammalian membrane model, not a bacterial membrane; mechanism against bacterial targets is not directly tested
doi__10.3858_emm.2008.40.4.370	L-pleurocidin disrupts mammalian erythrocyte membranes, as evidenced by hemoglobin release from human red blood cells.	direct_assay	hemolysis assay (human RBCs)	Hemolysis assay measures disruption of mammalian cells; does not directly address mechanism against bacterial membranes
doi__10.3858_emm.2008.40.4.370	D-pleurocidin does not effectively form pores in membranes, consistent with its dramatically reduced hemolytic activity relative to L-pleurocidin.	direct_assay	membrane permeabilization (calcein leakage from liposomes), hemolysis assay	Pore formation tested only in PC:cholesterol mammalian-model liposomes; reduced pore activity against mammalian-like membranes may not fully explain reduced antibacterial potency against bacterial membranes
doi__10.3858_emm.2008.40.4.370	The degree of α-helicity is a major determinant of the difference in antibacterial activity between L-pleurocidin and D-pleurocidin, as D-Ple adopts a more helical structure than L-Ple yet shows lower antibacterial potency.	inferred	circular dichroism spectroscopy	Association between helicity and activity is correlational; causal mechanism is not established; greater helicity in D-Ple paradoxically associates with lower activity, so the direction of the relationship is not resolved
doi__10.3858_emm.2008.40.4.370	Hydrophobicity is not responsible for the differential antibacterial activity between L-pleurocidin and D-pleurocidin, as both peptides show identical HPLC retention times.	direct_assay	reverse-phase HPLC	Eliminates hydrophobicity as explanatory variable but does not itself identify the operative mechanism; HPLC retention time is an indirect measure of hydrophobicity
doi__10.18388_abp.2020_5757	Most antimicrobial peptides are cationic, and this cationic character plays a key role in their antimicrobial activity.	indirect		Attributed to cited literature (Hancock 1998, Zasloff 2002, Brogden 2005, Maróti 2011); no mechanistic assay performed in this study.
doi__10.18388_abp.2020_5757	Some antimicrobial peptides bind to bacterial lipopolysaccharide, thereby preventing the effects of septic shock.	indirect		Cited from Giacometti et al. 2003; not tested in this study.
doi__10.18388_abp.2020_5757	Muramyl dipeptide acts as a NOD2 agonist that induces NF-κB and MAPK signaling, leading to production of antimicrobial and proinflammatory substances as part of its antibacterial mechanism.	indirect		Background immunomodulatory mechanism from prior literature; MDP derivatives in this study showed predominantly low direct antibacterial activity (MIC >512 µg/mL), so relevance of this pathway to the observed in vitro MIC results is unclear; MIC assays used were cell-free and cannot capture immunomodulatory effects.
doi__10.18388_abp.2020_5757	MDP stimulates macrophages to produce microbicidal oxygen radicals and secrete inflammatory cytokines (IL-1 and TNF-α), thereby increasing nonspecific host resistance to bacterial infection.	indirect		Cited mechanism from background literature; in vitro cell-free MIC assay system used in this study cannot reflect this host-mediated mechanism.
doi__10.18388_abp.2020_5757	Retro-tuftsin and tuftsin derivatives exert antibacterial effects in part by stimulating monocytes, macrophages, and neutrophils through immunomodulation.	indirect		Immunomodulatory basis cited from Wardowska et al. studies; cell-free MIC assays used here cannot capture immune-cell-dependent activity.
doi__10.18388_abp.2020_5757	Tuftsin supports site-specific delivery of antibiotics into macrophages, thereby enhancing the therapeutic effect against macrophage-based bacterial infections.	indirect		Cited from Gupta & Haq 2005 and animal model studies; not tested in this study; mechanism is indirect (carrier) rather than direct bactericidal activity.
doi__10.18388_abp.2020_5757	Anthraquinone analogs linked to retro-tuftsin residues (compounds 3a–3d) are proposed to act as topoisomerase inhibitors.	hypothesis		Design rationale from a prior publication (Dzierzbicka et al. 2006); no topoisomerase inhibition assay was performed in this study.
doi__10.18388_abp.2020_5757	The isopeptide bonds in the retro-tuftsin portion of compounds 3c and 3d reduce susceptibility to enzymatic hydrolysis, limiting activity-reducing degradation and likely contributing to their observed antimicrobial activity against S. aureus.	inferred		Structural reasoning only; no protease stability assay, degradation study, or control without isopeptide bonds was performed to test this explanation.
doi__10.18388_abp.2020_5757	Combining compounds with different mechanisms of action (e.g., immunomodulatory peptides with anthraquinones) may improve the clinical antibacterial efficacy of both components.	hypothesis		Explicitly stated as a hypothesis by the authors; no synergy or combination experiments were performed in this study.
doi__10.7164_antibiotics.43.1403	Duramycins B and C, duramycin, and cinnamycin all inhibit human phospholipase A2 (from PMN leukocytes and synovial fluid) with IC50 values in the micromolar range (~0.6–1.5 µM).	direct_assay	radiometric phospholipase A2 enzyme inhibition assay using [1-14C]oleate-labeled E. coli as substrate, IC50 determination from dose-response plots	Assay used only two human enzyme sources (PMN leukocytes and synovial fluid); selectivity against other phospholipase subtypes not reported here; mechanism of enzyme inhibition (competitive, allosteric, substrate sequestration) not determined
doi__10.7164_antibiotics.43.1403	At least one thioether (lanthionine/methyllanthionine) bridge is essential for phospholipase A2 inhibitory activity, because oxidation of all three thioether groups to sulfoxides (trisulfoxide 5) completely abolishes activity at concentrations up to 30 µM.	inferred	phospholipase A2 inhibition assay of chemically modified analog (trisulfoxide 5); identity confirmed by FAB-MS	Oxidation produces a mixture of diastereoisomers (confirmed by 1H NMR), so the loss of activity could reflect conformational disruption rather than direct thioether involvement; individual mono- or di-sulfoxide intermediates were not tested; does not distinguish which specific thioether bridge is required
doi__10.5483_bmbrep.2002.35.3.291	Thanatin and its analogues disrupt bacterial membranes, as shown by carboxyfluorocalcein leakage from negatively charged PC/PS liposomes, and this liposome disruption activity correlates with anti-Gram-positive antibacterial activity.	direct_assay	membrane permeabilization (liposome carboxyfluorocalcein leakage)	Maximum disruption was ≤40% even after >100 min incubation; PC/PS liposomes are an imperfect bacterial membrane mimic; correlation holds only for Gram-positive activity, not Gram-negative activity
doi__10.5483_bmbrep.2002.35.3.291	Thanatin and its analogues are considered to act by directly interacting with the Gram-positive bacterial cytoplasmic membrane, because Gram-positive bacteria lack an outer membrane barrier.	inferred		Inferred from bacterial cell-envelope architecture combined with liposome disruption correlation; no direct assay of cytoplasmic membrane interaction in intact bacteria was performed
doi__10.5483_bmbrep.2002.35.3.291	An additional mechanism beyond membrane disruption is likely responsible for the strong anti-Gram-negative activity of thanatin, because liposome disruption activity does not correlate with anti-Gram-negative antibacterial activity.	hypothesis		No experimental evidence for the additional mechanism is presented; the outer membrane of Gram-negative bacteria may simply restrict liposome-model relevance rather than implicating a separate killing mechanism
doi__10.5483_bmbrep.2002.35.3.291	The disulfide bond of thanatin is essential for antibacterial activity, as shown by the Th6 analogue in which both cysteines were replaced by alanines, which exhibited no or negligible antibacterial activity against all bacterial strains tested.	indirect		Activity loss inferred solely from MIC data; alanine substitution removes the loop constraint and alters overall structure (Th6 showed random coil in SDS by CD), so the effect cannot be attributed solely to absence of the disulfide bond; no redox-control experiment (e.g., reduced native peptide) was reported
doi__10.5483_bmbrep.2002.35.3.291	Adoption of an α-helical conformation in the membrane-mimicking SDS environment is associated with higher membrane-disrupting activity and higher anti-Gram-positive antibacterial activity, as the analogue Th1 showed the greatest α-helical propensity in SDS and the highest liposome disruption and anti-Gram-positive potency among all peptides tested.	indirect	membrane permeabilization (liposome carboxyfluorocalcein leakage), CD spectroscopy in SDS	Evidence is correlative only; SDS micelles imperfectly mimic bacterial lipid bilayers; 3D structure of thanatin or Th1 in an actual membrane environment was not determined; the paper notes NMR in membrane-mimicking conditions would be needed to confirm the structural basis of activity
doi__10.5772_25209	Temporin-La and palustrin-Ca treatment of HeLa cells causes breached membrane integrity, cytoplasmic leakage, mitochondria vacuolization, cristae loss, and blurred boundaries.	direct_assay	transmission electron microscopy	Observed only at 10×MIC in a single cell line (HeLa) after 24 h; morphological readout only, no biochemical confirmation of downstream events.
doi__10.5772_25209	Antimicrobial peptides rely on amphiphilic α-helix structures to associate with prokaryotic lipid bilayers, forming transmembrane ion channels that cause cell leakage, mitochondrial failure, or activation of apoptotic signaling cascades.	inferred		General background claim attributed to the AMP class; no ion-channel or structural assay performed in this paper for temporin-La or palustrin-Ca.
doi__10.5772_25209	The selective cytotoxicity of antimicrobial peptides against tumor cells may be due to higher acidic phospholipid content in tumor cell membranes and reduced integrity of the cytoskeleton system.	hypothesis		Explicitly speculative ('may be due to'); no lipid-composition or cytoskeletal assay performed in this paper.
doi__10.5772_25209	Membrane insertion of antimicrobial peptides causes bilayer melting and membrane puncture, leading to leakage of intracellular contents, mitochondria vacuolization, cristae loss, chromosomal DNA breakage, and inhibition of chromosomal DNA synthesis.	inferred	transmission electron microscopy (partial support for membrane breach, cytoplasmic leakage, mitochondrial changes)	TEM supports morphological membrane and mitochondrial damage; chromosomal DNA breakage and DNA synthesis inhibition are asserted without direct measurement (no comet assay, BrdU, or equivalent).
doi__10.5772_25209	Another possible mechanism by which antimicrobial peptides kill tumor cells is induction of apoptosis.	hypothesis		Supported only by citation of a different peptide (DP1) in a different study; no apoptosis assay (annexin V, caspase activation, TUNEL) performed for temporin-La or palustrin-Ca.
doi__10.5772_25209	Temporin-La inhibits Gram-positive bacteria and cancer cells without damaging the membranes of healthy mammalian cells, as evidenced by the large separation between antitumor IC50 values and the hemolytic concentration.	indirect	MIC assay, MTT antitumor assay, hemolysis assay	Selectivity is inferred by comparing IC50/MIC vs HC50 across separate assays; mechanism for differential selectivity is not directly demonstrated.
doi__10.7164_antibiotics.43.267	Pumilacidins A and B inhibit hog gastric H+, K+-ATPase in a concentration-dependent manner, with IC50 values of 2.7 and 3.2 µg/ml respectively, and are approximately 4-fold more potent than omeprazole or SCH 28080 in this assay.	direct_assay	enzyme inhibition assay (pNPP hydrolysis as ATP surrogate substrate)	Hog gastric enzyme used, not human; pNPP is a surrogate substrate, not the native ATP substrate; assay performed at fixed pH 7.4 and KCl conditions that may not reflect the gastric luminal environment; only IC50 reported, no kinetic mode-of-inhibition (competitive/non-competitive) determined
doi__10.7164_antibiotics.43.267	H+, K+-ATPase inhibition is implicated as the mechanistic basis for pumilacidin B's antiulcer activity, as the compound both inhibits the proton pump in vitro and significantly reduces Shay ulcer formation in rats at 100 mg/kg subcutaneously.	indirect		The paper juxtaposes the two findings but does not explicitly assert causation; the in vivo antiulcer effect could involve additional or alternative mechanisms (e.g., cytoprotection, mucus secretion); only pumilacidin B was tested in vivo; pharmacokinetic data and gastric tissue drug levels are absent
doi__10.7164_antibiotics.43.267	The cyclic lactone (depsipeptide) structure is required for biological activity, as linear peptides generated by alkaline hydrolysis of the lactone linkage are biologically inactive.	inferred		Which specific biological activity (antiviral, ATPase inhibition, or antiulcer) was tested on the linear derivatives is not stated; the conformational or chemical basis for loss of activity is not investigated; only alkaline hydrolysis products were tested, not other ring-opened analogs
doi__10.7164_antibiotics.46.1756	RP 71955 inhibited the HIV-1 aspartyl protease with an IC50 of 1 to 3 µg/ml.	direct_assay	fluorometric protease inhibition assay	IC50 range spans 3-fold; assay details are cited to a companion reference (Hirel et al., 1990) rather than described here; no selectivity data against host aspartic proteases reported.
doi__10.7164_antibiotics.46.1756	RP 71955 inhibited the production of reverse transcriptase with an IC50 of 4 µg/ml.	indirect		The paper does not describe the assay format or distinguish between inhibition of RT enzymatic activity versus inhibition of RT production as a downstream consequence of protease inhibition; the latter interpretation is consistent with the paper's stated mechanism (protease blockade → immature virions lacking processed RT).
doi__10.7164_antibiotics.46.1756	RP 71955 was active in a T-lymphocyte HIV-1 infection assay, as measured by inhibition of the cytopathogenic effect of the virus, with an IC50 of 35 µg/ml.	indirect	cytopathogenic effect inhibition (cell-based)	Data attributed to a personal communication (A. Bousseau) and not published; cell-based CPE assay measures a downstream composite endpoint and does not distinguish the molecular target responsible for antiviral effect; IC50 is ~10–35× higher than the cell-free protease IC50, suggesting poor cell penetration, off-target activity, or a different primary mechanism in the cellular context.
doi__10.7164_antibiotics.52.998	Tylopeptins A and B, as peptaibols, exert their antibiotic activity via the formation of amphipathic helices that interact with phospholipid bilayers, perturbing membrane permeability by forming voltage-gated ion channels.	inferred		No direct mechanistic assays were performed on tylopeptins A or B in this study; the mechanism is attributed by class membership—the paper identifies tylopeptins as peptaibols and cites established peptaibol literature (refs 1–4) for the ion-channel mechanism. The claim is not validated here for these specific compounds.
doi__10.7324_japs.2018.8204	The increase in net positive charge (from −1 to +1) and hydrophobicity ratio of M-Brucin (from 36% to 40%) caused its specific antibacterial activity against the gram-positive bacteria, S. epidermidis and S. pyogenes.	inferred		Causal attribution inferred from comparison of physicochemical properties across variants; no direct mechanistic assay performed; correlation between charge/hydrophobicity changes and activity does not establish mechanism.
doi__10.7324_japs.2018.8204	The enhanced inhibitory activity against S. epidermidis of M-Brucin may be due to the increase in its hydrophobicity, since there is evidence that antimicrobial activity increases linearly with increases in peptide hydrophobicity in similar peptides.	inferred		Authors explicitly state this is speculative ('may due to'); supporting evidence is from external studies on different peptides, not direct assay on M-Brucin.
doi__10.7324_japs.2018.8204	Electrostatic interaction promotes the adsorption of AMPs onto the microbial membrane, and the positive charge of M-Brucin is relevant to its antibacterial activity.	hypothesis		General AMP principle cited from literature (Nikken et al., 2013), not demonstrated for M-Brucin specifically; no membrane-binding or adsorption assay performed.
doi__10.7324_japs.2018.8204	The interaction with the bacterial cell wall should be further investigated to understand the mechanism of its antibacterial action.	hypothesis		This is an explicit statement by the authors that the mechanism is unknown and untested; no mechanistic assay was conducted.
doi__10.7164_antibiotics.48.433	Siamycins I and II inhibit HIV-induced syncytia formation, as they were identified and monitored throughout isolation using a syncytia inhibition assay (SIA).	indirect	syncytia inhibition assay (SIA)	SIA measures a cell-fusion outcome; the paper does not identify the molecular step targeted (e.g., receptor binding, membrane fusion, viral entry). The assay result is used as a bioactivity readout, not a mechanistic probe.
doi__10.7164_antibiotics.48.433	Siamycins I and II exhibit selective antibacterial activity against Gram-positive bacteria (Staphylococcus aureus, Micrococcus luteus, Bacillus subtilis) with no activity against Gram-negative species tested.	indirect	MIC determination (nutrient agar, 32°C, 18h)	The Gram-positive selectivity pattern is documented but no mechanism is proposed or tested in this paper; the basis of selectivity (e.g., outer membrane exclusion, specific target) is not addressed.
doi__10.7324_japs.2016.60211	Hepcidin TH1-5 induces apoptosis in MCF-7 human breast adenocarcinoma cells via the intrinsic (mitochondrial) pathway, as evidenced by activation of caspase-9.	direct_assay	caspase luminescence assay (Caspase-Glo 9), annexin V-FITC/PI apoptosis assay	Intrinsic pathway assignment rests solely on caspase-9 activation; upstream mitochondrial events (cytochrome c release, Bcl-2 family changes, mitochondrial membrane potential) were not measured in this study.
doi__10.7324_japs.2016.60211	Hepcidin TH1-5 activates caspase-3/7 (executioner caspases) in MCF-7 cells in a time-dependent manner at 12, 24, and 48 hours.	direct_assay	caspase luminescence assay (Caspase-Glo 3/7)	Caspase-3 and -7 activities are measured together and cannot be distinguished by the assay used; no protein-level confirmation (e.g., Western blot for cleaved caspase-3).
doi__10.7324_japs.2016.60211	Hepcidin TH1-5 does not meaningfully activate caspase-8 in MCF-7 cells, indicating the extrinsic (death-receptor) pathway is not the primary apoptotic route.	direct_assay	caspase luminescence assay (Caspase-Glo 8)	Absence of significant caspase-8 activation at the tested time points does not fully exclude extrinsic pathway involvement at other concentrations or later time points.
doi__10.7324_japs.2016.60211	Hepcidin TH1-5 causes concentration-dependent inhibition of MCF-7 cell proliferation, with an IC50 of 20 µg/mL at 72 hours.	direct_assay	MTT cell viability assay	MTT measures metabolic activity as a proxy for viability; does not distinguish cytostatic from cytotoxic effects.
doi__10.7324_japs.2016.60211	Hepcidin TH1-5 induces predominantly early apoptosis (73.67% at 24 h) that transitions toward late apoptosis over time in MCF-7 cells, with apoptotic death peaking between 48 and 72 hours.	direct_assay	annexin V-FITC/PI apoptosis assay (fluorescence microscopy)	Fluorescence microscopy-based cell counting (200 cells per sample) is lower throughput and more operator-dependent than flow cytometry; no flow cytometric confirmation presented.
doi__10.7324_japs.2016.60211	Hepcidin TH1-5 may induce both apoptosis and inflammation in cancer cells, based on prior reports of caspase-7 downregulation at the gene-expression level in HeLa cells.	inferred		This claim is extrapolated from a cited external study (Chang et al., 2011) on a different cell line (HeLa); no inflammation or gene-expression assays were performed in the present study.
doi__10.7164_antibiotics.54.1036	The molecular target of goadsporin is apparently specific to streptomycetes and not common to other organisms such as DNA, protein kinases, or ribosomes.	indirect		Absence of activity against non-streptomycetes and absence of protein kinase C inhibition or apoptosis induction in mammalian cells are used as negative evidence; actual target identity is not established.
doi__10.7164_antibiotics.54.1036	Goadsporin acts on a common regulation pathway for sporulation and secondary metabolism shared across streptomycetes.	inferred		Inferred solely from the breadth of phenotypic response (36/42 strains); no molecular pathway component was identified or tested.
doi__10.7164_antibiotics.54.1036	Goadsporin growth inhibition at high concentrations is caused by premature induction of aerial hyphae formation before sufficient substrate mycelium development.	hypothesis		Presented as a proposed explanation for the ring-shaped inhibition zone; no direct developmental time-course or genetic evidence is provided.
doi__10.7164_antibiotics.54.1036	Goadsporin may not permeate the cell membrane of its producing strain, explaining why the producer does not respond to exogenously added goadsporin.	hypothesis		Speculative; intracellular accumulation in the producer is observed but membrane impermeability is not directly measured; non-response could also reflect target-level resistance or desensitization.
doi__10.7164_antibiotics.52.374	Feglymycin shares the rare 3,5-dihydroxyphenylglycine and 4-hydroxyphenylglycine residues with known HIV replication inhibitors RPI-856 (an HIV-1 protease inhibitor) and chloropeptin (a gp120–CD4 binding inhibitor), implying feglymycin may act via HIV-1 protease inhibition or blockade of gp120–CD4 binding.	hypothesis		The paper explicitly states 'The molecular mechanism of the antiviral activity has not yet been investigated.' The implied mechanistic analogy rests solely on shared rare amino acid residues with structurally related natural products; feglymycin was not tested in any protease inhibition or gp120-CD4 binding assay.
doi__10.7164_antibiotics.32.828	The phenolic hydroxyl group of the tyrosine residue is essential for the antifungal activity of iturin A, mycosubtilin, and bacillomycin L, as substitution of this residue by methyl or acetyl groups abolishes activity across all concentrations tested.	indirect		Structure-activity relationship inference only; direct functional role of the phenolic group (e.g., receptor binding, membrane insertion) is not mechanistically demonstrated; same conclusion drawn by analogy to prior antibacterial SAR data
doi__10.7164_antibiotics.32.828	Iturin A, mycosubtilin, and bacillomycin L exert their antifungal activity by interacting with the yeast cytoplasmic membrane, as reversal of activity by membrane lipids implies the antibiotic must bind membrane lipid components to act.	inferred	lipid antagonism/reversal-of-inhibition assay	Lipid antagonism in liquid culture is consistent with membrane interaction but does not directly demonstrate it; protoplast lysis and membrane permeabilization data cited are from prior bacterial (M. luteus) studies not replicated in the yeast system tested here
doi__10.7164_antibiotics.32.828	A polar interaction between the antibiotics and cholesterol accounts for cholesterol being the strongest lipid antagonist, as cholesterol methyl ether, cholesterol acetate, and cholesterol stearate (which block or replace the free hydroxyl) show little or no inhibitory effect.	hypothesis		Inferred purely from comparative antagonism data with cholesterol derivatives; no direct binding measurements; solubility and partitioning differences among derivatives are not controlled for
doi__10.7164_antibiotics.32.828	The cis-configuration of unsaturated fatty acids allows them to wrap around the antibiotic molecule into a compact complex, thereby preventing the antibiotic from reaching its membrane target and explaining why cis- but not trans-unsaturated fatty acids are inhibitory.	hypothesis		Purely speculative structural model; no direct evidence (e.g., NMR, calorimetry, binding assays) is presented; supported only by the differential inhibitory effect of cis- vs. trans-isomers in the antagonism assay
doi__10.7164_antibiotics.32.828	The position of the double bond in the hydrocarbon chain of cis-unsaturated fatty acids determines the degree of inhibition of antifungal activity, as oleic acid, cis-vaccenic acid, and petroselinic acid (different positional isomers) show different inhibitory profiles across the three antibiotics.	indirect		Comparative inhibition data only; chain length differences co-vary with double-bond position, so the specific contribution of bond position versus chain length is not isolated
doi__10.7164_antibiotics.32.828	The carboxyl group of fatty acids participates in the interaction specifically with bacillomycin L but not with iturin A or mycosubtilin, as esterification of fatty acids reduces their inhibitory effect against bacillomycin L but not against the other two antibiotics.	indirect		Inferred from differential SAR of lipid inhibitors; esterification also alters hydrophilicity and solubility, which are not separately controlled; mechanistic basis for the antibiotic-selectivity of this effect is unexplained
doi__10.7164_antibiotics.32.828	The inhibitory effect of phospholipids on antifungal activity depends on both the nature of the polar headgroup and the fatty acid moiety, with phosphatidyl choline inhibiting iturin A and bacillomycin L while diphosphatidyl glycerol inhibits bacillomycin L and mycosubtilin.	indirect	lipid antagonism/reversal-of-inhibition assay	Structural correlations are descriptive; the molecular basis for antibiotic-selectivity of individual phospholipids is not explained; only a limited panel of phospholipids was tested
doi__10.7164_antibiotics.32.828	The lipid-antibiotic complex formed in solution cannot interact with the yeast membrane, which is why exogenous lipids reverse antifungal activity.	hypothesis		Mechanistic model proposed by the authors with no direct structural or biochemical evidence; the existence of a discrete complex is assumed, not demonstrated
