paper_id	peptide	mic_value	mic_unit	mic_target	tox_endpoint	tox_value	tox_unit	ti	note
doi__10.1002_advs.202507457	Pep1	128.0	ug/mL	{"class":"bacteria","gram_status":"Gram-	CC50	512.0	ug/mL	4.0	TI = median toxicity_conc / min_MIC (same unit family)
doi__10.1002_advs.202507457	Pep2	128.0	ug/mL	{"class":"bacteria","gram_status":"Gram-	CC50	512.0	ug/mL	4.0	TI = median toxicity_conc / min_MIC (same unit family)
doi__10.1002_advs.202507457	Pep3	16.0	ug/mL	{"class":"bacteria","gram_status":"Gram-	CC50	512.0	ug/mL	32.0	TI = median toxicity_conc / min_MIC (same unit family)
doi__10.1002_advs.202507457	Pep4	128.0	ug/mL	{"class":"bacteria","gram_status":"Gram-	CC50	512.0	ug/mL	4.0	TI = median toxicity_conc / min_MIC (same unit family)
doi__10.1002_advs.202507457	Pep5	4.0	ug/mL	{"class":"bacteria","gram_status":"Gram-	CC50	512.0	ug/mL	128.0	TI = median toxicity_conc / min_MIC (same unit family)
doi__10.1002_advs.202507457	Pep6	64.0	ug/mL	{"class":"bacteria","gram_status":"Gram-	CC50	512.0	ug/mL	8.0	TI = median toxicity_conc / min_MIC (same unit family)
doi__10.1002_advs.202507457	Pep7	128.0	ug/mL	{"class":"bacteria","gram_status":"Gram-	CC50	512.0	ug/mL	4.0	TI = median toxicity_conc / min_MIC (same unit family)
doi__10.1002_advs.202507457	Pep8	256.0	ug/mL	{"class":"bacteria","gram_status":"Gram-	CC50	512.0	ug/mL	2.0	TI = median toxicity_conc / min_MIC (same unit family)
doi__10.1002_advs.202507457	Pep9	32.0	ug/mL	{"class":"bacteria","gram_status":"Gram-	CC50	512.0	ug/mL	16.0	TI = median toxicity_conc / min_MIC (same unit family)
doi__10.1002_advs.202507457	Pep10	16.0	ug/mL	{"class":"bacteria","gram_status":"Gram-	CC50	256.0	ug/mL	16.0	TI = median toxicity_conc / min_MIC (same unit family)
doi__10.1002_cbic.202100151	Lynronne-1	32.0	ug/mL	{"full_species":"Acinetobacter baumannii	no_hemolysis_threshold	536.0	ug/mL	16.8	TI = median toxicity_conc / min_MIC (same unit family)
doi__10.1002_cbic.202100151	Lynronne-1 R4L S8L	8.0	ug/mL	{"full_species":"Acinetobacter baumannii	no_hemolysis_threshold	164.0	ug/mL	20.5	TI = median toxicity_conc / min_MIC (same unit family)
doi__10.1002_cbic.202100151	Lynronne-1 V15T	16.0	ug/mL	{"full_species":"Acinetobacter baumannii	no_hemolysis_threshold	1200.0	ug/mL	75.0	TI = median toxicity_conc / min_MIC (same unit family)
doi__10.1002_cbic.202100151	Lynronne-1 I10T V15T	256.0	ug/mL	{"full_species":"Acinetobacter baumannii	no_hemolysis_threshold	970.0	ug/mL	3.8	TI = median toxicity_conc / min_MIC (same unit family)
doi__10.1002_mlf2.12123	SF	2.0	uM	{"class":"bacteria","gram_status":"Gram-	MHC	128.0	uM	64.0	TI = median toxicity_conc / min_MIC (same unit family)
doi__10.1002_mlf2.12123	SFR	2.0	uM	{"class":"bacteria","gram_status":"Gram-	MHC	128.0	uM	64.0	TI = median toxicity_conc / min_MIC (same unit family)
doi__10.1002_mlf2.12123	SFK	2.0	uM	{"class":"bacteria","gram_status":"Gram-	MHC	128.0	uM	64.0	TI = median toxicity_conc / min_MIC (same unit family)
doi__10.1002_mlf2.12123	SFR2	1.0	uM	{"class":"bacteria","gram_status":"Gram-	MHC	128.0	uM	128.0	TI = median toxicity_conc / min_MIC (same unit family)
doi__10.1002_mlf2.12123	SFK2	2.0	uM	{"class":"bacteria","gram_status":"Gram-	MHC	128.0	uM	64.0	TI = median toxicity_conc / min_MIC (same unit family)
doi__10.1002_mlf2.12123	SFR3	4.0	uM	{"class":"bacteria","gram_status":"Gram-	MHC	128.0	uM	32.0	TI = median toxicity_conc / min_MIC (same unit family)
doi__10.1002_mlf2.12123	SFK3	1.0	uM	{"class":"bacteria","gram_status":"Gram-	MHC	128.0	uM	128.0	TI = median toxicity_conc / min_MIC (same unit family)
doi__10.1007_s00018-022-04440-w	CD4-PP	0.312	uM	{"gram_status":"Gram-negative","raw_targ	uroepithelial_cell_cytotoxic_e	50.0	uM	160.3	TI = median toxicity_conc / min_MIC (same unit family)
doi__10.1007_s00726-012-1388-6	(KW)2	50.0	uM	{"class":"bacteria","species":"S. typhim	MHC	550.0	uM	11.0	TI = median toxicity_conc / min_MIC (same unit family)
doi__10.1007_s00726-012-1388-6	(KW)3	3.12	uM	{"class":"bacteria","species":"S. typhim	MHC	350.0	uM	112.2	TI = median toxicity_conc / min_MIC (same unit family)
doi__10.1007_s00726-012-1388-6	(KW)4	1.56	uM	{"class":"bacteria","species":"S. typhim	MHC	210.0	uM	134.6	TI = median toxicity_conc / min_MIC (same unit family)
doi__10.1007_s00726-012-1388-6	(KW)5	3.12	uM	{"class":"bacteria","species":"L. monocy	MHC	50.0	uM	16.0	TI = median toxicity_conc / min_MIC (same unit family)
doi__10.1007_s12602-025-10542-1	BLP- 7S	2.0	uM	{"database_subject_label":"Escherichia c	HC50	111.9	uM	56.0	TI = median toxicity_conc / min_MIC (same unit family)
doi__10.1007_s12602-025-10542-1	BH2L	2.0	uM	{"database_subject_label":"Staphylococcu	HC50	17.2	uM	8.6	TI = median toxicity_conc / min_MIC (same unit family)
doi__10.1007_s13238-014-0061-0	K7D	0.25	uM	{"class":"Gram-positive bacterium","spec	MHC	10.41	uM	41.6	TI = median toxicity_conc / min_MIC (same unit family)
doi__10.1007_s13238-014-0061-0	K14D	0.25	uM	{"class":"Gram-positive bacterium","spec	MHC	5.2	uM	20.8	TI = median toxicity_conc / min_MIC (same unit family)
doi__10.1007_s13238-014-0061-0	K22D	0.5	uM	{"class":"Gram-positive bacterium","spec	MHC	20.81	uM	41.6	TI = median toxicity_conc / min_MIC (same unit family)
doi__10.1007_s13238-014-0061-0	K7D/K14D	0.5	uM	{"class":"Gram-positive bacterium","spec	MHC	20.81	uM	41.6	TI = median toxicity_conc / min_MIC (same unit family)
doi__10.1007_s13238-014-0061-0	K14D/K22D	0.5	uM	{"class":"Gram-positive bacterium","spec	MHC	20.81	uM	41.6	TI = median toxicity_conc / min_MIC (same unit family)
doi__10.1007_s13238-014-0061-0	K7D/K14D/K22D	0.5	uM	{"class":"Gram-positive bacterium","spec	MHC	81.31	uM	162.6	TI = median toxicity_conc / min_MIC (same unit family)
doi__10.1007_s13238-014-0061-0	K7D/K10D/K14D/K22D	0.5	uM	{"class":"Gram-positive bacterium","spec	MHC	325.2	uM	650.4	TI = median toxicity_conc / min_MIC (same unit family)
doi__10.1007_s13238-014-0061-0	K3D/K7D/K10D/K14D/K22D	2.0	uM	{"class":"Gram-positive bacterium","spec	MHC	325.2	uM	162.6	TI = median toxicity_conc / min_MIC (same unit family)
doi__10.1007_s13238-014-0061-0	K1D/K3D/K7D/K10D/K14D/K22D	0.5	uM	{"class":"Gram-positive bacterium","spec	MHC	325.2	uM	650.4	TI = median toxicity_conc / min_MIC (same unit family)
doi__10.1007_s13238-014-0061-0	L6D	1.0	uM	{"class":"Gram-negative bacterium","spec	MHC	10.41	uM	10.4	TI = median toxicity_conc / min_MIC (same unit family)
doi__10.1007_s13238-014-0061-0	L12D	1.0	uM	{"class":"Gram-negative bacterium","spec	MHC	20.81	uM	20.8	TI = median toxicity_conc / min_MIC (same unit family)
doi__10.1007_s13238-014-0061-0	L20D	1.0	uM	{"class":"Gram-negative bacterium","spec	MHC	20.81	uM	20.8	TI = median toxicity_conc / min_MIC (same unit family)
doi__10.1007_s13238-014-0061-0	L6D/L12D	1.0	uM	{"class":"Gram-positive bacterium","spec	MHC	20.81	uM	20.8	TI = median toxicity_conc / min_MIC (same unit family)
doi__10.1007_s13238-014-0061-0	L12D/L20D	0.25	uM	{"class":"Gram-positive bacterium","spec	MHC	81.31	uM	325.2	TI = median toxicity_conc / min_MIC (same unit family)
doi__10.1007_s13238-014-0061-0	L6D/L12D/L20D	0.25	uM	{"class":"Gram-positive bacterium","spec	MHC	162.61	uM	650.4	TI = median toxicity_conc / min_MIC (same unit family)
doi__10.1007_s13238-014-0061-0	L6D/L12D/L17D/L20D	0.5	uM	{"class":"Gram-positive bacterium","spec	MHC	81.3	uM	162.6	TI = median toxicity_conc / min_MIC (same unit family)
doi__10.1007_s13238-014-0061-0	L6D/L12D/L17D/L20D/L21D	0.5	uM	{"class":"Gram-positive bacterium","spec	MHC	325.2	uM	650.4	TI = median toxicity_conc / min_MIC (same unit family)
doi__10.1016_j.biomaterials.2013.12.049	Thymopentin, TP-5	1000.0	ug/mL	{"full_species":"Mycobacterium smegmatis	HC50	2000.0	ug/mL	2.0	TI = median toxicity_conc / min_MIC (same unit family)
doi__10.1016_j.biomaterials.2013.12.049	RR-6	125.0	ug/mL	{"full_species":"Mycobacterium smegmatis	HC50	2000.0	ug/mL	16.0	TI = median toxicity_conc / min_MIC (same unit family)
doi__10.1016_j.biomaterials.2013.12.049	Thymopentin + 6R, RR-11	125.0	ug/mL	{"full_species":"Mycobacterium smegmatis	HC50	2000.0	ug/mL	16.0	TI = median toxicity_conc / min_MIC (same unit family)
doi__10.1016_j.biomaterials.2013.12.049	6R + Thymopentin, RY-11	125.0	ug/mL	{"full_species":"Mycobacterium smegmatis	HC50	2000.0	ug/mL	16.0	TI = median toxicity_conc / min_MIC (same unit family)
doi__10.1016_j.csbj.2021.08.039	GV30	2.0	uM	{"class":"bacteria","source_label":"S. a	HC50	95.75	uM	47.9	TI = median toxicity_conc / min_MIC (same unit family)
doi__10.1016_j.csbj.2021.08.039	GV23	2.0	uM	{"class":"bacteria","source_label":"S. a	HC50	115.29	uM	57.6	TI = median toxicity_conc / min_MIC (same unit family)
doi__10.1016_j.csbj.2021.08.039	GV21	2.0	uM	{"class":"bacteria","source_label":"S. a	HC50	204.52	uM	102.3	TI = median toxicity_conc / min_MIC (same unit family)
doi__10.1016_j.csbj.2021.08.039	GV20	4.0	uM	{"class":"bacteria","source_label":"S. a	HC50	179.84	uM	45.0	TI = median toxicity_conc / min_MIC (same unit family)
doi__10.1016_j.csbj.2023.11.031	B1LTe	1.0	uM	{"class":"bacterium","database_subject_a	HC50	6.4	uM	6.4	TI = median toxicity_conc / min_MIC (same unit family)
doi__10.1016_j.csbj.2023.11.031	D-L	1.0	uM	{"class":"bacterium","database_subject_a	HC50	11.6	uM	11.6	TI = median toxicity_conc / min_MIC (same unit family)
doi__10.1016_j.csbj.2023.11.031	9 L	4.0	uM	{"class":"bacterium","database_subject_a	HC50	12.3	uM	3.1	TI = median toxicity_conc / min_MIC (same unit family)
doi__10.1016_j.csbj.2023.11.031	D-9 L	2.0	uM	{"class":"bacterium","database_subject_a	HC50	27.8	uM	13.9	TI = median toxicity_conc / min_MIC (same unit family)
doi__10.1016_j.csbj.2023.11.031	9L10L	2.0	uM	{"class":"bacterium","database_subject_a	HC50	42.9	uM	21.4	TI = median toxicity_conc / min_MIC (same unit family)
doi__10.1016_j.csbj.2023.11.031	D-K	4.0	uM	{"class":"bacterium","database_subject_a	HC50	128.0	uM	32.0	TI = median toxicity_conc / min_MIC (same unit family)
doi__10.1016_j.csbj.2023.11.031	K-R	2.0	uM	{"class":"bacterium","database_subject_a	HC50	8.4	uM	4.2	TI = median toxicity_conc / min_MIC (same unit family)
doi__10.1016_j.csbj.2023.11.031	D-R	2.0	uM	{"class":"bacterium","database_subject_a	HC50	128.0	uM	64.0	TI = median toxicity_conc / min_MIC (same unit family)
doi__10.1016_j.csbj.2023.11.031	2D-R	2.0	uM	{"class":"bacterium","database_subject_a	HC50	17.5	uM	8.8	TI = median toxicity_conc / min_MIC (same unit family)
doi__10.1016_j.csbj.2023.11.031	Q-D-R	1.0	uM	{"class":"bacterium","database_subject_a	HC50	17.1	uM	17.1	TI = median toxicity_conc / min_MIC (same unit family)
doi__10.1016_j.csbj.2023.11.031	5 R	2.0	uM	{"class":"bacterium","database_subject_a	HC50	128.0	uM	64.0	TI = median toxicity_conc / min_MIC (same unit family)
doi__10.1016_j.csbj.2024.09.006	brevinin−1pl	2.0	uM	{"caution":"Table header gives S. aureus	HC50	37.64	uM	18.8	TI = median toxicity_conc / min_MIC (same unit family)
doi__10.1016_j.csbj.2024.09.006	des-Ala16-[Lys4]brevinin−1pl	2.0	uM	{"gram_status":"Gram-negative","raw_targ	HC50	128.0	uM	64.0	TI = median toxicity_conc / min_MIC (same unit family)
doi__10.1016_j.csbj.2024.09.006	des-Leu13, Ala16-[Lys4]brevinin−1pl	32.0	uM	{"gram_status":"Gram-negative","raw_targ	HC50	128.0	uM	4.0	TI = median toxicity_conc / min_MIC (same unit family)
doi__10.1016_j.jare.2025.01.029	sC184B	6.25	uM	{"full_species":"Bacillus subtilis ATCC 	HC50	411.5	uM	65.8	TI = median toxicity_conc / min_MIC (same unit family)
doi__10.1016_j.jare.2025.01.029	P-α	6.25	uM	{"full_species":"Bacillus subtilis ATCC 	HC50	1000.0	uM	160.0	TI = median toxicity_conc / min_MIC (same unit family)
doi__10.1016_j.jare.2025.01.029	P-β	6.25	uM	{"full_species":"Bacillus subtilis ATCC 	HC50	82.44	uM	13.2	TI = median toxicity_conc / min_MIC (same unit family)
doi__10.1016_j.jare.2025.01.029	P-α-02	3.125	uM	{"full_species":"Bacillus subtilis ATCC 	HC50	96.36	uM	30.8	TI = median toxicity_conc / min_MIC (same unit family)
doi__10.1016_j.jare.2025.01.029	P-α-04	3.125	uM	{"full_species":"Bacillus subtilis ATCC 	HC50	596.38	uM	190.8	TI = median toxicity_conc / min_MIC (same unit family)
doi__10.1016_j.jare.2025.01.029	P-α-02-X	3.125	uM	{"full_species":"Bacillus subtilis ATCC 	HC50	68.84	uM	22.0	TI = median toxicity_conc / min_MIC (same unit family)
doi__10.1016_j.jare.2025.01.029	P-α-02-O	3.125	uM	{"full_species":"Bacillus subtilis ATCC 	HC50	102.35	uM	32.8	TI = median toxicity_conc / min_MIC (same unit family)
doi__10.1016_j.jare.2025.01.029	P-α-02-B	3.125	uM	{"full_species":"Bacillus subtilis ATCC 	HC50	113.33	uM	36.3	TI = median toxicity_conc / min_MIC (same unit family)
doi__10.1016_j.jare.2025.01.029	P-α-02-D	3.125	uM	{"full_species":"Bacillus subtilis ATCC 	HC50	41.48	uM	13.3	TI = median toxicity_conc / min_MIC (same unit family)
doi__10.1016_j.jare.2025.01.029	P-α-02-D’	3.125	uM	{"full_species":"Bacillus subtilis ATCC 	HC50	61.58	uM	19.7	TI = median toxicity_conc / min_MIC (same unit family)
doi__10.1016_j.jare.2025.01.029	P-α-04-X	3.125	uM	{"full_species":"Bacillus subtilis ATCC 	HC50	232.07	uM	74.3	TI = median toxicity_conc / min_MIC (same unit family)
doi__10.1016_j.jare.2025.01.029	P-α-04-O	3.125	uM	{"full_species":"Bacillus subtilis ATCC 	HC50	508.88	uM	162.8	TI = median toxicity_conc / min_MIC (same unit family)
doi__10.1016_j.jare.2025.01.029	P-α-04-B	3.125	uM	{"full_species":"Bacillus subtilis ATCC 	HC50	503.62	uM	161.2	TI = median toxicity_conc / min_MIC (same unit family)
doi__10.1016_j.jare.2025.01.029	P-α-04-A	3.125	uM	{"full_species":"Bacillus subtilis ATCC 	HC50	502.52	uM	160.8	TI = median toxicity_conc / min_MIC (same unit family)
doi__10.1016_j.tibtech.2024.09.008	Collagenin-1	12.5	uM	{"class":"bacteria","source_abbreviation	CC50	141.0	uM	11.3	TI = median toxicity_conc / min_MIC (same unit family)
doi__10.1016_j.tibtech.2024.09.008	Collagenin-2	50.0	uM	{"class":"bacteria","source_abbreviation	CC50	72.77	uM	1.5	TI = median toxicity_conc / min_MIC (same unit family)
doi__10.1016_j.tibtech.2024.09.008	Collagenin-3	12.5	uM	{"class":"bacteria","source_abbreviation	CC50	205.15	uM	16.4	TI = median toxicity_conc / min_MIC (same unit family)
doi__10.1016_j.tibtech.2024.09.008	Collagenin-4	12.5	uM	{"class":"bacteria","source_abbreviation	CC50	228.0	uM	18.2	TI = median toxicity_conc / min_MIC (same unit family)
doi__10.1016_j.tibtech.2024.09.008	Collagenin-5	3.12	uM	{"class":"bacteria","source_abbreviation	CC50	43.01	uM	13.8	TI = median toxicity_conc / min_MIC (same unit family)
doi__10.1016_j.tibtech.2024.09.008	Collagenin-6	1.56	uM	{"class":"bacteria","source_abbreviation	CC50	26.6	uM	17.1	TI = median toxicity_conc / min_MIC (same unit family)
doi__10.1016_j.tibtech.2024.09.008	Collagenin-7	0.78	uM	{"class":"bacteria","source_abbreviation	CC50	34.03	uM	43.6	TI = median toxicity_conc / min_MIC (same unit family)
doi__10.1016_j.tibtech.2024.09.008	Neuronin-1	3.12	uM	{"class":"bacteria","source_abbreviation	CC50	61.74	uM	19.8	TI = median toxicity_conc / min_MIC (same unit family)
doi__10.1016_j.tibtech.2024.09.008	Neuronin-2	1.56	uM	{"class":"bacteria","source_abbreviation	CC50	27.57	uM	17.7	TI = median toxicity_conc / min_MIC (same unit family)
doi__10.1016_j.tibtech.2024.09.008	Neuronin-3	1.56	uM	{"class":"bacteria","source_abbreviation	CC50	33.79	uM	21.7	TI = median toxicity_conc / min_MIC (same unit family)
doi__10.1016_j.tibtech.2024.09.008	Neuronin-4	50.0	uM	{"class":"bacteria","source_abbreviation	CC50	112.1	uM	2.2	TI = median toxicity_conc / min_MIC (same unit family)
doi__10.1016_j.tibtech.2024.09.008	Neuronin-5	50.0	uM	{"class":"bacteria","source_abbreviation	CC50	103.6	uM	2.1	TI = median toxicity_conc / min_MIC (same unit family)
doi__10.1016_j.tibtech.2024.09.008	Neuronin-6	12.5	uM	{"class":"bacteria","source_abbreviation	CC50	64.64	uM	5.2	TI = median toxicity_conc / min_MIC (same unit family)
doi__10.1016_j.tibtech.2024.09.008	Eyesin-1	6.25	uM	{"class":"bacteria","source_abbreviation	CC50	27.73	uM	4.4	TI = median toxicity_conc / min_MIC (same unit family)
doi__10.1016_j.tibtech.2024.09.008	Eyesin-2	25.0	uM	{"class":"bacteria","source_abbreviation	CC50	20.09	uM	0.8	TI = median toxicity_conc / min_MIC (same unit family)
doi__10.1016_j.tibtech.2024.09.008	Eyesin-3	1.56	uM	{"class":"bacteria","source_abbreviation	CC50	22.14	uM	14.2	TI = median toxicity_conc / min_MIC (same unit family)
doi__10.1016_j.tibtech.2024.09.008	Eyesin-4	2.0	uM	{"class":"bacteria","source_abbreviation	CC50	31.45	uM	15.7	TI = median toxicity_conc / min_MIC (same unit family)
doi__10.1016_j.tibtech.2024.09.008	Eyesin-5	50.0	uM	{"class":"bacteria","source_abbreviation	CC50	213.75	uM	4.3	TI = median toxicity_conc / min_MIC (same unit family)
doi__10.1016_j.tibtech.2024.09.008	Eyesin-6	3.12	uM	{"class":"bacteria","source_abbreviation	CC50	22.87	uM	7.3	TI = median toxicity_conc / min_MIC (same unit family)
doi__10.1016_j.tibtech.2024.09.008	Eyesin-7	6.25	uM	{"class":"bacteria","source_abbreviation	CC50	48.73	uM	7.8	TI = median toxicity_conc / min_MIC (same unit family)
doi__10.1016_j.tibtech.2024.09.008	Eyesin-8	1.56	uM	{"class":"bacteria","source_abbreviation	CC50	90.13	uM	57.8	TI = median toxicity_conc / min_MIC (same unit family)
doi__10.1016_j.tibtech.2024.09.008	Toothin-1	6.25	uM	{"class":"bacteria","source_abbreviation	CC50	50.17	uM	8.0	TI = median toxicity_conc / min_MIC (same unit family)
doi__10.1016_j.tibtech.2024.09.008	Toothin-2	50.0	uM	{"class":"bacteria","source_abbreviation	CC50	32.4	uM	0.6	TI = median toxicity_conc / min_MIC (same unit family)
doi__10.1016_j.tibtech.2024.09.008	Toothin-3	50.0	uM	{"class":"bacteria","source_abbreviation	CC50	69.44	uM	1.4	TI = median toxicity_conc / min_MIC (same unit family)
doi__10.1016_j.tibtech.2024.09.008	Immunosin-1	6.25	uM	{"class":"bacteria","source_abbreviation	CC50	47.34	uM	7.6	TI = median toxicity_conc / min_MIC (same unit family)
doi__10.1016_j.tibtech.2024.09.008	Immunosin-2	3.12	uM	{"class":"bacteria","source_abbreviation	CC50	56.64	uM	18.2	TI = median toxicity_conc / min_MIC (same unit family)
doi__10.1016_j.tibtech.2024.09.008	Immunosin-3	6.25	uM	{"class":"bacteria","source_abbreviation	CC50	104.0	uM	16.6	TI = median toxicity_conc / min_MIC (same unit family)
doi__10.1016_j.tibtech.2024.09.008	Immunosin-4	25.0	uM	{"class":"bacteria","source_abbreviation	CC50	87.03	uM	3.5	TI = median toxicity_conc / min_MIC (same unit family)
doi__10.1016_j.tibtech.2024.09.008	Immunosin-5	12.5	uM	{"class":"bacteria","source_abbreviation	CC50	61.48	uM	4.9	TI = median toxicity_conc / min_MIC (same unit family)
doi__10.1016_j.tibtech.2024.09.008	Immunosin-6	50.0	uM	{"class":"bacteria","source_abbreviation	CC50	96.8	uM	1.9	TI = median toxicity_conc / min_MIC (same unit family)
doi__10.1016_j.tibtech.2024.09.008	Immunosin-7	6.25	uM	{"class":"bacteria","source_abbreviation	CC50	72.51	uM	11.6	TI = median toxicity_conc / min_MIC (same unit family)
doi__10.1016_j.tibtech.2024.09.008	Immunosin-8	6.25	uM	{"class":"bacteria","source_abbreviation	CC50	190.6	uM	30.5	TI = median toxicity_conc / min_MIC (same unit family)
doi__10.1016_j.tibtech.2024.09.008	Immunosin-9	6.25	uM	{"class":"bacteria","source_abbreviation	CC50	135.6	uM	21.7	TI = median toxicity_conc / min_MIC (same unit family)
doi__10.1016_j.tibtech.2024.09.008	Immunosin-10	12.5	uM	{"class":"bacteria","source_abbreviation	CC50	131.7	uM	10.5	TI = median toxicity_conc / min_MIC (same unit family)
doi__10.1016_j.tibtech.2024.09.008	Immunosin-11	3.12	uM	{"class":"bacteria","source_abbreviation	CC50	29.26	uM	9.4	TI = median toxicity_conc / min_MIC (same unit family)
doi__10.1016_j.tibtech.2024.09.008	Immunosin-12	25.0	uM	{"class":"bacteria","source_abbreviation	CC50	60.56	uM	2.4	TI = median toxicity_conc / min_MIC (same unit family)
doi__10.1016_j.tibtech.2024.09.008	Immunosin-13	3.12	uM	{"class":"bacteria","source_abbreviation	CC50	111.9	uM	35.9	TI = median toxicity_conc / min_MIC (same unit family)
doi__10.1016_j.tibtech.2024.09.008	Zipperin-1	1.56	uM	{"class":"bacteria","source_abbreviation	CC50	23.27	uM	14.9	TI = median toxicity_conc / min_MIC (same unit family)
doi__10.1016_j.tibtech.2024.09.008	Zipperin-2	1.56	uM	{"class":"bacteria","source_abbreviation	CC50	568.2	uM	364.2	TI = median toxicity_conc / min_MIC (same unit family)
doi__10.1021_acs.biochem.0c00565	Klk14	1.0	uM	{"class":"fungus","source_table_label":"	MHC	8.0	uM	8.0	TI = median toxicity_conc / min_MIC (same unit family)
doi__10.1021_acs.biochem.0c00565	Au2.2d2	23.0	uM	{"class":"bacteria","source_table_label"	MHC	40.0	uM	1.7	TI = median toxicity_conc / min_MIC (same unit family)
doi__10.1021_acs.jmedchem.1c00795	LL-37	1.56	uM	{"class":"bacteria","species":"E. coli",	Hemolysis	58.0	uM	37.2	TI = median toxicity_conc / min_MIC (same unit family)
doi__10.1021_acs.jmedchem.2c00061	Amp1EP9	3.12	uM	{"class":"bacteria","species":"Pseudomon	hemolysis_toxicity_context	80.0	uM	25.6	TI = median toxicity_conc / min_MIC (same unit family)
doi__10.1021_acs.jmedchem.2c00061	Amp1EP10	3.12	uM	{"class":"bacteria","species":"Pseudomon	hemolysis_toxicity_context	80.0	uM	25.6	TI = median toxicity_conc / min_MIC (same unit family)
doi__10.1021_acs.jmedchem.3c00460	ln65	2.0	ug/mL	{"class":"bacterial_strain","species":"K	MHC	125.0	ug/mL	62.5	TI = median toxicity_conc / min_MIC (same unit family)
doi__10.1021_acs.jmedchem.3c00460	dln65	3.0	ug/mL	{"class":"bacterial_strain","species":"P	MHC	125.0	ug/mL	41.7	TI = median toxicity_conc / min_MIC (same unit family)
doi__10.1021_acs.jmedchem.3c00460	ln69	2.0	ug/mL	{"class":"bacterial_strain","species":"P	MHC	1000.0	ug/mL	500.0	TI = median toxicity_conc / min_MIC (same unit family)
doi__10.1021_acs.jmedchem.3c00460	dln69	1.0	ug/mL	{"class":"bacterial_strain","species":"E	MHC	250.0	ug/mL	250.0	TI = median toxicity_conc / min_MIC (same unit family)
doi__10.1021_acs.jmedchem.3c00460	sr-ln65	4.0	ug/mL	{"class":"bacterial_strain","species":"P	MHC	1000.0	ug/mL	250.0	TI = median toxicity_conc / min_MIC (same unit family)
doi__10.1021_acs.jmedchem.3c00460	sr-ln65L6	4.0	ug/mL	{"class":"bacterial_strain","species":"E	MHC	2000.0	ug/mL	500.0	TI = median toxicity_conc / min_MIC (same unit family)
doi__10.1021_acs.jmedchem.3c00460	HP1	2.0	ug/mL	{"class":"bacterial_strain","species":"E	MHC	15.6	ug/mL	7.8	TI = median toxicity_conc / min_MIC (same unit family)
doi__10.1021_acs.jmedchem.3c00460	HP2	2.0	ug/mL	{"class":"bacterial_strain","species":"P	MHC	15.6	ug/mL	7.8	TI = median toxicity_conc / min_MIC (same unit family)
doi__10.1021_acs.jmedchem.3c00460	HP3	2.0	ug/mL	{"class":"bacterial_strain","species":"A	MHC	15.6	ug/mL	7.8	TI = median toxicity_conc / min_MIC (same unit family)
doi__10.1021_acs.jmedchem.3c00460	HP4	2.0	ug/mL	{"class":"bacterial_strain","species":"K	MHC	15.6	ug/mL	7.8	TI = median toxicity_conc / min_MIC (same unit family)
doi__10.1021_acs.jmedchem.3c00460	HP5	1.0	ug/mL	{"class":"bacterial_strain","species":"A	MHC	63.0	ug/mL	63.0	TI = median toxicity_conc / min_MIC (same unit family)
doi__10.1021_acs.jmedchem.3c00460	HP6	2.0	ug/mL	{"class":"bacterial_strain","species":"E	MHC	500.0	ug/mL	250.0	TI = median toxicity_conc / min_MIC (same unit family)
doi__10.1021_acs.jmedchem.3c00460	HP7	1.0	ug/mL	{"class":"bacterial_strain","species":"A	MHC	125.0	ug/mL	125.0	TI = median toxicity_conc / min_MIC (same unit family)
doi__10.1021_acs.jmedchem.3c00460	HP8	2.0	ug/mL	{"class":"bacterial_strain","species":"E	MHC	15.6	ug/mL	7.8	TI = median toxicity_conc / min_MIC (same unit family)
doi__10.1021_acs.jmedchem.3c00460	HP9	8.0	ug/mL	{"class":"bacterial_strain","species":"E	MHC	31.0	ug/mL	3.9	TI = median toxicity_conc / min_MIC (same unit family)
doi__10.1021_acs.jmedchem.3c00460	HP10	2.0	ug/mL	{"class":"bacterial_strain","species":"A	MHC	15.6	ug/mL	7.8	TI = median toxicity_conc / min_MIC (same unit family)
doi__10.1021_acs.jmedchem.3c00460	HP11	1.0	ug/mL	{"class":"bacterial_strain","species":"P	MHC	63.0	ug/mL	63.0	TI = median toxicity_conc / min_MIC (same unit family)
doi__10.1021_acs.jmedchem.3c00460	HP12	3.0	ug/mL	{"class":"bacterial_strain","species":"E	MHC	250.0	ug/mL	83.3	TI = median toxicity_conc / min_MIC (same unit family)
doi__10.1021_acs.jmedchem.3c00460	HP13	6.0	ug/mL	{"class":"bacterial_strain","species":"E	MHC	1000.0	ug/mL	166.7	TI = median toxicity_conc / min_MIC (same unit family)
doi__10.1021_acs.jmedchem.3c00460	HP14	2.0	ug/mL	{"class":"bacterial_strain","species":"E	MHC	1000.0	ug/mL	500.0	TI = median toxicity_conc / min_MIC (same unit family)
doi__10.1021_acs.jmedchem.3c00460	HP15	8.0	ug/mL	{"class":"bacterial_strain","species":"E	MHC	2000.0	ug/mL	250.0	TI = median toxicity_conc / min_MIC (same unit family)
doi__10.1021_acs.jmedchem.3c00460	HP16	4.0	ug/mL	{"class":"bacterial_strain","species":"E	MHC	125.0	ug/mL	31.2	TI = median toxicity_conc / min_MIC (same unit family)
doi__10.1021_acs.jmedchem.3c00460	HP17	8.0	ug/mL	{"class":"bacterial_strain","species":"E	MHC	1000.0	ug/mL	125.0	TI = median toxicity_conc / min_MIC (same unit family)
doi__10.1021_acs.jmedchem.3c00460	HP18	6.0	ug/mL	{"class":"bacterial_strain","species":"E	MHC	1000.0	ug/mL	166.7	TI = median toxicity_conc / min_MIC (same unit family)
doi__10.1021_acs.jmedchem.3c00460	HP19	3.0	ug/mL	{"class":"bacterial_strain","species":"E	MHC	1000.0	ug/mL	333.3	TI = median toxicity_conc / min_MIC (same unit family)
doi__10.1021_acs.jmedchem.3c00460	HP20	8.0	ug/mL	{"class":"bacterial_strain","species":"E	MHC	1000.0	ug/mL	125.0	TI = median toxicity_conc / min_MIC (same unit family)
doi__10.1021_acs.jmedchem.3c00460	HP21	4.0	ug/mL	{"class":"bacterial_strain","species":"E	MHC	2000.0	ug/mL	500.0	TI = median toxicity_conc / min_MIC (same unit family)
doi__10.1021_acs.jmedchem.3c00460	HP22	2.0	ug/mL	{"class":"bacterial_strain","species":"E	MHC	2000.0	ug/mL	1000.0	TI = median toxicity_conc / min_MIC (same unit family)
doi__10.1021_acs.jmedchem.3c00460	HP23	2.0	ug/mL	{"class":"bacterial_strain","species":"E	MHC	2000.0	ug/mL	1000.0	TI = median toxicity_conc / min_MIC (same unit family)
doi__10.1021_acs.jmedchem.3c00460	HP24	6.0	ug/mL	{"class":"bacterial_strain","species":"E	MHC	250.0	ug/mL	41.7	TI = median toxicity_conc / min_MIC (same unit family)
doi__10.1021_acs.jmedchem.3c00460	HP25	12.0	ug/mL	{"class":"bacterial_strain","species":"P	MHC	2000.0	ug/mL	166.7	TI = median toxicity_conc / min_MIC (same unit family)
doi__10.1021_acs.jmedchem.3c00460	HP26	4.0	ug/mL	{"class":"bacterial_strain","species":"P	MHC	2000.0	ug/mL	500.0	TI = median toxicity_conc / min_MIC (same unit family)
doi__10.1021_acs.jmedchem.3c00460	HP27	4.0	ug/mL	{"class":"bacterial_strain","species":"E	MHC	2000.0	ug/mL	500.0	TI = median toxicity_conc / min_MIC (same unit family)
doi__10.1021_acs.jmedchem.3c00460	HP28	3.0	ug/mL	{"class":"bacterial_strain","species":"E	MHC	1000.0	ug/mL	333.3	TI = median toxicity_conc / min_MIC (same unit family)
doi__10.1021_acs.jmedchem.3c00460	HP29	2.0	ug/mL	{"class":"bacterial_strain","species":"E	MHC	250.0	ug/mL	125.0	TI = median toxicity_conc / min_MIC (same unit family)
doi__10.1021_acs.jmedchem.3c00460	HP30	8.0	ug/mL	{"class":"bacterial_strain","species":"E	MHC	2000.0	ug/mL	250.0	TI = median toxicity_conc / min_MIC (same unit family)
doi__10.1021_acs.jmedchem.3c00460	HP31	8.0	ug/mL	{"class":"bacterial_strain","species":"P	MHC	2000.0	ug/mL	250.0	TI = median toxicity_conc / min_MIC (same unit family)
doi__10.1021_acs.jmedchem.3c00460	HP32	4.0	ug/mL	{"class":"bacterial_strain","species":"A	MHC	16.0	ug/mL	4.0	TI = median toxicity_conc / min_MIC (same unit family)
doi__10.1021_acs.jmedchem.3c00460	HP33	3.0	ug/mL	{"class":"bacterial_strain","species":"S	MHC	125.0	ug/mL	41.7	TI = median toxicity_conc / min_MIC (same unit family)
doi__10.1021_acs.jmedchem.3c00460	HP34	12.0	ug/mL	{"class":"bacterial_strain","species":"A	MHC	63.0	ug/mL	5.2	TI = median toxicity_conc / min_MIC (same unit family)
doi__10.1021_acs.jmedchem.3c00460	HP35	4.0	ug/mL	{"class":"bacterial_strain","species":"E	MHC	125.0	ug/mL	31.2	TI = median toxicity_conc / min_MIC (same unit family)
doi__10.1021_acs.jmedchem.3c00460	HP36	12.0	ug/mL	{"class":"bacterial_strain","species":"A	MHC	63.0	ug/mL	5.2	TI = median toxicity_conc / min_MIC (same unit family)
doi__10.1021_acs.jmedchem.3c00460	HP37	6.0	ug/mL	{"class":"bacterial_strain","species":"P	MHC	250.0	ug/mL	41.7	TI = median toxicity_conc / min_MIC (same unit family)
doi__10.1021_acs.jmedchem.3c00460	2ln65	64.0	ug/mL	{"class":"bacterial_strain","species":"P	MHC	15.6	ug/mL	0.2	TI = median toxicity_conc / min_MIC (same unit family)
doi__10.1021_acs.jmedchem.3c00460	2ln69	64.0	ug/mL	{"class":"bacterial_strain","species":"P	MHC	15.6	ug/mL	0.2	TI = median toxicity_conc / min_MIC (same unit family)
doi__10.1021_acs.jmedchem.5b01593	polymyxin B	0.25	ug/mL	{"class":"Gram-negative bacterium","spec	CC50	100.0	ug/mL	400.0	TI = median toxicity_conc / min_MIC (same unit family)
doi__10.1021_acs.jmedchem.5b01593	gentamicin	0.25	ug/mL	{"class":"Gram-negative bacterium","spec	CC50	33.0	ug/mL	132.0	TI = median toxicity_conc / min_MIC (same unit family)
doi__10.1021_acs.jmedchem.5b01593	colistin	0.25	ug/mL	{"class":"Gram-negative bacterium","spec	CC50	36.5	ug/mL	146.0	TI = median toxicity_conc / min_MIC (same unit family)
doi__10.1021_acs.jmedchem.5b01593	compound 10	0.5	ug/mL	{"class":"Gram-negative bacterium","spec	CC50	128.0	ug/mL	256.0	TI = median toxicity_conc / min_MIC (same unit family)
doi__10.1021_acs.jmedchem.5b01593	compound 14	0.5	ug/mL	{"class":"Gram-negative bacterium","spec	CC50	128.0	ug/mL	256.0	TI = median toxicity_conc / min_MIC (same unit family)
doi__10.1021_acs.jmedchem.5b01593	compound 15	1.0	ug/mL	{"class":"Gram-negative bacterium","spec	CC50	128.0	ug/mL	128.0	TI = median toxicity_conc / min_MIC (same unit family)
doi__10.1021_acs.jmedchem.5b01593	compound 38	0.5	ug/mL	{"class":"Gram-negative bacterium","spec	CC50	125.0	ug/mL	250.0	TI = median toxicity_conc / min_MIC (same unit family)
doi__10.1021_acs.jmedchem.5c01193	Novltex analogue 12	0.063	ug/mL	{"class":"clinical_isolate","gram_status	cytotoxicity_threshold	50.0	ug/mL	793.7	TI = median toxicity_conc / min_MIC (same unit family)
doi__10.1021_acsbiomedchemau.4c00119	Spiniferin(E4dR)	6.25	uM	{"class":"bacteria","species":"Escherich	hemolysis	100.0	uM	16.0	TI = median toxicity_conc / min_MIC (same unit family)
doi__10.1021_acsinfecdis.3c00421	PMBe	0.2	ug/mL	{"class":"bacterium","species":"Acinetob	MHC	2000.0	ug/mL	10000.0	TI = median toxicity_conc / min_MIC (same unit family)
doi__10.1021_acsinfecdis.3c00421	Oncf	1.0	ug/mL	{"class":"bacterium","species":"Escheric	MHC	1000.0	ug/mL	1000.0	TI = median toxicity_conc / min_MIC (same unit family)
doi__10.1021_acsinfecdis.3c00421	ln65	1.0	ug/mL	{"class":"bacterium","species":"Staphylo	MHC	125.0	ug/mL	125.0	TI = median toxicity_conc / min_MIC (same unit family)
doi__10.1021_acsinfecdis.3c00421	ln69	1.0	ug/mL	{"class":"bacterium","species":"Staphylo	MHC	1000.0	ug/mL	1000.0	TI = median toxicity_conc / min_MIC (same unit family)
doi__10.1021_acsinfecdis.3c00421	EB1	1.0	ug/mL	{"class":"bacterium","species":"Escheric	MHC	1000.0	ug/mL	1000.0	TI = median toxicity_conc / min_MIC (same unit family)
doi__10.1021_acsinfecdis.3c00421	EB2	2.0	ug/mL	{"class":"bacterium","species":"Escheric	MHC	2000.0	ug/mL	1000.0	TI = median toxicity_conc / min_MIC (same unit family)
doi__10.1021_acsinfecdis.3c00421	EB3	3.0	ug/mL	{"class":"bacterium","species":"Escheric	MHC	2000.0	ug/mL	666.7	TI = median toxicity_conc / min_MIC (same unit family)
doi__10.1021_acsinfecdis.3c00421	EB4	2.0	ug/mL	{"class":"bacterium","species":"Escheric	MHC	2000.0	ug/mL	1000.0	TI = median toxicity_conc / min_MIC (same unit family)
doi__10.1021_acsinfecdis.3c00421	EB5	2.0	ug/mL	{"class":"bacterium","species":"Escheric	MHC	1000.0	ug/mL	500.0	TI = median toxicity_conc / min_MIC (same unit family)
doi__10.1021_acsinfecdis.3c00421	EB6	2.0	ug/mL	{"class":"bacterium","species":"Escheric	MHC	250.0	ug/mL	125.0	TI = median toxicity_conc / min_MIC (same unit family)
doi__10.1021_acsinfecdis.3c00421	EB7	1.0	ug/mL	{"class":"bacterium","species":"Escheric	MHC	2000.0	ug/mL	2000.0	TI = median toxicity_conc / min_MIC (same unit family)
doi__10.1021_acsinfecdis.3c00421	EB8	3.0	ug/mL	{"class":"bacterium","species":"Escheric	MHC	2000.0	ug/mL	666.7	TI = median toxicity_conc / min_MIC (same unit family)
doi__10.1021_acsinfecdis.3c00421	EB9	2.0	ug/mL	{"class":"bacterium","species":"Escheric	MHC	2000.0	ug/mL	1000.0	TI = median toxicity_conc / min_MIC (same unit family)
doi__10.1021_acsinfecdis.3c00421	EB10	2.0	ug/mL	{"class":"bacterium","species":"Escheric	MHC	2000.0	ug/mL	1000.0	TI = median toxicity_conc / min_MIC (same unit family)
doi__10.1021_acsinfecdis.3c00421	EB11	1.0	ug/mL	{"class":"bacterium","species":"Staphylo	MHC	2000.0	ug/mL	2000.0	TI = median toxicity_conc / min_MIC (same unit family)
doi__10.1021_acsinfecdis.6b00045	arenicin-3	0.125	ug/mL	{"gram_status":"Gram-negative","raw_targ	CC50	202.3	ug/mL	1618.4	TI = median toxicity_conc / min_MIC (same unit family)
doi__10.1021_acsinfecdis.6b00045	tachyplesin-1	0.016	ug/mL	{"gram_status":"Gram-negative","raw_targ	CC50	197.35	ug/mL	12334.4	TI = median toxicity_conc / min_MIC (same unit family)
doi__10.1021_acsinfecdis.6b00045	polyphemusin-1	0.03	ug/mL	{"gram_status":"Gram-negative","raw_targ	CC50	112.55	ug/mL	3751.7	TI = median toxicity_conc / min_MIC (same unit family)
doi__10.1021_acsinfecdis.6b00045	gomesin	2.0	ug/mL	{"gram_status":"Gram-positive","raw_targ	CC50	139.25	ug/mL	69.6	TI = median toxicity_conc / min_MIC (same unit family)
doi__10.1021_acsinfecdis.6b00045	protegrin-1	0.015	ug/mL	{"gram_status":"Gram-negative","raw_targ	CC50	62.65	ug/mL	4176.7	TI = median toxicity_conc / min_MIC (same unit family)
doi__10.1021_acsinfecdis.6b00045	thanatin	2.0	ug/mL	{"gram_status":"Gram-negative","raw_targ	CC50	300.0	ug/mL	150.0	TI = median toxicity_conc / min_MIC (same unit family)
doi__10.1021_acsomega.0c01462	Pal-alpha-MSH(11-13)	11.36	uM	{"class":"bacteria","gram_status":"Gram-	HC50	62.5	uM	5.5	TI = median toxicity_conc / min_MIC (same unit family)
doi__10.1021_acsomega.1c01854	Anoplin	8.0	uM	{"class":"bacteria","species":"Bacillus 	MHC	256.0	uM	32.0	TI = median toxicity_conc / min_MIC (same unit family)
doi__10.1021_acsomega.1c01854	A-C4	64.0	uM	{"class":"bacteria","species":"Pseudomon	MHC	256.0	uM	4.0	TI = median toxicity_conc / min_MIC (same unit family)
doi__10.1021_acsomega.1c01854	A-C6	16.0	uM	{"class":"bacteria","species":"Bacillus 	MHC	256.0	uM	16.0	TI = median toxicity_conc / min_MIC (same unit family)
doi__10.1021_acsomega.1c01854	A-C8	8.0	uM	{"class":"bacteria","species":"Staphyloc	MHC	210.63	uM	26.3	TI = median toxicity_conc / min_MIC (same unit family)
doi__10.1021_acsomega.1c01854	A-C10	8.0	uM	{"class":"bacteria","species":"Staphyloc	MHC	16.36	uM	2.0	TI = median toxicity_conc / min_MIC (same unit family)
doi__10.1021_acsomega.1c01854	A-C12	16.0	uM	{"class":"bacteria","species":"Staphyloc	MHC	11.38	uM	0.7	TI = median toxicity_conc / min_MIC (same unit family)
doi__10.1021_acsomega.1c01854	K-2A	4.0	uM	{"class":"bacteria","species":"Bacillus 	MHC	51.2	uM	12.8	TI = median toxicity_conc / min_MIC (same unit family)
doi__10.1021_acsomega.1c01854	K-2A-C4	4.0	uM	{"class":"bacteria","species":"Bacillus 	MHC	27.61	uM	6.9	TI = median toxicity_conc / min_MIC (same unit family)
doi__10.1021_acsomega.1c01854	K-2A-C6	4.0	uM	{"class":"bacteria","species":"Escherich	MHC	6.08	uM	1.5	TI = median toxicity_conc / min_MIC (same unit family)
doi__10.1021_acsomega.1c01854	K-2A-C8	16.0	uM	{"class":"bacteria","species":"Escherich	MHC	5.67	uM	0.4	TI = median toxicity_conc / min_MIC (same unit family)
doi__10.1021_acsomega.1c01854	K-2A-C10	64.0	uM	{"class":"bacteria","species":"Escherich	MHC	26.56	uM	0.4	TI = median toxicity_conc / min_MIC (same unit family)
doi__10.1021_acsomega.1c01854	K-2A-C12	128.0	uM	{"class":"bacteria","species":"Escherich	MHC	15.16	uM	0.1	TI = median toxicity_conc / min_MIC (same unit family)
doi__10.1021_acsomega.1c01854	2K-3A	4.0	uM	{"class":"bacteria","species":"Staphyloc	MHC	2.53	uM	0.6	TI = median toxicity_conc / min_MIC (same unit family)
doi__10.1021_acsomega.1c01854	2K-3A-C4	2.0	uM	{"class":"bacteria","species":"Pseudomon	MHC	3.18	uM	1.6	TI = median toxicity_conc / min_MIC (same unit family)
doi__10.1021_acsomega.1c01854	2K-3A-C6	8.0	uM	{"class":"bacteria","species":"Bacillus 	MHC	0.71	uM	0.1	TI = median toxicity_conc / min_MIC (same unit family)
doi__10.1021_acsomega.1c01854	2K-3A-C8	32.0	uM	{"class":"bacteria","species":"Staphyloc	MHC	59.73	uM	1.9	TI = median toxicity_conc / min_MIC (same unit family)
doi__10.1021_acsomega.1c01854	2K-3A-C10	32.0	uM	{"class":"bacteria","species":"Pseudomon	MHC	146.63	uM	4.6	TI = median toxicity_conc / min_MIC (same unit family)
doi__10.1021_acsomega.1c01854	2K-3A-C12	64.0	uM	{"class":"bacteria","species":"Staphyloc	MHC	103.52	uM	1.6	TI = median toxicity_conc / min_MIC (same unit family)
doi__10.1021_acsomega.1c01854	3K-4A	8.0	uM	{"class":"bacteria","species":"Staphyloc	MHC	1.31	uM	0.2	TI = median toxicity_conc / min_MIC (same unit family)
doi__10.1021_acsomega.1c01854	3K-4A-C4	8.0	uM	{"class":"bacteria","species":"Escherich	MHC	1.06	uM	0.1	TI = median toxicity_conc / min_MIC (same unit family)
doi__10.1021_acsomega.1c01854	3K-4A-C6	32.0	uM	{"class":"bacteria","species":"Staphyloc	MHC	10.91	uM	0.3	TI = median toxicity_conc / min_MIC (same unit family)
doi__10.1021_acsomega.1c01854	3K-4A-C8	256.0	uM	{"class":"bacteria","species":"Staphyloc	MHC	103.4	uM	0.4	TI = median toxicity_conc / min_MIC (same unit family)
doi__10.1021_acsomega.1c01854	3K-4A-C10	256.0	uM	{"class":"bacteria","species":"Staphyloc	MHC	12.51	uM	0.0	TI = median toxicity_conc / min_MIC (same unit family)
doi__10.1021_acsomega.1c01854	3K-4A-C12	256.0	uM	{"class":"bacteria","species":"Staphyloc	MHC	210.92	uM	0.8	TI = median toxicity_conc / min_MIC (same unit family)
doi__10.1021_acsomega.4c09054	RW4	32.0	ug/mL	{"class":"fungus","species":"Candida alb	CC50	32.0	ug/mL	1.0	TI = median toxicity_conc / min_MIC (same unit family)
doi__10.1021_acsomega.4c09054	RW6	0.25	ug/mL	{"class":"fungus","species":"Cryptococcu	CC50	16.12	ug/mL	64.5	TI = median toxicity_conc / min_MIC (same unit family)
doi__10.1021_acsomega.4c09054	RW8	0.5	ug/mL	{"class":"fungus","species":"Cryptococcu	CC50	16.23	ug/mL	32.5	TI = median toxicity_conc / min_MIC (same unit family)
doi__10.1021_acsomega.4c09054	RW4P	0.25	ug/mL	{"class":"fungus","species":"Cryptococcu	CC50	32.0	ug/mL	128.0	TI = median toxicity_conc / min_MIC (same unit family)
doi__10.1021_acsomega.4c09054	RW6P	0.25	ug/mL	{"class":"fungus","species":"Candida alb	CC50	32.0	ug/mL	128.0	TI = median toxicity_conc / min_MIC (same unit family)
doi__10.1021_acsomega.4c09054	RW8P	0.25	ug/mL	{"class":"fungus","species":"Cryptococcu	CC50	32.0	ug/mL	128.0	TI = median toxicity_conc / min_MIC (same unit family)
doi__10.1021_acsomega.4c09054	RW6-2P	0.25	ug/mL	{"class":"fungus","species":"Candida alb	CC50	32.0	ug/mL	128.0	TI = median toxicity_conc / min_MIC (same unit family)
doi__10.1021_acsomega.4c09054	Indolicidin	32.0	ug/mL	{"class":"fungus","species":"Candida alb	CC50	32.0	ug/mL	1.0	TI = median toxicity_conc / min_MIC (same unit family)
doi__10.1038_ki.2012.410	Ribonuclease 7 (RNase 7)	0.1	uM	{"class":"bacteria","species":"Enterococ	cytotoxicity	7.0	uM	70.0	TI = median toxicity_conc / min_MIC (same unit family)
doi__10.1038_s41467-020-16950-x	Arenicin-3	1.0	ug/mL	{"class":"bacteria","species":"E. coli A	CC50	220.5	ug/mL	220.5	TI = median toxicity_conc / min_MIC (same unit family)
doi__10.1038_s41467-020-16950-x	AA139	0.125	ug/mL	{"class":"bacteria","species":"E. coli A	CC50	275.0	ug/mL	2200.0	TI = median toxicity_conc / min_MIC (same unit family)
doi__10.1038_s41467-020-16950-x	NZ17125	0.125	ug/mL	{"class":"bacteria","species":"E. coli A	CC50	180.0	ug/mL	1440.0	TI = median toxicity_conc / min_MIC (same unit family)
doi__10.1038_s41467-020-16950-x	NZ17126	0.125	ug/mL	{"class":"bacteria","species":"E. coli A	CC50	275.0	ug/mL	2200.0	TI = median toxicity_conc / min_MIC (same unit family)
doi__10.1038_s41467-020-16950-x	NZ17143	0.25	ug/mL	{"class":"bacteria","species":"E. coli A	CC50	275.0	ug/mL	1100.0	TI = median toxicity_conc / min_MIC (same unit family)
doi__10.1038_s41467-020-16950-x	NZ17160	0.125	ug/mL	{"class":"bacteria","species":"E. coli A	CC50	275.0	ug/mL	2200.0	TI = median toxicity_conc / min_MIC (same unit family)
doi__10.1038_s41467-020-16950-x	NZ17211	0.5	ug/mL	{"class":"bacteria","species":"E. coli A	CC50	275.0	ug/mL	550.0	TI = median toxicity_conc / min_MIC (same unit family)
doi__10.1038_s41467-020-16950-x	NZ17224	0.06	ug/mL	{"class":"bacteria","species":"E. coli A	CC50	275.0	ug/mL	4583.3	TI = median toxicity_conc / min_MIC (same unit family)
doi__10.1038_s41467-020-16950-x	NZ17228	0.125	ug/mL	{"class":"bacteria","species":"E. coli A	CC50	275.0	ug/mL	2200.0	TI = median toxicity_conc / min_MIC (same unit family)
doi__10.1038_s41467-020-16950-x	NZ17230	0.25	ug/mL	{"class":"bacteria","species":"E. coli A	CC50	236.5	ug/mL	946.0	TI = median toxicity_conc / min_MIC (same unit family)
doi__10.1038_s41467-023-36994-z	Pexiganan	2.0	ug/mL	{"class":"bacteria","raw_label":"A. baum	HC50	512.0	ug/mL	256.0	TI = median toxicity_conc / min_MIC (same unit family)
doi__10.1038_s41467-023-36994-z	Hydraganan-1	2.0	ug/mL	{"class":"bacteria","raw_label":"E. coli	HC50	512.0	ug/mL	256.0	TI = median toxicity_conc / min_MIC (same unit family)
doi__10.1038_s41467-023-36994-z	Hydraganan-2	16.0	ug/mL	{"class":"bacteria","raw_label":"E. coli	HC50	512.0	ug/mL	32.0	TI = median toxicity_conc / min_MIC (same unit family)
doi__10.1038_s41467-023-36994-z	GQ20	256.0	ug/mL	{"class":"bacteria","raw_label":"A. baum	HC50	512.0	ug/mL	2.0	TI = median toxicity_conc / min_MIC (same unit family)
doi__10.1038_s41467-023-36994-z	Olabogan	32.0	ug/mL	{"class":"bacteria","raw_label":"S. aure	HC50	65.0	ug/mL	2.0	TI = median toxicity_conc / min_MIC (same unit family)
doi__10.1038_s41467-023-36994-z	Ratigan	4.0	ug/mL	{"class":"bacteria","raw_label":"E. coli	HC50	512.0	ug/mL	128.0	TI = median toxicity_conc / min_MIC (same unit family)
doi__10.1038_s41467-023-36994-z	Rudyxin	4.0	ug/mL	{"class":"bacteria","raw_label":"E. coli	HC50	512.0	ug/mL	128.0	TI = median toxicity_conc / min_MIC (same unit family)
doi__10.1038_s41467-023-36994-z	Armaganan	4.0	ug/mL	{"class":"bacteria","raw_label":"A. baum	HC50	512.0	ug/mL	128.0	TI = median toxicity_conc / min_MIC (same unit family)
doi__10.1038_s41467-023-36994-z	Sophieganan	2.0	ug/mL	{"class":"bacteria","raw_label":"A. baum	HC50	167.0	ug/mL	83.5	TI = median toxicity_conc / min_MIC (same unit family)
doi__10.1038_s41467-023-36994-z	Piomiren	4.0	ug/mL	{"class":"bacteria","raw_label":"A. baum	HC50	512.0	ug/mL	128.0	TI = median toxicity_conc / min_MIC (same unit family)
doi__10.1038_s41467-023-36994-z	Syphaxin	128.0	ug/mL	{"class":"bacteria","raw_label":"A. baum	HC50	512.0	ug/mL	4.0	TI = median toxicity_conc / min_MIC (same unit family)
doi__10.1038_s41467-023-36994-z	Syphaxin-TI4	64.0	ug/mL	{"class":"bacteria","raw_label":"A. baum	HC50	512.0	ug/mL	8.0	TI = median toxicity_conc / min_MIC (same unit family)
doi__10.1038_s41467-023-36994-z	Killixin	8.0	ug/mL	{"class":"bacteria","raw_label":"S. aure	HC50	76.0	ug/mL	9.5	TI = median toxicity_conc / min_MIC (same unit family)
doi__10.1038_s41467-023-36994-z	Syphaxin-TII6	64.0	ug/mL	{"class":"bacteria","raw_label":"A. baum	HC50	512.0	ug/mL	8.0	TI = median toxicity_conc / min_MIC (same unit family)
doi__10.1038_s41467-023-36994-z	Syphaxin-TII7	64.0	ug/mL	{"class":"bacteria","raw_label":"S. aure	HC50	512.0	ug/mL	8.0	TI = median toxicity_conc / min_MIC (same unit family)
doi__10.1038_s41467-023-36994-z	Syphaxin-TII8	512.0	ug/mL	{"class":"bacteria","raw_label":"S. aure	HC50	512.0	ug/mL	1.0	TI = median toxicity_conc / min_MIC (same unit family)
doi__10.1038_s41467-023-36994-z	Syphaxin-TIII5	64.0	ug/mL	{"class":"bacteria","raw_label":"A. baum	HC50	512.0	ug/mL	8.0	TI = median toxicity_conc / min_MIC (same unit family)
doi__10.1038_s41467-023-36994-z	OP-145	32.0	ug/mL	{"class":"bacteria","raw_label":"A. baum	HC50	512.0	ug/mL	16.0	TI = median toxicity_conc / min_MIC (same unit family)
doi__10.1038_s41467-023-36994-z	Varsavian	32.0	ug/mL	{"class":"bacteria","raw_label":"S. aure	HC50	512.0	ug/mL	16.0	TI = median toxicity_conc / min_MIC (same unit family)
doi__10.1038_s41467-023-36994-z	OP-145-TI3	64.0	ug/mL	{"class":"bacteria","raw_label":"A. baum	HC50	512.0	ug/mL	8.0	TI = median toxicity_conc / min_MIC (same unit family)
doi__10.1038_s41467-023-36994-z	Papan	32.0	ug/mL	{"class":"bacteria","raw_label":"S. aure	HC50	310.0	ug/mL	9.7	TI = median toxicity_conc / min_MIC (same unit family)
doi__10.1038_s41467-023-36994-z	OP-145-TII4	128.0	ug/mL	{"class":"bacteria","raw_label":"S. aure	HC50	166.0	ug/mL	1.3	TI = median toxicity_conc / min_MIC (same unit family)
doi__10.1038_s41467-023-36994-z	OP-145-TII5	64.0	ug/mL	{"class":"bacteria","raw_label":"S. aure	HC50	512.0	ug/mL	8.0	TI = median toxicity_conc / min_MIC (same unit family)
doi__10.1038_s41467-023-36994-z	OP-145-TIII4	64.0	ug/mL	{"class":"bacteria","raw_label":"E. coli	HC50	512.0	ug/mL	8.0	TI = median toxicity_conc / min_MIC (same unit family)
doi__10.1038_s41467-023-36994-z	Omiganan	32.0	ug/mL	{"class":"bacteria","raw_label":"E. coli	HC50	512.0	ug/mL	16.0	TI = median toxicity_conc / min_MIC (same unit family)
doi__10.1038_s41467-023-36994-z	Alacemycin	8.0	ug/mL	{"class":"bacteria","raw_label":"S. aure	HC50	512.0	ug/mL	64.0	TI = median toxicity_conc / min_MIC (same unit family)
doi__10.1038_s41467-023-36994-z	Suselkan	4.0	ug/mL	{"class":"bacteria","raw_label":"S. aure	HC50	95.0	ug/mL	23.8	TI = median toxicity_conc / min_MIC (same unit family)
doi__10.1038_s41467-023-36994-z	Omiganan-TII10	64.0	ug/mL	{"class":"bacteria","raw_label":"S. aure	HC50	512.0	ug/mL	8.0	TI = median toxicity_conc / min_MIC (same unit family)
doi__10.1038_s41467-023-36994-z	Centaxin	32.0	ug/mL	{"class":"bacteria","raw_label":"S. aure	HC50	512.0	ug/mL	16.0	TI = median toxicity_conc / min_MIC (same unit family)
doi__10.1038_s41467-023-36994-z	Omiganan-TII12	64.0	ug/mL	{"class":"bacteria","raw_label":"E. coli	HC50	512.0	ug/mL	8.0	TI = median toxicity_conc / min_MIC (same unit family)
doi__10.1038_s41467-023-36994-z	Gedanan	8.0	ug/mL	{"class":"bacteria","raw_label":"S. aure	HC50	512.0	ug/mL	64.0	TI = median toxicity_conc / min_MIC (same unit family)
doi__10.1038_s41522-022-00320-0	HG2	16.0	ug/mL	{"class":"bacteria","species":"Staphyloc	HC50	409.0	ug/mL	25.6	TI = median toxicity_conc / min_MIC (same unit family)
doi__10.1038_s41522-022-00320-0	HG4	32.0	ug/mL	{"class":"bacteria","species":"Staphyloc	HC50	458.0	ug/mL	14.3	TI = median toxicity_conc / min_MIC (same unit family)
doi__10.1038_s41598-017-01474-0	Ps	1.0	uM	{"class":"bacteria","species":"Escherich	MHC	25.0	uM	25.0	TI = median toxicity_conc / min_MIC (same unit family)
doi__10.1038_s41598-017-01474-0	Ps-K18	2.0	uM	{"class":"bacteria","species":"Escherich	MHC	100.0	uM	50.0	TI = median toxicity_conc / min_MIC (same unit family)
doi__10.1038_s41598-017-01474-0	Ps-K14-K18	1.0	uM	{"class":"bacteria","species":"Escherich	MHC	100.0	uM	100.0	TI = median toxicity_conc / min_MIC (same unit family)
doi__10.1038_s41598-017-01474-0	Ps-P	8.0	uM	{"class":"bacteria","species":"Escherich	MHC	400.0	uM	50.0	TI = median toxicity_conc / min_MIC (same unit family)
doi__10.1038_s41598-017-01474-0	Ps-K18-P	8.0	uM	{"class":"bacteria","species":"Pseudomon	MHC	400.0	uM	50.0	TI = median toxicity_conc / min_MIC (same unit family)
doi__10.1038_s41598-017-01474-0	Ps-K14-K18-P	4.0	uM	{"class":"bacteria","species":"Escherich	MHC	400.0	uM	100.0	TI = median toxicity_conc / min_MIC (same unit family)
doi__10.1038_s41598-017-01698-0	AMP1	6.0	ug/mL	{"database_note":"Clinical isolate","ful	CC50	150.0	ug/mL	25.0	TI = median toxicity_conc / min_MIC (same unit family)
doi__10.1038_s41598-017-01698-0	AMP2	4.0	ug/mL	{"database_note":"Clinical isolate","ful	CC50	230.0	ug/mL	57.5	TI = median toxicity_conc / min_MIC (same unit family)
doi__10.1038_s41598-017-01698-0	AMP3	9.0	ug/mL	{"database_note":"","full_species":"Pseu	CC50	120.0	ug/mL	13.3	TI = median toxicity_conc / min_MIC (same unit family)
doi__10.1038_s41598-017-01698-0	AMP4	16.0	ug/mL	{"database_note":"Clinical isolate","ful	CC50	250.0	ug/mL	15.6	TI = median toxicity_conc / min_MIC (same unit family)
doi__10.1038_s41598-017-01698-0	AMP5	8.0	ug/mL	{"database_note":"Clinical isolate","ful	CC50	70.0	ug/mL	8.8	TI = median toxicity_conc / min_MIC (same unit family)
doi__10.1038_s41598-017-07440-0	RR	16.0	uM	{"class":"bacteria","species":"A. bauman	HC50	256.0	uM	16.0	TI = median toxicity_conc / min_MIC (same unit family)
doi__10.1038_s41598-017-07440-0	RR1	128.0	uM	{"class":"bacteria","species":"A. bauman	HC50	256.0	uM	2.0	TI = median toxicity_conc / min_MIC (same unit family)
doi__10.1038_s41598-017-07440-0	RR2	2.0	uM	{"class":"bacteria","species":"A. bauman	HC50	256.0	uM	128.0	TI = median toxicity_conc / min_MIC (same unit family)
doi__10.1038_s41598-017-07440-0	RR3	4.0	uM	{"class":"bacteria","species":"P. aerugi	HC50	256.0	uM	64.0	TI = median toxicity_conc / min_MIC (same unit family)
doi__10.1038_s41598-017-07440-0	RR4	2.0	uM	{"class":"bacteria","species":"A. bauman	HC50	256.0	uM	128.0	TI = median toxicity_conc / min_MIC (same unit family)
doi__10.1038_s41598-017-07440-0	D-RR4	1.0	uM	{"class":"bacteria","species":"P. aerugi	HC50	256.0	uM	256.0	TI = median toxicity_conc / min_MIC (same unit family)
doi__10.1038_s41598-018-20002-2	PAFB	0.12	uM	{"class":"filamentous_fungus","species":	mammalian_cell_cytotoxicity	32.0	uM	266.7	TI = median toxicity_conc / min_MIC (same unit family)
doi__10.1038_s41598-018-20002-2	PAF	0.06	uM	{"class":"filamentous_fungus","species":	mammalian_cell_cytotoxicity	32.0	uM	533.3	TI = median toxicity_conc / min_MIC (same unit family)
doi__10.1038_s41598-018-27417-x	L-Ctl	7.9	ug/mL	{"class":"fungus","gram_status":"not_app	MTT cytotoxicity threshold	100.0	ug/mL	12.7	TI = median toxicity_conc / min_MIC (same unit family)
doi__10.1038_s41598-018-27417-x	D-Ctl	5.5	ug/mL	{"class":"fungus","gram_status":"not_app	MTT cytotoxicity threshold	100.0	ug/mL	18.2	TI = median toxicity_conc / min_MIC (same unit family)
doi__10.1038_s41598-018-32947-5	PE-BBI	512.0	uM	{"class":"bacteria","gram_status":"Gram-	CC50	100.0	uM	0.2	TI = median toxicity_conc / min_MIC (same unit family)
doi__10.1038_s41598-018-33289-y	daptomycin	7.0	uM	{"class":"bacteria","species":"Staphyloc	LC50	250.0	uM	35.7	TI = median toxicity_conc / min_MIC (same unit family)
doi__10.1038_s41598-018-33289-y	CecB	1.0	uM	{"class":"bacteria","species":"Escherich	LC50	250.0	uM	250.0	TI = median toxicity_conc / min_MIC (same unit family)
doi__10.1038_s41598-018-33289-y	CecM	1.0	uM	{"class":"bacteria","species":"Salmonell	LC50	250.0	uM	250.0	TI = median toxicity_conc / min_MIC (same unit family)
doi__10.1038_s41598-018-33289-y	ChoC	1.0	uM	{"class":"bacteria","species":"Micrococc	LC50	250.0	uM	250.0	TI = median toxicity_conc / min_MIC (same unit family)
doi__10.1038_s41598-018-33289-y	ChoM	0.5	uM	{"class":"bacteria","species":"Micrococc	LC50	250.0	uM	500.0	TI = median toxicity_conc / min_MIC (same unit family)
doi__10.1038_s41598-020-58014-6	C6	2.0	uM	{"class":"bacteria","gram_status":"Gram-	MHC	256.0	uM	128.0	TI = median toxicity_conc / min_MIC (same unit family)
doi__10.1038_s41598-020-58014-6	cCF10-C6	4.0	uM	{"class":"bacteria","gram_status":"Gram-	MHC	128.0	uM	32.0	TI = median toxicity_conc / min_MIC (same unit family)
doi__10.1038_s41598-020-58014-6	C4	2.0	uM	{"class":"bacteria","gram_status":"Gram-	MHC	256.0	uM	128.0	TI = median toxicity_conc / min_MIC (same unit family)
doi__10.1038_s41598-020-58014-6	cCF10-C4	8.0	uM	{"class":"bacteria","gram_status":"Gram-	MHC	32.0	uM	4.0	TI = median toxicity_conc / min_MIC (same unit family)
doi__10.1038_s41598-020-65688-5	PA-13	1.95	ug/mL	{"class":"bacteria","species":"Salmonell	MHC	125.0	ug/mL	64.1	TI = median toxicity_conc / min_MIC (same unit family)
doi__10.1038_s41598-020-65688-5	P0	250.0	ug/mL	{"class":"bacteria","species":"Pseudomon	MHC	250.0	ug/mL	1.0	TI = median toxicity_conc / min_MIC (same unit family)
doi__10.1038_s41598-020-65688-5	P7	3.91	ug/mL	{"class":"bacteria","species":"Shigella 	MHC	250.0	ug/mL	63.9	TI = median toxicity_conc / min_MIC (same unit family)
doi__10.1038_s41598-020-65688-5	A0	250.0	ug/mL	{"class":"bacteria","species":"Pseudomon	MHC	250.0	ug/mL	1.0	TI = median toxicity_conc / min_MIC (same unit family)
doi__10.1038_s41598-020-65688-5	A3	250.0	ug/mL	{"class":"bacteria","species":"Pseudomon	MHC	250.0	ug/mL	1.0	TI = median toxicity_conc / min_MIC (same unit family)
doi__10.1038_s41598-020-65688-5	P7A3	3.91	ug/mL	{"class":"bacteria","species":"Shigella 	MHC	3.91	ug/mL	1.0	TI = median toxicity_conc / min_MIC (same unit family)
doi__10.1038_s41598-020-65688-5	PA-18	1.95	ug/mL	{"class":"bacteria","species":"Listeria 	MHC	3.91	ug/mL	2.0	TI = median toxicity_conc / min_MIC (same unit family)
doi__10.1038_s41598-020-65688-5	PA-17	1.95	ug/mL	{"class":"bacteria","species":"Listeria 	MHC	3.91	ug/mL	2.0	TI = median toxicity_conc / min_MIC (same unit family)
doi__10.1038_s41598-020-65688-5	PA-16	1.95	ug/mL	{"class":"bacteria","species":"Salmonell	MHC	3.91	ug/mL	2.0	TI = median toxicity_conc / min_MIC (same unit family)
doi__10.1038_s41598-020-65688-5	PA-15	1.95	ug/mL	{"class":"bacteria","species":"Salmonell	MHC	3.91	ug/mL	2.0	TI = median toxicity_conc / min_MIC (same unit family)
doi__10.1038_s41598-020-65688-5	PA-14	1.95	ug/mL	{"class":"bacteria","species":"Salmonell	MHC	15.63	ug/mL	8.0	TI = median toxicity_conc / min_MIC (same unit family)
doi__10.1038_s41598-020-65688-5	Melittin	1.95	ug/mL	{"class":"bacteria","species":"Enterococ	MHC	0.98	ug/mL	0.5	TI = median toxicity_conc / min_MIC (same unit family)
doi__10.1038_s41598-020-69162-0	KL6	128.0	ug/mL	{"class":"bacteria","gram_status":"Gram-	HC50	256.0	ug/mL	2.0	TI = median toxicity_conc / min_MIC (same unit family)
doi__10.1038_s41598-020-69162-0	KL10	2.0	ug/mL	{"class":"bacteria","gram_status":"Gram-	HC50	50.0	ug/mL	25.0	TI = median toxicity_conc / min_MIC (same unit family)
doi__10.1038_s41598-020-69162-0	KL14	4.0	ug/mL	{"class":"bacteria","gram_status":"Gram-	HC50	1.3	ug/mL	0.3	TI = median toxicity_conc / min_MIC (same unit family)
doi__10.1038_s41598-020-69162-0	KL18	8.0	ug/mL	{"class":"bacteria","gram_status":"Gram-	HC50	1.0	ug/mL	0.1	TI = median toxicity_conc / min_MIC (same unit family)
doi__10.1038_s41598-020-69995-9	compound 1	7.6	uM	{"class":"bacterium","species":"Staphylo	hemolysis_IC10	150.0	uM	19.7	TI = median toxicity_conc / min_MIC (same unit family)
doi__10.1038_s41598-020-69995-9	compound 2	7.6	uM	{"class":"bacterium","species":"Staphylo	hemolysis_IC10	33.55	uM	4.4	TI = median toxicity_conc / min_MIC (same unit family)
doi__10.1038_s41598-020-69995-9	compound 4	15.1	uM	{"class":"bacterium","species":"Staphylo	hemolysis_IC10	150.0	uM	9.9	TI = median toxicity_conc / min_MIC (same unit family)
doi__10.1038_s41598-020-69995-9	compound 5	15.1	uM	{"class":"bacterium","species":"Staphylo	hemolysis_IC10	91.5	uM	6.1	TI = median toxicity_conc / min_MIC (same unit family)
doi__10.1038_s41598-020-69995-9	compound 11	1.9	uM	{"class":"bacterium","species":"Staphylo	hemolysis_IC10	80.5	uM	42.4	TI = median toxicity_conc / min_MIC (same unit family)
doi__10.1038_s41598-020-69995-9	compound 15	3.8	uM	{"class":"bacterium","species":"Staphylo	hemolysis_IC10	26.75	uM	7.0	TI = median toxicity_conc / min_MIC (same unit family)
doi__10.1038_s41598-020-69995-9	compound 18	2.0	uM	{"class":"bacterium","species":"Staphylo	hemolysis_IC10	69.3	uM	34.6	TI = median toxicity_conc / min_MIC (same unit family)
doi__10.1038_s41598-023-30427-z	A11	15.63	ug/mL	{"class":"bacteria","species":"Salmonell	MHC	250.0	ug/mL	16.0	TI = median toxicity_conc / min_MIC (same unit family)
doi__10.1038_s41598-024-52721-0	KLK	4.0	ug/mL	{"biofilm_formation_ability":"Strong","c	HC50	38.49	ug/mL	9.6	TI = median toxicity_conc / min_MIC (same unit family)
doi__10.1038_s41598-024-52721-0	KLK	3.03	uM	{"biofilm_formation_ability":"Strong","c	HC50	29.1	uM	9.6	TI = median toxicity_conc / min_MIC (same unit family)
doi__10.1038_s41598-024-52721-0	mKLK	4.0	ug/mL	{"biofilm_formation_ability":"Strong","c	HC50	118.6	ug/mL	29.6	TI = median toxicity_conc / min_MIC (same unit family)
doi__10.1038_s41598-024-52721-0	mKLK	2.62	uM	{"biofilm_formation_ability":"Strong","c	HC50	77.8	uM	29.7	TI = median toxicity_conc / min_MIC (same unit family)
doi__10.1038_s41598-024-67777-1	Temporin-WY2	2.0	uM	{"class":"bacteria","gram_status":"gram_	HC50	43.7	uM	21.9	TI = median toxicity_conc / min_MIC (same unit family)
doi__10.1038_s41598-024-67777-1	QUB-1426	2.0	uM	{"class":"bacteria","gram_status":"gram_	HC50	19.4	uM	9.7	TI = median toxicity_conc / min_MIC (same unit family)
doi__10.1038_s41598-024-67777-1	6K-WY2	2.0	uM	{"class":"bacteria","gram_status":"gram_	HC50	27.79	uM	13.9	TI = median toxicity_conc / min_MIC (same unit family)
doi__10.1038_s41598-024-67777-1	6K-1426	1.0	uM	{"class":"bacteria","gram_status":"gram_	HC50	15.65	uM	15.7	TI = median toxicity_conc / min_MIC (same unit family)
doi__10.1038_s42256-025-01119-2	AT1	64.0	uM	{"class":"bacteria","source_label":"Acin	CC50	2758.0	uM	43.1	TI = median toxicity_conc / min_MIC (same unit family)
doi__10.1038_s42256-025-01119-2	AT2	64.0	uM	{"class":"bacteria","source_label":"Acin	CC50	2.0	uM	0.0	TI = median toxicity_conc / min_MIC (same unit family)
doi__10.1038_s42256-025-01119-2	AT3	64.0	uM	{"class":"bacteria","source_label":"Acin	CC50	269.0	uM	4.2	TI = median toxicity_conc / min_MIC (same unit family)
doi__10.1038_s42256-025-01119-2	AT4	8.0	uM	{"class":"bacteria","source_label":"Kleb	CC50	3015.0	uM	376.9	TI = median toxicity_conc / min_MIC (same unit family)
doi__10.1038_s42256-025-01119-2	AT5	32.0	uM	{"class":"bacteria","resistance_phenotyp	CC50	6.0	uM	0.2	TI = median toxicity_conc / min_MIC (same unit family)
doi__10.1038_s42256-025-01119-2	NE1	8.0	uM	{"class":"bacteria","resistance_phenotyp	CC50	6.0	uM	0.8	TI = median toxicity_conc / min_MIC (same unit family)
doi__10.1038_s42256-025-01119-2	NE2	8.0	uM	{"class":"bacteria","resistance_phenotyp	CC50	507.0	uM	63.4	TI = median toxicity_conc / min_MIC (same unit family)
doi__10.1038_s42256-025-01119-2	NE3	16.0	uM	{"class":"bacteria","resistance_phenotyp	CC50	655.0	uM	40.9	TI = median toxicity_conc / min_MIC (same unit family)
doi__10.1038_s42256-025-01119-2	NE4	8.0	uM	{"class":"bacteria","resistance_phenotyp	CC50	2.0	uM	0.2	TI = median toxicity_conc / min_MIC (same unit family)
doi__10.1038_s42256-025-01119-2	NG1	4.0	uM	{"class":"bacteria","source_label":"Acin	CC50	351.0	uM	87.8	TI = median toxicity_conc / min_MIC (same unit family)
doi__10.1038_s42256-025-01119-2	NG2	64.0	uM	{"class":"bacteria","source_label":"Acin	CC50	1.0	uM	0.0	TI = median toxicity_conc / min_MIC (same unit family)
doi__10.1038_s42256-025-01119-2	NG3	8.0	uM	{"class":"bacteria","source_label":"Esch	CC50	2.0	uM	0.2	TI = median toxicity_conc / min_MIC (same unit family)
doi__10.1038_s44320-025-00120-6	HBP-1	1.6	uM	{"gram_status":"Gram-negative","source_l	LC50	200.0	uM	125.0	TI = median toxicity_conc / min_MIC (same unit family)
doi__10.1038_s44320-025-00120-6	HBP-2	12.5	uM	{"gram_status":"Gram-negative","source_l	LC50	200.0	uM	16.0	TI = median toxicity_conc / min_MIC (same unit family)
doi__10.1038_s44320-025-00120-6	HBP-3	0.8	uM	{"gram_status":"Gram-negative","source_l	LC50	200.0	uM	250.0	TI = median toxicity_conc / min_MIC (same unit family)
doi__10.1038_s44320-025-00120-6	HBP-4	0.1	uM	{"class":"bacteria_clinical_isolate","gr	LC50	36.5	uM	365.0	TI = median toxicity_conc / min_MIC (same unit family)
doi__10.1038_s44320-025-00120-6	HBP-5	0.1	uM	{"class":"bacteria_clinical_isolate","gr	LC50	74.5	uM	745.0	TI = median toxicity_conc / min_MIC (same unit family)
doi__10.1038_s44320-025-00120-6	LL-37	0.8	uM	{"gram_status":"Gram-negative","source_l	LC50	39.5	uM	49.4	TI = median toxicity_conc / min_MIC (same unit family)
doi__10.1038_srep09127	IsCT	9.02	ug/mL	{"class":"bacteria","gram_status":"Gram-	HC50	43.59	ug/mL	4.8	TI = median toxicity_conc / min_MIC (same unit family)
doi__10.1038_srep09127	E7K-IsCT	6.01	ug/mL	{"class":"bacteria","gram_status":"Gram-	HC50	92.17	ug/mL	15.3	TI = median toxicity_conc / min_MIC (same unit family)
doi__10.1038_srep09127	I9K-IsCT	12.02	ug/mL	{"class":"bacteria","gram_status":"Gram-	HC50	500.0	ug/mL	41.6	TI = median toxicity_conc / min_MIC (same unit family)
doi__10.1038_srep09127	E7K,I9K-IsCT	3.01	ug/mL	{"class":"bacteria","gram_status":"Gram-	HC50	500.0	ug/mL	166.1	TI = median toxicity_conc / min_MIC (same unit family)
doi__10.1038_srep09216	C12(omega7)X	50.0	uM	{"class":"bacteria","source_label":"E. c	HC50	100.0	uM	2.0	TI = median toxicity_conc / min_MIC (same unit family)
doi__10.1038_srep09216	C12X	16.0	uM	{"class":"bacteria","source_label":"E. c	HC50	29.0	uM	1.8	TI = median toxicity_conc / min_MIC (same unit family)
doi__10.1038_srep09216	C10X	50.0	uM	{"class":"bacteria","source_label":"E. c	HC50	100.0	uM	2.0	TI = median toxicity_conc / min_MIC (same unit family)
doi__10.1038_srep09216	C8X	50.0	uM	{"class":"bacteria","source_label":"E. c	HC50	100.0	uM	2.0	TI = median toxicity_conc / min_MIC (same unit family)
doi__10.1038_srep09216	X (KKc12K)	50.0	uM	{"class":"bacteria","source_label":"E. c	HC50	100.0	uM	2.0	TI = median toxicity_conc / min_MIC (same unit family)
doi__10.1038_srep09657	KU1	16.0	ug/mL	{"class":"fungus","species":"Candida alb	HC50	58.19	ug/mL	3.6	TI = median toxicity_conc / min_MIC (same unit family)
doi__10.1038_srep09657	KU2	8.0	ug/mL	{"class":"fungus","species":"Candida alb	HC50	57.71	ug/mL	7.2	TI = median toxicity_conc / min_MIC (same unit family)
doi__10.1038_srep09657	KU3	8.0	ug/mL	{"class":"fungus","species":"Candida alb	HC50	55.2	ug/mL	6.9	TI = median toxicity_conc / min_MIC (same unit family)
doi__10.1038_srep09657	KU4	16.0	ug/mL	{"class":"fungus","species":"Candida kru	HC50	256.0	ug/mL	16.0	TI = median toxicity_conc / min_MIC (same unit family)
doi__10.1038_srep09657	Upn-lys4	64.0	ug/mL	{"class":"fungus","species":"Candida alb	HC50	256.0	ug/mL	4.0	TI = median toxicity_conc / min_MIC (same unit family)
doi__10.1038_srep09657	Upn-lys5	32.0	ug/mL	{"class":"fungus","species":"Candida alb	HC50	256.0	ug/mL	8.0	TI = median toxicity_conc / min_MIC (same unit family)
doi__10.1038_srep09657	Upn-lys6	16.0	ug/mL	{"class":"fungus","species":"Candida par	HC50	256.0	ug/mL	16.0	TI = median toxicity_conc / min_MIC (same unit family)
doi__10.1038_srep09657	KABT-AMP	32.0	ug/mL	{"class":"fungus","species":"Candida alb	HC50	81.23	ug/mL	2.5	TI = median toxicity_conc / min_MIC (same unit family)
doi__10.1038_srep09657	Uperin 3.6	64.0	ug/mL	{"class":"fungus","species":"Candida alb	HC50	256.0	ug/mL	4.0	TI = median toxicity_conc / min_MIC (same unit family)
doi__10.1038_srep09657	Fluconazole	1.0	ug/mL	{"class":"fungus","species":"Candida alb	HC50	256.0	ug/mL	256.0	TI = median toxicity_conc / min_MIC (same unit family)
doi__10.1038_srep09657	Amphotericin B	0.5	ug/mL	{"class":"fungus","species":"Candida alb	HC50	60.94	ug/mL	121.9	TI = median toxicity_conc / min_MIC (same unit family)
doi__10.1038_srep17260	dCATH	2.0	uM	{"class":"bacteria","species":"Escherich	HC50	20.0	uM	10.0	TI = median toxicity_conc / min_MIC (same unit family)
doi__10.1038_srep29145	V13L	2.0	uM	{"gram_status":"Gram-positive","raw_targ	MHC	4.0	uM	2.0	TI = median toxicity_conc / min_MIC (same unit family)
doi__10.1038_srep29145	V13A	2.0	uM	{"gram_status":"Gram-positive","raw_targ	MHC	16.0	uM	8.0	TI = median toxicity_conc / min_MIC (same unit family)
doi__10.1038_srep29145	V13S	4.0	uM	{"gram_status":"Gram-positive","raw_targ	MHC	125.0	uM	31.2	TI = median toxicity_conc / min_MIC (same unit family)
doi__10.1038_srep29145	V13K	4.0	uM	{"gram_status":"Gram-positive","raw_targ	MHC	250.0	uM	62.5	TI = median toxicity_conc / min_MIC (same unit family)
doi__10.1038_srep29145	V13E	64.0	uM	{"gram_status":"Gram-negative","raw_targ	MHC	500.0	uM	7.8	TI = median toxicity_conc / min_MIC (same unit family)
doi__10.1038_srep29145	A12L/A20L	2.0	uM	{"gram_status":"Gram-positive","raw_targ	MHC	4.0	uM	2.0	TI = median toxicity_conc / min_MIC (same unit family)
doi__10.1038_srep29145	A20L	2.0	uM	{"gram_status":"Gram-positive","raw_targ	MHC	32.0	uM	16.0	TI = median toxicity_conc / min_MIC (same unit family)
doi__10.1038_srep29145	L6A	64.0	uM	{"gram_status":"Gram-positive","raw_targ	MHC	500.0	uM	7.8	TI = median toxicity_conc / min_MIC (same unit family)
doi__10.1038_srep29145	L6A/L17A	125.0	uM	{"gram_status":"Gram-positive","raw_targ	MHC	500.0	uM	4.0	TI = median toxicity_conc / min_MIC (same unit family)
doi__10.1038_srep35465	Clavanin A	6.0	uM	{"gram_status":"Gram-positive","raw_targ	LC50	600.0	uM	100.0	TI = median toxicity_conc / min_MIC (same unit family)
doi__10.1038_srep35465	clavanin-MO	1.5	uM	{"gram_status":"Gram-positive","raw_targ	LC50	600.0	uM	400.0	TI = median toxicity_conc / min_MIC (same unit family)
doi__10.1038_srep39925	Piscidin-1	1.25	uM	{"class":"bacteria","note":null,"species	HC50	15.0	uM	12.0	TI = median toxicity_conc / min_MIC (same unit family)
doi__10.1038_srep39925	T15,21K Piscidin-1	1.25	uM	{"class":"bacteria","note":null,"species	HC50	200.0	uM	160.0	TI = median toxicity_conc / min_MIC (same unit family)
doi__10.1038_srep39925	T15,21dK Piscidin-1	5.0	uM	{"class":"bacteria","note":null,"species	HC50	500.0	uM	100.0	TI = median toxicity_conc / min_MIC (same unit family)
doi__10.1038_srep39925	T15K Piscidin-1	1.25	uM	{"class":"bacteria","note":null,"species	HC50	46.0	uM	36.8	TI = median toxicity_conc / min_MIC (same unit family)
doi__10.1038_srep39925	T15dK Piscidin-1	2.5	uM	{"class":"bacteria","note":null,"species	HC50	125.0	uM	50.0	TI = median toxicity_conc / min_MIC (same unit family)
doi__10.1038_srep40228	MC1-1	1.56	uM	{"class":"bacteria","species":"E. faecal	HC50	500.0	uM	320.5	TI = median toxicity_conc / min_MIC (same unit family)
doi__10.1038_srep40228	MC1-2	1.56	uM	{"class":"bacteria","species":"P. aerugi	HC50	500.0	uM	320.5	TI = median toxicity_conc / min_MIC (same unit family)
doi__10.1038_srep40228	MC1-3	6.25	uM	{"class":"bacteria","species":"E. coli",	HC50	500.0	uM	80.0	TI = median toxicity_conc / min_MIC (same unit family)
doi__10.1039_d1sc01713f	GN1	2.0	ug/mL	{"class":"bacteria","gram_status":"Gram-	MHC	2000.0	ug/mL	1000.0	TI = median toxicity_conc / min_MIC (same unit family)
doi__10.1039_d1sc01713f	GN2	4.0	ug/mL	{"class":"bacteria","gram_status":"Gram-	MHC	1000.0	ug/mL	250.0	TI = median toxicity_conc / min_MIC (same unit family)
doi__10.1039_d1sc01713f	GN3	2.0	ug/mL	{"class":"bacteria","gram_status":"Gram-	MHC	500.0	ug/mL	250.0	TI = median toxicity_conc / min_MIC (same unit family)
doi__10.1039_d1sc01713f	GN4	4.0	ug/mL	{"class":"bacteria","gram_status":"Gram-	MHC	2000.0	ug/mL	500.0	TI = median toxicity_conc / min_MIC (same unit family)
doi__10.1039_d1sc01713f	GN5	16.0	ug/mL	{"class":"bacteria","gram_status":"Gram-	MHC	2000.0	ug/mL	125.0	TI = median toxicity_conc / min_MIC (same unit family)
doi__10.1039_d1sc01713f	GN6	16.0	ug/mL	{"class":"bacteria","gram_status":"Gram-	MHC	2000.0	ug/mL	125.0	TI = median toxicity_conc / min_MIC (same unit family)
doi__10.1039_d1sc01713f	GN7	4.0	ug/mL	{"class":"bacteria","gram_status":"Gram-	MHC	250.0	ug/mL	62.5	TI = median toxicity_conc / min_MIC (same unit family)
doi__10.1039_d1sc01713f	GN8	4.0	ug/mL	{"class":"bacteria","gram_status":"Gram-	MHC	62.5	ug/mL	15.6	TI = median toxicity_conc / min_MIC (same unit family)
doi__10.1039_d1sc01713f	GN9	4.0	ug/mL	{"class":"bacteria","gram_status":"Gram-	MHC	250.0	ug/mL	62.5	TI = median toxicity_conc / min_MIC (same unit family)
doi__10.1039_d1sc01713f	GN10	16.0	ug/mL	{"class":"bacteria","gram_status":"Gram-	MHC	2000.0	ug/mL	125.0	TI = median toxicity_conc / min_MIC (same unit family)
doi__10.1039_d1sc01713f	GN11	32.0	ug/mL	{"class":"bacteria","gram_status":"Gram-	MHC	2000.0	ug/mL	62.5	TI = median toxicity_conc / min_MIC (same unit family)
doi__10.1039_d1sc01713f	GN12	16.0	ug/mL	{"class":"bacteria","gram_status":"Gram-	MHC	2000.0	ug/mL	125.0	TI = median toxicity_conc / min_MIC (same unit family)
doi__10.1039_d1sc01713f	GN13	32.0	ug/mL	{"class":"bacteria","gram_status":"Gram-	MHC	2000.0	ug/mL	62.5	TI = median toxicity_conc / min_MIC (same unit family)
doi__10.1039_d1sc01713f	GN14	32.0	ug/mL	{"class":"bacteria","gram_status":"Gram-	MHC	2000.0	ug/mL	62.5	TI = median toxicity_conc / min_MIC (same unit family)
doi__10.1039_d1sc01713f	GP1	4.0	ug/mL	{"class":"bacteria","gram_status":"Gram-	MHC	2000.0	ug/mL	500.0	TI = median toxicity_conc / min_MIC (same unit family)
doi__10.1039_d1sc01713f	GP2	8.0	ug/mL	{"class":"bacteria","gram_status":"Gram-	MHC	500.0	ug/mL	62.5	TI = median toxicity_conc / min_MIC (same unit family)
doi__10.1039_d1sc01713f	GP3	8.0	ug/mL	{"class":"bacteria","gram_status":"Gram-	MHC	250.0	ug/mL	31.2	TI = median toxicity_conc / min_MIC (same unit family)
doi__10.1039_d1sc01713f	GP4	16.0	ug/mL	{"class":"bacteria","gram_status":"Gram-	MHC	2000.0	ug/mL	125.0	TI = median toxicity_conc / min_MIC (same unit family)
doi__10.1039_d1sc01713f	GP5	4.0	ug/mL	{"class":"bacteria","gram_status":"Gram-	MHC	2000.0	ug/mL	500.0	TI = median toxicity_conc / min_MIC (same unit family)
doi__10.1039_d1sc01713f	GP6	8.0	ug/mL	{"class":"bacteria","gram_status":"Gram-	MHC	2000.0	ug/mL	250.0	TI = median toxicity_conc / min_MIC (same unit family)
doi__10.1039_d1sc01713f	GP7	32.0	ug/mL	{"class":"bacteria","gram_status":"Gram-	MHC	2000.0	ug/mL	62.5	TI = median toxicity_conc / min_MIC (same unit family)
doi__10.1039_d1sc01713f	GP8	8.0	ug/mL	{"class":"bacteria","gram_status":"Gram-	MHC	2000.0	ug/mL	250.0	TI = median toxicity_conc / min_MIC (same unit family)
doi__10.1039_d1sc01713f	GP9	32.0	ug/mL	{"class":"bacteria","gram_status":"Gram-	MHC	2000.0	ug/mL	62.5	TI = median toxicity_conc / min_MIC (same unit family)
doi__10.1039_d1sc01713f	GP10	64.0	ug/mL	{"class":"bacteria","gram_status":"Gram-	MHC	2000.0	ug/mL	31.2	TI = median toxicity_conc / min_MIC (same unit family)
doi__10.1039_d1sc01713f	GP11	64.0	ug/mL	{"class":"bacteria","gram_status":"Gram-	MHC	2000.0	ug/mL	31.2	TI = median toxicity_conc / min_MIC (same unit family)
doi__10.1039_d1sc01713f	GP12	64.0	ug/mL	{"class":"bacteria","gram_status":"Gram-	MHC	2000.0	ug/mL	31.2	TI = median toxicity_conc / min_MIC (same unit family)
doi__10.1039_d1sc01713f	GP13	32.0	ug/mL	{"class":"bacteria","gram_status":"Gram-	MHC	2000.0	ug/mL	62.5	TI = median toxicity_conc / min_MIC (same unit family)
doi__10.1039_d1sc01713f	GP14	64.0	ug/mL	{"class":"bacteria","gram_status":"Gram-	MHC	2000.0	ug/mL	31.2	TI = median toxicity_conc / min_MIC (same unit family)
doi__10.1074_jbc.m113.459560	b27	0.74	uM	{"class":"bacteria","gram_status":"Gram-	LC50_hemolysis	250.0	uM	337.8	TI = median toxicity_conc / min_MIC (same unit family)
doi__10.1074_jbc.m113.459560	Anti-b27	200.0	uM	{"class":"bacteria","gram_status":"Gram-	LC50_hemolysis	250.0	uM	1.2	TI = median toxicity_conc / min_MIC (same unit family)
doi__10.1074_jbc.m113.459560	cB	0.46	uM	{"class":"bacteria","gram_status":"Gram-	LC50_hemolysis	250.0	uM	543.5	TI = median toxicity_conc / min_MIC (same unit family)
doi__10.1074_jbc.m113.459560	cBt	0.36	uM	{"class":"bacteria","gram_status":"Gram-	LC50_hemolysis	250.0	uM	694.4	TI = median toxicity_conc / min_MIC (same unit family)
doi__10.1074_jbc.m113.459560	Anti-cBt	200.0	uM	{"class":"bacteria","gram_status":"Gram-	LC50_hemolysis	250.0	uM	1.2	TI = median toxicity_conc / min_MIC (same unit family)
doi__10.1080_19490976.2025.2523811	AMP_S13	2.0	ug/mL	{"class":"bacteria","species":"Acinetoba	CC50	928.6	ug/mL	464.3	TI = median toxicity_conc / min_MIC (same unit family)
doi__10.1080_19490976.2025.2523811	AMP_S4	2.0	ug/mL	{"class":"bacteria","species":"Acinetoba	CC50	18.25	ug/mL	9.1	TI = median toxicity_conc / min_MIC (same unit family)
doi__10.1093_jac_dky386	LS-sarcotoxin	0.25	ug/mL	{"class":"bacteria","species":"Escherich	MHC	1024.0	ug/mL	4096.0	TI = median toxicity_conc / min_MIC (same unit family)
doi__10.1093_jac_dky386	LS-stomoxyn	0.03	ug/mL	{"class":"bacteria","species":"Acinetoba	MHC	1024.0	ug/mL	34133.3	TI = median toxicity_conc / min_MIC (same unit family)
doi__10.1093_jac_dky386	all-d LS-sarcotoxin	128.0	ug/mL	{"class":"bacteria","species":"Escherich	MHC	1024.0	ug/mL	8.0	TI = median toxicity_conc / min_MIC (same unit family)
doi__10.1093_jac_dky386	all-d LS-stomoxyn	16.0	ug/mL	{"class":"bacteria","species":"Escherich	MHC	1024.0	ug/mL	64.0	TI = median toxicity_conc / min_MIC (same unit family)
doi__10.1093_jambio_lxaf031	Melimine	3.9	uM	{"class":"fungus","species":"C. auris CB	HD50	256.0	uM	65.6	TI = median toxicity_conc / min_MIC (same unit family)
doi__10.1093_jambio_lxaf031	Mel4	3.9	uM	{"class":"fungus","species":"C. auris CB	HD50	256.0	uM	65.6	TI = median toxicity_conc / min_MIC (same unit family)
doi__10.1093_jambio_lxaf031	TM1	3.9	uM	{"class":"bacteria","species":"S. aureus	HD50	44.8	uM	11.5	TI = median toxicity_conc / min_MIC (same unit family)
doi__10.1093_jambio_lxaf031	TM2	3.9	uM	{"class":"bacteria","species":"S. aureus	HD50	64.0	uM	16.4	TI = median toxicity_conc / min_MIC (same unit family)
doi__10.1093_jambio_lxaf031	TM4	2.0	uM	{"class":"fungus","species":"C. auris CB	HD50	12.4	uM	6.2	TI = median toxicity_conc / min_MIC (same unit family)
doi__10.1093_jambio_lxaf031	TM6	2.0	uM	{"class":"fungus","species":"C. auris CB	HD50	256.0	uM	128.0	TI = median toxicity_conc / min_MIC (same unit family)
doi__10.1093_jambio_lxaf031	TM8	3.9	uM	{"class":"bacteria","species":"S. aureus	HD50	27.2	uM	7.0	TI = median toxicity_conc / min_MIC (same unit family)
doi__10.1093_jambio_lxaf031	TM12	3.9	uM	{"class":"bacteria","species":"S. aureus	HD50	256.0	uM	65.6	TI = median toxicity_conc / min_MIC (same unit family)
doi__10.1093_jambio_lxaf031	TM14	3.9	uM	{"class":"bacteria","species":"S. aureus	HD50	24.0	uM	6.2	TI = median toxicity_conc / min_MIC (same unit family)
doi__10.1093_jambio_lxaf031	TM15	3.9	uM	{"class":"fungus","species":"C. auris CB	HD50	86.4	uM	22.2	TI = median toxicity_conc / min_MIC (same unit family)
doi__10.1093_jambio_lxaf031	TM19	2.0	uM	{"class":"fungus","species":"C. auris CB	HD50	20.8	uM	10.4	TI = median toxicity_conc / min_MIC (same unit family)
doi__10.1128_mbio.00226-19	α4-short	1.0	uM	{"class":"bacteria","resistance_or_activ	hemolysis_negligible	64.0	uM	64.0	TI = median toxicity_conc / min_MIC (same unit family)
doi__10.1128_spectrum.01318-21	Dermaseptin-AC	2.0	uM	{"class":"bacteria","species":"Staphyloc	HC50	76.55	uM	38.3	TI = median toxicity_conc / min_MIC (same unit family)
doi__10.1128_spectrum.03089-22	Blapstin	3.5	uM	{"class":"fungus","species":"Candida alb	HC50	59.77	uM	17.1	TI = median toxicity_conc / min_MIC (same unit family)
doi__10.1155_2012_764834	P18	6.25	ug/mL	{"raw_target_label":"b-01","species":"Ac	MHC	250.0	ug/mL	40.0	TI = median toxicity_conc / min_MIC (same unit family)
doi__10.1155_2012_764834	CP-P	12.5	ug/mL	{"raw_target_label":"CMCC10104","species	MHC	250.0	ug/mL	20.0	TI = median toxicity_conc / min_MIC (same unit family)
doi__10.1155_2012_764834	S16	3.125	ug/mL	{"raw_target_label":"CMCC10104","species	MHC	500.0	ug/mL	160.0	TI = median toxicity_conc / min_MIC (same unit family)
doi__10.1155_2012_764834	F2	12.5	ug/mL	{"raw_target_label":"CMCC10104","species	MHC	250.0	ug/mL	20.0	TI = median toxicity_conc / min_MIC (same unit family)
doi__10.1155_2012_764834	N7	12.5	ug/mL	{"raw_target_label":"CMCC10104","species	MHC	500.0	ug/mL	40.0	TI = median toxicity_conc / min_MIC (same unit family)
doi__10.1155_2012_764834	S9	50.0	ug/mL	{"raw_target_label":"CMCC10104","species	MHC	500.0	ug/mL	10.0	TI = median toxicity_conc / min_MIC (same unit family)
doi__10.1155_2012_764834	A9	25.0	ug/mL	{"raw_target_label":"CMCC10104","species	MHC	500.0	ug/mL	20.0	TI = median toxicity_conc / min_MIC (same unit family)
doi__10.1155_2012_764834	L10	12.5	ug/mL	{"raw_target_label":"CMCC10104","species	MHC	125.0	ug/mL	10.0	TI = median toxicity_conc / min_MIC (same unit family)
doi__10.1155_2012_764834	A10	12.5	ug/mL	{"raw_target_label":"CMCC10104","species	MHC	250.0	ug/mL	20.0	TI = median toxicity_conc / min_MIC (same unit family)
doi__10.1155_2012_764834	D11	25.0	ug/mL	{"raw_target_label":"CMCC10104","species	MHC	500.0	ug/mL	20.0	TI = median toxicity_conc / min_MIC (same unit family)
doi__10.1155_2012_764834	K11	0.25	ug/mL	{"raw_target_label":"MRSA clinical isola	MHC	500.0	ug/mL	2000.0	TI = median toxicity_conc / min_MIC (same unit family)
doi__10.1155_2012_764834	A13	6.25	ug/mL	{"raw_target_label":"CMCC10104","species	MHC	500.0	ug/mL	80.0	TI = median toxicity_conc / min_MIC (same unit family)
doi__10.1155_2012_764834	K17	12.5	ug/mL	{"raw_target_label":"CMCC10104","species	MHC	500.0	ug/mL	40.0	TI = median toxicity_conc / min_MIC (same unit family)
doi__10.1155_2012_764834	D18	25.0	ug/mL	{"raw_target_label":"CMCC10104","species	MHC	500.0	ug/mL	20.0	TI = median toxicity_conc / min_MIC (same unit family)
doi__10.1155_2012_764834	N18	6.25	ug/mL	{"raw_target_label":"CMCC10104","species	MHC	500.0	ug/mL	80.0	TI = median toxicity_conc / min_MIC (same unit family)
doi__10.1155_2012_764834	N20	6.25	ug/mL	{"raw_target_label":"CMCC10104","species	MHC	500.0	ug/mL	80.0	TI = median toxicity_conc / min_MIC (same unit family)
doi__10.1155_2024_2205864	DRS-DA2N	0.6	uM	{"class":"bacteria","species":"Propionib	LC50	4.0	uM	6.7	TI = median toxicity_conc / min_MIC (same unit family)
doi__10.1155_2024_2205864	DRS-DA2NEQ	0.8	uM	{"class":"bacteria","species":"Klebsiell	LC50	5.0	uM	6.2	TI = median toxicity_conc / min_MIC (same unit family)
doi__10.1186_s12866-015-0473-x	LF11-215	64.0	ug/mL	{"class":"bacteria","growth_mode":"plank	LC50	640.0	ug/mL	10.0	TI = median toxicity_conc / min_MIC (same unit family)
doi__10.1186_s12866-015-0473-x	DI-MB-LF11-215	16.0	ug/mL	{"class":"bacteria","growth_mode":"plank	LC50	160.0	ug/mL	10.0	TI = median toxicity_conc / min_MIC (same unit family)
doi__10.1186_s12866-015-0473-x	DI-MB-LF11-322	32.0	ug/mL	{"class":"bacteria","growth_mode":"plank	LC50	80.0	ug/mL	2.5	TI = median toxicity_conc / min_MIC (same unit family)
doi__10.1186_s12866-015-0473-x	LF11-324	8.0	ug/mL	{"class":"bacteria","growth_mode":"plank	LC50	80.0	ug/mL	10.0	TI = median toxicity_conc / min_MIC (same unit family)
doi__10.1186_s12866-015-0473-x	LF11-227	64.0	ug/mL	{"class":"bacteria","growth_mode":"plank	LC50	640.0	ug/mL	10.0	TI = median toxicity_conc / min_MIC (same unit family)
doi__10.1186_s12866-018-1190-z	CAMP-t1	64.0	ug/mL	{"class":"bacteria","source_label":"P. a	MHC	512.0	ug/mL	8.0	TI = median toxicity_conc / min_MIC (same unit family)
doi__10.1186_s12866-018-1190-z	CAMP-t2	32.0	ug/mL	{"class":"bacteria","source_label":"S. p	MHC	512.0	ug/mL	16.0	TI = median toxicity_conc / min_MIC (same unit family)
doi__10.1186_s12866-018-1190-z	CAMP-A	8.0	ug/mL	{"class":"unspecified","source_label":"P	MHC	128.0	ug/mL	16.0	TI = median toxicity_conc / min_MIC (same unit family)
doi__10.1186_s12866-018-1190-z	CAMP-B	32.0	ug/mL	{"class":"bacteria","source_label":"P. a	MHC	512.0	ug/mL	16.0	TI = median toxicity_conc / min_MIC (same unit family)
doi__10.1186_s12941-024-00701-7	BiF	250.0	ug/mL	{"class":"bacteria","gram_status":"gram_	MHC	15.63	ug/mL	0.1	TI = median toxicity_conc / min_MIC (same unit family)
doi__10.1186_s12941-024-00701-7	BiF2	15.63	ug/mL	{"class":"bacteria","gram_status":"gram_	MHC	1.95	ug/mL	0.1	TI = median toxicity_conc / min_MIC (same unit family)
doi__10.1186_s12941-024-00701-7	BiF2_7K	7.81	ug/mL	{"class":"bacteria","gram_status":"gram_	MHC	15.63	ug/mL	2.0	TI = median toxicity_conc / min_MIC (same unit family)
doi__10.1186_s12941-024-00701-7	BiF2_5K7K	15.63	ug/mL	{"class":"bacteria","gram_status":"gram_	MHC	250.0	ug/mL	16.0	TI = median toxicity_conc / min_MIC (same unit family)
doi__10.1186_s12941-024-00701-7	Melittin	3.91	ug/mL	{"class":"bacteria","gram_status":"gram_	MHC	0.98	ug/mL	0.3	TI = median toxicity_conc / min_MIC (same unit family)
doi__10.1186_s13568-019-0739-z	designed hybrid melittin-thanatin peptide	1.2	uM	{"class":"bacterium","gram_status":"Gram	hemolysis_threshold	45.0	uM	37.5	TI = median toxicity_conc / min_MIC (same unit family)
doi__10.1186_s13568-020-01139-8	LHH1	3.5	uM	{"class":"microbe","species":"Staphyloco	HC50	187.2	uM	53.5	TI = median toxicity_conc / min_MIC (same unit family)
doi__10.1186_s40409-016-0058-7	Es-termicin	25.0	ug/mL	{"class":"fungi","source_label":"Candida	hemolysis	400.0	ug/mL	16.0	TI = median toxicity_conc / min_MIC (same unit family)
doi__10.1371_journal.pbio.3000337	Pep18	8.0	uM	{"class":"cell_or_organism","species":"S	hemolysis	5.0	uM	0.6	TI = median toxicity_conc / min_MIC (same unit family)
doi__10.1371_journal.pgen.1003662	CPF-St4	1.0	uM	{"class":"gram_positive_bacterium","spec	HC50	64.0	uM	64.0	TI = median toxicity_conc / min_MIC (same unit family)
doi__10.1371_journal.pgen.1003662	CPF-St5	1.0	uM	{"class":"gram_negative_bacterium","spec	HC50	64.0	uM	64.0	TI = median toxicity_conc / min_MIC (same unit family)
doi__10.1371_journal.pgen.1003662	CPF-St6	4.0	uM	{"class":"gram_positive_bacterium","spec	HC50	256.0	uM	64.0	TI = median toxicity_conc / min_MIC (same unit family)
doi__10.1371_journal.pgen.1003662	CPF-St7	2.0	uM	{"class":"gram_positive_bacterium","spec	HC50	256.0	uM	128.0	TI = median toxicity_conc / min_MIC (same unit family)
doi__10.1371_journal.pgen.1003662	magainin-St1	32.0	uM	{"class":"gram_positive_bacterium","spec	HC50	256.0	uM	8.0	TI = median toxicity_conc / min_MIC (same unit family)
doi__10.1371_journal.pgen.1003662	XPF-St4	32.0	uM	{"class":"gram_negative_bacterium","spec	HC50	256.0	uM	8.0	TI = median toxicity_conc / min_MIC (same unit family)
doi__10.1371_journal.pgen.1003662	XPF-St5	1.0	uM	{"class":"gram_negative_bacterium","spec	HC50	128.0	uM	128.0	TI = median toxicity_conc / min_MIC (same unit family)
doi__10.1371_journal.pgen.1003662	XPF-St1	4.0	uM	{"class":"gram_negative_bacterium","spec	HC50	128.0	uM	32.0	TI = median toxicity_conc / min_MIC (same unit family)
doi__10.1371_journal.pgen.1003662	XPF-St6	2.0	uM	{"class":"gram_negative_bacterium","spec	HC50	64.0	uM	32.0	TI = median toxicity_conc / min_MIC (same unit family)
doi__10.1371_journal.pgen.1003662	XPF-St7	1.0	uM	{"class":"gram_positive_bacterium","spec	HC50	256.0	uM	256.0	TI = median toxicity_conc / min_MIC (same unit family)
doi__10.1371_journal.pgen.1003662	XPF-St8	1.0	uM	{"class":"gram_negative_bacterium","spec	HC50	64.0	uM	64.0	TI = median toxicity_conc / min_MIC (same unit family)
doi__10.1371_journal.pgen.1003662	PFQa-St2	4.0	uM	{"class":"gram_positive_bacterium","spec	HC50	256.0	uM	64.0	TI = median toxicity_conc / min_MIC (same unit family)
doi__10.1371_journal.pgen.1003662	PGLa-St2	2.0	uM	{"class":"gram_positive_bacterium","spec	HC50	256.0	uM	128.0	TI = median toxicity_conc / min_MIC (same unit family)
doi__10.1371_journal.pone.0003217	cathelicidin-BF	0.3	ug/mL	{"class":"bacteria","species":"K. pneumo	hemolysis_no_activity	400.0	ug/mL	1333.3	TI = median toxicity_conc / min_MIC (same unit family)
doi__10.1371_journal.pone.0047047	Pa-MAP	30.0	uM	{"class":"bacterium","species":"E. coli"	no_hemolysis_observed	115.0	uM	3.8	TI = median toxicity_conc / min_MIC (same unit family)
doi__10.1371_journal.pone.0050263	TP2	19.52	ug/mL	{"class":"bacteria","gram_status":"Gram-	hemolysis	60.0	ug/mL	3.1	TI = median toxicity_conc / min_MIC (same unit family)
doi__10.1371_journal.pone.0050263	TP3	0.61	ug/mL	{"class":"bacteria","gram_status":"Gram-	hemolysis	42.0	ug/mL	68.9	TI = median toxicity_conc / min_MIC (same unit family)
doi__10.1371_journal.pone.0050263	TP4	0.03	ug/mL	{"class":"bacteria","gram_status":"Gram-	hemolysis	100.0	ug/mL	3333.3	TI = median toxicity_conc / min_MIC (same unit family)
doi__10.1371_journal.pone.0053326	Arasin 1	0.8	uM	{"class":"bacterium","species":"C. gluta	hemolysis	100.0	uM	125.0	TI = median toxicity_conc / min_MIC (same unit family)
doi__10.1371_journal.pone.0053326	Arasin 1(1–23)	0.8	uM	{"class":"bacterium","species":"C. gluta	hemolysis	100.0	uM	125.0	TI = median toxicity_conc / min_MIC (same unit family)
doi__10.1371_journal.pone.0056081	EC5	8.0	ug/mL	{"class":"bacteria","species":"Escherich	MHC	500.0	ug/mL	62.5	TI = median toxicity_conc / min_MIC (same unit family)
doi__10.1371_journal.pone.0067597	Anal 3-Pro	0.09	uM	{"class":"bacteria","gram_status":"gram_	hemolysis	100.0	uM	1111.1	TI = median toxicity_conc / min_MIC (same unit family)
doi__10.1371_journal.pone.0070782	PLS-S1	3.12	uM	{"class":"bacteria","species":"S. pyogen	LC50	39.0	uM	12.5	TI = median toxicity_conc / min_MIC (same unit family)
doi__10.1371_journal.pone.0070782	PLS-S2	1.56	uM	{"class":"bacteria","species":"S. pyogen	LC50	25.0	uM	16.0	TI = median toxicity_conc / min_MIC (same unit family)
doi__10.1371_journal.pone.0070782	PLS-S4	3.12	uM	{"class":"bacteria","species":"S. pyogen	LC50	33.0	uM	10.6	TI = median toxicity_conc / min_MIC (same unit family)
doi__10.1371_journal.pone.0086339	Hymenochirin-7B	2.0	uM	{"class":"bacteria","gram_status":"Gram-	HC50	512.0	uM	256.0	TI = median toxicity_conc / min_MIC (same unit family)
doi__10.1371_journal.pone.0086339	Hymenochirin-10B	1.0	uM	{"class":"bacteria","gram_status":"Gram-	HC50	512.0	uM	512.0	TI = median toxicity_conc / min_MIC (same unit family)
doi__10.1371_journal.pone.0086339	Hymenochirin-12B	1.0	uM	{"class":"bacteria","gram_status":"Gram-	HC50	256.0	uM	256.0	TI = median toxicity_conc / min_MIC (same unit family)
doi__10.1371_journal.pone.0124210	B1CTcu5-LIAG	6.25	ug/mL	{"class":"bacteria","gram_status":"gram_	CC50	100.0	ug/mL	16.0	TI = median toxicity_conc / min_MIC (same unit family)
doi__10.1371_journal.pone.0124210	B1CTcu5K	12.5	ug/mL	{"class":"bacteria","gram_status":"gram_	CC50	100.0	ug/mL	8.0	TI = median toxicity_conc / min_MIC (same unit family)
doi__10.1371_journal.pone.0124210	B1CTcu5W	12.5	ug/mL	{"class":"bacteria","gram_status":"gram_	CC50	100.0	ug/mL	8.0	TI = median toxicity_conc / min_MIC (same unit family)
doi__10.1371_journal.pone.0124210	B1CTcu5R	12.5	ug/mL	{"class":"bacteria","gram_status":"gram_	CC50	100.0	ug/mL	8.0	TI = median toxicity_conc / min_MIC (same unit family)
doi__10.1371_journal.pone.0124210	B1CTcu5H	25.0	ug/mL	{"class":"bacteria","gram_status":"gram_	CC50	100.0	ug/mL	4.0	TI = median toxicity_conc / min_MIC (same unit family)
doi__10.1371_journal.pone.0128576	Defensin 1	0.5	ug/mL	{"class":"bacteria","species":"Staphyloc	hemolysis	400.0	ug/mL	800.0	TI = median toxicity_conc / min_MIC (same unit family)
doi__10.1371_journal.pone.0150196	Hst 5	1.0	ug/mL	{"class":"fungus","species":"Candida gui	CC50	200.0	ug/mL	200.0	TI = median toxicity_conc / min_MIC (same unit family)
doi__10.1371_journal.pone.0150196	P113	0.5	ug/mL	{"class":"fungus","species":"Candida gui	CC50	200.0	ug/mL	400.0	TI = median toxicity_conc / min_MIC (same unit family)
doi__10.1371_journal.pone.0150196	HHP1	1.0	ug/mL	{"class":"fungus","species":"Candida gui	CC50	200.0	ug/mL	200.0	TI = median toxicity_conc / min_MIC (same unit family)
doi__10.1371_journal.pone.0150196	di-PH2	0.5	ug/mL	{"class":"fungus","species":"Candida gui	CC50	200.0	ug/mL	400.0	TI = median toxicity_conc / min_MIC (same unit family)
doi__10.1371_journal.pone.0150196	di-WP2	2.0	ug/mL	{"class":"fungus","species":"Candida alb	CC50	200.0	ug/mL	100.0	TI = median toxicity_conc / min_MIC (same unit family)
doi__10.1371_journal.pone.0150196	di-18Hc	2.0	ug/mL	{"class":"fungus","species":"Candida alb	CC50	72.39	ug/mL	36.2	TI = median toxicity_conc / min_MIC (same unit family)
doi__10.1371_journal.pone.0174024	temporin-SHa	3.0	uM	{"class":"bacteria","species":"S. aureus	LC50	25.0	uM	8.3	TI = median toxicity_conc / min_MIC (same unit family)
doi__10.1371_journal.pone.0205509	AfusinC	4.0	ug/mL	{"class":"bacteria","species":"Bacillus 	hemolysis	50.0	ug/mL	12.5	TI = median toxicity_conc / min_MIC (same unit family)
doi__10.1371_journal.pone.0206578	Dicentracin-like	1.17	ug/mL	{"class":"bacteria","species":"Staphyloc	HC50	2.34	ug/mL	2.0	TI = median toxicity_conc / min_MIC (same unit family)
doi__10.1371_journal.pone.0206578	Moronecidin	2.34	ug/mL	{"class":"bacteria","species":"Staphyloc	HC50	57.0	ug/mL	24.4	TI = median toxicity_conc / min_MIC (same unit family)
doi__10.1371_journal.pone.0228740	RP1	4.3	uM	{"class":"bacteria","species":"Streptoco	CC50	100.0	uM	23.3	TI = median toxicity_conc / min_MIC (same unit family)
doi__10.1371_journal.pone.0228740	Fc-RP1	0.96	uM	{"class":"bacteria","species":"Streptoco	CC50	17.3	uM	18.0	TI = median toxicity_conc / min_MIC (same unit family)
doi__10.1371_journal.pone.0228740	Ferrocene carboxylic acid	652.0	uM	{"class":"bacteria","species":"Enterococ	CC50	100.0	uM	0.2	TI = median toxicity_conc / min_MIC (same unit family)
doi__10.18632_oncotarget.24582	Clavaspirin	2.0	uM	{"class":"bacteria","species":"Escherich	HC50	64.0	uM	32.0	TI = median toxicity_conc / min_MIC (same unit family)
doi__10.18632_oncotarget.24582	CSP-1	4.0	uM	{"class":"bacteria","species":"Escherich	HC50	334.0	uM	83.5	TI = median toxicity_conc / min_MIC (same unit family)
doi__10.18632_oncotarget.24582	CSP-2	2.0	uM	{"class":"bacteria","species":"Escherich	HC50	400.0	uM	200.0	TI = median toxicity_conc / min_MIC (same unit family)
doi__10.18632_oncotarget.24582	CSP-3	2.0	uM	{"class":"bacteria","species":"Escherich	HC50	400.0	uM	200.0	TI = median toxicity_conc / min_MIC (same unit family)
doi__10.18632_oncotarget.24582	CSP-4	2.0	uM	{"class":"bacteria","species":"Escherich	HC50	400.0	uM	200.0	TI = median toxicity_conc / min_MIC (same unit family)
doi__10.2147_dddt.s191072	PSPHa	8.0	uM	{"class":"bacteria","gram_status":"Gram-	HC50	52.17	uM	6.5	TI = median toxicity_conc / min_MIC (same unit family)
doi__10.2147_dddt.s191072	PSPHa1	8.0	uM	{"class":"bacteria","gram_status":"Gram-	HC50	197.7	uM	24.7	TI = median toxicity_conc / min_MIC (same unit family)
doi__10.2147_dddt.s191072	PSPHa2	4.0	uM	{"class":"bacteria","gram_status":"Gram-	HC50	34.86	uM	8.7	TI = median toxicity_conc / min_MIC (same unit family)
doi__10.2147_dddt.s191072	PSPHa3	2.0	uM	{"class":"bacteria","gram_status":"Gram-	HC50	9.27	uM	4.6	TI = median toxicity_conc / min_MIC (same unit family)
doi__10.2147_dddt.s191072	PSPHa4	2.0	uM	{"class":"bacteria","gram_status":"Gram-	HC50	2.77	uM	1.4	TI = median toxicity_conc / min_MIC (same unit family)
doi__10.2147_dddt.s191072	PSPHa5	2.0	uM	{"class":"bacteria","gram_status":"Gram-	HC50	1.07	uM	0.5	TI = median toxicity_conc / min_MIC (same unit family)
doi__10.2147_dddt.s191072	PSN-PC20	2.0	uM	{"class":"bacteria","species":"Staphyloc	HC50	23.0	uM	11.5	TI = median toxicity_conc / min_MIC (same unit family)
doi__10.2147_dddt.s191072	PS-PTa5	2.1	uM	{"class":"fungus","species":"Candida alb	HC50	22.8	uM	10.9	TI = median toxicity_conc / min_MIC (same unit family)
doi__10.2147_dddt.s191072	PS-Du23	3.9	uM	{"class":"bacteria","species":"Staphyloc	HC50	95.0	uM	24.4	TI = median toxicity_conc / min_MIC (same unit family)
doi__10.2147_dddt.s191072	PS-PBa22	4.2	uM	{"class":"bacteria","species":"Staphyloc	HC50	90.0	uM	21.4	TI = median toxicity_conc / min_MIC (same unit family)
doi__10.2147_dddt.s191072	PS-Co23	4.1	uM	{"class":"bacteria","species":"Staphyloc	HC50	115.0	uM	28.0	TI = median toxicity_conc / min_MIC (same unit family)
doi__10.2147_dddt.s191072	PS-PT3	264.0	uM	{"class":"bacteria","species":"Staphyloc	HC50	264.0	uM	1.0	TI = median toxicity_conc / min_MIC (same unit family)
doi__10.24272_j.issn.2095-8137.2018.070	Amurin-9KY	4.68	ug/mL	{"class":"gram_positive","species":"Stap	hemolysis_rate	2.0	ug/mL	0.4	TI = median toxicity_conc / min_MIC (same unit family)
doi__10.24272_j.issn.2095-8137.2018.070	Amurin-9KY1	37.5	ug/mL	{"class":"gram_positive","species":"Stap	hemolysis_rate	15.4	ug/mL	0.4	TI = median toxicity_conc / min_MIC (same unit family)
doi__10.3389_fchem.2020.00476	Dermaseptin-PP	1.0	uM	{"gram_status":"not_applicable","raw_tar	HC50	38.77	uM	38.8	TI = median toxicity_conc / min_MIC (same unit family)
doi__10.3389_fimmu.2022.821070	Ak-N’	0.2	uM	{"class":"bacterium","display_name_in_ta	cytotoxicity_onset_concentrati	2.0	uM	10.0	TI = median toxicity_conc / min_MIC (same unit family)
doi__10.3389_fimmu.2022.821070	Ak-N’m	2.0	uM	{"class":"bacterium","display_name_in_ta	no_observed_cytotoxicity_up_to	6.0	uM	3.0	TI = median toxicity_conc / min_MIC (same unit family)
doi__10.3389_fimmu.2022.851642	Bomidin	0.5	uM	{"class":"bacteria","species":"Acinetoba	CC50	132.7	uM	265.4	TI = median toxicity_conc / min_MIC (same unit family)
doi__10.3389_fmicb.2012.00324	Juruin / U-theraphotoxin-Aju1a	2.5	uM	{"class":"yeast","species":"Candida albi	haemolysis	10.0	uM	4.0	TI = median toxicity_conc / min_MIC (same unit family)
doi__10.3389_fmicb.2016.01484	armadillidin H	2.37	uM	{"class":"bacteria","species":"Bacillus 	hemolysis	19.0	uM	8.0	TI = median toxicity_conc / min_MIC (same unit family)
doi__10.3389_fmicb.2017.00628	medusin-PT	64.0	ug/mL	{"class":"Gram-positive bacterium","data	HC50	1.81	ug/mL	0.0	TI = median toxicity_conc / min_MIC (same unit family)
doi__10.3389_fmicb.2017.00628	medusin-PT1	8.0	ug/mL	{"class":"Gram-positive bacterium","data	HC50	102.2	ug/mL	12.8	TI = median toxicity_conc / min_MIC (same unit family)
doi__10.3389_fmicb.2017.00628	medusin-PT1a	8.0	ug/mL	{"class":"Gram-positive bacterium","data	HC50	226.7	ug/mL	28.3	TI = median toxicity_conc / min_MIC (same unit family)
doi__10.3389_fmicb.2017.00628	medusin-PT2	8.0	ug/mL	{"class":"Gram-positive bacterium","data	HC50	93.83	ug/mL	11.7	TI = median toxicity_conc / min_MIC (same unit family)
doi__10.3389_fmicb.2018.00667	LyeTxI	7.81	uM	{"class":"bacteria","species":"Escherich	ED50 hemolysis	42.54	uM	5.4	TI = median toxicity_conc / min_MIC (same unit family)
doi__10.3389_fmicb.2018.02249	Sarconesin	1.2	uM	{"class":"bacteria","gram_status":"gram_	CC50	600.0	uM	500.0	TI = median toxicity_conc / min_MIC (same unit family)
doi__10.3389_fmicb.2018.02832	PQ	4.0	uM	{"class":"bacteria","gram_status":"Gram-	MHC	128.0	uM	32.0	TI = median toxicity_conc / min_MIC (same unit family)
doi__10.3389_fmicb.2018.02832	PP	2.0	uM	{"class":"bacteria","gram_status":"Gram-	MHC	128.0	uM	64.0	TI = median toxicity_conc / min_MIC (same unit family)
doi__10.3389_fmicb.2018.02832	GG	8.0	uM	{"class":"bacteria","gram_status":"Gram-	MHC	128.0	uM	16.0	TI = median toxicity_conc / min_MIC (same unit family)
doi__10.3389_fmicb.2018.02832	Qa	8.0	uM	{"class":"bacteria","gram_status":"Gram-	MHC	128.0	uM	16.0	TI = median toxicity_conc / min_MIC (same unit family)
doi__10.3389_fmicb.2018.02832	Qna	16.0	uM	{"class":"bacteria","gram_status":"Gram-	MHC	128.0	uM	8.0	TI = median toxicity_conc / min_MIC (same unit family)
doi__10.3389_fmicb.2018.02832	PG-1	2.0	uM	{"class":"bacteria","gram_status":"Gram-	MHC	2.0	uM	1.0	TI = median toxicity_conc / min_MIC (same unit family)
doi__10.3389_fmicb.2018.02983	ChMAP-28	0.03	uM	{"aliases":["A. baumannii","A. baumannii	HC50	100.0	uM	3333.3	TI = median toxicity_conc / min_MIC (same unit family)
doi__10.3389_fmicb.2019.00203	Pen-BR	4.0	uM	{"class":"bacteria","source_label":"S. a	cytotoxicity	80.0	uM	20.0	TI = median toxicity_conc / min_MIC (same unit family)
doi__10.3389_fmicb.2019.00203	Pen-RRR	8.0	uM	{"class":"bacteria","source_label":"E. c	cytotoxicity	55.0	uM	6.9	TI = median toxicity_conc / min_MIC (same unit family)
doi__10.3389_fmicb.2019.00203	Cap11-1-18m2 (CapM2)	16.0	uM	{"class":"bacteria","source_label":"E. c	cytotoxicity	85.0	uM	5.3	TI = median toxicity_conc / min_MIC (same unit family)
doi__10.3389_fmicb.2019.02854	Temporin-GHc	12.6	uM	{"class":"bacteria","species":"Streptoco	HC50	147.5	uM	11.7	TI = median toxicity_conc / min_MIC (same unit family)
doi__10.3389_fmicb.2019.02854	Temporin-GHd	13.1	uM	{"class":"bacteria","species":"Streptoco	HC50	125.0	uM	9.5	TI = median toxicity_conc / min_MIC (same unit family)
doi__10.3389_fmicb.2020.00168	LL-37	0.31	uM	{"class":"bacteria","species":"E. coli",	HC50	80.0	uM	258.1	TI = median toxicity_conc / min_MIC (same unit family)
doi__10.3389_fmicb.2020.00168	KR-12	2.5	uM	{"class":"bacteria","species":"E. coli",	HC50	80.0	uM	32.0	TI = median toxicity_conc / min_MIC (same unit family)
doi__10.3389_fmicb.2020.00168	cd4	0.625	uM	{"class":"bacteria","species":"E. coli",	HC50	40.0	uM	64.0	TI = median toxicity_conc / min_MIC (same unit family)
doi__10.3389_fmicb.2020.00168	cd4(Q5K,D9K)	0.625	uM	{"class":"bacteria","species":"E. coli",	HC50	10.0	uM	16.0	TI = median toxicity_conc / min_MIC (same unit family)
doi__10.3389_fmicb.2020.01146	dCATH	2.0	uM	{"class":"bacteria","gram_status":"gram_	MHC	4.0	uM	2.0	TI = median toxicity_conc / min_MIC (same unit family)
doi__10.3389_fmicb.2020.01146	dCATH-AA	16.0	uM	{"class":"bacteria","gram_status":"gram_	MHC	256.0	uM	16.0	TI = median toxicity_conc / min_MIC (same unit family)
doi__10.3389_fmicb.2020.01146	dCATH(1–16)	1.0	uM	{"class":"bacteria","gram_status":"gram_	MHC	256.0	uM	256.0	TI = median toxicity_conc / min_MIC (same unit family)
doi__10.3389_fmicb.2020.01146	dCATH(1–17)	1.0	uM	{"class":"bacteria","gram_status":"gram_	MHC	8.0	uM	8.0	TI = median toxicity_conc / min_MIC (same unit family)
doi__10.3389_fmicb.2020.01146	dCATH(1–18)	1.0	uM	{"class":"bacteria","gram_status":"gram_	MHC	8.0	uM	8.0	TI = median toxicity_conc / min_MIC (same unit family)
doi__10.3389_fmicb.2020.01146	dCATH(5–20)	1.0	uM	{"class":"bacteria","gram_status":"gram_	MHC	128.0	uM	128.0	TI = median toxicity_conc / min_MIC (same unit family)
doi__10.3389_fmicb.2020.01146	dCATH(4–20)	1.0	uM	{"class":"bacteria","gram_status":"gram_	MHC	16.0	uM	16.0	TI = median toxicity_conc / min_MIC (same unit family)
doi__10.3389_fmicb.2020.01146	dCATH(3–20)	1.0	uM	{"class":"bacteria","gram_status":"gram_	MHC	4.0	uM	4.0	TI = median toxicity_conc / min_MIC (same unit family)
doi__10.3389_fmicb.2020.01146	dCATH(5–16)	64.0	uM	{"class":"bacteria","gram_status":"gram_	MHC	256.0	uM	4.0	TI = median toxicity_conc / min_MIC (same unit family)
doi__10.3389_fmicb.2020.01146	dCATH(1–16)-4A	16.0	uM	{"class":"bacteria","gram_status":"gram_	MHC	256.0	uM	16.0	TI = median toxicity_conc / min_MIC (same unit family)
doi__10.3389_fmicb.2020.01146	dCATH(5–20)-17A	32.0	uM	{"class":"bacteria","gram_status":"gram_	MHC	256.0	uM	8.0	TI = median toxicity_conc / min_MIC (same unit family)
doi__10.3389_fmicb.2020.569118	W1	1.0	uM	{"class":"bacteria","gram_status":"gram_	MHC	64.0	uM	64.0	TI = median toxicity_conc / min_MIC (same unit family)
doi__10.3389_fmicb.2020.569118	W2	1.0	uM	{"class":"bacteria","gram_status":"gram_	MHC	128.0	uM	128.0	TI = median toxicity_conc / min_MIC (same unit family)
doi__10.3389_fmicb.2020.569118	W3	1.0	uM	{"class":"bacteria","gram_status":"gram_	MHC	128.0	uM	128.0	TI = median toxicity_conc / min_MIC (same unit family)
doi__10.3389_fmicb.2020.569118	W4	1.0	uM	{"class":"bacteria","gram_status":"gram_	MHC	128.0	uM	128.0	TI = median toxicity_conc / min_MIC (same unit family)
doi__10.3389_fmicb.2020.569118	W5	1.0	uM	{"class":"bacteria","gram_status":"gram_	MHC	128.0	uM	128.0	TI = median toxicity_conc / min_MIC (same unit family)
doi__10.3389_fmicb.2020.569118	W6	1.0	uM	{"class":"bacteria","gram_status":"gram_	MHC	128.0	uM	128.0	TI = median toxicity_conc / min_MIC (same unit family)
doi__10.3389_fmicb.2020.569118	W7	1.0	uM	{"class":"bacteria","gram_status":"gram_	MHC	128.0	uM	128.0	TI = median toxicity_conc / min_MIC (same unit family)
doi__10.3389_fmicb.2020.569118	W8	1.0	uM	{"class":"bacteria","gram_status":"gram_	MHC	128.0	uM	128.0	TI = median toxicity_conc / min_MIC (same unit family)
doi__10.3389_fmicb.2020.569118	W9	2.0	uM	{"class":"bacteria","gram_status":"gram_	MHC	128.0	uM	64.0	TI = median toxicity_conc / min_MIC (same unit family)
doi__10.3389_fmicb.2020.569118	W10	1.0	uM	{"class":"bacteria","gram_status":"gram_	MHC	128.0	uM	128.0	TI = median toxicity_conc / min_MIC (same unit family)
doi__10.3389_fmicb.2020.569118	W11	1.0	uM	{"class":"bacteria","gram_status":"gram_	MHC	128.0	uM	128.0	TI = median toxicity_conc / min_MIC (same unit family)
doi__10.3389_fmicb.2020.569118	W12	1.0	uM	{"class":"bacteria","gram_status":"gram_	MHC	128.0	uM	128.0	TI = median toxicity_conc / min_MIC (same unit family)
doi__10.3389_fmicb.2020.569118	L1	2.0	uM	{"class":"bacteria","gram_status":"gram_	MHC	128.0	uM	64.0	TI = median toxicity_conc / min_MIC (same unit family)
doi__10.3389_fmicb.2020.569118	L2	2.0	uM	{"class":"bacteria","gram_status":"gram_	MHC	128.0	uM	64.0	TI = median toxicity_conc / min_MIC (same unit family)
doi__10.3389_fmicb.2020.569118	L3	8.0	uM	{"class":"bacteria","gram_status":"gram_	MHC	128.0	uM	16.0	TI = median toxicity_conc / min_MIC (same unit family)
doi__10.3389_fmicb.2020.569118	L4	8.0	uM	{"class":"bacteria","gram_status":"gram_	MHC	128.0	uM	16.0	TI = median toxicity_conc / min_MIC (same unit family)
doi__10.3389_fmicb.2020.569118	L5	0.5	uM	{"class":"bacteria","gram_status":"gram_	MHC	128.0	uM	256.0	TI = median toxicity_conc / min_MIC (same unit family)
doi__10.3389_fmicb.2020.569118	L6	32.0	uM	{"class":"bacteria","gram_status":"gram_	MHC	128.0	uM	4.0	TI = median toxicity_conc / min_MIC (same unit family)
doi__10.3389_fmicb.2020.569118	L7	8.0	uM	{"class":"bacteria","gram_status":"gram_	MHC	128.0	uM	16.0	TI = median toxicity_conc / min_MIC (same unit family)
doi__10.3389_fmicb.2020.569118	L8	4.0	uM	{"class":"bacteria","gram_status":"gram_	MHC	128.0	uM	32.0	TI = median toxicity_conc / min_MIC (same unit family)
doi__10.3389_fmicb.2020.569118	L9	8.0	uM	{"class":"bacteria","gram_status":"gram_	MHC	128.0	uM	16.0	TI = median toxicity_conc / min_MIC (same unit family)
doi__10.3389_fmicb.2020.569118	L10	4.0	uM	{"class":"bacteria","gram_status":"gram_	MHC	128.0	uM	32.0	TI = median toxicity_conc / min_MIC (same unit family)
doi__10.3389_fmicb.2020.569118	L11	8.0	uM	{"class":"bacteria","gram_status":"gram_	MHC	128.0	uM	16.0	TI = median toxicity_conc / min_MIC (same unit family)
doi__10.3389_fmicb.2020.569118	L12	16.0	uM	{"class":"bacteria","gram_status":"gram_	MHC	128.0	uM	8.0	TI = median toxicity_conc / min_MIC (same unit family)
doi__10.3389_fmicb.2021.684650	Allomyrinasin	0.5	ug/mL	{"class":"fungus","species":"Microsporum	MHC	128.0	ug/mL	256.0	TI = median toxicity_conc / min_MIC (same unit family)
doi__10.3389_fmicb.2021.684650	Andricin B	0.5	ug/mL	{"class":"fungus","species":"Microsporum	MHC	512.0	ug/mL	1024.0	TI = median toxicity_conc / min_MIC (same unit family)
doi__10.3389_fmicb.2021.693725	Brevibacillin	1.0	ug/mL	{"class":"bacteria","species":"Bacillus 	HC50	18.8	ug/mL	18.8	TI = median toxicity_conc / min_MIC (same unit family)
doi__10.3389_fmicb.2021.693725	Brevibacillin V	1.0	ug/mL	{"class":"bacteria","species":"Staphyloc	HC50	73.1	ug/mL	73.1	TI = median toxicity_conc / min_MIC (same unit family)
doi__10.3389_fmicb.2021.693725	Brevibacillin I	2.0	ug/mL	{"class":"bacteria","species":"Staphyloc	HC50	25.1	ug/mL	12.6	TI = median toxicity_conc / min_MIC (same unit family)
doi__10.3389_fmicb.2021.693725	Brevibacillin 2V	2.0	ug/mL	{"class":"bacteria","species":"Staphyloc	HC50	86.75	ug/mL	43.4	TI = median toxicity_conc / min_MIC (same unit family)
doi__10.3389_fmicb.2021.725526	ChDode	8.0	uM	{"class":"bacteria","species":"Escherich	cytotoxicity_absence_up_to	128.0	uM	16.0	TI = median toxicity_conc / min_MIC (same unit family)
doi__10.3389_fmicb.2021.725526	PcDode	16.0	uM	{"class":"bacteria","species":"Escherich	cytotoxicity_absence_up_to	128.0	uM	8.0	TI = median toxicity_conc / min_MIC (same unit family)
doi__10.3389_fmicb.2022.1029366	GW18	1.32	uM	{"class":"bacteria","species":"Staphyloc	cytotoxicity	169.01	uM	128.0	TI = median toxicity_conc / min_MIC (same unit family)
doi__10.3389_fmicb.2022.864374	TP	128.0	uM	{"class":"bacteria","display_label":"E. 	MHC	128.0	uM	1.0	TI = median toxicity_conc / min_MIC (same unit family)
doi__10.3389_fmicb.2022.864374	TP(i+4) 1	16.0	uM	{"class":"bacteria","display_label":"E. 	MHC	128.0	uM	8.0	TI = median toxicity_conc / min_MIC (same unit family)
doi__10.3389_fmicb.2022.864374	TP(i+4) 2	8.0	uM	{"class":"bacteria","display_label":"E. 	MHC	128.0	uM	16.0	TI = median toxicity_conc / min_MIC (same unit family)
doi__10.3389_fmicb.2022.864374	TP(i+4) 3	128.0	uM	{"class":"bacteria","display_label":"E. 	MHC	128.0	uM	1.0	TI = median toxicity_conc / min_MIC (same unit family)
doi__10.3389_fmicb.2022.864374	TP(i+4) 4	16.0	uM	{"class":"bacteria","display_label":"E. 	MHC	128.0	uM	8.0	TI = median toxicity_conc / min_MIC (same unit family)
doi__10.3389_fmicb.2022.864374	TP(i+4) 1&2	2.0	uM	{"class":"bacteria","display_label":"E. 	MHC	128.0	uM	64.0	TI = median toxicity_conc / min_MIC (same unit family)
doi__10.3389_fmicb.2022.864374	TP(i+4) 1&3	16.0	uM	{"class":"bacteria","display_label":"E. 	MHC	128.0	uM	8.0	TI = median toxicity_conc / min_MIC (same unit family)
doi__10.3389_fmicb.2022.864374	TP(i+4) 1&4	8.0	uM	{"class":"bacteria","display_label":"E. 	MHC	128.0	uM	16.0	TI = median toxicity_conc / min_MIC (same unit family)
doi__10.3389_fmicb.2022.864374	TP(i+4) 2&3	8.0	uM	{"class":"bacteria","display_label":"E. 	MHC	128.0	uM	16.0	TI = median toxicity_conc / min_MIC (same unit family)
doi__10.3389_fmicb.2022.864374	TP(i+4) 2&4	8.0	uM	{"class":"bacteria","display_label":"E. 	MHC	128.0	uM	16.0	TI = median toxicity_conc / min_MIC (same unit family)
doi__10.3389_fmicb.2022.864374	TP(i+4) 3&4	64.0	uM	{"class":"bacteria","display_label":"E. 	MHC	128.0	uM	2.0	TI = median toxicity_conc / min_MIC (same unit family)
doi__10.3389_fmicb.2022.864374	TP(i+4) 1&2&3	8.0	uM	{"class":"bacteria","display_label":"E. 	MHC	128.0	uM	16.0	TI = median toxicity_conc / min_MIC (same unit family)
doi__10.3389_fmicb.2022.864374	TP(i+4) 1&2&4	4.0	uM	{"class":"bacteria","display_label":"E. 	MHC	128.0	uM	32.0	TI = median toxicity_conc / min_MIC (same unit family)
doi__10.3389_fmicb.2022.864374	TP(i+4) 2&3&4	8.0	uM	{"class":"bacteria","display_label":"P. 	MHC	128.0	uM	16.0	TI = median toxicity_conc / min_MIC (same unit family)
doi__10.3389_fmicb.2022.864374	TP(i+4) 1&2&5	1.0	uM	{"class":"bacteria","display_label":"E. 	MHC	128.0	uM	128.0	TI = median toxicity_conc / min_MIC (same unit family)
doi__10.3389_fmicb.2022.864374	TP(i+4) 1&2&6	4.0	uM	{"class":"bacteria","display_label":"E. 	MHC	128.0	uM	32.0	TI = median toxicity_conc / min_MIC (same unit family)
doi__10.3389_fmicb.2022.864374	TP(i+4) 1&2&7	2.0	uM	{"class":"bacteria","display_label":"S. 	MHC	64.0	uM	32.0	TI = median toxicity_conc / min_MIC (same unit family)
doi__10.3389_fmicb.2022.864374	TP(i+4) 1&2&5&6	1.0	uM	{"class":"bacteria","display_label":"E. 	MHC	64.0	uM	64.0	TI = median toxicity_conc / min_MIC (same unit family)
doi__10.3389_fmicb.2022.864374	TP(i+4) 1&2&5&7	8.0	uM	{"class":"bacteria","display_label":"S. 	MHC	64.0	uM	8.0	TI = median toxicity_conc / min_MIC (same unit family)
doi__10.3389_fmicb.2022.864374	TP(i+4) 1&2&6&7	2.0	uM	{"class":"bacteria","display_label":"S. 	MHC	64.0	uM	32.0	TI = median toxicity_conc / min_MIC (same unit family)
doi__10.3389_fmicb.2022.864374	TP(i+4) 1&2&5&6&7	1.0	uM	{"class":"bacteria","display_label":"E. 	MHC	8.0	uM	8.0	TI = median toxicity_conc / min_MIC (same unit family)
doi__10.3389_fphar.2021.731056	FM-CATH	6.25	uM	{"class":"bacteria_or_fungus","species":	cell_viability_cytotoxicity	2.5	uM	0.4	TI = median toxicity_conc / min_MIC (same unit family)
doi__10.3389_fphar.2021.769739	optP1	1.0	uM	{"class":"bacteria","species":"Escherich	HC50	205.0	uM	205.0	TI = median toxicity_conc / min_MIC (same unit family)
doi__10.3389_fphar.2021.769739	optP7	1.5	uM	{"class":"bacteria","species":"Escherich	HC50	195.0	uM	130.0	TI = median toxicity_conc / min_MIC (same unit family)
doi__10.3389_fphar.2021.769739	consP1	35.0	uM	{"class":"bacteria","species":"Escherich	HC50	139.0	uM	4.0	TI = median toxicity_conc / min_MIC (same unit family)
doi__10.3389_fphar.2021.769739	hyP1CoG1	1.0	uM	{"class":"bacteria","species":"Escherich	HC50	157.0	uM	157.0	TI = median toxicity_conc / min_MIC (same unit family)
doi__10.3389_fphar.2021.769739	hyP1CoG2	1.0	uM	{"class":"bacteria","species":"Escherich	HC50	157.0	uM	157.0	TI = median toxicity_conc / min_MIC (same unit family)
doi__10.3389_fphar.2021.769739	hyP7CoG1	1.0	uM	{"class":"bacteria","species":"Escherich	HC50	154.0	uM	154.0	TI = median toxicity_conc / min_MIC (same unit family)
doi__10.3389_fphar.2021.769739	hyP7CoG2	2.5	uM	{"class":"bacteria","species":"Escherich	HC50	154.0	uM	61.6	TI = median toxicity_conc / min_MIC (same unit family)
doi__10.3389_fphar.2021.769739	Bac5-v291	1.1	uM	{"class":"bacteria","species":"Escherich	HC50	278.0	uM	252.7	TI = median toxicity_conc / min_MIC (same unit family)
doi__10.3389_fphar.2021.769739	hyP7B5G	2.0	uM	{"class":"bacteria","species":"Staphyloc	HC50	102.0	uM	51.0	TI = median toxicity_conc / min_MIC (same unit family)
doi__10.3389_fphar.2021.769739	hyP7B5K	2.0	uM	{"class":"bacteria","species":"Staphyloc	HC50	82.0	uM	41.0	TI = median toxicity_conc / min_MIC (same unit family)
doi__10.3389_fphar.2021.769739	hyP7B5GK	1.0	uM	{"class":"bacteria","species":"Staphyloc	HC50	120.0	uM	120.0	TI = median toxicity_conc / min_MIC (same unit family)
doi__10.3389_fphar.2021.769739	hyP7B5Cys	0.6	uM	{"class":"bacteria","species":"Escherich	HC50	102.0	uM	170.0	TI = median toxicity_conc / min_MIC (same unit family)
doi__10.3389_fphar.2024.1443497	Melittin	1.44	uM	{"class":"bacterium","gram_status":"Gram	HC50	0.59	uM	0.4	TI = median toxicity_conc / min_MIC (same unit family)
doi__10.3389_fphar.2024.1443497	Lys-to-Orn melittin	1.28	uM	{"class":"bacterium","gram_status":"Gram	HC50	1.4	uM	1.1	TI = median toxicity_conc / min_MIC (same unit family)
doi__10.3389_fphar.2024.1443497	Lys-to-Dab melittin	1.47	uM	{"class":"bacterium","gram_status":"Gram	HC50	1.33	uM	0.9	TI = median toxicity_conc / min_MIC (same unit family)
doi__10.3389_fphar.2024.1443497	Lys-to-Dap melittin	1.59	uM	{"class":"bacterium","gram_status":"Gram	HC50	0.89	uM	0.6	TI = median toxicity_conc / min_MIC (same unit family)
doi__10.3389_fphar.2024.1443497	Parallel melittin dimer	3.83	uM	{"class":"bacterium","gram_status":"Gram	HC50	0.2	uM	0.1	TI = median toxicity_conc / min_MIC (same unit family)
doi__10.3389_fphar.2024.1443497	Antiparallel melittin dimer	5.18	uM	{"class":"bacterium","gram_status":"Gram	HC50	0.29	uM	0.1	TI = median toxicity_conc / min_MIC (same unit family)
doi__10.3390_antibiotics10080895	Brevinin-2GUb	16.0	uM	{"class":"bacteria","source_label":"E. c	HC50	2010.0	uM	125.6	TI = median toxicity_conc / min_MIC (same unit family)
doi__10.3390_antibiotics10080895	tB2U	128.0	uM	{"class":"bacteria","source_label":"E. c	HC50	16.0	uM	0.1	TI = median toxicity_conc / min_MIC (same unit family)
doi__10.3390_antibiotics10080895	tB2U-K	8.0	uM	{"class":"bacteria","source_label":"E. c	HC50	3056.0	uM	382.0	TI = median toxicity_conc / min_MIC (same unit family)
doi__10.3390_antibiotics10080895	7-tB2U-K	256.0	uM	{"class":"bacteria","source_label":"Meth	HC50	11.0	uM	0.0	TI = median toxicity_conc / min_MIC (same unit family)
doi__10.3390_antibiotics10080895	14-tB2U-K	256.0	uM	{"class":"bacteria","source_label":"S. a	HC50	10.0	uM	0.0	TI = median toxicity_conc / min_MIC (same unit family)
doi__10.3390_antibiotics10121529	t-DPH1	2.0	uM	{"class":"bacteria","gram_status":"Gram-	HC50	106.4	uM	53.2	TI = median toxicity_conc / min_MIC (same unit family)
doi__10.3390_antibiotics10121529	t-DPH1-K4	1.0	uM	{"class":"bacteria","gram_status":"Gram-	HC50	444.8	uM	444.8	TI = median toxicity_conc / min_MIC (same unit family)
doi__10.3390_antibiotics10121529	t-DPH1-5K	2.0	uM	{"class":"bacteria","gram_status":"Gram-	HC50	19.39	uM	9.7	TI = median toxicity_conc / min_MIC (same unit family)
doi__10.3390_antibiotics10121529	t-DPH1-6K	2.0	uM	{"class":"bacteria","gram_status":"Gram-	HC50	834.6	uM	417.3	TI = median toxicity_conc / min_MIC (same unit family)
doi__10.3390_antibiotics10121529	t-DPH1-6KW	2.0	uM	{"class":"bacteria","gram_status":"Gram-	HC50	2094.0	uM	1047.0	TI = median toxicity_conc / min_MIC (same unit family)
doi__10.3390_antibiotics11020166	westertide_a	6.25	uM	{"class":"fungus","species":"Candida alb	cytotoxicity_no_significant_ac	100.0	uM	16.0	TI = median toxicity_conc / min_MIC (same unit family)
doi__10.3390_antibiotics11020166	westertide_b	6.25	uM	{"class":"fungus","species":"Candida alb	cytotoxicity_no_significant_ac	100.0	uM	16.0	TI = median toxicity_conc / min_MIC (same unit family)
doi__10.3390_antibiotics11081085	5L	4.0	ug/mL	{"class":"bacterial_strain","source_note	CC50_not_observed	128.0	ug/mL	32.0	TI = median toxicity_conc / min_MIC (same unit family)
doi__10.3390_antibiotics11111588	WALK244.01	1.0	ug/mL	{"class":"bacteria","gram_status":"Gram-	MHC	16.0	ug/mL	16.0	TI = median toxicity_conc / min_MIC (same unit family)
doi__10.3390_antibiotics11111588	WALK244.02	2.0	ug/mL	{"class":"bacteria","gram_status":"Gram-	MHC	32.0	ug/mL	16.0	TI = median toxicity_conc / min_MIC (same unit family)
doi__10.3390_antibiotics11111588	WALK244.03	8.0	ug/mL	{"class":"bacteria","gram_status":"Gram-	MHC	64.0	ug/mL	8.0	TI = median toxicity_conc / min_MIC (same unit family)
doi__10.3390_antibiotics11111588	WALK244.04	4.0	ug/mL	{"class":"bacteria","gram_status":"Gram-	MHC	64.0	ug/mL	16.0	TI = median toxicity_conc / min_MIC (same unit family)
doi__10.3390_antibiotics11111588	WALK244.05	2.0	ug/mL	{"class":"bacteria","gram_status":"Gram-	MHC	32.0	ug/mL	16.0	TI = median toxicity_conc / min_MIC (same unit family)
doi__10.3390_antibiotics11111588	WALK244.06	2.0	ug/mL	{"class":"bacteria","gram_status":"Gram-	MHC	32.0	ug/mL	16.0	TI = median toxicity_conc / min_MIC (same unit family)
doi__10.3390_antibiotics11111588	WALK244.07	2.0	ug/mL	{"class":"bacteria","gram_status":"Gram-	MHC	32.0	ug/mL	16.0	TI = median toxicity_conc / min_MIC (same unit family)
doi__10.3390_antibiotics11111588	WALK244.08	1.0	ug/mL	{"class":"bacteria","gram_status":"Gram-	MHC	8.0	ug/mL	8.0	TI = median toxicity_conc / min_MIC (same unit family)
doi__10.3390_antibiotics11111588	WALK244.09	1.0	ug/mL	{"class":"bacteria","gram_status":"Gram-	MHC	8.0	ug/mL	8.0	TI = median toxicity_conc / min_MIC (same unit family)
doi__10.3390_antibiotics11111588	WALK244.10	2.0	ug/mL	{"class":"bacteria","gram_status":"Gram-	MHC	32.0	ug/mL	16.0	TI = median toxicity_conc / min_MIC (same unit family)
doi__10.3390_antibiotics11111588	WALK243.01	4.0	ug/mL	{"class":"bacteria","gram_status":"Gram-	MHC	32.0	ug/mL	8.0	TI = median toxicity_conc / min_MIC (same unit family)
doi__10.3390_antibiotics11111588	WALK243.02	4.0	ug/mL	{"class":"bacteria","gram_status":"Gram-	MHC	64.0	ug/mL	16.0	TI = median toxicity_conc / min_MIC (same unit family)
doi__10.3390_antibiotics11111588	WALK243.03	4.0	ug/mL	{"class":"bacteria","gram_status":"Gram-	MHC	32.0	ug/mL	8.0	TI = median toxicity_conc / min_MIC (same unit family)
doi__10.3390_antibiotics11111588	WALK243.04	4.0	ug/mL	{"class":"bacteria","gram_status":"Gram-	MHC	64.0	ug/mL	16.0	TI = median toxicity_conc / min_MIC (same unit family)
doi__10.3390_antibiotics11111588	WALK243.05	2.0	ug/mL	{"class":"bacteria","gram_status":"Gram-	MHC	64.0	ug/mL	32.0	TI = median toxicity_conc / min_MIC (same unit family)
doi__10.3390_antibiotics11111588	WALK243.06	2.0	ug/mL	{"class":"bacteria","gram_status":"Gram-	MHC	32.0	ug/mL	16.0	TI = median toxicity_conc / min_MIC (same unit family)
doi__10.3390_antibiotics11111588	WALK243.07	2.0	ug/mL	{"class":"bacteria","gram_status":"Gram-	MHC	16.0	ug/mL	8.0	TI = median toxicity_conc / min_MIC (same unit family)
doi__10.3390_antibiotics11111588	WALK243.08	2.0	ug/mL	{"class":"bacteria","gram_status":"Gram-	MHC	8.0	ug/mL	4.0	TI = median toxicity_conc / min_MIC (same unit family)
doi__10.3390_antibiotics11111588	WALK243.09	4.0	ug/mL	{"class":"bacteria","gram_status":"Gram-	MHC	64.0	ug/mL	16.0	TI = median toxicity_conc / min_MIC (same unit family)
doi__10.3390_antibiotics11121710	OdMa2	4.0	ug/mL	{"class":"gram_negative_bacteria","gram_	HC50	128.0	ug/mL	32.0	TI = median toxicity_conc / min_MIC (same unit family)
doi__10.3390_antibiotics11121710	PaVa1	2.0	ug/mL	{"class":"gram_negative_bacteria","gram_	HC50	128.0	ug/mL	64.0	TI = median toxicity_conc / min_MIC (same unit family)
doi__10.3390_antibiotics11121710	PeNi1	4.0	ug/mL	{"class":"gram_negative_bacteria","gram_	HC50	128.0	ug/mL	32.0	TI = median toxicity_conc / min_MIC (same unit family)
doi__10.3390_antibiotics11121710	PeNi9	2.0	ug/mL	{"class":"gram_negative_bacteria","gram_	HC50	128.0	ug/mL	64.0	TI = median toxicity_conc / min_MIC (same unit family)
doi__10.3390_antibiotics11121710	TeBi1	1.0	ug/mL	{"class":"gram_negative_bacteria","gram_	HC50	128.0	ug/mL	128.0	TI = median toxicity_conc / min_MIC (same unit family)
doi__10.3390_antibiotics11121710	TeRu4	1.0	ug/mL	{"class":"gram_negative_bacteria","gram_	HC50	128.0	ug/mL	128.0	TI = median toxicity_conc / min_MIC (same unit family)
doi__10.3390_antibiotics12010019	mag2	3.13	uM	{"class":"bacteria","gram_status":"Gram-	HC50	100.0	uM	31.9	TI = median toxicity_conc / min_MIC (same unit family)
doi__10.3390_antibiotics12010019	peptide1	3.13	uM	{"class":"bacteria","gram_status":"Gram-	HC50	100.0	uM	31.9	TI = median toxicity_conc / min_MIC (same unit family)
doi__10.3390_antibiotics12010019	peptide2_orn	3.13	uM	{"class":"bacteria","gram_status":"Gram-	HC50	50.0	uM	16.0	TI = median toxicity_conc / min_MIC (same unit family)
doi__10.3390_antibiotics12010019	peptide3_dab	3.13	uM	{"class":"bacteria","gram_status":"Gram-	HC50	25.0	uM	8.0	TI = median toxicity_conc / min_MIC (same unit family)
doi__10.3390_antibiotics12010019	peptide4_arg	3.13	uM	{"class":"bacteria","gram_status":"Gram-	HC50	6.25	uM	2.0	TI = median toxicity_conc / min_MIC (same unit family)
doi__10.3390_antibiotics12010019	peptide5_his	50.0	uM	{"class":"bacteria","gram_status":"Gram-	HC50	100.0	uM	2.0	TI = median toxicity_conc / min_MIC (same unit family)
doi__10.3390_antibiotics12050821	TA4	2.6	uM	{"class":"bacteria","source_label":"P. a	HC50	400.0	uM	153.8	TI = median toxicity_conc / min_MIC (same unit family)
doi__10.3390_antibiotics12050821	TA4(3,7-NMePhe)	1.2	uM	{"class":"bacteria","source_label":"P. a	HC50	400.0	uM	333.3	TI = median toxicity_conc / min_MIC (same unit family)
doi__10.3390_antibiotics12050821	TA4(dK)	5.1	uM	{"class":"bacteria","source_label":"E. c	HC50	400.0	uM	78.4	TI = median toxicity_conc / min_MIC (same unit family)
doi__10.3390_antibiotics12050821	C10:0-A2	1.4	uM	{"class":"bacteria","source_label":"E. c	HC50	202.9	uM	144.9	TI = median toxicity_conc / min_MIC (same unit family)
doi__10.3390_antibiotics12050821	C10:0-A2(5-NMeLys)	2.8	uM	{"class":"bacteria","source_label":"E. c	HC50	400.0	uM	142.9	TI = median toxicity_conc / min_MIC (same unit family)
doi__10.3390_antibiotics12050821	C10:0-A2(6-NMeLys)	0.7	uM	{"class":"bacteria","source_label":"P. a	HC50	400.0	uM	571.4	TI = median toxicity_conc / min_MIC (same unit family)
doi__10.3390_antibiotics12050821	C10:0-A2(9-NMeLys)	0.7	uM	{"class":"bacteria","source_label":"P. a	HC50	298.5	uM	426.4	TI = median toxicity_conc / min_MIC (same unit family)
doi__10.3390_antibiotics12050821	C10:0-A2(8-NMePhe)	2.8	uM	{"class":"bacteria","source_label":"S. a	HC50	400.0	uM	142.9	TI = median toxicity_conc / min_MIC (same unit family)
doi__10.3390_antibiotics12050821	C10:0-A2(dK)	1.6	uM	{"class":"bacteria","source_label":"P. a	HC50	400.0	uM	250.0	TI = median toxicity_conc / min_MIC (same unit family)
doi__10.3390_antibiotics12071102	Figainin 2BN	7.8	uM	{"class":"bacteria","source_label":"S. a	LC50	11.1	uM	1.4	TI = median toxicity_conc / min_MIC (same unit family)
doi__10.3390_antibiotics12071102	Picturin 1BN	7.8	uM	{"class":"bacteria","source_label":"E. c	LC50	59.1	uM	7.6	TI = median toxicity_conc / min_MIC (same unit family)
doi__10.3390_antibiotics12071102	Picturin 2BN	7.8	uM	{"class":"bacteria","source_label":"E. c	LC50	39.25	uM	5.0	TI = median toxicity_conc / min_MIC (same unit family)
doi__10.3390_antibiotics12091404	TtAP-1	3.13	ug/mL	{"class":"bacteria","source_label":"C. d	LC50	18.0	ug/mL	5.8	TI = median toxicity_conc / min_MIC (same unit family)
doi__10.3390_antibiotics12091404	TtAP-2	25.0	ug/mL	{"class":"bacteria","source_label":"S. a	LC50	31.0	ug/mL	1.2	TI = median toxicity_conc / min_MIC (same unit family)
doi__10.3390_antibiotics12091404	TtAP-3	25.0	ug/mL	{"class":"bacteria","source_label":"S. a	LC50	95.0	ug/mL	3.8	TI = median toxicity_conc / min_MIC (same unit family)
doi__10.3390_antibiotics12121708	Lycotoxin-Pa2a (Lytx-Pa2a)	1.0	uM	{"class":"bacteria","gram_status":"Gram-	maximum non-cytotoxic tested c	20.0	uM	20.0	TI = median toxicity_conc / min_MIC (same unit family)
doi__10.3390_antibiotics13121213	NST-2 (1)	6.25	uM	{"class":"bacteria","gram_status":"Gram-	HC50	90.0	uM	14.4	TI = median toxicity_conc / min_MIC (same unit family)
doi__10.3390_antibiotics13121213	RNST-2 (2)	1.56	uM	{"class":"bacteria","gram_status":"Gram-	HC50	13.8	uM	8.8	TI = median toxicity_conc / min_MIC (same unit family)
doi__10.3390_antibiotics13121213	RSP-1 (3)	1.56	uM	{"class":"bacteria","gram_status":"Gram-	HC50	51.0	uM	32.7	TI = median toxicity_conc / min_MIC (same unit family)
doi__10.3390_antibiotics13121213	RLFP-1 (4)	25.0	uM	{"class":"bacteria","gram_status":"Gram-	HC50	98.9	uM	4.0	TI = median toxicity_conc / min_MIC (same unit family)
doi__10.3390_antibiotics13121213	RLFP-2 (5)	50.0	uM	{"class":"bacteria","gram_status":"Gram-	HC50	25.0	uM	0.5	TI = median toxicity_conc / min_MIC (same unit family)
doi__10.3390_antibiotics13121213	RLFP-3 (6)	1.56	uM	{"class":"bacteria","gram_status":"Gram-	HC50	6.6	uM	4.2	TI = median toxicity_conc / min_MIC (same unit family)
doi__10.3390_antibiotics13121213	RSP-4 (7)	12.5	uM	{"class":"bacteria","gram_status":"Gram-	HC50	100.0	uM	8.0	TI = median toxicity_conc / min_MIC (same unit family)
doi__10.3390_antibiotics13121213	RLFP-4 (8)	1.56	uM	{"class":"bacteria","gram_status":"Gram-	HC50	4.5	uM	2.9	TI = median toxicity_conc / min_MIC (same unit family)
doi__10.3390_antibiotics8040238	WT	15.2	uM	{"class":"bacteria","full_name":"Escheri	MHC	62.5	uM	4.1	TI = median toxicity_conc / min_MIC (same unit family)
doi__10.3390_antibiotics8040238	ΔM	62.5	uM	{"class":"bacteria","full_name":"Staphyl	MHC	31.3	uM	0.5	TI = median toxicity_conc / min_MIC (same unit family)
doi__10.3390_antibiotics9020066	Trematocine	2.5	uM	{"class":"bacteria","species":"Psychroba	fibroblast_cytotoxicity_observ	50.0	uM	20.0	TI = median toxicity_conc / min_MIC (same unit family)
doi__10.3390_antibiotics9090625	Figainin 1	2.0	uM	{"class":"bacteria","species":"Staphyloc	HC50	10.0	uM	5.0	TI = median toxicity_conc / min_MIC (same unit family)
doi__10.3390_antibiotics9100718	Ocellatin-3N	31.25	uM	{"class":"bacteria","species":"S. aureus	HC50	210.0	uM	6.7	TI = median toxicity_conc / min_MIC (same unit family)
doi__10.3390_antibiotics9120844	C11-Pep19-short	4.0	ug/mL	{"full_species":"Acinetobacter bohemicus	hemolysis	75.0	ug/mL	18.8	TI = median toxicity_conc / min_MIC (same unit family)
doi__10.3390_biology11091263	VM	4.0	uM	{"class":"bacteria","gram_status":"Gram-	HC50	44.43	uM	11.1	TI = median toxicity_conc / min_MIC (same unit family)
doi__10.3390_biology11091263	VM-3K	1.0	uM	{"class":"bacteria","gram_status":"Gram-	HC50	11.2	uM	11.2	TI = median toxicity_conc / min_MIC (same unit family)
doi__10.3390_biology11091263	VM-3G	1.0	uM	{"class":"bacteria","gram_status":"Gram-	HC50	9.69	uM	9.7	TI = median toxicity_conc / min_MIC (same unit family)
doi__10.3390_biology11091263	VM-3W	1.0	uM	{"class":"bacteria","gram_status":"Gram-	HC50	9.68	uM	9.7	TI = median toxicity_conc / min_MIC (same unit family)
doi__10.3390_biology11091263	VM-3Y	2.0	uM	{"class":"bacteria","gram_status":"Gram-	HC50	211.2	uM	105.6	TI = median toxicity_conc / min_MIC (same unit family)
doi__10.3390_biom12060759	Temporin-PKE	2.0	uM	{"class":"bacteria","gram_status":"Gram-	HC50	6.58	uM	3.3	TI = median toxicity_conc / min_MIC (same unit family)
doi__10.3390_biom12060759	Temporin-PKE-2K	2.0	uM	{"class":"bacteria","gram_status":"Gram-	HC50	19.87	uM	9.9	TI = median toxicity_conc / min_MIC (same unit family)
doi__10.3390_biom12060759	Temporin-PKE-K12	4.0	uM	{"class":"bacteria","gram_status":"Gram-	HC50	122.7	uM	30.7	TI = median toxicity_conc / min_MIC (same unit family)
doi__10.3390_biom12060759	Temporin-PKE-3K	2.0	uM	{"class":"bacteria","gram_status":"Gram-	HC50	87.47	uM	43.7	TI = median toxicity_conc / min_MIC (same unit family)
doi__10.3390_biom12060759	Temporin-PKE-4K	4.0	uM	{"class":"bacteria","gram_status":"Gram-	HC50	1671.0	uM	417.8	TI = median toxicity_conc / min_MIC (same unit family)
doi__10.3390_biom12060759	Temporin-PKE-i	2.0	uM	{"class":"bacteria","gram_status":"Gram-	HC50	68.37	uM	34.2	TI = median toxicity_conc / min_MIC (same unit family)
doi__10.3390_biom12060759	Temporin-PKE-3i	32.0	uM	{"class":"bacteria","gram_status":"Gram-	HC50	64.0	uM	2.0	TI = median toxicity_conc / min_MIC (same unit family)
doi__10.3390_biom13010172	C14-SRR-NH2	16.0	ug/mL	{"class":"bacterium","species":"Enteroco	HC50	41.54	ug/mL	2.6	TI = median toxicity_conc / min_MIC (same unit family)
doi__10.3390_biom13010172	C14-RSR-NH2	8.0	ug/mL	{"class":"bacterium","species":"Enteroco	HC50	186.64	ug/mL	23.3	TI = median toxicity_conc / min_MIC (same unit family)
doi__10.3390_biom13010172	C14-RRS-NH2	8.0	ug/mL	{"class":"bacterium","species":"Enteroco	HC50	227.01	ug/mL	28.4	TI = median toxicity_conc / min_MIC (same unit family)
doi__10.3390_biom13010172	C16-SRR-NH2	4.0	ug/mL	{"class":"fungus","species":"Candida gla	HC50	75.46	ug/mL	18.9	TI = median toxicity_conc / min_MIC (same unit family)
doi__10.3390_biom13010172	C16-RSR-NH2	8.0	ug/mL	{"class":"bacterium","species":"Enteroco	HC50	82.21	ug/mL	10.3	TI = median toxicity_conc / min_MIC (same unit family)
doi__10.3390_biom13010172	C16-RRS-NH2	8.0	ug/mL	{"class":"bacterium","species":"Enteroco	HC50	75.95	ug/mL	9.5	TI = median toxicity_conc / min_MIC (same unit family)
doi__10.3390_biom13010172	C18-SRR-NH2	4.0	ug/mL	{"class":"fungus","species":"Candida gla	HC50	82.31	ug/mL	20.6	TI = median toxicity_conc / min_MIC (same unit family)
doi__10.3390_biom13010172	C18-RSR-NH2	4.0	ug/mL	{"class":"fungus","species":"Candida gla	HC50	335.12	ug/mL	83.8	TI = median toxicity_conc / min_MIC (same unit family)
doi__10.3390_biom13010172	C18-RRS-NH2	4.0	ug/mL	{"class":"fungus","species":"Candida gla	HC50	94.31	ug/mL	23.6	TI = median toxicity_conc / min_MIC (same unit family)
doi__10.3390_biom13010172	C14-S(GlcNAc)RR-NH2	32.0	ug/mL	{"class":"bacterium","species":"Enteroco	HC50	512.0	ug/mL	16.0	TI = median toxicity_conc / min_MIC (same unit family)
doi__10.3390_biom13010172	C14-RS(GlcNAc)R-NH2	32.0	ug/mL	{"class":"bacterium","species":"Enteroco	HC50	364.17	ug/mL	11.4	TI = median toxicity_conc / min_MIC (same unit family)
doi__10.3390_biom13010172	C14-RRS(GlcNAc)-NH2	16.0	ug/mL	{"class":"bacterium","species":"Enteroco	HC50	345.72	ug/mL	21.6	TI = median toxicity_conc / min_MIC (same unit family)
doi__10.3390_biom13010172	C16-S(GlcNAc)RR-NH2	16.0	ug/mL	{"class":"bacterium","species":"Enteroco	HC50	95.39	ug/mL	6.0	TI = median toxicity_conc / min_MIC (same unit family)
doi__10.3390_biom13010172	C16-RS(GlcNAc)R-NH2	16.0	ug/mL	{"class":"bacterium","species":"Enteroco	HC50	73.34	ug/mL	4.6	TI = median toxicity_conc / min_MIC (same unit family)
doi__10.3390_biom13010172	C16-RRS(GlcNAc)-NH2	8.0	ug/mL	{"class":"bacterium","species":"Enteroco	HC50	111.45	ug/mL	13.9	TI = median toxicity_conc / min_MIC (same unit family)
doi__10.3390_biom13010172	C18-S(GlcNAc)RR-NH2	4.0	ug/mL	{"class":"fungus","species":"Candida gla	HC50	77.45	ug/mL	19.4	TI = median toxicity_conc / min_MIC (same unit family)
doi__10.3390_biom13010172	C18-RS(GlcNAc)R-NH2	4.0	ug/mL	{"class":"fungus","species":"Candida gla	HC50	45.25	ug/mL	11.3	TI = median toxicity_conc / min_MIC (same unit family)
doi__10.3390_biom13010172	C18-RRS(GlcNAc)-NH2	4.0	ug/mL	{"class":"fungus","species":"Candida gla	HC50	48.04	ug/mL	12.0	TI = median toxicity_conc / min_MIC (same unit family)
doi__10.3390_biom13101453	CATH 1	100.0	ug/mL	{"class":"bacteria","species":"Escherich	hemolysis_rate	40.0	ug/mL	0.4	TI = median toxicity_conc / min_MIC (same unit family)
doi__10.3390_biom13101453	CATH 2	18.75	ug/mL	{"class":"bacteria","species":"Staphyloc	hemolysis_rate	40.0	ug/mL	2.1	TI = median toxicity_conc / min_MIC (same unit family)
doi__10.3390_biom13101453	MAP34-B	9.38	ug/mL	{"class":"bacteria","species":"Clostridi	hemolysis_rate	40.0	ug/mL	4.3	TI = median toxicity_conc / min_MIC (same unit family)
doi__10.3390_biom9100628	DPT9	8.0	uM	{"class":"bacteria","gram_status":"Gram-	HC50	210.0	uM	26.2	TI = median toxicity_conc / min_MIC (same unit family)
doi__10.3390_biom9100628	K8, 23-DPT9	2.0	uM	{"class":"bacteria","gram_status":"Gram-	HC50	107.0	uM	53.5	TI = median toxicity_conc / min_MIC (same unit family)
doi__10.3390_biomedicines10092071	KL6	128.0	ug/mL	{"class":"bacteria","gram_status":"Gram-	HC50	256.0	ug/mL	2.0	TI = median toxicity_conc / min_MIC (same unit family)
doi__10.3390_biomedicines10092071	KL8	8.0	ug/mL	{"class":"bacteria","gram_status":"Gram-	HC50	256.0	ug/mL	32.0	TI = median toxicity_conc / min_MIC (same unit family)
doi__10.3390_biomedicines10092071	KL9	2.0	ug/mL	{"class":"bacteria","gram_status":"Gram-	HC50	256.0	ug/mL	128.0	TI = median toxicity_conc / min_MIC (same unit family)
doi__10.3390_biomedicines10092071	LK9	2.0	ug/mL	{"class":"bacteria","gram_status":"Gram-	HC50	145.0	ug/mL	72.5	TI = median toxicity_conc / min_MIC (same unit family)
doi__10.3390_biomedicines10092071	KL10	2.0	ug/mL	{"class":"bacteria","gram_status":"Gram-	HC50	47.0	ug/mL	23.5	TI = median toxicity_conc / min_MIC (same unit family)
doi__10.3390_biomedicines10092071	LK10	1.0	ug/mL	{"class":"bacteria","gram_status":"Gram-	HC50	256.0	ug/mL	256.0	TI = median toxicity_conc / min_MIC (same unit family)
doi__10.3390_biomedicines10092071	KL11	1.0	ug/mL	{"class":"bacteria","gram_status":"Gram-	HC50	256.0	ug/mL	256.0	TI = median toxicity_conc / min_MIC (same unit family)
doi__10.3390_biomedicines10092071	LK11	1.0	ug/mL	{"class":"bacteria","gram_status":"Gram-	HC50	3.0	ug/mL	3.0	TI = median toxicity_conc / min_MIC (same unit family)
doi__10.3390_biomedicines10092071	KL12	2.0	ug/mL	{"class":"bacteria","gram_status":"Gram-	HC50	8.0	ug/mL	4.0	TI = median toxicity_conc / min_MIC (same unit family)
doi__10.3390_biomedicines10092071	KL13	1.0	ug/mL	{"class":"bacteria","gram_status":"Gram-	HC50	9.0	ug/mL	9.0	TI = median toxicity_conc / min_MIC (same unit family)
doi__10.3390_biomedicines10092071	LK13	4.0	ug/mL	{"class":"bacteria","gram_status":"Gram-	HC50	2.0	ug/mL	0.5	TI = median toxicity_conc / min_MIC (same unit family)
doi__10.3390_biomedicines10092071	KL14	4.0	ug/mL	{"class":"bacteria","gram_status":"Gram-	HC50	1.0	ug/mL	0.2	TI = median toxicity_conc / min_MIC (same unit family)
doi__10.3390_biomedicines10092071	KL15	2.0	ug/mL	{"class":"bacteria","gram_status":"Gram-	HC50	2.0	ug/mL	1.0	TI = median toxicity_conc / min_MIC (same unit family)
doi__10.3390_biomedicines10092071	LK15	16.0	ug/mL	{"class":"bacteria","gram_status":"Gram-	HC50	1.0	ug/mL	0.1	TI = median toxicity_conc / min_MIC (same unit family)
doi__10.3390_biomedicines10092071	KL16	8.0	ug/mL	{"class":"bacteria","gram_status":"Gram-	HC50	2.0	ug/mL	0.2	TI = median toxicity_conc / min_MIC (same unit family)
doi__10.3390_biomedicines10092071	KL18	8.0	ug/mL	{"class":"bacteria","gram_status":"Gram-	HC50	1.0	ug/mL	0.1	TI = median toxicity_conc / min_MIC (same unit family)
doi__10.3390_biomedicines10092071	KL20	16.0	ug/mL	{"class":"bacteria","gram_status":"Gram-	HC50	1.0	ug/mL	0.1	TI = median toxicity_conc / min_MIC (same unit family)
doi__10.3390_biomedicines10092071	KL22	16.0	ug/mL	{"class":"bacteria","gram_status":"Gram-	HC50	1.0	ug/mL	0.1	TI = median toxicity_conc / min_MIC (same unit family)
doi__10.3390_biomedicines10092071	KL24	8.0	ug/mL	{"class":"bacteria","gram_status":"Gram-	HC50	1.0	ug/mL	0.1	TI = median toxicity_conc / min_MIC (same unit family)
doi__10.3390_biomedicines10092071	KL26	16.0	ug/mL	{"class":"bacteria","gram_status":"Gram-	HC50	1.0	ug/mL	0.1	TI = median toxicity_conc / min_MIC (same unit family)
doi__10.3390_biomedicines8070185	1a	0.025	uM	{"species":"A. baumannii ATCC 19606","st	CC50	1.4	uM	56.0	TI = median toxicity_conc / min_MIC (same unit family)
doi__10.3390_biomedicines8070185	5a	0.03	uM	{"species":"A. baumannii ATCC 19606","st	CC50	6.2	uM	206.7	TI = median toxicity_conc / min_MIC (same unit family)
doi__10.3390_ijms17040552	RNase3	0.15	uM	{"class":"bacteria","gram_status":"Gram-	HC50	20.0	uM	133.3	TI = median toxicity_conc / min_MIC (same unit family)
doi__10.3390_ijms17040552	RNase6	0.62	uM	{"class":"bacteria","gram_status":"Gram-	HC50	20.0	uM	32.3	TI = median toxicity_conc / min_MIC (same unit family)
doi__10.3390_ijms17040552	RN6(1-45)	0.62	uM	{"class":"bacteria","gram_status":"Gram-	HC50	20.0	uM	32.3	TI = median toxicity_conc / min_MIC (same unit family)
doi__10.3390_ijms17070983	C-L	2.0	ug/mL	{"class":"bacteria","species":"S. aureus	HC50	221.0	ug/mL	110.5	TI = median toxicity_conc / min_MIC (same unit family)
doi__10.3390_ijms19102951	KW-WK	4.0	uM	{"class":"bacteria","gram_status":"Gram-	MHC	256.0	uM	64.0	TI = median toxicity_conc / min_MIC (same unit family)
doi__10.3390_ijms19102951	FP-PF	4.0	uM	{"class":"bacteria","gram_status":"Gram-	MHC	256.0	uM	64.0	TI = median toxicity_conc / min_MIC (same unit family)
doi__10.3390_ijms19102951	FW-WF	2.0	uM	{"class":"bacteria","gram_status":"not_r	MHC	8.0	uM	4.0	TI = median toxicity_conc / min_MIC (same unit family)
doi__10.3390_ijms19102951	KK-KK	8.0	uM	{"class":"bacteria","gram_status":"not_r	MHC	256.0	uM	32.0	TI = median toxicity_conc / min_MIC (same unit family)
doi__10.3390_ijms19102951	LFcinB18-28	4.0	uM	{"class":"bacteria","gram_status":"not_r	MHC	256.0	uM	64.0	TI = median toxicity_conc / min_MIC (same unit family)
doi__10.3390_ijms19123781	(HKK)1	256.0	uM	{"class":"fungus","species":"A. flavus",	hemolysis_nonactive	150.0	uM	0.6	TI = median toxicity_conc / min_MIC (same unit family)
doi__10.3390_ijms19123781	(HKK)2	16.0	uM	{"class":"fungus","species":"C. gloeospo	hemolysis_nonactive	150.0	uM	9.4	TI = median toxicity_conc / min_MIC (same unit family)
doi__10.3390_ijms19123781	(HKK)3	8.0	uM	{"class":"fungus","species":"C. gloeospo	hemolysis_nonactive	150.0	uM	18.8	TI = median toxicity_conc / min_MIC (same unit family)
doi__10.3390_ijms19123781	(HKK)4	2.0	uM	{"class":"fungus","species":"C. gloeospo	hemolysis_nonactive	150.0	uM	75.0	TI = median toxicity_conc / min_MIC (same unit family)
doi__10.3390_ijms19123781	(HKK)6	1.0	uM	{"class":"fungus","species":"C. gloeospo	hemolysis_nonactive	150.0	uM	150.0	TI = median toxicity_conc / min_MIC (same unit family)
doi__10.3390_ijms19123781	(HKK)8	1.0	uM	{"class":"fungus","species":"C. gloeospo	hemolysis_nonactive	150.0	uM	150.0	TI = median toxicity_conc / min_MIC (same unit family)
doi__10.3390_ijms20061417	KL4A6	2.0	uM	{"class":"bacteria","species":"E. coli A	MHC	256.0	uM	128.0	TI = median toxicity_conc / min_MIC (same unit family)
doi__10.3390_ijms20061417	WV	32.0	uM	{"class":"bacteria","species":"E. coli A	MHC	256.0	uM	8.0	TI = median toxicity_conc / min_MIC (same unit family)
doi__10.3390_ijms20061417	WI	8.0	uM	{"class":"bacteria","species":"E. coli A	MHC	256.0	uM	32.0	TI = median toxicity_conc / min_MIC (same unit family)
doi__10.3390_ijms20061417	WF	4.0	uM	{"class":"bacteria","species":"E. coli A	MHC	256.0	uM	64.0	TI = median toxicity_conc / min_MIC (same unit family)
doi__10.3390_ijms20061417	WW	2.0	uM	{"class":"bacteria","species":"E. coli A	MHC	256.0	uM	128.0	TI = median toxicity_conc / min_MIC (same unit family)
doi__10.3390_ijms20061417	Melittin	0.5	uM	{"class":"bacteria","species":"S. epider	MHC	0.25	uM	0.5	TI = median toxicity_conc / min_MIC (same unit family)
doi__10.3390_ijms20163954	HI2	16.0	uM	{"class":"bacteria","gram_status":"Gram-	MHC	128.0	uM	8.0	TI = median toxicity_conc / min_MIC (same unit family)
doi__10.3390_ijms20163954	HW2	2.0	uM	{"class":"bacteria","gram_status":"Gram-	MHC	8.0	uM	4.0	TI = median toxicity_conc / min_MIC (same unit family)
doi__10.3390_ijms20163954	HV2	1.0	uM	{"class":"bacteria","gram_status":"Gram-	MHC	128.0	uM	128.0	TI = median toxicity_conc / min_MIC (same unit family)
doi__10.3390_ijms20163954	HF2	2.0	uM	{"class":"bacteria","gram_status":"Gram-	MHC	16.0	uM	8.0	TI = median toxicity_conc / min_MIC (same unit family)
doi__10.3390_ijms20163954	PG-1	2.0	uM	{"class":"bacteria","gram_status":"Gram-	MHC	4.0	uM	2.0	TI = median toxicity_conc / min_MIC (same unit family)
doi__10.3390_ijms20174184	TI	0.0625	uM	{"class":"bacteria","species":"Escherich	HC50	11.6	uM	185.6	TI = median toxicity_conc / min_MIC (same unit family)
doi__10.3390_ijms20174184	TII	0.125	uM	{"class":"bacteria","species":"Escherich	HC50	3.7	uM	29.6	TI = median toxicity_conc / min_MIC (same unit family)
doi__10.3390_ijms20174184	TIII	0.0625	uM	{"class":"bacteria","species":"Escherich	HC50	7.3	uM	116.8	TI = median toxicity_conc / min_MIC (same unit family)
doi__10.3390_ijms20174184	cTI	1.0	uM	{"class":"bacteria","species":"Escherich	HC50	6.7	uM	6.7	TI = median toxicity_conc / min_MIC (same unit family)
doi__10.3390_ijms20174184	cTII	1.0	uM	{"class":"bacteria","species":"Escherich	HC50	2.4	uM	2.4	TI = median toxicity_conc / min_MIC (same unit family)
doi__10.3390_ijms20174184	cTIII	1.0	uM	{"class":"bacteria","species":"Escherich	HC50	7.5	uM	7.5	TI = median toxicity_conc / min_MIC (same unit family)
doi__10.3390_ijms20235904	OIR1	128.0	uM	{"gram_status":"Gram-negative","raw_targ	MHC	128.0	uM	1.0	TI = median toxicity_conc / min_MIC (same unit family)
doi__10.3390_ijms20235904	OIR2	64.0	uM	{"gram_status":"Gram-negative","raw_targ	MHC	128.0	uM	2.0	TI = median toxicity_conc / min_MIC (same unit family)
doi__10.3390_ijms20235904	OIR3	2.0	uM	{"gram_status":"Gram-negative","raw_targ	MHC	128.0	uM	64.0	TI = median toxicity_conc / min_MIC (same unit family)
doi__10.3390_ijms20235904	IR1	128.0	uM	{"gram_status":"Gram-negative","raw_targ	MHC	128.0	uM	1.0	TI = median toxicity_conc / min_MIC (same unit family)
doi__10.3390_ijms20235904	IR2	128.0	uM	{"gram_status":"Gram-negative","raw_targ	MHC	128.0	uM	1.0	TI = median toxicity_conc / min_MIC (same unit family)
doi__10.3390_ijms20235904	IR3	8.0	uM	{"gram_status":"Gram-negative","raw_targ	MHC	128.0	uM	16.0	TI = median toxicity_conc / min_MIC (same unit family)
doi__10.3390_ijms20235904	DIR1	128.0	uM	{"gram_status":"Gram-negative","raw_targ	MHC	128.0	uM	1.0	TI = median toxicity_conc / min_MIC (same unit family)
doi__10.3390_ijms20235904	DIR2	128.0	uM	{"gram_status":"Gram-negative","raw_targ	MHC	128.0	uM	1.0	TI = median toxicity_conc / min_MIC (same unit family)
doi__10.3390_ijms20235904	DIR3	4.0	uM	{"gram_status":"Gram-negative","raw_targ	MHC	128.0	uM	32.0	TI = median toxicity_conc / min_MIC (same unit family)
doi__10.3390_ijms20235904	GS	2.0	uM	{"gram_status":"Gram-positive","raw_targ	MHC	8.0	uM	4.0	TI = median toxicity_conc / min_MIC (same unit family)
doi__10.3390_ijms21030887	II	4.0	ug/mL	{"class":"bacteria","gram_status":"Gram-	MHC	256.0	ug/mL	64.0	TI = median toxicity_conc / min_MIC (same unit family)
doi__10.3390_ijms21030887	III	2.0	ug/mL	{"class":"bacteria","gram_status":"Gram-	MHC	256.0	ug/mL	128.0	TI = median toxicity_conc / min_MIC (same unit family)
doi__10.3390_ijms21030887	IV	1.0	ug/mL	{"class":"bacteria","gram_status":"Gram-	MHC	64.0	ug/mL	64.0	TI = median toxicity_conc / min_MIC (same unit family)
doi__10.3390_ijms21030887	VI	4.0	ug/mL	{"class":"bacteria","gram_status":"Gram-	MHC	4.0	ug/mL	1.0	TI = median toxicity_conc / min_MIC (same unit family)
doi__10.3390_ijms21030887	VII	8.0	ug/mL	{"class":"bacteria","gram_status":"Gram-	MHC	4.0	ug/mL	0.5	TI = median toxicity_conc / min_MIC (same unit family)
doi__10.3390_ijms21030887	VIII	1.0	ug/mL	{"class":"bacteria","gram_status":"Gram-	MHC	256.0	ug/mL	256.0	TI = median toxicity_conc / min_MIC (same unit family)
doi__10.3390_ijms21030887	IX	1.0	ug/mL	{"class":"bacteria","gram_status":"Gram-	MHC	32.0	ug/mL	32.0	TI = median toxicity_conc / min_MIC (same unit family)
doi__10.3390_ijms21186810	KR12	1.0	ug/mL	{"gram_status":"Gram-negative","raw_targ	cytotoxicity	40.0	ug/mL	40.0	TI = median toxicity_conc / min_MIC (same unit family)
doi__10.3390_ijms21197208	L1	8.0	ug/mL	{"class":"bacteria","gram_status":"Gram-	HC50	90.0	ug/mL	11.2	TI = median toxicity_conc / min_MIC (same unit family)
doi__10.3390_ijms21197208	C1	4.0	ug/mL	{"class":"bacteria","gram_status":"Gram-	HC50	43.9	ug/mL	11.0	TI = median toxicity_conc / min_MIC (same unit family)
doi__10.3390_ijms21197208	L2	4.0	ug/mL	{"class":"fungus","gram_status":"yeast",	HC50	105.9	ug/mL	26.5	TI = median toxicity_conc / min_MIC (same unit family)
doi__10.3390_ijms21197208	C2	2.0	ug/mL	{"class":"fungus","gram_status":"yeast",	HC50	30.6	ug/mL	15.3	TI = median toxicity_conc / min_MIC (same unit family)
doi__10.3390_ijms21197208	L3	8.0	ug/mL	{"class":"bacteria","gram_status":"Gram-	HC50	79.1	ug/mL	9.9	TI = median toxicity_conc / min_MIC (same unit family)
doi__10.3390_ijms21197208	C3	2.0	ug/mL	{"class":"fungus","gram_status":"yeast",	HC50	66.5	ug/mL	33.2	TI = median toxicity_conc / min_MIC (same unit family)
doi__10.3390_ijms21197208	L4	1.0	ug/mL	{"class":"fungus","gram_status":"yeast",	HC50	79.8	ug/mL	79.8	TI = median toxicity_conc / min_MIC (same unit family)
doi__10.3390_ijms21197208	C4	1.0	ug/mL	{"class":"fungus","gram_status":"yeast",	HC50	122.4	ug/mL	122.4	TI = median toxicity_conc / min_MIC (same unit family)
doi__10.3390_ijms21197208	L5	8.0	ug/mL	{"class":"bacteria","gram_status":"Gram-	HC50	96.7	ug/mL	12.1	TI = median toxicity_conc / min_MIC (same unit family)
doi__10.3390_ijms21197208	C5	4.0	ug/mL	{"class":"bacteria","gram_status":"Gram-	HC50	97.0	ug/mL	24.2	TI = median toxicity_conc / min_MIC (same unit family)
doi__10.3390_ijms21197208	L6	4.0	ug/mL	{"class":"bacteria","gram_status":"Gram-	HC50	89.7	ug/mL	22.4	TI = median toxicity_conc / min_MIC (same unit family)
doi__10.3390_ijms21197208	C6	2.0	ug/mL	{"class":"fungus","gram_status":"yeast",	HC50	71.0	ug/mL	35.5	TI = median toxicity_conc / min_MIC (same unit family)
doi__10.3390_ijms21197208	L7	4.0	ug/mL	{"class":"bacteria","gram_status":"Gram-	HC50	65.4	ug/mL	16.4	TI = median toxicity_conc / min_MIC (same unit family)
doi__10.3390_ijms21197208	C7	4.0	ug/mL	{"class":"bacteria","gram_status":"Gram-	HC50	92.0	ug/mL	23.0	TI = median toxicity_conc / min_MIC (same unit family)
doi__10.3390_ijms23147979	Smp24	8.0	ug/mL	{"class":"bacteria","species":"Staphyloc	HC50	76.0	ug/mL	9.5	TI = median toxicity_conc / min_MIC (same unit family)
doi__10.3390_ijms23147979	Smp24 W2A	32.0	ug/mL	{"class":"bacteria","species":"Staphyloc	HC50	512.0	ug/mL	16.0	TI = median toxicity_conc / min_MIC (same unit family)
doi__10.3390_ijms23147979	Smp24 S3F	16.0	ug/mL	{"class":"bacteria","species":"Staphyloc	HC50	52.0	ug/mL	3.2	TI = median toxicity_conc / min_MIC (same unit family)
doi__10.3390_ijms23147979	Smp24 S3K	0.5	ug/mL	{"class":"bacteria","species":"Staphyloc	HC50	11.0	ug/mL	22.0	TI = median toxicity_conc / min_MIC (same unit family)
doi__10.3390_ijms23147979	Smp24 S3K/S15K	16.0	ug/mL	{"class":"bacteria","species":"Escherich	HC50	23.0	ug/mL	1.4	TI = median toxicity_conc / min_MIC (same unit family)
doi__10.3390_ijms23147979	Smp24 F4A	16.0	ug/mL	{"class":"bacteria","species":"Staphyloc	HC50	423.0	ug/mL	26.4	TI = median toxicity_conc / min_MIC (same unit family)
doi__10.3390_ijms23147979	Smp24 K7S	16.0	ug/mL	{"class":"bacteria","species":"Staphyloc	HC50	36.0	ug/mL	2.2	TI = median toxicity_conc / min_MIC (same unit family)
doi__10.3390_ijms23147979	Smp24 K7F	512.0	ug/mL	{"class":"bacteria","species":"Escherich	HC50	442.0	ug/mL	0.9	TI = median toxicity_conc / min_MIC (same unit family)
doi__10.3390_ijms23147979	Smp24 S15K	4.0	ug/mL	{"class":"bacteria","species":"Staphyloc	HC50	26.0	ug/mL	6.5	TI = median toxicity_conc / min_MIC (same unit family)
doi__10.3390_ijms23147979	Smp24 D23F	32.0	ug/mL	{"class":"bacteria","species":"Escherich	HC50	33.0	ug/mL	1.0	TI = median toxicity_conc / min_MIC (same unit family)
doi__10.3390_ijms23147979	Smp24 S24K	4.0	ug/mL	{"class":"bacteria","species":"Staphyloc	HC50	15.0	ug/mL	3.8	TI = median toxicity_conc / min_MIC (same unit family)
doi__10.3390_ijms23147979	Daptomycin	4.0	ug/mL	{"class":"bacteria","species":"Staphyloc	HC50	512.0	ug/mL	128.0	TI = median toxicity_conc / min_MIC (same unit family)
doi__10.3390_ijms23147979	Polymyxin B	2.0	ug/mL	{"class":"bacteria","species":"Escherich	HC50	512.0	ug/mL	256.0	TI = median toxicity_conc / min_MIC (same unit family)
doi__10.3390_ijms24010267	Sp-LECin	3.0	uM	{"class":"bacteria","reported_label":"Li	no_observed_cytotoxicity	48.0	uM	16.0	TI = median toxicity_conc / min_MIC (same unit family)
doi__10.3390_ijms241914472	Crabrolin	2.0	uM	{"class":"bacteria","gram_status":"posit	HC50	120.65	uM	60.3	TI = median toxicity_conc / min_MIC (same unit family)
doi__10.3390_ijms241914472	Crabrolin-4R	2.0	uM	{"class":"bacteria","gram_status":"posit	HC50	216.27	uM	108.1	TI = median toxicity_conc / min_MIC (same unit family)
doi__10.3390_ijms241914472	Crabrolin-4K	2.0	uM	{"class":"bacteria","gram_status":"posit	HC50	217.82	uM	108.9	TI = median toxicity_conc / min_MIC (same unit family)
doi__10.3390_ijms241914472	Crabrolin-TR	1.0	uM	{"class":"bacteria","gram_status":"posit	HC50	211.93	uM	211.9	TI = median toxicity_conc / min_MIC (same unit family)
doi__10.3390_life15020242	D-TN1	1.0	ug/mL	{"class":"fungus","species":"Candida alb	HC50	77.63	ug/mL	77.6	TI = median toxicity_conc / min_MIC (same unit family)
doi__10.3390_life15020242	D-TN3	0.25	ug/mL	{"class":"fungus","species":"Candida alb	HC50	32.63	ug/mL	130.5	TI = median toxicity_conc / min_MIC (same unit family)
doi__10.3390_life15020242	D-TN6	0.25	ug/mL	{"class":"bacteria","species":"Enterococ	HC50	27.28	ug/mL	109.1	TI = median toxicity_conc / min_MIC (same unit family)
doi__10.3390_md11061836	NRC-16	1.0	uM	{"class":"Gram-negative bacterium","spec	hemolysis_not_observed_up_to	50.0	uM	50.0	TI = median toxicity_conc / min_MIC (same unit family)
doi__10.3390_md16110401	Nicomicin-1	0.062	uM	{"class":"bacteria","label_in_source":"B	hemolysis_HC50	64.0	uM	1032.3	TI = median toxicity_conc / min_MIC (same unit family)
doi__10.3390_md16110401	Nico(18-33)	8.0	uM	{"class":"bacteria","label_in_source":"B	hemolysis_HC50	128.0	uM	16.0	TI = median toxicity_conc / min_MIC (same unit family)
doi__10.3390_md17060376	AR	1.0	uM	{"class":"bacteria","gram_status":"Gram-	HC50	66.3	uM	66.3	TI = median toxicity_conc / min_MIC (same unit family)
doi__10.3390_md17060376	ARin-s	2.0	uM	{"class":"bacteria","gram_status":"Gram-	HC50	80.0	uM	40.0	TI = median toxicity_conc / min_MIC (same unit family)
doi__10.3390_md17060376	ARs-N	8.0	uM	{"class":"bacteria","gram_status":"Gram-	HC50	80.0	uM	10.0	TI = median toxicity_conc / min_MIC (same unit family)
doi__10.3390_md17060376	ARs-C	1.0	uM	{"class":"bacteria","gram_status":"Gram-	HC50	66.0	uM	66.0	TI = median toxicity_conc / min_MIC (same unit family)
doi__10.3390_md17060376	ARs-N-B	2.0	uM	{"class":"bacteria","gram_status":"Gram-	HC50	80.0	uM	40.0	TI = median toxicity_conc / min_MIC (same unit family)
doi__10.3390_md17060376	ARs-C-B	1.0	uM	{"class":"bacteria","gram_status":"Gram-	HC50	80.0	uM	80.0	TI = median toxicity_conc / min_MIC (same unit family)
doi__10.3390_md17060376	AR-K	1.0	uM	{"class":"bacteria","gram_status":"Gram-	HC50	63.0	uM	63.0	TI = median toxicity_conc / min_MIC (same unit family)
doi__10.3390_md17060376	AR-F	1.0	uM	{"class":"bacteria","gram_status":"Gram-	HC50	60.5	uM	60.5	TI = median toxicity_conc / min_MIC (same unit family)
doi__10.3390_md17060376	ARlin	1.0	uM	{"class":"bacteria","gram_status":"Gram-	HC50	80.0	uM	80.0	TI = median toxicity_conc / min_MIC (same unit family)
doi__10.3390_md17060376	ARcyclic	1.0	uM	{"class":"bacteria","gram_status":"Gram-	HC50	65.5	uM	65.5	TI = median toxicity_conc / min_MIC (same unit family)
doi__10.3390_md18120620	Capitellacin	0.125	uM	{"class":"bacteria","species":"E. coli C	hemolysis	64.0	uM	512.0	TI = median toxicity_conc / min_MIC (same unit family)
doi__10.3390_md18120620	Tachyplesin-1	0.016	uM	{"class":"bacteria","species":"A. bauman	HC50	128.0	uM	8000.0	TI = median toxicity_conc / min_MIC (same unit family)
doi__10.3390_md18120631	Ar-1	2.2	uM	{"class":"bacterium","gram_status":"Gram	MHC	3.6	uM	1.6	TI = median toxicity_conc / min_MIC (same unit family)
doi__10.3390_md18120631	Ar-2	1.7	uM	{"class":"bacterium","gram_status":"Gram	MHC	1.8	uM	1.1	TI = median toxicity_conc / min_MIC (same unit family)
doi__10.3390_md18120631	Ar-1-(C/A)	3.6	uM	{"class":"bacterium","gram_status":"Gram	MHC	11.1	uM	3.1	TI = median toxicity_conc / min_MIC (same unit family)
doi__10.3390_md20030167	CT2	0.125	uM	{"class":"bacteria","species":"Acinetoba	hemolysis	5.0	uM	40.0	TI = median toxicity_conc / min_MIC (same unit family)
doi__10.3390_md20030167	CT3	0.25	uM	{"class":"bacteria","species":"Acinetoba	hemolysis	5.0	uM	20.0	TI = median toxicity_conc / min_MIC (same unit family)
doi__10.3390_md20030167	CT4	0.125	uM	{"class":"bacteria","species":"Acinetoba	hemolysis	5.0	uM	40.0	TI = median toxicity_conc / min_MIC (same unit family)
doi__10.3390_md20030167	CT5	0.5	uM	{"class":"bacteria","species":"Escherich	hemolysis	5.0	uM	10.0	TI = median toxicity_conc / min_MIC (same unit family)
doi__10.3390_md20030167	CT6	0.25	uM	{"class":"bacteria","species":"Escherich	hemolysis	5.0	uM	20.0	TI = median toxicity_conc / min_MIC (same unit family)
doi__10.3390_md20030167	CT7	0.125	uM	{"class":"bacteria","species":"Acinetoba	hemolysis	50.0	uM	400.0	TI = median toxicity_conc / min_MIC (same unit family)
doi__10.3390_microorganisms8050626	EtDip	2.0	ug/mL	{"class":"bacteria","species":"E. coli A	MHC	1024.0	ug/mL	512.0	TI = median toxicity_conc / min_MIC (same unit family)
doi__10.3390_molecules21091223	AMP38	0.5	ug/mL	{"class":"bacterium","gram_status":"Gram	cytotoxicity upper non-signifi	100.0	ug/mL	200.0	TI = median toxicity_conc / min_MIC (same unit family)
doi__10.3390_molecules22111896	phylloseptin-PC (PSN-PC)	2.0	uM	{"class":"bacteria","gram_status":"Gram-	HC50	23.0	uM	11.5	TI = median toxicity_conc / min_MIC (same unit family)
doi__10.3390_molecules23051220	Cp1	64.0	uM	{"class":"bacteria","gram_status":"Gram-	MHC	272.0	uM	4.2	TI = median toxicity_conc / min_MIC (same unit family)
doi__10.3390_molecules23051220	Melittin	1.0	uM	{"class":"bacteria","gram_status":"Gram-	MHC	1.0	uM	1.0	TI = median toxicity_conc / min_MIC (same unit family)
doi__10.3390_molecules23061491	Cecropin A	4.2	ug/mL	{"class":"bacteria","species":"Escherich	HC50	169.0	ug/mL	40.2	TI = median toxicity_conc / min_MIC (same unit family)
doi__10.3390_molecules23061491	LL37	13.4	ug/mL	{"class":"bacteria","species":"Listeria 	HC50	32.0	ug/mL	2.4	TI = median toxicity_conc / min_MIC (same unit family)
doi__10.3390_molecules23061491	Recombinant C-L	2.1	ug/mL	{"class":"bacteria","species":"Listeria 	HC50	221.0	ug/mL	105.2	TI = median toxicity_conc / min_MIC (same unit family)
doi__10.3390_molecules23061491	Synthesized C-L	2.0	ug/mL	{"class":"bacteria","species":"Staphyloc	HC50	219.0	ug/mL	109.5	TI = median toxicity_conc / min_MIC (same unit family)
doi__10.3390_molecules23112943	P1-Ll-1577	20.0	uM	{"class":"Gram-negative bacterium","spec	MHC	640.0	uM	32.0	TI = median toxicity_conc / min_MIC (same unit family)
doi__10.3390_molecules23112943	P2-Ll-1298	24.6	uM	{"class":"Gram-negative bacterium","spec	MHC	320.0	uM	13.0	TI = median toxicity_conc / min_MIC (same unit family)
doi__10.3390_molecules23112943	P3-Ll-2085	15.0	uM	{"class":"Gram-negative bacterium","spec	MHC	40.0	uM	2.7	TI = median toxicity_conc / min_MIC (same unit family)
doi__10.3390_molecules26020444	Mag2	3.125	uM	{"class":"Gram-negative bacteria","resis	HC50	100.0	uM	32.0	TI = median toxicity_conc / min_MIC (same unit family)
doi__10.3390_molecules26020444	C6-2	1.56	uM	{"class":"Gram-positive bacteria","resis	HC50	12.5	uM	8.0	TI = median toxicity_conc / min_MIC (same unit family)
doi__10.3390_molecules26020444	C12-2	6.25	uM	{"class":"Gram-positive bacteria","resis	HC50	0.78	uM	0.1	TI = median toxicity_conc / min_MIC (same unit family)
doi__10.3390_molecules26020444	C18-2	50.0	uM	{"class":"Gram-positive bacteria","resis	HC50	0.78	uM	0.0	TI = median toxicity_conc / min_MIC (same unit family)
doi__10.3390_molecules28186558	SS1	2.0	uM	{"class":"bacteria","full_species":"Esch	HC50	256.0	uM	128.0	TI = median toxicity_conc / min_MIC (same unit family)
doi__10.3390_molecules28186558	L14	4.0	uM	{"class":"bacteria","full_species":"Esch	HC50	256.0	uM	64.0	TI = median toxicity_conc / min_MIC (same unit family)
doi__10.3390_molecules28186558	14V	2.0	uM	{"class":"bacteria","full_species":"Esch	HC50	256.0	uM	128.0	TI = median toxicity_conc / min_MIC (same unit family)
doi__10.3390_molecules28186558	14G	16.0	uM	{"class":"bacteria","full_species":"Esch	HC50	256.0	uM	16.0	TI = median toxicity_conc / min_MIC (same unit family)
doi__10.3390_molecules28186558	L2V	4.0	uM	{"class":"bacteria","full_species":"Stap	HC50	256.0	uM	64.0	TI = median toxicity_conc / min_MIC (same unit family)
doi__10.3390_molecules28186558	14V5K	1.0	uM	{"class":"bacteria","full_species":"Esch	HC50	256.0	uM	256.0	TI = median toxicity_conc / min_MIC (same unit family)
doi__10.3390_molecules28186558	14VL23	4.0	uM	{"class":"bacteria","full_species":"Kleb	HC50	256.0	uM	64.0	TI = median toxicity_conc / min_MIC (same unit family)
doi__10.3390_molecules29071534	Brevinin-1BW	3.125	ug/mL	{"full_species":"Enterococcus faecalis A	CC50	34.72	ug/mL	11.1	TI = median toxicity_conc / min_MIC (same unit family)
doi__10.3390_ph11010020	II	2.0	uM	{"class":"bacteria","species":"Staphyloc	LC50	400.0	uM	200.0	TI = median toxicity_conc / min_MIC (same unit family)
doi__10.3390_ph11010020	III	2.9	uM	{"class":"bacteria","species":"Pseudomon	LC50	400.0	uM	137.9	TI = median toxicity_conc / min_MIC (same unit family)
doi__10.3390_ph11010020	IV	3.2	uM	{"class":"bacteria","species":"Staphyloc	LC50	200.0	uM	62.5	TI = median toxicity_conc / min_MIC (same unit family)
doi__10.3390_ph11010020	VI	2.5	uM	{"class":"bacteria","species":"Staphyloc	LC50	400.0	uM	160.0	TI = median toxicity_conc / min_MIC (same unit family)
doi__10.3390_ph11010020	VII	4.2	uM	{"class":"bacteria","species":"Staphyloc	LC50	400.0	uM	95.2	TI = median toxicity_conc / min_MIC (same unit family)
doi__10.3390_ph11010020	VIII	4.0	uM	{"class":"bacteria","species":"Staphyloc	LC50	400.0	uM	100.0	TI = median toxicity_conc / min_MIC (same unit family)
doi__10.3390_ph11010020	IX	2.9	uM	{"class":"bacteria","species":"Pseudomon	LC50	400.0	uM	137.9	TI = median toxicity_conc / min_MIC (same unit family)
doi__10.3390_ph11010020	XI	2.8	uM	{"class":"bacteria","species":"Staphyloc	LC50	270.0	uM	96.4	TI = median toxicity_conc / min_MIC (same unit family)
doi__10.3390_ph11010020	XII	2.5	uM	{"class":"bacteria","species":"Staphyloc	LC50	400.0	uM	160.0	TI = median toxicity_conc / min_MIC (same unit family)
doi__10.3390_ph14121245	LL-37	8.0	uM	{"class":"bacteria","species":"A. bauman	HC50	175.0	uM	21.9	TI = median toxicity_conc / min_MIC (same unit family)
doi__10.3390_ph14121245	SK-24	2.0	uM	{"class":"bacteria","species":"E. faeciu	HC50	200.0	uM	100.0	TI = median toxicity_conc / min_MIC (same unit family)
doi__10.3390_ph14121245	GI-20	2.0	uM	{"class":"bacteria","species":"E. faeciu	HC50	160.0	uM	80.0	TI = median toxicity_conc / min_MIC (same unit family)
doi__10.3390_ph14121245	GF-17	2.0	uM	{"class":"bacteria","species":"E. faeciu	HC50	175.0	uM	87.5	TI = median toxicity_conc / min_MIC (same unit family)
doi__10.3390_ph14121245	17BIPHE2	2.0	uM	{"class":"bacteria","species":"E. faeciu	HC50	200.0	uM	100.0	TI = median toxicity_conc / min_MIC (same unit family)
doi__10.3390_ph16101356	BMAP-18	16.0	uM	{"species":"Staphylococcus aureus","stra	hemolysis	20.0	uM	1.2	TI = median toxicity_conc / min_MIC (same unit family)
doi__10.3390_ph16101356	BMAP-18-FL	16.0	uM	{"species":"Staphylococcus aureus","stra	hemolysis	10.0	uM	0.6	TI = median toxicity_conc / min_MIC (same unit family)
doi__10.3390_ph7010058	PGLa-AM1	2.0	uM	{"class":"bacteria","species":"S. maltop	LC50	500.0	uM	250.0	TI = median toxicity_conc / min_MIC (same unit family)
doi__10.3390_ph7010058	CPF-AM1	2.0	uM	{"class":"bacteria","species":"A. bauman	LC50	150.0	uM	75.0	TI = median toxicity_conc / min_MIC (same unit family)
doi__10.3390_ph7010058	CPF-C1	3.1	uM	{"class":"bacteria","species":"A. bauman	LC50	140.0	uM	45.2	TI = median toxicity_conc / min_MIC (same unit family)
doi__10.3390_ph7010058	CPF-SE2	2.5	uM	{"class":"bacteria","species":"S. aureus	LC50	50.0	uM	20.0	TI = median toxicity_conc / min_MIC (same unit family)
doi__10.3390_ph7010058	CPF-SE3	2.5	uM	{"class":"bacteria","species":"S. aureus	LC50	220.0	uM	88.0	TI = median toxicity_conc / min_MIC (same unit family)
doi__10.3390_ph7040366	D-Piscidin 1	1.5	uM	{"class":"Gram-negative bacterium","spec	HC50	1.8	uM	1.2	TI = median toxicity_conc / min_MIC (same unit family)
doi__10.3390_ph7040366	D-Piscidin 1 G13K	3.0	uM	{"class":"Gram-negative bacterium","spec	HC50	7.0	uM	2.3	TI = median toxicity_conc / min_MIC (same unit family)
doi__10.3390_ph7040366	D-Piscidin 1 V12K	1.5	uM	{"class":"Gram-negative bacterium","spec	HC50	35.0	uM	23.3	TI = median toxicity_conc / min_MIC (same unit family)
doi__10.3390_ph7040366	D-Piscidin 1 I9K	1.5	uM	{"class":"Gram-negative bacterium","spec	HC50	98.0	uM	65.3	TI = median toxicity_conc / min_MIC (same unit family)
doi__10.3390_ph7040366	D-Dermaseptin S4	0.7	uM	{"class":"Gram-negative bacterium","spec	HC50	0.6	uM	0.9	TI = median toxicity_conc / min_MIC (same unit family)
doi__10.3390_ph7040366	D-Dermaseptin S4 L7K	0.4	uM	{"class":"Gram-negative bacterium","spec	HC50	8.6	uM	21.5	TI = median toxicity_conc / min_MIC (same unit family)
doi__10.3390_ph7040366	D-Dermaseptin S4 L7K,A14K	0.7	uM	{"class":"Gram-negative bacterium","spec	HC50	241.0	uM	344.3	TI = median toxicity_conc / min_MIC (same unit family)
doi__10.3390_ph7040482	YI13C	12.5	uM	{"class":"bacteria","database_subject_eq	hemolysis	21.5	uM	1.7	TI = median toxicity_conc / min_MIC (same unit family)
doi__10.3390_ph7040482	C4YI13C	8.0	uM	{"class":"bacteria","database_subject_eq	hemolysis	14.1	uM	1.8	TI = median toxicity_conc / min_MIC (same unit family)
doi__10.3390_ph7040482	C8YI13C	3.0	uM	{"class":"bacteria","database_subject_eq	hemolysis	21.5	uM	7.2	TI = median toxicity_conc / min_MIC (same unit family)
doi__10.3390_ph7040482	C8YI13CAA	50.0	uM	{"class":"bacteria","database_subject_eq	hemolysis	30.2	uM	0.6	TI = median toxicity_conc / min_MIC (same unit family)
doi__10.3390_pharmaceutics14122579	Ramosin	70.0	uM	{"class":"bacterium","species":"Enteroco	hemolysis_threshold	128.0	uM	1.8	TI = median toxicity_conc / min_MIC (same unit family)
doi__10.3390_pharmaceutics15082047	PG-1	0.125	uM	{"class":"bacteria","gram_status":"Gram-	MHC	0.7	uM	5.6	TI = median toxicity_conc / min_MIC (same unit family)
doi__10.3390_pharmaceutics15082047	Iseganan	0.5	uM	{"class":"bacteria","gram_status":"Gram-	MHC	1.0	uM	2.0	TI = median toxicity_conc / min_MIC (same unit family)
doi__10.3390_toxins10010021	Bicarinalin	0.99	uM	{"class":"bacteria","species":"Helicobac	CC50	20.45	uM	20.7	TI = median toxicity_conc / min_MIC (same unit family)
doi__10.3390_toxins12080484	Brevinin-1OS	4.0	uM	{"class":"bacterium","gram_status":"Gram	HC50	145.8	uM	36.5	TI = median toxicity_conc / min_MIC (same unit family)
doi__10.3390_toxins12080484	OSa	512.0	uM	{"class":"bacterium","gram_status":"Gram	HC50	512.0	uM	1.0	TI = median toxicity_conc / min_MIC (same unit family)
doi__10.3390_toxins12080484	OSb	256.0	uM	{"class":"bacterium","gram_status":"Gram	HC50	381.4	uM	1.5	TI = median toxicity_conc / min_MIC (same unit family)
doi__10.3390_toxins12080484	OSc	256.0	uM	{"class":"bacterium","gram_status":"Gram	HC50	512.0	uM	2.0	TI = median toxicity_conc / min_MIC (same unit family)
doi__10.3390_toxins12080484	OSd	16.0	uM	{"class":"bacterium","gram_status":"Gram	HC50	512.0	uM	32.0	TI = median toxicity_conc / min_MIC (same unit family)
doi__10.3390_toxins12080484	OSe	4.0	uM	{"class":"bacterium","gram_status":"Gram	HC50	64.03	uM	16.0	TI = median toxicity_conc / min_MIC (same unit family)
doi__10.3390_toxins12080484	OSf	8.0	uM	{"class":"bacterium","gram_status":"Gram	HC50	328.3	uM	41.0	TI = median toxicity_conc / min_MIC (same unit family)
doi__10.3390_toxins16070308	(p-EM-2)2K	16.0	ug/mL	{"class":"bacteria","species":"Staphyloc	HC50	45.0	ug/mL	2.8	TI = median toxicity_conc / min_MIC (same unit family)
doi__10.3390_toxins9010022	UyCT1	1.0	uM	{"class":"bacteria","species":"Micrococc	HC50	142.5	uM	142.5	TI = median toxicity_conc / min_MIC (same unit family)
doi__10.3390_toxins9010022	UyCT3	4.0	uM	{"class":"bacteria","species":"Micrococc	HC50	58.15	uM	14.5	TI = median toxicity_conc / min_MIC (same unit family)
doi__10.3390_toxins9010022	UyCT5	4.0	uM	{"class":"bacteria","species":"Micrococc	HC50	20.59	uM	5.1	TI = median toxicity_conc / min_MIC (same unit family)
doi__10.3390_toxins9010022	Uy17	15.0	uM	{"class":"bacteria","species":"Micrococc	HC50	138.4	uM	9.2	TI = median toxicity_conc / min_MIC (same unit family)
doi__10.3390_toxins9010022	Uy192	4.0	uM	{"class":"bacteria","species":"Listeria 	HC50	155.6	uM	38.9	TI = median toxicity_conc / min_MIC (same unit family)
doi__10.3390_toxins9010022	Uy234	2.0	uM	{"class":"bacteria","species":"Micrococc	HC50	104.5	uM	52.2	TI = median toxicity_conc / min_MIC (same unit family)
doi__10.3390_toxins9010022	Um2	4.0	uM	{"class":"bacteria","species":"Micrococc	HC50	129.0	uM	32.2	TI = median toxicity_conc / min_MIC (same unit family)
doi__10.3390_toxins9010022	Um3	2.0	uM	{"class":"bacteria","species":"Micrococc	HC50	126.2	uM	63.1	TI = median toxicity_conc / min_MIC (same unit family)
doi__10.3390_toxins9010022	Um5	2.0	uM	{"class":"bacteria","species":"Micrococc	HC50	59.25	uM	29.6	TI = median toxicity_conc / min_MIC (same unit family)
doi__10.3390_toxins9010022	D1	4.0	uM	{"class":"bacteria","species":"Micrococc	HC50	48.0	uM	12.0	TI = median toxicity_conc / min_MIC (same unit family)
doi__10.3390_toxins9010022	D2	4.0	uM	{"class":"bacteria","species":"Micrococc	HC50	24.48	uM	6.1	TI = median toxicity_conc / min_MIC (same unit family)
doi__10.3390_toxins9010022	D5	8.0	uM	{"class":"bacteria","species":"Micrococc	HC50	1636.0	uM	204.5	TI = median toxicity_conc / min_MIC (same unit family)
doi__10.3390_toxins9010022	D10	0.25	uM	{"class":"bacteria","species":"Micrococc	HC50	1726.0	uM	6904.0	TI = median toxicity_conc / min_MIC (same unit family)
doi__10.3390_toxins9010022	D11	0.25	uM	{"class":"bacteria","species":"Micrococc	HC50	1110.0	uM	4440.0	TI = median toxicity_conc / min_MIC (same unit family)
doi__10.7150_ijbs.23419	MP-C	2.0	uM	{"class":"bacterium","gram_status":"Gram	HC50	40.11	uM	20.1	TI = median toxicity_conc / min_MIC (same unit family)
doi__10.7150_ijbs.23419	cMP-C	32.0	uM	{"class":"bacterium","gram_status":"Gram	HC50	9.19	uM	0.3	TI = median toxicity_conc / min_MIC (same unit family)
doi__10.7150_ijbs.23419	tMP-C	2.0	uM	{"class":"bacterium","gram_status":"Gram	HC50	77.94	uM	39.0	TI = median toxicity_conc / min_MIC (same unit family)
doi__10.7717_peerj.5635	DRS-CA-1	4.0	uM	{"class":"bacteria","gram_status":"Gram-	HC50	114.7	uM	28.7	TI = median toxicity_conc / min_MIC (same unit family)
doi__10.7717_peerj.5635	DRS-DU-1	4.0	uM	{"class":"bacteria","gram_status":"Gram-	HC50	216.6	uM	54.1	TI = median toxicity_conc / min_MIC (same unit family)
doi__10.7717_peerj.5635	DP-1	32.0	uM	{"class":"fungus","gram_status":"not_app	HC50	512.0	uM	16.0	TI = median toxicity_conc / min_MIC (same unit family)
doi__10.7717_peerj.5635	DP-2	4.0	uM	{"class":"bacteria","gram_status":"Gram-	HC50	512.0	uM	128.0	TI = median toxicity_conc / min_MIC (same unit family)
pmid__36151303	A3P7	3.91	ug/mL	{"gram_status":"Gram-positive","raw_targ	MHC	1.95	ug/mL	0.5	TI = median toxicity_conc / min_MIC (same unit family)
pmid__36151303	AP19	1.95	ug/mL	{"gram_status":"Gram-negative","raw_targ	MHC	250.0	ug/mL	128.2	TI = median toxicity_conc / min_MIC (same unit family)
pmid__36151303	AP18	3.91	ug/mL	{"gram_status":"Gram-negative","raw_targ	MHC	250.0	ug/mL	63.9	TI = median toxicity_conc / min_MIC (same unit family)
pmid__36151303	AP17	7.81	ug/mL	{"gram_status":"Gram-negative","raw_targ	MHC	250.0	ug/mL	32.0	TI = median toxicity_conc / min_MIC (same unit family)
pmid__36151303	AP16	7.81	ug/mL	{"gram_status":"Gram-positive","raw_targ	MHC	250.0	ug/mL	32.0	TI = median toxicity_conc / min_MIC (same unit family)
pmid__36151303	AP15	15.63	ug/mL	{"gram_status":"Gram-positive","raw_targ	MHC	250.0	ug/mL	16.0	TI = median toxicity_conc / min_MIC (same unit family)
pmid__36151303	AP14	31.25	ug/mL	{"gram_status":"Gram-positive","raw_targ	MHC	250.0	ug/mL	8.0	TI = median toxicity_conc / min_MIC (same unit family)
pmid__36151303	AP13	62.5	ug/mL	{"gram_status":"Gram-negative","raw_targ	MHC	250.0	ug/mL	4.0	TI = median toxicity_conc / min_MIC (same unit family)
pmid__36151303	AP12	125.0	ug/mL	{"gram_status":"Gram-negative","raw_targ	MHC	250.0	ug/mL	2.0	TI = median toxicity_conc / min_MIC (same unit family)
pmid__36151303	Melittin	3.91	ug/mL	{"gram_status":"Gram-negative","raw_targ	MHC	0.98	ug/mL	0.3	TI = median toxicity_conc / min_MIC (same unit family)
doi__10.1038_s41467-018-03746-3	Guavanin 2	6.25	uM	{"class": "bacteria", "species": "Escher	LC50	200.0	uM	32.0	TI = median toxicity_conc / min_MIC (same unit family)
doi__10.1038_s41598-022-20236-1	A3P7	3.91	ug/mL	{"class": "bacteria", "species": "Lister	MHC	1.95	ug/mL	0.5	TI = median toxicity_conc / min_MIC (same unit family)
doi__10.1038_s41598-022-20236-1	AP19	1.95	ug/mL	{"class": "bacteria", "species": "Salmon	MHC	250.0	ug/mL	128.2	TI = median toxicity_conc / min_MIC (same unit family)
doi__10.1038_s41598-022-20236-1	AP18	3.91	ug/mL	{"class": "bacteria", "species": "Pseudo	MHC	250.0	ug/mL	63.9	TI = median toxicity_conc / min_MIC (same unit family)
doi__10.1038_s41598-022-20236-1	AP17	7.81	ug/mL	{"class": "bacteria", "species": "Salmon	MHC	250.0	ug/mL	32.0	TI = median toxicity_conc / min_MIC (same unit family)
doi__10.1038_s41598-022-20236-1	AP16	7.81	ug/mL	{"class": "bacteria", "species": "Staphy	MHC	250.0	ug/mL	32.0	TI = median toxicity_conc / min_MIC (same unit family)
doi__10.1038_s41598-022-20236-1	AP15	15.63	ug/mL	{"class": "bacteria", "species": "Staphy	MHC	250.0	ug/mL	16.0	TI = median toxicity_conc / min_MIC (same unit family)
doi__10.1038_s41598-022-20236-1	AP14	31.25	ug/mL	{"class": "bacteria", "species": "Staphy	MHC	250.0	ug/mL	8.0	TI = median toxicity_conc / min_MIC (same unit family)
doi__10.1038_s41598-022-20236-1	AP13	62.5	ug/mL	{"class": "bacteria", "species": "Salmon	MHC	250.0	ug/mL	4.0	TI = median toxicity_conc / min_MIC (same unit family)
doi__10.1038_s41598-022-20236-1	AP12	125.0	ug/mL	{"class": "bacteria", "species": "Escher	MHC	250.0	ug/mL	2.0	TI = median toxicity_conc / min_MIC (same unit family)
doi__10.1038_s41598-022-20236-1	Melittin	3.91	ug/mL	{"class": "bacteria", "species": "Acinet	MHC	0.98	ug/mL	0.3	TI = median toxicity_conc / min_MIC (same unit family)
doi__10.1002_pro.70083	HoSa1	16.0	ug/mL	Escherichia coli ATCC 25922	HC50	128.0	ug/mL	8.0	TI = median toxicity_conc / min_MIC (same unit family)
doi__10.1002_pro.70083	DiDi2	16.0	ug/mL	Escherichia coli ATCC 25922	HC50	128.0	ug/mL	8.0	TI = median toxicity_conc / min_MIC (same unit family)
doi__10.1002_pro.70083	DaRe1	32.0	ug/mL	Escherichia coli ATCC 25922	HC50	128.0	ug/mL	4.0	TI = median toxicity_conc / min_MIC (same unit family)
doi__10.1002_pro.70083	PlVi1	4.0	ug/mL	Escherichia coli ATCC 25922	HC50	128.0	ug/mL	32.0	TI = median toxicity_conc / min_MIC (same unit family)
doi__10.1002_pro.70083	HoSa4	32.0	ug/mL	Escherichia coli ATCC 25922	HC50	128.0	ug/mL	4.0	TI = median toxicity_conc / min_MIC (same unit family)
doi__10.1002_pro.70083	ArTh11	64.0	ug/mL	Escherichia coli ATCC 25922	HC50	128.0	ug/mL	2.0	TI = median toxicity_conc / min_MIC (same unit family)
doi__10.1002_pro.70083	SuSc1	128.0	ug/mL	Escherichia coli ATCC 25922	HC50	128.0	ug/mL	1.0	TI = median toxicity_conc / min_MIC (same unit family)
doi__10.1002_pro.70083	GaGa2	128.0	ug/mL	Escherichia coli ATCC 25922	HC50	128.0	ug/mL	1.0	TI = median toxicity_conc / min_MIC (same unit family)
doi__10.1002_pro.70083	GoGo1	64.0	ug/mL	Escherichia coli ATCC 25922	HC50	128.0	ug/mL	2.0	TI = median toxicity_conc / min_MIC (same unit family)
doi__10.1002_pro.70083	UnBi1	128.0	ug/mL	Escherichia coli ATCC 25922	HC50	128.0	ug/mL	1.0	TI = median toxicity_conc / min_MIC (same unit family)
doi__10.1007_s10096-008-0553-z	dhvar5	3.6	uM	Aspergillus fumigatus conidia	significant hemolysis threshol	16.0	uM	4.4	TI = median toxicity_conc / min_MIC (same unit family)
doi__10.1007_s10096-008-0553-z	hLF(1-11)	5.0	uM	Aspergillus fumigatus conidia	no hemolysis observed	200.0	uM	40.0	TI = median toxicity_conc / min_MIC (same unit family)
doi__10.1007_s10096-008-0553-z	UBI 18-35	18.0	uM	Aspergillus fumigatus conidia	significant hemolysis threshol	20.0	uM	1.1	TI = median toxicity_conc / min_MIC (same unit family)
doi__10.1016_j.dci.2019.103574	PcAst-1a	32.0	uM	Staphylococcus aureus ATCC 29213	no observable cytotoxicity up 	100.0	uM	3.1	TI = median toxicity_conc / min_MIC (same unit family)
doi__10.1016_j.dci.2019.103574	PcAst-1b/c	1.0	uM	Escherichia coli ATCC 25922	no observable cytotoxicity up 	100.0	uM	100.0	TI = median toxicity_conc / min_MIC (same unit family)
doi__10.1016_j.dci.2019.103574	PcAst-2	8.0	uM	Acinetobacter baumannii ATCC 19606	no observable cytotoxicity up 	100.0	uM	12.5	TI = median toxicity_conc / min_MIC (same unit family)
doi__10.1021_acs.langmuir.6b03477	L1	15.6	ug/mL	methicillin-resistant Staphylococcus aur	HC50	250.0	ug/mL	16.0	TI = median toxicity_conc / min_MIC (same unit family)
doi__10.1021_acs.langmuir.6b03477	C1	3.9	ug/mL	methicillin-resistant Staphylococcus aur	HC50	250.0	ug/mL	64.1	TI = median toxicity_conc / min_MIC (same unit family)
doi__10.1021_acs.langmuir.6b03477	L2	125.0	ug/mL	methicillin-resistant Staphylococcus aur	HC50	250.0	ug/mL	2.0	TI = median toxicity_conc / min_MIC (same unit family)
doi__10.1021_acs.langmuir.6b03477	C2	31.3	ug/mL	methicillin-resistant Staphylococcus aur	HC50	250.0	ug/mL	8.0	TI = median toxicity_conc / min_MIC (same unit family)
doi__10.1016_j.toxicon.2010.09.010	DRS-DI4	22.0	uM	Enterococcus faecalis	hemolytic effect observed	36.0	uM	1.6	TI = median toxicity_conc / min_MIC (same unit family)
doi__10.1080_14786419.2019.1644636	E2/1 (esculentin-2 HYba1)	9.3	uM	Gram-positive bacteria (panel geometric 	HC50	10.0	uM	1.1	TI = median toxicity_conc / min_MIC (same unit family)
doi__10.1080_14786419.2019.1644636	E2/1-NH2 (esculentin-2 HYba1 amidated)	4.9	uM	Gram-positive bacteria (panel geometric 	HC50	15.0	uM	3.1	TI = median toxicity_conc / min_MIC (same unit family)
doi__10.1080_14786419.2019.1644636	E2/2 (esculentin-2 HYba2)	9.5	uM	Gram-positive bacteria (panel geometric 	HC50	10.0	uM	1.1	TI = median toxicity_conc / min_MIC (same unit family)
doi__10.1080_14786419.2019.1644636	E2/2-NH2 (esculentin-2 HYba2 amidated)	5.5	uM	Gram-positive bacteria (panel geometric 	HC50	12.0	uM	2.2	TI = median toxicity_conc / min_MIC (same unit family)
doi__10.1186_s40543-021-00264-8	Magainin II	8.0	uM	Bacillus subtilis	HC50	200.0	uM	25.0	TI = median toxicity_conc / min_MIC (same unit family)
doi__10.1186_s40543-021-00264-8	K-(magainin II)2	2.0	uM	Bacillus subtilis	HC50	8.5	uM	4.2	TI = median toxicity_conc / min_MIC (same unit family)
doi__10.1186_s40543-021-00264-8	Buforin II	4.0	uM	Salmonella Typhimurium	HC50	200.0	uM	50.0	TI = median toxicity_conc / min_MIC (same unit family)
doi__10.1186_s40543-021-00264-8	K-(buforin II)2	0.5	uM	Bacillus subtilis	HC50	200.0	uM	400.0	TI = median toxicity_conc / min_MIC (same unit family)
doi__10.1248_cpb.c23-00465	Stripe	1.6	uM	Salmonella enterica NBRC 100797	hemolysis	100.0	uM	62.5	TI = median toxicity_conc / min_MIC (same unit family)
doi__10.1248_cpb.c23-00465	StripeLD	6.3	uM	Salmonella enterica NBRC 100797	hemolysis	100.0	uM	15.9	TI = median toxicity_conc / min_MIC (same unit family)
doi__10.1248_cpb.c23-00465	AltStripe	100.0	uM	Escherichia coli DH5α	hemolysis	100.0	uM	1.0	TI = median toxicity_conc / min_MIC (same unit family)
doi__10.1248_cpb.c23-00465	AltStripeLD	12.5	uM	Salmonella enterica NBRC 100797	hemolysis	100.0	uM	8.0	TI = median toxicity_conc / min_MIC (same unit family)
doi__10.3892_etm.2016.3578	fowlicidin-2 (recombinant)	1.0	uM	Escherichia coli 25922	HC50	128.0	uM	128.0	TI = median toxicity_conc / min_MIC (same unit family)
doi__10.1074_jbc.m112.359067	D-LAK120	0.62	uM	Escherichia coli TOP10	HC50	4.06	uM	6.5	TI = median toxicity_conc / min_MIC (same unit family)
doi__10.1074_jbc.m112.359067	D-LAK120-P13	0.58	uM	Escherichia coli TOP10	HC50	11.66	uM	20.1	TI = median toxicity_conc / min_MIC (same unit family)
doi__10.1074_jbc.m112.359067	D-LAK120-A	0.38	uM	Escherichia coli TOP10	HC50	17.42	uM	45.8	TI = median toxicity_conc / min_MIC (same unit family)
doi__10.1074_jbc.m112.359067	D-LAK120-AP13	0.29	uM	Escherichia coli TOP10	HC50	58.61	uM	202.1	TI = median toxicity_conc / min_MIC (same unit family)
doi__10.1074_jbc.m112.359067	D-LAK120-H	0.4	uM	Escherichia coli TOP10	HC50	20.29	uM	50.7	TI = median toxicity_conc / min_MIC (same unit family)
doi__10.1128_aac.46.11.3585-3590.2002	Ib-M (family)	1.6	uM	Escherichia coli O157:H7	CC50	197.5	uM	123.4	TI = median toxicity_conc / min_MIC (same unit family)
doi__10.1128_aac.46.11.3585-3590.2002	IbM1/NpOH@Qui (Ib-M1 bioconjugated to chitosan-coated iron oxide nanoparticles)	12.5	uM	Escherichia coli O157:H7 (ATCC 43888)	CC50	25.0	uM	2.0	TI = median toxicity_conc / min_MIC (same unit family)
doi__10.1134_s1068162024030087	AmBRI-44a	0.25	uM	Bacillus licheniformis B-511 (WT)	hemolysis	64.0	uM	256.0	TI = median toxicity_conc / min_MIC (same unit family)
doi__10.4172_2327-5073.1000291	TN1	2.0	ug/mL	Escherichia coli ATCC 25922	HC50	16.0	ug/mL	8.0	TI = median toxicity_conc / min_MIC (same unit family)
doi__10.4172_2327-5073.1000291	TN3	4.0	ug/mL	Escherichia coli ATCC 25922	HC50	64.0	ug/mL	16.0	TI = median toxicity_conc / min_MIC (same unit family)
doi__10.4172_2327-5073.1000291	TN6	4.0	ug/mL	Staphylococcus aureus ATCC 29213	HC50	64.0	ug/mL	16.0	TI = median toxicity_conc / min_MIC (same unit family)
doi__10.1007_s00253-010-2748-3	CSA-13	1.0	ug/mL	Pseudomonas aeruginosa (8 strains, plank	plasma membrane permeabilizati	20.0	ug/mL	20.0	TI = median toxicity_conc / min_MIC (same unit family)
doi__10.1002_cmdc.201200016	Compound 4 (fusaricidin analog, 12-ADA tail, depsipeptide)	128.0	ug/mL	S. aureus ATCC 33591	cytotoxicity (highly cytotoxic	150.0	ug/mL	1.2	TI = median toxicity_conc / min_MIC (same unit family)
doi__10.1002_cmdc.201200016	Compound 6 (fusaricidin A/LI-F04a analog, 12-GDA tail, Val3, depsipeptide)	8.0	ug/mL	S. aureus ATCC 29213	cytotoxicity (highly cytotoxic	90.0	ug/mL	11.2	TI = median toxicity_conc / min_MIC (same unit family)
doi__10.1002_ddr.21601	Peptide 2	128.0	uM	Pseudomonas aeruginosa PAO1	hemolysis	128.0	uM	1.0	TI = median toxicity_conc / min_MIC (same unit family)
doi__10.1002_ddr.21601	Peptide 10	128.0	uM	Pseudomonas aeruginosa PAO1	hemolysis	128.0	uM	1.0	TI = median toxicity_conc / min_MIC (same unit family)
doi__10.1007_s00726-013-1470-8	senegalin	50.0	uM	Staphylococcus aureus	hemolysis	150.0	uM	3.0	TI = median toxicity_conc / min_MIC (same unit family)
doi__10.1007_s00726-010-0618-z	SD-8	1.0	ug/mL	Gram-positive pathogens (major group)	minimum hemolytic concentratio	180.0	ug/mL	180.0	TI = median toxicity_conc / min_MIC (same unit family)
doi__10.1007_s00726-018-2638-z	CM11	16.0	ug/mL	Pseudomonas aeruginosa (XDR clinical iso	cytotoxicity_safe_concentratio	48.0	ug/mL	3.0	TI = median toxicity_conc / min_MIC (same unit family)
doi__10.1007_s10529-017-2312-7	catesbeianin-1	3.1	ug/mL	Staphylococcus aureus (MRSA)	HC50	200.0	ug/mL	64.5	TI = median toxicity_conc / min_MIC (same unit family)
doi__10.1007_s11274-013-1360-y	temporin-1RNa	3.13	uM	Gram-positive bacteria	HC50	100.0	uM	31.9	TI = median toxicity_conc / min_MIC (same unit family)
doi__10.1007_s11274-013-1360-y	temporin-1RNb	3.13	uM	Gram-positive bacteria	HC50	100.0	uM	31.9	TI = median toxicity_conc / min_MIC (same unit family)
doi__10.1007_s11274-013-1461-7	cyclo(L-Pro-L-Trp)	1.0	ug/mL	Trichophyton rubrum	CC50	200.0	ug/mL	200.0	TI = median toxicity_conc / min_MIC (same unit family)
doi__10.1007_s11274-013-1575-y	CM11	4.0	ug/mL	Salmonella typhimurium (MDR isolates)	CC50 (cytotoxicity, MTT)	6.0	ug/mL	1.5	TI = median toxicity_conc / min_MIC (same unit family)
doi__10.1007_s12602-020-09716-w	rCf-ALF2	5.0	uM	Staphylococcus aureus	hemolysis	20.0	uM	4.0	TI = median toxicity_conc / min_MIC (same unit family)
doi__10.1007_s12602-012-9123-x	subtilosin	60.0	ug/mL	Micrococcus luteus ATCC 10240	CC50	314.0	ug/mL	5.2	TI = median toxicity_conc / min_MIC (same unit family)
doi__10.1016_j.chom.2023.07.001	CBPZ-GSK24	2.0	uM	Escherichia coli AIC222	HC50	31.8	uM	15.9	TI = median toxicity_conc / min_MIC (same unit family)
doi__10.1016_j.chom.2023.07.001	A7E2T1-SPR29	8.0	uM	Acinetobacter baumannii ATCC19606	HC50	62.39	uM	7.8	TI = median toxicity_conc / min_MIC (same unit family)
doi__10.1016_j.chom.2023.07.001	CALR-GWT20	64.0	uM	Acinetobacter baumannii ATCC19606	CC50	19.28	uM	0.3	TI = median toxicity_conc / min_MIC (same unit family)
doi__10.1016_j.chom.2023.07.001	TKN1-SSI27	64.0	uM	Acinetobacter baumannii ATCC19606	CC50	40.27	uM	0.6	TI = median toxicity_conc / min_MIC (same unit family)
doi__10.1016_j.chom.2023.07.001	PDB6I34D-ALQ29	32.0	uM	Pseudomonas aeruginosa (PA01 and PA14)	CC50	128.0	uM	4.0	TI = median toxicity_conc / min_MIC (same unit family)
doi__10.1016_j.chom.2023.07.001	A0A0S2IB02-AYT38	128.0	uM	Pseudomonas aeruginosa PA01	HC50	108.06	uM	0.8	TI = median toxicity_conc / min_MIC (same unit family)
doi__10.1016_j.chom.2023.07.001	A0A343EQH0-NVK38	128.0	uM	Pseudomonas aeruginosa PA01	HC50	91.36	uM	0.7	TI = median toxicity_conc / min_MIC (same unit family)
doi__10.1016_j.chom.2023.07.001	A0A343EQH4-LAM11	128.0	uM	Acinetobacter baumannii ATCC19606	CC50	128.0	uM	1.0	TI = median toxicity_conc / min_MIC (same unit family)
doi__10.1016_j.chom.2023.07.001	A0A384E0N4-DLI09	128.0	uM	Acinetobacter baumannii ATCC19606	CC50	128.0	uM	1.0	TI = median toxicity_conc / min_MIC (same unit family)
doi__10.1021_jacs.6b11861	syn-BNP 1	2.0	ug/mL	Enterobacter cloacae	cytotoxicity	64.0	ug/mL	32.0	TI = median toxicity_conc / min_MIC (same unit family)
doi__10.1021_jm800886n	GS (gramicidin S)	6.7	uM	Listeria monocytogenes	HC50	21.1	uM	3.1	TI = median toxicity_conc / min_MIC (same unit family)
doi__10.1021_jm800886n	Analogue 1	2.4	uM	Listeria monocytogenes	HC50	7.0	uM	2.9	TI = median toxicity_conc / min_MIC (same unit family)
doi__10.1021_jm800886n	Analogue 2	2.9	uM	Staphylococcus aureus	HC50	5.0	uM	1.7	TI = median toxicity_conc / min_MIC (same unit family)
doi__10.1021_jm800886n	Analogue 3	4.6	uM	Staphylococcus aureus	HC50	7.1	uM	1.5	TI = median toxicity_conc / min_MIC (same unit family)
doi__10.1021_jm800886n	Analogue 4	3.4	uM	Staphylococcus aureus	HC50	8.6	uM	2.5	TI = median toxicity_conc / min_MIC (same unit family)
doi__10.1021_jm800886n	Analogue 5	8.0	uM	Staphylococcus aureus	HC50	6.2	uM	0.8	TI = median toxicity_conc / min_MIC (same unit family)
doi__10.1021_jm800886n	Analogue 6	4.9	uM	Staphylococcus aureus	HC50	50.0	uM	10.2	TI = median toxicity_conc / min_MIC (same unit family)
doi__10.1021_jm100143f	Gramicidin S (GS)	7.9	uM	Staphylococcus aureus	HC50	21.1	uM	2.7	TI = median toxicity_conc / min_MIC (same unit family)
doi__10.1021_jm100143f	GS analog 1 [D-Pro-Phe]	15.8	uM	Staphylococcus aureus	HC50	78.7	uM	5.0	TI = median toxicity_conc / min_MIC (same unit family)
doi__10.1021_jm100143f	GS analog 2 [D-Pro-Dip]	3.4	uM	Listeria monocytogenes	HC50	34.0	uM	10.0	TI = median toxicity_conc / min_MIC (same unit family)
doi__10.1021_jm100143f	GS analog 3 [D-Pro-Flg]	2.2	uM	Staphylococcus aureus	HC50	2.1	uM	1.0	TI = median toxicity_conc / min_MIC (same unit family)
doi__10.1021_jm100143f	GS analog 5 [D-Pro-Tic]	2.4	uM	Staphylococcus aureus	HC50	7.7	uM	3.2	TI = median toxicity_conc / min_MIC (same unit family)
doi__10.1021_jm100143f	GS analog 6 [D-Pro-(R,R)c3diPhe]	3.2	uM	Staphylococcus aureus	HC50	26.0	uM	8.1	TI = median toxicity_conc / min_MIC (same unit family)
doi__10.1021_jm100143f	GS analog 7 [D-Pro-(S,S)c3diPhe]	25.8	uM	Staphylococcus aureus	HC50	60.0	uM	2.3	TI = median toxicity_conc / min_MIC (same unit family)
doi__10.1021_jm100143f	GS analog 8 [D-Pro-Ac3c]	30.0	uM	Staphylococcus aureus	HC50	60.0	uM	2.0	TI = median toxicity_conc / min_MIC (same unit family)
doi__10.1021_jm100143f	GS analog 9 [D-Pro-(S,S)c3Phe]	30.0	uM	Staphylococcus aureus	HC50	60.0	uM	2.0	TI = median toxicity_conc / min_MIC (same unit family)
doi__10.1021_jm100143f	GS analog 10 [D-Pro-(R,R)c3Phe]	30.0	uM	Staphylococcus aureus	HC50	60.0	uM	2.0	TI = median toxicity_conc / min_MIC (same unit family)
doi__10.1021_jm100143f	GS analog 11 [D-Pro-(S,R)c3Phe]	30.0	uM	Staphylococcus aureus	HC50	57.0	uM	1.9	TI = median toxicity_conc / min_MIC (same unit family)
doi__10.1021_jm100143f	GS analog 12 [D-Pro-(R,S)c3Phe]	30.0	uM	Staphylococcus aureus	HC50	60.0	uM	2.0	TI = median toxicity_conc / min_MIC (same unit family)
doi__10.1021_jm100143f	GS analog 13 [D-Pro-(αMe)Phe]	6.8	uM	Listeria monocytogenes	HC50	56.5	uM	8.3	TI = median toxicity_conc / min_MIC (same unit family)
doi__10.1007_s00726-023-03290-5	PMAP-23	4.0	uM	MRSA (methicillin-resistant Staphylococc	HC50	256.0	uM	64.0	TI = median toxicity_conc / min_MIC (same unit family)
doi__10.1007_s00726-023-03290-5	PMAP-NC	2.0	uM	MRSA (methicillin-resistant Staphylococc	HC50	256.0	uM	128.0	TI = median toxicity_conc / min_MIC (same unit family)
doi__10.1128_aac.00656-08	c16KKc12K	3.0	ug/mL	Staphylococcus aureus	LC50	15.0	ug/mL	5.0	TI = median toxicity_conc / min_MIC (same unit family)
doi__10.1128_aac.00656-08	c16(ω7)KKc12K	3.0	ug/mL	Staphylococcus aureus	LC50	8.5	ug/mL	2.8	TI = median toxicity_conc / min_MIC (same unit family)
doi__10.1128_aac.01080-10	Npent-1	3.9	ug/mL	Bacillus subtilis	HD50	128.0	ug/mL	32.8	TI = median toxicity_conc / min_MIC (same unit family)
doi__10.1128_aac.01080-10	Ndec-1	4.0	ug/mL	Bacillus subtilis	HD50	40.0	ug/mL	10.0	TI = median toxicity_conc / min_MIC (same unit family)
doi__10.1128_aac.01080-10	19mer	2.9	ug/mL	Bacillus subtilis	HD50	365.0	ug/mL	125.9	TI = median toxicity_conc / min_MIC (same unit family)
doi__10.1128_aac.01080-10	Npent-19mer	1.8	ug/mL	Bacillus subtilis	HD50	190.0	ug/mL	105.6	TI = median toxicity_conc / min_MIC (same unit family)
doi__10.1128_aac.01080-10	Ndec-19mer	6.2	ug/mL	Bacillus subtilis	HD50	69.0	ug/mL	11.1	TI = median toxicity_conc / min_MIC (same unit family)
doi__10.1128_aac.01080-10	16mer	126.0	ug/mL	Escherichia coli	HD50	252.0	ug/mL	2.0	TI = median toxicity_conc / min_MIC (same unit family)
doi__10.1128_aac.01080-10	Npent-16mer	4.1	ug/mL	Bacillus subtilis	HD50	266.0	ug/mL	64.9	TI = median toxicity_conc / min_MIC (same unit family)
doi__10.1128_aac.01080-10	Ndec-16mer	2.2	ug/mL	Bacillus subtilis	HD50	106.0	ug/mL	48.2	TI = median toxicity_conc / min_MIC (same unit family)
doi__10.1128_aac.01080-10	Ndec-14mer	6.8	ug/mL	Bacillus subtilis	HD50	215.0	ug/mL	31.6	TI = median toxicity_conc / min_MIC (same unit family)
doi__10.1128_aac.01080-10	Ntridec-14mer	1.8	ug/mL	Bacillus subtilis	HD50	224.0	ug/mL	124.4	TI = median toxicity_conc / min_MIC (same unit family)
doi__10.1128_aac.01080-10	Pexiganan	3.9	ug/mL	Bacillus subtilis	HD50	495.0	ug/mL	126.9	TI = median toxicity_conc / min_MIC (same unit family)
doi__10.1128_aac.01080-10	Melittin	4.5	ug/mL	Bacillus subtilis	HD50	17.1	ug/mL	3.8	TI = median toxicity_conc / min_MIC (same unit family)