paper_id,category,recommended_action,source_path,title,year,journal,doi,pmid,pmcid,primary_xml_count,primary_pdf_count,any_xml_count,any_pdf_count,package_file_count,supplementary_file_count,availability_level,availability_reasons
doi__10.1002_adbi.201700259,metadata_only,attempt_external_primary_fulltext_then_inventory_existing_supplementary_assets,/mnt/d/work/抗菌肽/数据库/merged_amp_corpus/landed_assets/papers/doi__10.1002_adbi.201700259,Amino Acid Composition Determines Peptide Activity Spectrum and Hot-Spot-Based Design of Merecidin.,2018,Adv Biosyst,10.1002/adbi.201700259,30800727,PMC6379907,0,0,0,0,0,10,fulltext_or_xml,f;u;l;l;t;e;x;t;_;s;i;g;n;a;l;;;o;p;e;n;a;l;e;x;_;l;a;n;d;i;n;g
doi__10.1002_adfm.201606623,weak_source,recover_or_stage_primary_xml_then_build_material_packet,/mnt/d/work/抗菌肽/数据库/merged_amp_corpus/landed_assets/papers/doi__10.1002_adfm.201606623,Controlled Release of LL-37-Derived Synthetic Antimicrobial and Anti-Biofilm Peptides SAAP-145 and SAAP-276 Prevents Experimental Biomaterial-Associated Staphylococcus aureus Infection,2017,Adv Funct Mater,10.1002/adfm.201606623,,,0,1,0,1,0,0,direct_pdf,o;p;e;n;a;l;e;x;_;p;d;f;;;o;p;e;n;a;l;e;x;_;l;a;n;d;i;n;g;;;f;u;l;l;t;e;x;t;_;s;i;g;n;a;l;;;c;r;o;s;s;r;e;f;_;i;d;e;n;t;i;f;i;e;r
doi__10.1002_bip.20911,metadata_only,attempt_external_primary_fulltext_then_inventory_existing_supplementary_assets,/mnt/d/work/抗菌肽/数据库/merged_amp_corpus/landed_assets/papers/doi__10.1002_bip.20911,Effects of net charge and the number of positively charged residues on the biological activity of amphipathic alpha-helical cationic antimicrobial peptides.,2007,Biopolymers,10.1002/bip.20911,18098173,PMC2761230,0,0,0,0,0,7,fulltext_or_xml,f;u;l;l;t;e;x;t;_;s;i;g;n;a;l;;;o;p;e;n;a;l;e;x;_;l;a;n;d;i;n;g
doi__10.1002_bip.22624,metadata_only,attempt_external_primary_fulltext_then_inventory_existing_supplementary_assets,/mnt/d/work/抗菌肽/数据库/merged_amp_corpus/landed_assets/papers/doi__10.1002_bip.22624,Functional characterization of a melittin analog containing a non-natural tryptophan analog.,2015,Biopolymers,10.1002/bip.22624,25670241,PMC4516667,0,0,0,0,0,10,fulltext_or_xml,f;u;l;l;t;e;x;t;_;s;i;g;n;a;l;;;o;p;e;n;a;l;e;x;_;l;a;n;d;i;n;g
doi__10.1002_bip.22925,weak_source,recover_or_stage_primary_xml_then_build_material_packet,/mnt/d/work/抗菌肽/数据库/merged_amp_corpus/landed_assets/papers/doi__10.1002_bip.22925,Ocellatin-PT antimicrobial peptides: High-resolution microscopy studies in antileishmania models and interactions with mimetic membrane systems.,2016,Biopolymers,10.1002/bip.22925,27463422,,0,1,0,1,0,0,landing_page,o;p;e;n;a;l;e;x;_;l;a;n;d;i;n;g
doi__10.1002_bit.27092,metadata_only,attempt_external_primary_fulltext_then_inventory_existing_supplementary_assets,/mnt/d/work/抗菌肽/数据库/merged_amp_corpus/landed_assets/papers/doi__10.1002_bit.27092,Identification and elucidation of proline-rich antimicrobial peptides with enhanced potency and delivery.,2019,Biotechnol Bioeng,10.1002/bit.27092,31209863,PMC6726534,0,0,0,0,0,7,fulltext_or_xml,f;u;l;l;t;e;x;t;_;s;i;g;n;a;l;;;o;p;e;n;a;l;e;x;_;l;a;n;d;i;n;g
doi__10.1002_cbic.201100450,metadata_only,attempt_external_primary_fulltext_then_inventory_existing_supplementary_assets,/mnt/d/work/抗菌肽/数据库/merged_amp_corpus/landed_assets/papers/doi__10.1002_cbic.201100450,A Synthetic mirror image of kalata B1 reveals that cyclotide activity is independent of a protein receptor.,2011,Chembiochem,10.1002/cbic.201100450,21928440,PMC6364095,0,0,0,0,0,8,fulltext_or_xml,f;u;l;l;t;e;x;t;_;s;i;g;n;a;l;;;o;p;e;n;a;l;e;x;_;l;a;n;d;i;n;g
doi__10.1002_cbic.201900707,metadata_only,attempt_external_primary_fulltext_then_inventory_existing_supplementary_assets,/mnt/d/work/抗菌肽/数据库/merged_amp_corpus/landed_assets/papers/doi__10.1002_cbic.201900707,"Discovery of Ubonodin, an Antimicrobial Lasso Peptide Active against Members of the Burkholderia cepacia Complex",2019,Chembiochem.,10.1002/cbic.201900707,31765515,PMC7205569,0,0,0,0,0,6,fulltext_or_xml,f;u;l;l;t;e;x;t;_;s;i;g;n;a;l;;;o;p;e;n;a;l;e;x;_;l;a;n;d;i;n;g
doi__10.1002_cbic.202400586,weak_source,recover_or_stage_primary_xml_then_build_material_packet,/mnt/d/work/抗菌肽/数据库/merged_amp_corpus/landed_assets/papers/doi__10.1002_cbic.202400586,"Discovery and Heterologous Expression of Trilenodin, an Antimicrobial Lasso Peptide with a Unique Tri-isoleucine Motif.",2024,Chembiochem.,10.1002/cbic.202400586,39225753,PMC11664905,0,2,1,2,2,0,direct_pdf,l;o;c;a;l;_;p;d;f;;;l;o;c;a;l;_;x;m;l;;;l;o;c;a;l;_;p;a;c;k;a;g;e;;;l;o;c;a;l;_;s;u;p;p;l;e;m;e;n;t;a;r;y;;;o;p;e;n;a;l;e;x;_;p;d;f;;;o;p;e;n;a;l;e;x;_;l;a;n;d;i;n;g;;;f;u;l;l;t;e;x;t;_;s;i;g;n;a;l
doi__10.1002_chem.201801423,weak_source,recover_or_stage_primary_xml_then_build_material_packet,/mnt/d/work/抗菌肽/数据库/merged_amp_corpus/landed_assets/papers/doi__10.1002_chem.201801423,"Rational Design and Synthesis of Modified Teixobactin Analogues: In Vitro Antibacterial Activity against Staphylococcus aureus, Propionibacterium acnes and Pseudomonas aeruginosa.",2018,Chemistry,10.1002/chem.201801423,29741277,,0,1,0,1,0,0,direct_pdf,o;p;e;n;a;l;e;x;_;p;d;f;;;o;p;e;n;a;l;e;x;_;l;a;n;d;i;n;g
doi__10.1002_cmdc.201200016,metadata_only,attempt_external_primary_fulltext_then_inventory_existing_supplementary_assets,/mnt/d/work/抗菌肽/数据库/merged_amp_corpus/landed_assets/papers/doi__10.1002_cmdc.201200016,"Effects of cyclic lipodepsipeptide structural modulation on stability, antibacterial activity, and human cell toxicity.",2012,ChemMedChem,10.1002/cmdc.201200016,22392790,PMC3500847,0,0,0,0,0,10,fulltext_or_xml,f;u;l;l;t;e;x;t;_;s;i;g;n;a;l;;;o;p;e;n;a;l;e;x;_;l;a;n;d;i;n;g
doi__10.1002_cmdc.201402033,metadata_only,attempt_external_primary_fulltext_then_inventory_existing_supplementary_assets,/mnt/d/work/抗菌肽/数据库/merged_amp_corpus/landed_assets/papers/doi__10.1002_cmdc.201402033,Improved bioactivity of antimicrobial peptides by addition of amino-terminal copper and nickel (ATCUN) binding motifs.,2014,ChemMedChem,10.1002/cmdc.201402033,24803240,PMC4440792,0,0,0,0,0,9,fulltext_or_xml,f;u;l;l;t;e;x;t;_;s;i;g;n;a;l;;;o;p;e;n;a;l;e;x;_;l;a;n;d;i;n;g
doi__10.1002_cmdc.201800289,weak_source,recover_or_stage_primary_xml_then_build_material_packet,/mnt/d/work/抗菌肽/数据库/merged_amp_corpus/landed_assets/papers/doi__10.1002_cmdc.201800289,Effect of Acylation on the Antimicrobial Activity of Temporin B Analogues.,2018,ChemMedChem,10.1002/cmdc.201800289,29920962,,0,1,0,1,0,0,landing_page,o;p;e;n;a;l;e;x;_;l;a;n;d;i;n;g
doi__10.1002_ddr.21601,metadata_only,attempt_external_primary_fulltext_then_inventory_existing_supplementary_assets,/mnt/d/work/抗菌肽/数据库/merged_amp_corpus/landed_assets/papers/doi__10.1002_ddr.21601,Novel antimicrobial peptide discovery using machine learning and biophysical selection of minimal bacteriocin domains.,2019,Drug Dev Res,10.1002/ddr.21601,31483516,PMC9202646,0,0,0,0,0,9,fulltext_or_xml,f;u;l;l;t;e;x;t;_;s;i;g;n;a;l;;;o;p;e;n;a;l;e;x;_;l;a;n;d;i;n;g
doi__10.1002_hep.25665,weak_source,recover_or_stage_primary_xml_then_build_material_packet,/mnt/d/work/抗菌肽/数据库/merged_amp_corpus/landed_assets/papers/doi__10.1002_hep.25665,Human apolipoprotein E peptides inhibit hepatitis C virus entry by blocking virus binding.,2012,Hepatology,10.1002/hep.25665,22334503,PMC3362681,0,1,0,1,0,10,fulltext_or_xml,f;u;l;l;t;e;x;t;_;s;i;g;n;a;l;;;o;p;e;n;a;l;e;x;_;l;a;n;d;i;n;g
doi__10.1002_hep.25685,weak_source,recover_or_stage_primary_xml_then_build_material_packet,/mnt/d/work/抗菌肽/数据库/merged_amp_corpus/landed_assets/papers/doi__10.1002_hep.25685,A human claudin-1-derived peptide inhibits hepatitis C virus entry.,2012,Hepatology,10.1002/hep.25685,22378192,PMC3406249,0,1,0,1,0,3,direct_pdf,o;p;e;n;a;l;e;x;_;p;d;f;;;o;p;e;n;a;l;e;x;_;l;a;n;d;i;n;g;;;f;u;l;l;t;e;x;t;_;s;i;g;n;a;l
doi__10.1002_j.1460-2075.1983.tb01465.x,weak_source,recover_or_stage_primary_xml_then_build_material_packet,/mnt/d/work/抗菌肽/数据库/merged_amp_corpus/landed_assets/papers/doi__10.1002_j.1460-2075.1983.tb01465.x,"Attacins, a family of antibacterial proteins from Hyalophora cecropia.",1983,EMBO J.,10.1002/j.1460-2075.1983.tb01465.x,6628360,PMC555063,0,1,0,1,0,10,direct_pdf,o;p;e;n;a;l;e;x;_;p;d;f;;;o;p;e;n;a;l;e;x;_;l;a;n;d;i;n;g;;;f;u;l;l;t;e;x;t;_;s;i;g;n;a;l
doi__10.1002_j.1460-2075.1983.tb01561.x,weak_source,recover_or_stage_primary_xml_then_build_material_packet,/mnt/d/work/抗菌肽/数据库/merged_amp_corpus/landed_assets/papers/doi__10.1002_j.1460-2075.1983.tb01561.x,"Amino acid sequence of seminalplasmin, an antimicrobial protein from bull semen.",1983,EMBO J,10.1002/j.1460-2075.1983.tb01561.x,16453469,,0,1,0,1,0,9,direct_pdf,o;p;e;n;a;l;e;x;_;p;d;f;;;o;p;e;n;a;l;e;x;_;l;a;n;d;i;n;g
doi__10.1002_j.1460-2075.1988.tb02980.x,weak_source,recover_or_stage_primary_xml_then_build_material_packet,/mnt/d/work/抗菌肽/数据库/merged_amp_corpus/landed_assets/papers/doi__10.1002_j.1460-2075.1988.tb02980.x,Leaf-specific thionins of barley-a novel class of cell wall proteins toxic to plant-pathogenic fungi and possibly involved in the defence mechanism of plants.,1988,EMBO J,10.1002/j.1460-2075.1988.tb02980.x,16453847,,0,1,0,1,0,3,landing_page,o;p;e;n;a;l;e;x;_;l;a;n;d;i;n;g
doi__10.1002_j.1460-2075.1989.tb08368.x,weak_source,recover_or_stage_primary_xml_then_build_material_packet,/mnt/d/work/抗菌肽/数据库/merged_amp_corpus/landed_assets/papers/doi__10.1002_j.1460-2075.1989.tb08368.x,Apidaecins: antibacterial peptides from honeybees.,1989,EMBO J,10.1002/j.1460-2075.1989.tb08368.x,2676519,PMC401180,0,1,0,1,0,10,direct_pdf,o;p;e;n;a;l;e;x;_;p;d;f;;;o;p;e;n;a;l;e;x;_;l;a;n;d;i;n;g;;;f;u;l;l;t;e;x;t;_;s;i;g;n;a;l
doi__10.1002_j.1460-2075.1990.tb07489.x,weak_source,recover_or_stage_primary_xml_then_build_material_packet,/mnt/d/work/抗菌肽/数据库/merged_amp_corpus/landed_assets/papers/doi__10.1002_j.1460-2075.1990.tb07489.x,The immune response in Drosophila: pattern of cecropin expression and biological activity.,1990,EMBO J,10.1002/j.1460-2075.1990.tb07489.x,2390977,PMC552014,0,1,0,1,0,2,fulltext_or_xml,f;u;l;l;t;e;x;t;_;s;i;g;n;a;l;;;o;p;e;n;a;l;e;x;_;l;a;n;d;i;n;g
doi__10.1002_j.1460-2075.1990.tb07606.x,weak_source,recover_or_stage_primary_xml_then_build_material_packet,/mnt/d/work/抗菌肽/数据库/merged_amp_corpus/landed_assets/papers/doi__10.1002_j.1460-2075.1990.tb07606.x,the secretion of colicin V.,1990,EMBO J,10.1002/j.1460-2075.1990.tb07606.x,2249654,,0,1,0,1,0,2,landing_page,o;p;e;n;a;l;e;x;_;l;a;n;d;i;n;g
doi__10.1002_j.1460-2075.1990.tb08098.x,weak_source,recover_or_stage_primary_xml_then_build_material_packet,/mnt/d/work/抗菌肽/数据库/merged_amp_corpus/landed_assets/papers/doi__10.1002_j.1460-2075.1990.tb08098.x,a compact gene cluster involved in the response to infection.,1990,EMBO J,10.1002/j.1460-2075.1990.tb08098.x,2104802,,0,1,0,1,0,6,landing_page,o;p;e;n;a;l;e;x;_;l;a;n;d;i;n;g
doi__10.1002_j.1460-2075.1991.tb07932.x,weak_source,recover_or_stage_primary_xml_then_build_material_packet,/mnt/d/work/抗菌肽/数据库/merged_amp_corpus/landed_assets/papers/doi__10.1002_j.1460-2075.1991.tb07932.x,"The andropin gene and its product, a male-specific antibacterial peptide in Drosophila melanogaster.",1991,EMBO J.,10.1002/j.1460-2075.1991.tb07932.x,1899226,PMC452624,0,1,0,1,0,10,direct_pdf,o;p;e;n;a;l;e;x;_;p;d;f;;;o;p;e;n;a;l;e;x;_;l;a;n;d;i;n;g;;;f;u;l;l;t;e;x;t;_;s;i;g;n;a;l
doi__10.1002_j.1460-2075.1991.tb07969.x,weak_source,recover_or_stage_primary_xml_then_build_material_packet,/mnt/d/work/抗菌肽/数据库/merged_amp_corpus/landed_assets/papers/doi__10.1002_j.1460-2075.1991.tb07969.x,The peptide antibiotic microcin B17 induces double-strand cleavage of DNA mediated by Escherichia coli DNA gyrase.,1991,EMBO J,10.1002/j.1460-2075.1991.tb07969.x,1846808,,0,1,0,1,0,10,direct_pdf,o;p;e;n;a;l;e;x;_;p;d;f;;;o;p;e;n;a;l;e;x;_;l;a;n;d;i;n;g
doi__10.1002_j.1460-2075.1993.tb06172.x,weak_source,recover_or_stage_primary_xml_then_build_material_packet,/mnt/d/work/抗菌肽/数据库/merged_amp_corpus/landed_assets/papers/doi__10.1002_j.1460-2075.1993.tb06172.x,Antibacterial and haemolytic peptides containing D-alloisoleucine from the skin of Bombina variegata.,1993,EMBO J,10.1002/j.1460-2075.1993.tb06172.x,8223491,PMC413935,0,1,0,1,0,10,direct_pdf,o;p;e;n;a;l;e;x;_;p;d;f;;;o;p;e;n;a;l;e;x;_;l;a;n;d;i;n;g;;;f;u;l;l;t;e;x;t;_;s;i;g;n;a;l
doi__10.1002_j.1460-2075.1995.tb07150.x,weak_source,recover_or_stage_primary_xml_then_build_material_packet,/mnt/d/work/抗菌肽/数据库/merged_amp_corpus/landed_assets/papers/doi__10.1002_j.1460-2075.1995.tb07150.x,"NK-lysin, a novel effector peptide of cytotoxic T and NK cells. Structure and cDNA cloning of the porcine form, induction by interleukin 2, antibacterial and antitumour activity.",1995,EMBO J.,10.1002/j.1460-2075.1995.tb07150.x,7737114,PMC398254,0,1,0,1,0,0,fulltext_or_xml,f;u;l;l;t;e;x;t;_;s;i;g;n;a;l;;;o;p;e;n;a;l;e;x;_;l;a;n;d;i;n;g
doi__10.1002_mnfr.200900122,weak_source,recover_or_stage_primary_xml_then_build_material_packet,/mnt/d/work/抗菌肽/数据库/merged_amp_corpus/landed_assets/papers/doi__10.1002_mnfr.200900122,"The cytotoxic effect of Bowman-Birk isoinhibitors, IBB1 and IBBD2, from soybean (Glycine max) on HT29 human colorectal cancer cells is related to their intrinsic ability to inhibit serine proteases.",2009,Mol Nutr Food Res,10.1002/mnfr.200900122,19885848,,0,1,0,1,0,2,landing_page,o;p;e;n;a;l;e;x;_;l;a;n;d;i;n;g
doi__10.1002_pro.70083,weak_source,recover_or_stage_primary_pdf_then_build_material_packet,/mnt/d/work/抗菌肽/数据库/merged_amp_corpus/landed_assets/papers/doi__10.1002_pro.70083,Mining the UniProtKB/Swiss-Prot database for antimicrobial peptides.,2025,Protein Sci.,10.1002/pro.70083,40100125,PMC11917140,1,0,2,0,1,0,direct_pdf,l;o;c;a;l;_;x;m;l;;;l;o;c;a;l;_;p;a;c;k;a;g;e;;;l;o;c;a;l;_;s;u;p;p;l;e;m;e;n;t;a;r;y;;;o;p;e;n;a;l;e;x;_;p;d;f;;;o;p;e;n;a;l;e;x;_;l;a;n;d;i;n;g;;;f;u;l;l;t;e;x;t;_;s;i;g;n;a;l
doi__10.1002_psc.1016,metadata_only,attempt_external_primary_fulltext_then_inventory_existing_supplementary_assets,/mnt/d/work/抗菌肽/数据库/merged_amp_corpus/landed_assets/papers/doi__10.1002_psc.1016,"Solution structure, antibacterial activity, and expression profile of Manduca sexta moricin.",2008,J Pept Sci,10.1002/psc.1016,18265434,PMC4356134,0,0,0,0,0,8,fulltext_or_xml,f;u;l;l;t;e;x;t;_;s;i;g;n;a;l;;;o;p;e;n;a;l;e;x;_;l;a;n;d;i;n;g
doi__10.1007_5584_2018_276,metadata_only,attempt_external_primary_fulltext_then_inventory_existing_supplementary_assets,/mnt/d/work/抗菌肽/数据库/merged_amp_corpus/landed_assets/papers/doi__10.1007_5584_2018_276,Biological Profiling of Coleoptericins and Coleoptericin-Like Antimicrobial Peptides from the Invasive Harlequin Ladybird Harmonia axyridis.,2018,Adv Exp Med Biol,10.1007/5584_2018_276,30269257,,0,0,0,0,0,10,landing_page,o;p;e;n;a;l;e;x;_;l;a;n;d;i;n;g
doi__10.1007_978-0-387-73657-0_172,metadata_only,attempt_external_primary_fulltext_then_inventory_existing_supplementary_assets,/mnt/d/work/抗菌肽/数据库/merged_amp_corpus/landed_assets/papers/doi__10.1007_978-0-387-73657-0_172,Chemical modifications of short antimicrobial peptides from insects and vertebrates to fight multi-drug resistant bacteria.,2009,Adv Exp Med Biol,10.1007/978-0-387-73657-0_172,19400239,,0,0,0,0,0,10,landing_page,o;p;e;n;a;l;e;x;_;l;a;n;d;i;n;g
doi__10.1007_978-1-62703-336-7_26,metadata_only,attempt_external_primary_fulltext_then_inventory_existing_supplementary_assets,/mnt/d/work/抗菌肽/数据库/merged_amp_corpus/landed_assets/papers/doi__10.1007_978-1-62703-336-7_26,Lipo-oligoarginine-based intracellular delivery.,2013,Methods Mol Biol,10.1007/978-1-62703-336-7_26,23546678,,0,0,0,0,0,10,landing_page,o;p;e;n;a;l;e;x;_;l;a;n;d;i;n;g
doi__10.1007_978-94-009-0775-1_6,weak_source,recover_or_stage_primary_xml_then_build_material_packet,/mnt/d/work/抗菌肽/数据库/merged_amp_corpus/landed_assets/papers/doi__10.1007_978-94-009-0775-1_6,Characterization of an anti-rice bacterial blight polypeptide LCI,1990,"Rice Genet. Newsl., 7 (",10.1007/978-94-009-0775-1_6,7,,0,1,0,1,0,10,landing_page,o;p;e;n;a;l;e;x;_;l;a;n;d;i;n;g
doi__10.1007_bf00021194,metadata_only,attempt_external_primary_fulltext_then_inventory_existing_supplementary_assets,/mnt/d/work/抗菌肽/数据库/merged_amp_corpus/landed_assets/papers/doi__10.1007_bf00021194,Nature and regulation of pistil-expressed genes in tomato.,1995,Plant Mol Biol,10.1007/bf00021194,7647301,,0,0,0,0,0,10,landing_page,o;p;e;n;a;l;e;x;_;l;a;n;d;i;n;g
doi__10.1007_bf00021195,metadata_only,attempt_external_primary_fulltext_then_inventory_existing_supplementary_assets,/mnt/d/work/抗菌肽/数据库/merged_amp_corpus/landed_assets/papers/doi__10.1007_bf00021195,Cloning and characterization of two cDNA clones encoding seed-specific antimicrobial peptides from Mirabilis jalapa L.,1995,Plant Mol. Biol,10.1007/bf00021195,7647302,,0,0,0,0,0,10,landing_page,o;p;e;n;a;l;e;x;_;l;a;n;d;i;n;g
doi__10.1007_bf00027341,metadata_only,attempt_external_primary_fulltext_then_inventory_existing_supplementary_assets,/mnt/d/work/抗菌肽/数据库/merged_amp_corpus/landed_assets/papers/doi__10.1007_bf00027341,The identification of leaf thionin as one of the main jasmonate-induced proteins of barley (Hordeum vulgare).,1992,Plant Mol Biol,10.1007/bf00027341,1377959,,0,0,0,0,0,10,landing_page,o;p;e;n;a;l;e;x;_;l;a;n;d;i;n;g
doi__10.1007_bf00042356,metadata_only,attempt_external_primary_fulltext_then_inventory_existing_supplementary_assets,/mnt/d/work/抗菌肽/数据库/merged_amp_corpus/landed_assets/papers/doi__10.1007_bf00042356,cDNA-derived identification of novel thionin precursors in Viscum album that contain highly divergent thionin domains but conserved signal and acidic polypeptide domains.,1993,Plant Mol Biol,10.1007/bf00042356,8292787,,0,0,0,0,0,10,landing_page,o;p;e;n;a;l;e;x;_;l;a;n;d;i;n;g
doi__10.1007_bf00198135,metadata_only,attempt_external_primary_fulltext_then_inventory_existing_supplementary_assets,/mnt/d/work/抗菌肽/数据库/merged_amp_corpus/landed_assets/papers/doi__10.1007_bf00198135,Macromolecular structural elucidation with solid-state NMR-derived orientational constraints.,1996,J Biomol NMR,10.1007/bf00198135,8810522,,0,0,0,0,0,10,landing_page,o;p;e;n;a;l;e;x;_;l;a;n;d;i;n;g
doi__10.1007_bf00211754,metadata_only,attempt_external_primary_fulltext_then_inventory_existing_supplementary_assets,/mnt/d/work/抗菌肽/数据库/merged_amp_corpus/landed_assets/papers/doi__10.1007_bf00211754,High-resolution solution structure of siamycin II: novel amphipathic character of a 21-residue peptide that inhibits HIV fusion.,1995,J Biomol NMR.,10.1007/bf00211754,7787424,,0,0,0,0,0,10,landing_page,o;p;e;n;a;l;e;x;_;l;a;n;d;i;n;g
doi__10.1007_bf00262442,metadata_only,attempt_external_primary_fulltext_then_inventory_existing_supplementary_assets,/mnt/d/work/抗菌肽/数据库/merged_amp_corpus/landed_assets/papers/doi__10.1007_bf00262442,Elicitor-specific induction of one member of the chitinase gene family in Arachis hypogaea.,1990,Mol Gen Genet,10.1007/bf00262442,1980004,,0,0,0,0,0,10,landing_page,o;p;e;n;a;l;e;x;_;l;a;n;d;i;n;g
doi__10.1007_bf00272349,metadata_only,attempt_external_primary_fulltext_then_inventory_existing_supplementary_assets,/mnt/d/work/抗菌肽/数据库/merged_amp_corpus/landed_assets/papers/doi__10.1007_bf00272349,A flower-specific cDNA encoding a novel thionin in tobacco.,1992,Mol Gen Genet,10.1007/bf00272349,1495489,,0,0,0,0,0,10,landing_page,o;p;e;n;a;l;e;x;_;l;a;n;d;i;n;g
doi__10.1007_bf00292077,metadata_only,attempt_external_primary_fulltext_then_inventory_existing_supplementary_assets,/mnt/d/work/抗菌肽/数据库/merged_amp_corpus/landed_assets/papers/doi__10.1007_bf00292077,"Cloning and sequencing of curA encoding curvacin A, the bacteriocin produced by Lactobacillus curvatus LTH1174.",1993,Arch Microbiol,10.1007/bf00292077,7694558,,0,0,0,0,0,10,landing_page,o;p;e;n;a;l;e;x;_;l;a;n;d;i;n;g
doi__10.1007_bf00447005,metadata_only,attempt_external_primary_fulltext_then_inventory_existing_supplementary_assets,/mnt/d/work/抗菌肽/数据库/merged_amp_corpus/landed_assets/papers/doi__10.1007_bf00447005,structural gene isolation and prepeptide sequence.,1989,Arch Microbiol,10.1007/bf00447005,2764678,,0,0,0,0,0,10,landing_page,o;p;e;n;a;l;e;x;_;l;a;n;d;i;n;g
doi__10.1007_bf01575750,metadata_only,attempt_external_primary_fulltext_then_inventory_existing_supplementary_assets,/mnt/d/work/抗菌肽/数据库/merged_amp_corpus/landed_assets/papers/doi__10.1007_bf01575750,"Purification and cloning of piscicolin 61, a bacteriocin from Carnobacterium piscicola LV61.",1994,Curr Microbiol,10.1007/bf01575750,7764997,,0,0,0,0,0,10,landing_page,o;p;e;n;a;l;e;x;_;l;a;n;d;i;n;g
doi__10.1007_bf02071881,metadata_only,attempt_external_primary_fulltext_then_inventory_existing_supplementary_assets,/mnt/d/work/抗菌肽/数据库/merged_amp_corpus/landed_assets/papers/doi__10.1007_bf02071881,The amphiphilic peptide adenoregulin enhances agonist binding to A1-adenosine receptors and [35S]GTP gamma S to brain membranes.,1995,Cell Mol Neurobiol,10.1007/bf02071881,8565049,,0,0,0,0,0,2,landing_page,o;p;e;n;a;l;e;x;_;l;a;n;d;i;n;g
doi__10.1007_bf02090781,metadata_only,attempt_external_primary_fulltext_then_inventory_existing_supplementary_assets,/mnt/d/work/抗菌肽/数据库/merged_amp_corpus/landed_assets/papers/doi__10.1007_bf02090781,"Effects of the amphiphilic peptides mastoparan and adenoregulin on receptor binding, G proteins, phosphoinositide breakdown, cyclic AMP generation, and calcium influx.",1994,Cell Mol Neurobiol,10.1007/bf02090781,7842473,,0,0,0,0,0,6,landing_page,o;p;e;n;a;l;e;x;_;l;a;n;d;i;n;g
doi__10.1007_bf02135929,metadata_only,attempt_external_primary_fulltext_then_inventory_existing_supplementary_assets,/mnt/d/work/抗菌肽/数据库/merged_amp_corpus/landed_assets/papers/doi__10.1007_bf02135929,Polypeptide anti-bacterial agent isolated from Trichoderma viride,1967,"Experientia,",10.1007/bf02135929,4962017,,0,0,0,0,0,10,landing_page,o;p;e;n;a;l;e;x;_;l;a;n;d;i;n;g
doi__10.1007_bf02138292,metadata_only,attempt_external_primary_fulltext_then_inventory_existing_supplementary_assets,/mnt/d/work/抗菌肽/数据库/merged_amp_corpus/landed_assets/papers/doi__10.1007_bf02138292,Chemical structure of circulin B.,1968,Experientia.,10.1007/bf02138292,4303114,,0,0,0,0,0,10,landing_page,o;p;e;n;a;l;e;x;_;l;a;n;d;i;n;g
doi__10.1007_bf02173216,weak_source,recover_or_stage_primary_xml_then_build_material_packet,/mnt/d/work/抗菌肽/数据库/merged_amp_corpus/landed_assets/papers/doi__10.1007_bf02173216,Two cold-inducible genes encoding lipid transfer protein LTP4 from barley show differential responses to bacterial pathogens.,1996,Mol Gen Genet,10.1007/bf02173216,8804389,,0,1,0,1,0,1,direct_pdf,o;p;e;n;a;l;e;x;_;l;a;n;d;i;n;g;;;o;p;e;n;a;l;e;x;_;p;d;f
doi__10.1007_bf02977360,metadata_only,attempt_external_primary_fulltext_then_inventory_existing_supplementary_assets,/mnt/d/work/抗菌肽/数据库/merged_amp_corpus/landed_assets/papers/doi__10.1007_bf02977360,Synthetic and biological studies on natural cyclic heptapeptide: segetalin E.,2007,Arch Pharm Res,10.1007/bf02977360,18087804,,0,0,0,0,0,10,landing_page,o;p;e;n;a;l;e;x;_;l;a;n;d;i;n;g
doi__10.1007_pl00000764,weak_source,recover_or_stage_primary_xml_then_build_material_packet,/mnt/d/work/抗菌肽/数据库/merged_amp_corpus/landed_assets/papers/doi__10.1007_pl00000764,"Penaeidins, a family of antimicrobial peptides from penaeid shrimp (Crustacea, Decapoda).",2000,Cell Mol Life Sci,10.1007/pl00000764,11028917,,0,1,0,1,0,0,landing_page,o;p;e;n;a;l;e;x;_;l;a;n;d;i;n;g
doi__10.1007_pl00006144,metadata_only,attempt_external_primary_fulltext_then_inventory_existing_supplementary_assets,/mnt/d/work/抗菌肽/数据库/merged_amp_corpus/landed_assets/papers/doi__10.1007_pl00006144,Identification and characterization of the Cecropin antibacterial protein gene locus in Drosophila virilis.,1997,J Mol Evol,10.1007/pl00006144,9060393,,0,0,0,0,0,10,landing_page,o;p;e;n;a;l;e;x;_;l;a;n;d;i;n;g
doi__10.1007_pl00006825,metadata_only,attempt_external_primary_fulltext_then_inventory_existing_supplementary_assets,/mnt/d/work/抗菌肽/数据库/merged_amp_corpus/landed_assets/papers/doi__10.1007_pl00006825,"Characterization, production, and purification of leucocin H, a two-peptide bacteriocin from Leuconostoc MF215B.",1999,Curr Microbiol,10.1007/pl00006825,10387116,,0,0,0,0,0,10,landing_page,o;p;e;n;a;l;e;x;_;l;a;n;d;i;n;g
doi__10.1007_s000110050561,metadata_only,attempt_external_primary_fulltext_pdf_xml_before_review,/mnt/d/work/抗菌肽/数据库/merged_amp_corpus/landed_assets/papers/doi__10.1007_s000110050561,Synergistic actions of antibacterial neutrophil defensins and cathelicidins.,2000,Inflamm Res,10.1007/s000110050561,10738945,,0,0,0,0,0,0,landing_page,o;p;e;n;a;l;e;x;_;l;a;n;d;i;n;g;;;n;c;b;i;_;d;o;i
doi__10.1007_s00018-004-4096-x,metadata_only,attempt_external_primary_fulltext_then_inventory_existing_supplementary_assets,/mnt/d/work/抗菌肽/数据库/merged_amp_corpus/landed_assets/papers/doi__10.1007_s00018-004-4096-x,Antimicrobial peptide induction in the haemolymph of the Mexican scorpion Centruroides limpidus limpidus in response to septic injury.,2004,Cell Mol Life Sci,10.1007/s00018-004-4096-x,15197474,PMC11138654,0,0,0,0,0,2,fulltext_or_xml,f;u;l;l;t;e;x;t;_;s;i;g;n;a;l;;;o;p;e;n;a;l;e;x;_;l;a;n;d;i;n;g
doi__10.1007_s00018-004-4149-1,metadata_only,attempt_external_primary_fulltext_then_inventory_existing_supplementary_assets,/mnt/d/work/抗菌肽/数据库/merged_amp_corpus/landed_assets/papers/doi__10.1007_s00018-004-4149-1,"The scorpine family of defensins: gene structure, alternative polyadenylation and fold recognition",2004,Cell Mol Life Sci.,10.1007/s00018-004-4149-1,15241551,PMC11146025,0,0,0,0,0,1,fulltext_or_xml,f;u;l;l;t;e;x;t;_;s;i;g;n;a;l;;;o;p;e;n;a;l;e;x;_;l;a;n;d;i;n;g
doi__10.1007_s00018-004-4461-9,metadata_only,attempt_external_primary_fulltext_then_inventory_existing_supplementary_assets,/mnt/d/work/抗菌肽/数据库/merged_amp_corpus/landed_assets/papers/doi__10.1007_s00018-004-4461-9,New antimicrobial activity for the catecholamine release-inhibitory peptide from chromogranin A.,2005,Cell Mol Life Sci,10.1007/s00018-004-4461-9,15723172,PMC11924474,0,0,0,0,0,2,fulltext_or_xml,f;u;l;l;t;e;x;t;_;s;i;g;n;a;l;;;o;p;e;n;a;l;e;x;_;l;a;n;d;i;n;g
doi__10.1007_s00018-005-5486-4,metadata_only,attempt_external_primary_fulltext_then_inventory_existing_supplementary_assets,/mnt/d/work/抗菌肽/数据库/merged_amp_corpus/landed_assets/papers/doi__10.1007_s00018-005-5486-4,Key role of glutamic acid for the cytotoxic activity of the cyclotide cycloviolacin O2,2006,Cell Mol Life Sci,10.1007/s00018-005-5486-4,16389447,,0,0,0,0,0,1,landing_page,o;p;e;n;a;l;e;x;_;l;a;n;d;i;n;g
doi__10.1007_s00018-006-6284-3,metadata_only,attempt_external_primary_fulltext_then_inventory_existing_supplementary_assets,/mnt/d/work/抗菌肽/数据库/merged_amp_corpus/landed_assets/papers/doi__10.1007_s00018-006-6284-3,Molecular characterization and expression of the antimicrobial peptide defensin from the housefly (Musca domestica).,2006,Cell Mol Life Sci,10.1007/s00018-006-6284-3,17131057,PMC11136183,0,0,0,0,0,1,fulltext_or_xml,f;u;l;l;t;e;x;t;_;s;i;g;n;a;l;;;o;p;e;n;a;l;e;x;_;l;a;n;d;i;n;g
doi__10.1007_s00018-007-7370-x,metadata_only,attempt_external_primary_fulltext_then_inventory_existing_supplementary_assets,/mnt/d/work/抗菌肽/数据库/merged_amp_corpus/landed_assets/papers/doi__10.1007_s00018-007-7370-x,Cytolytic and K+ channel blocking activities of beta-KTx and scorpine-like peptides purified from scorpion venoms.,2007,Cell Mol Life Sci,10.1007/s00018-007-7370-x,18030427,PMC11131754,0,0,0,0,0,1,fulltext_or_xml,f;u;l;l;t;e;x;t;_;s;i;g;n;a;l;;;o;p;e;n;a;l;e;x;_;l;a;n;d;i;n;g
doi__10.1007_s00018-008-8573-5,weak_source,recover_or_stage_primary_xml_and_primary_pdf_then_build_material_packet,/mnt/d/work/抗菌肽/数据库/merged_amp_corpus/landed_assets/papers/doi__10.1007_s00018-008-8573-5,Common evolution of waprin and Kunitz-like toxin families in Australian venomous snakes.,2008,Cell Mol Life Sci,10.1007/s00018-008-8573-5,18979207,,0,0,0,1,0,3,package_or_supplementary,l;o;c;a;l;_;s;u;p;p;l;e;m;e;n;t;a;r;y;;;o;p;e;n;a;l;e;x;_;l;a;n;d;i;n;g
doi__10.1007_s00018-009-0194-0,metadata_only,attempt_external_primary_fulltext_then_inventory_existing_supplementary_assets,/mnt/d/work/抗菌肽/数据库/merged_amp_corpus/landed_assets/papers/doi__10.1007_s00018-009-0194-0,"Lucifensin, the long-sought antimicrobial factor of medicinal maggots of the blowfly Lucilia sericata",2009,Cell Mol Life Sci.,10.1007/s00018-009-0194-0,19921400,PMC11115601,0,0,0,0,0,7,fulltext_or_xml,f;u;l;l;t;e;x;t;_;s;i;g;n;a;l;;;o;p;e;n;a;l;e;x;_;l;a;n;d;i;n;g
doi__10.1007_s00018-010-0364-0,metadata_only,attempt_external_primary_fulltext_then_inventory_existing_supplementary_assets,/mnt/d/work/抗菌肽/数据库/merged_amp_corpus/landed_assets/papers/doi__10.1007_s00018-010-0364-0,Ctenidins: antimicrobial glycine-rich peptides from the hemocytes of the spider Cupiennius salei,2010,Cell Mol Life Sci.,10.1007/s00018-010-0364-0,20369272,PMC11115836,0,0,0,0,0,10,direct_pdf,f;u;l;l;t;e;x;t;_;s;i;g;n;a;l;;;o;p;e;n;a;l;e;x;_;l;a;n;d;i;n;g;;;o;p;e;n;a;l;e;x;_;p;d;f
doi__10.1007_s00018-013-1291-7,metadata_only,attempt_external_primary_fulltext_then_inventory_existing_supplementary_assets,/mnt/d/work/抗菌肽/数据库/merged_amp_corpus/landed_assets/papers/doi__10.1007_s00018-013-1291-7,"Esculentin(1-21), an amphibian skin membrane-active peptide with potent activity on both planktonic and biofilm cells of the bacterial pathogen Pseudomonas aeruginosa.",2013,Cell Mol Life Sci,10.1007/s00018-013-1291-7,23503622,PMC11113931,0,0,0,0,0,6,fulltext_or_xml,f;u;l;l;t;e;x;t;_;s;i;g;n;a;l;;;o;p;e;n;a;l;e;x;_;l;a;n;d;i;n;g
doi__10.1007_s00018-013-1517-8,weak_source,recover_or_stage_primary_xml_then_build_material_packet,/mnt/d/work/抗菌肽/数据库/merged_amp_corpus/landed_assets/papers/doi__10.1007_s00018-013-1517-8,The stoichiometry of peptide-heparan sulfate binding as a determinant of uptake efficiency of cell-penetrating peptides.,2013,Cell Mol Life Sci,10.1007/s00018-013-1517-8,24270856,,0,1,0,1,0,10,landing_page,o;p;e;n;a;l;e;x;_;l;a;n;d;i;n;g
doi__10.1007_s00018-014-1694-0,metadata_only,attempt_external_primary_fulltext_then_inventory_existing_supplementary_assets,/mnt/d/work/抗菌肽/数据库/merged_amp_corpus/landed_assets/papers/doi__10.1007_s00018-014-1694-0,Esculentin-1a(1-21)NH2: a frog skin-derived peptide for microbial keratitis.,2014,Cell Mol Life Sci,10.1007/s00018-014-1694-0,25086859,PMC4392908,0,0,0,0,0,6,fulltext_or_xml,f;u;l;l;t;e;x;t;_;s;i;g;n;a;l;;;o;p;e;n;a;l;e;x;_;l;a;n;d;i;n;g
doi__10.1007_s00018-021-04041-z,weak_source,recover_or_stage_primary_xml_then_build_material_packet,/mnt/d/work/抗菌肽/数据库/merged_amp_corpus/landed_assets/papers/doi__10.1007_s00018-021-04041-z,Modified horseshoe crab peptides target and kill bacteria inside host cells.,2021,Cell Mol Life Sci.,10.1007/s00018-021-04041-z,34971427,PMC11071844,0,1,0,1,0,3,fulltext_or_xml,o;p;e;n;a;l;e;x;_;l;a;n;d;i;n;g;;;f;u;l;l;t;e;x;t;_;s;i;g;n;a;l
doi__10.1007_s000180050175,metadata_only,attempt_external_primary_fulltext_then_inventory_existing_supplementary_assets,/mnt/d/work/抗菌肽/数据库/merged_amp_corpus/landed_assets/papers/doi__10.1007_s000180050175,Antimicrobial activity in the skin of the channel catfish Ictalurus punctatus: characterization of broad-spectrum histone-like antimicrobial proteins.,1998,Cell. Mol. Life Sci.,10.1007/s000180050175,9645227,PMC11147296,0,0,0,0,0,1,fulltext_or_xml,f;u;l;l;t;e;x;t;_;s;i;g;n;a;l;;;o;p;e;n;a;l;e;x;_;l;a;n;d;i;n;g
doi__10.1007_s00044-013-0746-6,metadata_only,attempt_external_primary_fulltext_then_inventory_existing_supplementary_assets,/mnt/d/work/抗菌肽/数据库/merged_amp_corpus/landed_assets/papers/doi__10.1007_s00044-013-0746-6,Novel cyclotides from Hedyotis biflora inhibit proliferation and migration of pancreatic cancer cell in vitro and in vivo,2013,,10.1007/s00044-013-0746-6,,,0,0,0,0,0,10,landing_page,o;p;e;n;a;l;e;x;_;l;a;n;d;i;n;g
doi__10.1007_s00044-019-02333-5,metadata_only,attempt_external_primary_fulltext_then_inventory_existing_supplementary_assets,/mnt/d/work/抗菌肽/数据库/merged_amp_corpus/landed_assets/papers/doi__10.1007_s00044-019-02333-5,"Synthesis and antitumor activity of cyclic octapeptide, samoamide A, and its derivatives.",2019,Med Chem Res,10.1007/s00044-019-02333-5,,,0,0,0,0,0,10,landing_page,o;p;e;n;a;l;e;x;_;l;a;n;d;i;n;g;;;c;r;o;s;s;r;e;f;_;i;d;e;n;t;i;f;i;e;r
doi__10.1007_s00049-019-00287-z,metadata_only,attempt_external_primary_fulltext_then_inventory_existing_supplementary_assets,/mnt/d/work/抗菌肽/数据库/merged_amp_corpus/landed_assets/papers/doi__10.1007_s00049-019-00287-z,"Functional characterization of two novel peptides and their analogs identifed from the skin secretion of Indosylvirana aurantiaca, an endemic frog species of Western Ghats, India",2019,Chemoecology,10.1007/s00049-019-00287-z,,,0,0,0,0,0,10,landing_page,o;p;e;n;a;l;e;x;_;l;a;n;d;i;n;g;;;c;r;o;s;s;r;e;f;_;i;d;e;n;t;i;f;i;e;r
doi__10.1007_s00109-010-0671-9,metadata_only,attempt_external_primary_fulltext_then_inventory_existing_supplementary_assets,/mnt/d/work/抗菌肽/数据库/merged_amp_corpus/landed_assets/papers/doi__10.1007_s00109-010-0671-9,A novel melanoma-targeting peptide screened by phage display exhibits antitumor activity,2010,J Mol Med (Berl),10.1007/s00109-010-0671-9,20802991,,0,0,0,0,0,10,landing_page,o;p;e;n;a;l;e;x;_;l;a;n;d;i;n;g
doi__10.1007_s00203-003-0578-8,metadata_only,attempt_external_primary_fulltext_then_inventory_existing_supplementary_assets,/mnt/d/work/抗菌肽/数据库/merged_amp_corpus/landed_assets/papers/doi__10.1007_s00203-003-0578-8,Characterization of the Penicillium chrysogenum antifungal protein PAF.,2003,Arch Microbiol.,10.1007/s00203-003-0578-8,12856109,,0,0,0,0,0,10,landing_page,o;p;e;n;a;l;e;x;_;l;a;n;d;i;n;g
doi__10.1007_s00203-012-0810-5,metadata_only,attempt_external_primary_fulltext_then_inventory_existing_supplementary_assets,/mnt/d/work/抗菌肽/数据库/merged_amp_corpus/landed_assets/papers/doi__10.1007_s00203-012-0810-5,Activity and selectivity of histidine-containing lytic peptides to antibiotic-resistant bacteria.,2012,Arch Microbiol,10.1007/s00203-012-0810-5,22526264,,0,0,0,0,0,10,landing_page,o;p;e;n;a;l;e;x;_;l;a;n;d;i;n;g
doi__10.1007_s00203-014-0958-2,metadata_only,attempt_external_primary_fulltext_then_inventory_existing_supplementary_assets,/mnt/d/work/抗菌肽/数据库/merged_amp_corpus/landed_assets/papers/doi__10.1007_s00203-014-0958-2,"Purification and characterization of plantaricin Y, a novel bacteriocin produced by Lactobacillus plantarum 510.",2014,Arch Microbiol.,10.1007/s00203-014-0958-2,24493293,,0,0,0,0,0,10,landing_page,o;p;e;n;a;l;e;x;_;l;a;n;d;i;n;g
doi__10.1007_s00203-015-1126-z,metadata_only,attempt_external_primary_fulltext_then_inventory_existing_supplementary_assets,/mnt/d/work/抗菌肽/数据库/merged_amp_corpus/landed_assets/papers/doi__10.1007_s00203-015-1126-z,Novel antimicrobial peptide specifically active against Porphyromonas gingivalis.,2015,Arch Microbiol,10.1007/s00203-015-1126-z,26041027,,0,0,0,0,0,10,landing_page,o;p;e;n;a;l;e;x;_;l;a;n;d;i;n;g
doi__10.1007_s00203-016-1206-8,metadata_only,attempt_external_primary_fulltext_then_inventory_existing_supplementary_assets,/mnt/d/work/抗菌肽/数据库/merged_amp_corpus/landed_assets/papers/doi__10.1007_s00203-016-1206-8,A novel short anionic antibacterial peptide isolated from the skin of Xenopus laevis with broad antibacterial activity and inhibitory activity against breast cancer cell.,2016,Arch Microbiol.,10.1007/s00203-016-1206-8,26952034,,0,0,0,0,0,10,landing_page,o;p;e;n;a;l;e;x;_;l;a;n;d;i;n;g
doi__10.1007_s00203-024-04227-6,metadata_only,attempt_external_primary_fulltext_then_inventory_existing_supplementary_assets,/mnt/d/work/抗菌肽/数据库/merged_amp_corpus/landed_assets/papers/doi__10.1007_s00203-024-04227-6,A study on antimicrobial activity of lysine-like peptoids for the development of new antimicrobials.,2025,Arch Microbiol,10.1007/s00203-024-04227-6,39745532,,0,0,0,0,0,10,landing_page,o;p;e;n;a;l;e;x;_;l;a;n;d;i;n;g
doi__10.1007_s00203-025-04432-x,metadata_only,attempt_external_primary_fulltext_then_inventory_existing_supplementary_assets,/mnt/d/work/抗菌肽/数据库/merged_amp_corpus/landed_assets/papers/doi__10.1007_s00203-025-04432-x,Identification and antibacterial activity of a novel antimicrobial peptide attacin from Conogethes punctiferalis.,2025,Arch Microbiol.,10.1007/s00203-025-04432-x,40794139,,0,0,0,0,0,10,landing_page,o;p;e;n;a;l;e;x;_;l;a;n;d;i;n;g
doi__10.1007_s002030050678,metadata_only,attempt_external_primary_fulltext_then_inventory_existing_supplementary_assets,/mnt/d/work/抗菌肽/数据库/merged_amp_corpus/landed_assets/papers/doi__10.1007_s002030050678,"Isolation and characterization of enterocin EJ97, a bacteriocin produced by Enterococcus faecalis EJ97.",1998,Arch Microbiol,10.1007/s002030050678,9871020,,0,0,0,0,0,10,landing_page,o;p;e;n;a;l;e;x;_;l;a;n;d;i;n;g
doi__10.1007_s002160000646,metadata_only,attempt_external_primary_fulltext_then_inventory_existing_supplementary_assets,/mnt/d/work/抗菌肽/数据库/merged_amp_corpus/landed_assets/papers/doi__10.1007_s002160000646,Luminescent proteins from Aequorea victoria: applications in drug discovery and in high throughput analysis.,2001,Fresenius J Anal Chem,10.1007/s002160000646,11293702,,0,0,0,0,0,9,landing_page,o;p;e;n;a;l;e;x;_;l;a;n;d;i;n;g
doi__10.1007_s00239-001-0062-5,metadata_only,attempt_external_primary_fulltext_then_inventory_existing_supplementary_assets,/mnt/d/work/抗菌肽/数据库/merged_amp_corpus/landed_assets/papers/doi__10.1007_s00239-001-0062-5,Rapid evolution of the male-specific antibacterial protein andropin gene in Drosophila.,2002,J Mol Evol,10.1007/s00239-001-0062-5,11965438,,0,0,0,0,0,10,landing_page,o;p;e;n;a;l;e;x;_;l;a;n;d;i;n;g
doi__10.1007_s00239-007-9045-5,metadata_only,attempt_external_primary_fulltext_then_inventory_existing_supplementary_assets,/mnt/d/work/抗菌肽/数据库/merged_amp_corpus/landed_assets/papers/doi__10.1007_s00239-007-9045-5,Selection for antimicrobial peptide diversity in frogs leads to gene duplication and low allelic variation.,2007,J Mol Evol,10.1007/s00239-007-9045-5,17938991,,0,0,0,0,0,10,landing_page,o;p;e;n;a;l;e;x;_;l;a;n;d;i;n;g
doi__10.1007_s00248-011-9980-y,metadata_only,attempt_external_primary_fulltext_then_inventory_existing_supplementary_assets,/mnt/d/work/抗菌肽/数据库/merged_amp_corpus/landed_assets/papers/doi__10.1007_s00248-011-9980-y,"Diketopiperazines produced by the halophilic archaeon, Haloterrigena hispanica, activate AHL bioreporters.",2011,Microb Ecol,10.1007/s00248-011-9980-y,22109096,,0,0,0,0,0,10,landing_page,o;p;e;n;a;l;e;x;_;l;a;n;d;i;n;g
doi__10.1007_s00248-019-01385-9,metadata_only,attempt_external_primary_fulltext_then_inventory_existing_supplementary_assets,/mnt/d/work/抗菌肽/数据库/merged_amp_corpus/landed_assets/papers/doi__10.1007_s00248-019-01385-9,Probiotics Modulate a Novel Amphibian Skin Defense Peptide That Is Antifungal and Facilitates Growth of Antifungal Bacteria,2019,Microb Ecol.,10.1007/s00248-019-01385-9,31093727,,0,0,0,0,0,10,landing_page,o;p;e;n;a;l;e;x;_;l;a;n;d;i;n;g
doi__10.1007_s00249-011-0671-x,metadata_only,attempt_external_primary_fulltext_then_inventory_existing_supplementary_assets,/mnt/d/work/抗菌肽/数据库/merged_amp_corpus/landed_assets/papers/doi__10.1007_s00249-011-0671-x,"Cyclic antimicrobial R-, W-rich peptides: the role of peptide structure and E. coli outer and inner membranes in activity and the mode of action.",2011,Eur Biophys J,10.1007/s00249-011-0671-x,21286704,,0,0,0,0,0,10,landing_page,o;p;e;n;a;l;e;x;_;l;a;n;d;i;n;g
doi__10.1007_s00249-011-0681-8,metadata_only,attempt_external_primary_fulltext_then_inventory_existing_supplementary_assets,/mnt/d/work/抗菌肽/数据库/merged_amp_corpus/landed_assets/papers/doi__10.1007_s00249-011-0681-8,"Membrane interaction and antibacterial properties of two mildly cationic peptide diastereomers, bombinins H2 and H4, isolated from Bombina skin.",2011,Eur Biophys J,10.1007/s00249-011-0681-8,21327963,,0,0,0,0,0,10,landing_page,o;p;e;n;a;l;e;x;_;l;a;n;d;i;n;g
doi__10.1007_s00249-017-1215-9,metadata_only,attempt_external_primary_fulltext_then_inventory_existing_supplementary_assets,/mnt/d/work/抗菌肽/数据库/merged_amp_corpus/landed_assets/papers/doi__10.1007_s00249-017-1215-9,One pathogen two stones: are Australian tree frog antimicrobial peptides synergistic against human pathogens?,2017,Eur Biophys J,10.1007/s00249-017-1215-9,28478484,,0,0,0,0,0,10,landing_page,o;p;e;n;a;l;e;x;_;l;a;n;d;i;n;g
doi__10.1007_s00251-001-0412-x,metadata_only,attempt_external_primary_fulltext_then_inventory_existing_supplementary_assets,/mnt/d/work/抗菌肽/数据库/merged_amp_corpus/landed_assets/papers/doi__10.1007_s00251-001-0412-x,Beta-defensin 1 gene variability among non-human primates.,2002,Immunogenetics,10.1007/s00251-001-0412-x,11862391,,0,0,0,0,0,10,landing_page,o;p;e;n;a;l;e;x;_;l;a;n;d;i;n;g
doi__10.1007_s00251-004-0675-0,metadata_only,attempt_external_primary_fulltext_then_inventory_existing_supplementary_assets,/mnt/d/work/抗菌肽/数据库/merged_amp_corpus/landed_assets/papers/doi__10.1007_s00251-004-0675-0,Bioinformatic discovery and initial characterisation of nine novel antimicrobial peptide genes in the chicken.,2004,Immunogenetics,10.1007/s00251-004-0675-0,15148642,,0,0,0,0,0,10,landing_page,o;p;e;n;a;l;e;x;_;l;a;n;d;i;n;g
doi__10.1007_s00251-007-0219-5,metadata_only,attempt_external_primary_fulltext_then_inventory_existing_supplementary_assets,/mnt/d/work/抗菌肽/数据库/merged_amp_corpus/landed_assets/papers/doi__10.1007_s00251-007-0219-5,Modification of chicken avian beta-defensin-8 at positively selected amino acid sites enhances specific antimicrobial activity.,2007,Immunogenetics,10.1007/s00251-007-0219-5,17483936,,0,0,0,0,0,10,landing_page,o;p;e;n;a;l;e;x;_;l;a;n;d;i;n;g
doi__10.1007_s00251-010-0430-7,metadata_only,attempt_external_primary_fulltext_then_inventory_existing_supplementary_assets,/mnt/d/work/抗菌肽/数据库/merged_amp_corpus/landed_assets/papers/doi__10.1007_s00251-010-0430-7,A revised leopard frog phylogeny allows a more detailed examination of adaptive evolution at ranatuerin-2 antimicrobial peptide loci.,2010,Immunogenetics,10.1007/s00251-010-0430-7,20179920,,0,0,0,0,0,10,landing_page,o;p;e;n;a;l;e;x;_;l;a;n;d;i;n;g
doi__10.1007_s002510050379,metadata_only,attempt_external_primary_fulltext_then_inventory_existing_supplementary_assets,/mnt/d/work/抗菌肽/数据库/merged_amp_corpus/landed_assets/papers/doi__10.1007_s002510050379,Evolutionary history and mechanism of the Drosophila cecropin gene family.,1998,Immunogenetics,10.1007/s002510050379,9553148,,0,0,0,0,0,10,landing_page,o;p;e;n;a;l;e;x;_;l;a;n;d;i;n;g
doi__10.1007_s00253-003-1424-2,weak_source,recover_or_stage_primary_xml_then_build_material_packet,/mnt/d/work/抗菌肽/数据库/merged_amp_corpus/landed_assets/papers/doi__10.1007_s00253-003-1424-2,"DNA analysis of the genes encoding acidocin LF221 A and acidocin LF221 B, two bacteriocins produced by Lactobacillus gasseri LF221.",2003,Appl Microbiol Biotechnol,10.1007/s00253-003-1424-2,14504837,,0,2,0,2,0,0,direct_pdf,o;p;e;n;a;l;e;x;_;p;d;f;;;o;p;e;n;a;l;e;x;_;l;a;n;d;i;n;g
doi__10.1007_s00253-007-1273-5,metadata_only,attempt_external_primary_fulltext_then_inventory_existing_supplementary_assets,/mnt/d/work/抗菌肽/数据库/merged_amp_corpus/landed_assets/papers/doi__10.1007_s00253-007-1273-5,High-level expression of an antimicrobial peptide histonin as a natural form by multimerization and furin-mediated cleavage.,2007,Appl Microbiol Biotechnol,10.1007/s00253-007-1273-5,18094965,,0,0,0,0,0,10,landing_page,o;p;e;n;a;l;e;x;_;l;a;n;d;i;n;g
doi__10.1007_s00253-008-1648-2,metadata_only,attempt_external_primary_fulltext_then_inventory_existing_supplementary_assets,/mnt/d/work/抗菌肽/数据库/merged_amp_corpus/landed_assets/papers/doi__10.1007_s00253-008-1648-2,Prokaryotic expression of a constitutively expressed Tephrosia villosa defensin and its potent antifungal activity.,2008,Appl Microbiol Biotechnol,10.1007/s00253-008-1648-2,18726095,,0,0,0,0,0,10,landing_page,o;p;e;n;a;l;e;x;_;l;a;n;d;i;n;g
doi__10.1007_s00253-008-1839-x,metadata_only,attempt_external_primary_fulltext_then_inventory_existing_supplementary_assets,/mnt/d/work/抗菌肽/数据库/merged_amp_corpus/landed_assets/papers/doi__10.1007_s00253-008-1839-x,"Design and characterization of novel hybrid peptides from LFB15(W4,10), HP(2-20), and cecropin A based on structure parameters by computer-aided method.",2009,Appl Microbiol Biotechnol,10.1007/s00253-008-1839-x,19148638,,0,0,0,0,0,10,landing_page,o;p;e;n;a;l;e;x;_;l;a;n;d;i;n;g
doi__10.1007_s00253-009-1982-z,metadata_only,attempt_external_primary_fulltext_then_inventory_existing_supplementary_assets,/mnt/d/work/抗菌肽/数据库/merged_amp_corpus/landed_assets/papers/doi__10.1007_s00253-009-1982-z,Soluble fusion expression and characterization of bioactive human beta-defensin 26 and 27.,2009,Appl Microbiol Biotechnol,10.1007/s00253-009-1982-z,19373462,,0,0,0,0,0,10,landing_page,o;p;e;n;a;l;e;x;_;l;a;n;d;i;n;g
doi__10.1007_s00253-010-2748-3,metadata_only,attempt_external_primary_fulltext_then_inventory_existing_supplementary_assets,/mnt/d/work/抗菌肽/数据库/merged_amp_corpus/landed_assets/papers/doi__10.1007_s00253-010-2748-3,Interaction between tobramycin and CSA-13 on clinical isolates of Pseudomonas aeruginosa in a model of young and mature biofilms.APPLIED MICROBIOLOGY AND BIOTECHNOLOGY.2010 Sep,2010,,10.1007/s00253-010-2748-3,20625718,,0,0,0,0,0,10,landing_page,o;p;e;n;a;l;e;x;_;l;a;n;d;i;n;g
doi__10.1007_s00253-010-2935-2,metadata_only,attempt_external_primary_fulltext_then_inventory_existing_supplementary_assets,/mnt/d/work/抗菌肽/数据库/merged_amp_corpus/landed_assets/papers/doi__10.1007_s00253-010-2935-2,"Recombinant expression, affinity purification and functional characterization of Scots pine defensin 1.",2010,Appl Microbiol Biotechnol,10.1007/s00253-010-2935-2,20957359,,0,0,0,0,0,10,landing_page,o;p;e;n;a;l;e;x;_;l;a;n;d;i;n;g
doi__10.1007_s00253-011-3793-2,metadata_only,attempt_external_primary_fulltext_then_inventory_existing_supplementary_assets,/mnt/d/work/抗菌肽/数据库/merged_amp_corpus/landed_assets/papers/doi__10.1007_s00253-011-3793-2,Bactericidal activity of Musca domestica cecropin (Mdc) on multidrug-resistant clinical isolate of Escherichia coli.,2011,Appl Microbiol Biotechnol,10.1007/s00253-011-3793-2,22202966,,0,0,0,0,0,10,landing_page,o;p;e;n;a;l;e;x;_;l;a;n;d;i;n;g
doi__10.1007_s00253-011-3863-5,metadata_only,attempt_external_primary_fulltext_then_inventory_existing_supplementary_assets,/mnt/d/work/抗菌肽/数据库/merged_amp_corpus/landed_assets/papers/doi__10.1007_s00253-011-3863-5,"Production, purification, and characterization of the cecropin from Plutella xylostella, pxCECA1, using an intein-induced self-cleavable system in Escherichia coli",2012,Appl Microbiol Biotechnol.,10.1007/s00253-011-3863-5,22258643,,0,0,0,0,0,10,landing_page,o;p;e;n;a;l;e;x;_;l;a;n;d;i;n;g
doi__10.1007_s00253-012-4148-3,weak_source,recover_or_stage_primary_xml_then_build_material_packet,/mnt/d/work/抗菌肽/数据库/merged_amp_corpus/landed_assets/papers/doi__10.1007_s00253-012-4148-3,"Membrane interaction and antibacterial properties of chensinin-1, an antimicrobial peptide with atypical structural features from the skin of Rana chensinensis.",2012,Appl Microbiol Biotechnol,10.1007/s00253-012-4148-3,22581068,,0,1,0,1,0,10,landing_page,o;p;e;n;a;l;e;x;_;l;a;n;d;i;n;g
doi__10.1007_s00253-012-4149-2,weak_source,recover_or_stage_primary_xml_then_build_material_packet,/mnt/d/work/抗菌肽/数据库/merged_amp_corpus/landed_assets/papers/doi__10.1007_s00253-012-4149-2,Characterization of putative class II bacteriocins identified from a non-bacteriocin-producing strain Lactobacillus casei ATCC 334.,2012,Appl Microbiol Biotechnol,10.1007/s00253-012-4149-2,22688903,,0,1,0,1,0,10,landing_page,o;p;e;n;a;l;e;x;_;l;a;n;d;i;n;g
doi__10.1007_s00253-012-4352-1,metadata_only,attempt_external_primary_fulltext_then_inventory_existing_supplementary_assets,/mnt/d/work/抗菌肽/数据库/merged_amp_corpus/landed_assets/papers/doi__10.1007_s00253-012-4352-1,Antibacterial activity and dual mechanisms of peptide analog derived from cell-penetrating peptide against Salmonella typhimurium and Streptococcus pyogenes.,2012,Appl Microbiol Biotechnol,10.1007/s00253-012-4352-1,22923068,,0,0,0,0,0,10,landing_page,o;p;e;n;a;l;e;x;_;l;a;n;d;i;n;g
doi__10.1007_s00253-012-4441-1,metadata_only,attempt_external_primary_fulltext_then_inventory_existing_supplementary_assets,/mnt/d/work/抗菌肽/数据库/merged_amp_corpus/landed_assets/papers/doi__10.1007_s00253-012-4441-1,"Molecular cloning and expression of ranalexin, a bioactive antimicrobial peptide from Rana catesbeiana in Escherichia coli and assessments of its biological activities.",2012,Appl Microbiol Biotechnol,10.1007/s00253-012-4441-1,23053091,,0,0,0,0,0,10,landing_page,o;p;e;n;a;l;e;x;_;l;a;n;d;i;n;g
doi__10.1007_s00253-012-4588-9,weak_source,recover_or_stage_primary_xml_then_build_material_packet,/mnt/d/work/抗菌肽/数据库/merged_amp_corpus/landed_assets/papers/doi__10.1007_s00253-012-4588-9,Human beta-defensin DEFB126 is capable of inhibiting LPS-mediated inflammation.,2012,Appl Microbiol Biotechnol.,10.1007/s00253-012-4588-9,23229569,,0,1,0,1,0,10,landing_page,o;p;e;n;a;l;e;x;_;l;a;n;d;i;n;g
doi__10.1007_s00253-013-4881-2,metadata_only,attempt_external_primary_fulltext_then_inventory_existing_supplementary_assets,/mnt/d/work/抗菌肽/数据库/merged_amp_corpus/landed_assets/papers/doi__10.1007_s00253-013-4881-2,"High expression of a plectasin-derived peptide NZ2114 in Pichia pastoris and its pharmacodynamics, postantibiotic and synergy against Staphylococcus aureus.",2013,Appl Microbiol Biotechnol,10.1007/s00253-013-4881-2,23624708,,0,0,0,0,0,10,landing_page,o;p;e;n;a;l;e;x;_;l;a;n;d;i;n;g
doi__10.1007_s00253-014-5784-6,metadata_only,attempt_external_primary_fulltext_then_inventory_existing_supplementary_assets,/mnt/d/work/抗菌肽/数据库/merged_amp_corpus/landed_assets/papers/doi__10.1007_s00253-014-5784-6,Candidacidal mechanism of the arenicin-3-derived peptide NZ17074 from Arenicola marina.,2014,Appl Microbiol Biotechnol,10.1007/s00253-014-5784-6,24816779,,0,0,0,0,0,10,landing_page,o;p;e;n;a;l;e;x;_;l;a;n;d;i;n;g
doi__10.1007_s00253-014-5927-9,weak_source,recover_or_stage_primary_xml_then_build_material_packet,/mnt/d/work/抗菌肽/数据库/merged_amp_corpus/landed_assets/papers/doi__10.1007_s00253-014-5927-9,"Effects of antimicrobial peptide L-K6, a temporin-1CEb analog on oral pathogen growth, Streptococcus mutans biofilm formation, and anti-inflammatory activity.",2014,Appl Microbiol Biotechnol,10.1007/s00253-014-5927-9,25056289,,0,1,0,1,0,10,landing_page,o;p;e;n;a;l;e;x;_;l;a;n;d;i;n;g
doi__10.1007_s00253-014-6077-9,metadata_only,attempt_external_primary_fulltext_then_inventory_existing_supplementary_assets,/mnt/d/work/抗菌肽/数据库/merged_amp_corpus/landed_assets/papers/doi__10.1007_s00253-014-6077-9,Design and recombination expression of a novel plectasin-derived peptide MP1106 and its properties against Staphylococcus aureus.,2015,Appl Microbiol Biotechnol,10.1007/s00253-014-6077-9,25261129,,0,0,0,0,0,10,landing_page,o;p;e;n;a;l;e;x;_;l;a;n;d;i;n;g;;;n;c;b;i;_;d;o;i
doi__10.1007_s00253-015-6394-7,metadata_only,attempt_external_primary_fulltext_then_inventory_existing_supplementary_assets,/mnt/d/work/抗菌肽/数据库/merged_amp_corpus/landed_assets/papers/doi__10.1007_s00253-015-6394-7,"In vitro and in vivo characterization of a new recombinant antimicrobial peptide, MP1102, against methicillin-resistant Staphylococcus aureus.",2015,Appl Microbiol Biotechnol.,10.1007/s00253-015-6394-7,25620367,,0,0,0,0,0,9,landing_page,o;p;e;n;a;l;e;x;_;l;a;n;d;i;n;g
doi__10.1007_s00253-015-7265-y,metadata_only,attempt_external_primary_fulltext_then_inventory_existing_supplementary_assets,/mnt/d/work/抗菌肽/数据库/merged_amp_corpus/landed_assets/papers/doi__10.1007_s00253-015-7265-y,"Mechanism of antifungal activity of antimicrobial peptide APP, a cell-penetrating peptide derivative, against Candida albicans: intracellular DNA binding and cell cycle arrest.",2016,Appl Microbiol Biotechnol,10.1007/s00253-015-7265-y,26743655,,0,0,0,0,0,10,landing_page,o;p;e;n;a;l;e;x;_;l;a;n;d;i;n;g
doi__10.1007_s00253-016-7387-x,metadata_only,attempt_external_primary_fulltext_then_inventory_existing_supplementary_assets,/mnt/d/work/抗菌肽/数据库/merged_amp_corpus/landed_assets/papers/doi__10.1007_s00253-016-7387-x,"Mechanism of action of a novel recombinant peptide, MP1102, against Clostridium perfringens type C.",2016,Appl Microbiol Biotechnol,10.1007/s00253-016-7387-x,26921181,,0,0,0,0,0,10,landing_page,o;p;e;n;a;l;e;x;_;l;a;n;d;i;n;g
doi__10.1007_s00253-016-7395-x,metadata_only,attempt_external_primary_fulltext_then_inventory_existing_supplementary_assets,/mnt/d/work/抗菌肽/数据库/merged_amp_corpus/landed_assets/papers/doi__10.1007_s00253-016-7395-x,K1K8: an Hp1404-derived antibacterial peptide.,2016,Appl Microbiol Biotechnol.,10.1007/s00253-016-7395-x,26952110,,0,0,0,0,0,10,landing_page,o;p;e;n;a;l;e;x;_;l;a;n;d;i;n;g
doi__10.1007_s00253-016-7621-6,metadata_only,attempt_external_primary_fulltext_then_inventory_existing_supplementary_assets,/mnt/d/work/抗菌肽/数据库/merged_amp_corpus/landed_assets/papers/doi__10.1007_s00253-016-7621-6,Improvement of in vivo antimicrobial activity of HBcARD peptides by D-arginine replacement.,2016,Appl Microbiol Biotechnol,10.1007/s00253-016-7621-6,27241023,,0,0,0,0,0,10,landing_page,o;p;e;n;a;l;e;x;_;l;a;n;d;i;n;g
doi__10.1007_s00253-017-8302-9,metadata_only,attempt_external_primary_fulltext_then_inventory_existing_supplementary_assets,/mnt/d/work/抗菌肽/数据库/merged_amp_corpus/landed_assets/papers/doi__10.1007_s00253-017-8302-9,Fusion expression of the PGLa-AM1 with native structure and evaluation of its anti-Helicobacter pylori activity.,2017,Appl Microbiol Biotechnol,10.1007/s00253-017-8302-9,28488117,,0,0,0,0,0,10,landing_page,o;p;e;n;a;l;e;x;_;l;a;n;d;i;n;g
doi__10.1007_s00253-017-8466-3,weak_source,recover_or_stage_primary_xml_then_build_material_packet,/mnt/d/work/抗菌肽/数据库/merged_amp_corpus/landed_assets/papers/doi__10.1007_s00253-017-8466-3,Activity of human beta defensin-1 and its motif against active and dormant Mycobacterium tuberculosis.,2017,Appl Microbiol Biotechnol,10.1007/s00253-017-8466-3,28856417,,0,1,0,1,0,10,landing_page,o;p;e;n;a;l;e;x;_;l;a;n;d;i;n;g
doi__10.1007_s00253-017-8696-4,weak_source,recover_or_stage_primary_xml_then_build_material_packet,/mnt/d/work/抗菌肽/数据库/merged_amp_corpus/landed_assets/papers/doi__10.1007_s00253-017-8696-4,"Novel actinomycin group compound from newly isolated Streptomyces sp. RAB12: isolation, characterization, and evaluation of antimicrobial potential.",2017,Appl Microbiol Biotechnol,10.1007/s00253-017-8696-4,29270734,,0,1,0,1,0,10,landing_page,o;p;e;n;a;l;e;x;_;l;a;n;d;i;n;g
doi__10.1007_s00253-018-09592-z,weak_source,recover_or_stage_primary_xml_then_build_material_packet,/mnt/d/work/抗菌肽/数据库/merged_amp_corpus/landed_assets/papers/doi__10.1007_s00253-018-09592-z,"Design, expression, and characterization of a novel cecropin A-derived peptide with high antibacterial activity.",2019,Appl Microbiol Biotechnol,10.1007/s00253-018-09592-z,30607494,,0,1,0,1,0,10,landing_page,o;p;e;n;a;l;e;x;_;l;a;n;d;i;n;g
doi__10.1007_s00253-018-09593-y,weak_source,recover_or_stage_primary_xml_then_build_material_packet,/mnt/d/work/抗菌肽/数据库/merged_amp_corpus/landed_assets/papers/doi__10.1007_s00253-018-09593-y,Discovery and identification of antimicrobial peptides in Sichuan pepper (Zanthoxylum bungeanum Maxim) seeds by peptidomics and bioinformatics.,2019,Appl Microbiol Biotechnol,10.1007/s00253-018-09593-y,30623204,,0,1,0,1,0,10,landing_page,o;p;e;n;a;l;e;x;_;l;a;n;d;i;n;g
doi__10.1007_s00253-018-8982-9,metadata_only,attempt_external_primary_fulltext_then_inventory_existing_supplementary_assets,/mnt/d/work/抗菌肽/数据库/merged_amp_corpus/landed_assets/papers/doi__10.1007_s00253-018-8982-9,Secretion expression of human neutrophil peptide 1 (HNP1) in Pichia pastoris and its functional analysis against antibiotic-resistant Helicobacter pylori.,2018,Appl Microbiol Biotechnol,10.1007/s00253-018-8982-9,29675800,,0,0,0,0,0,10,landing_page,o;p;e;n;a;l;e;x;_;l;a;n;d;i;n;g
doi__10.1007_s00253-018-9561-9,weak_source,recover_or_stage_primary_xml_then_build_material_packet,/mnt/d/work/抗菌肽/数据库/merged_amp_corpus/landed_assets/papers/doi__10.1007_s00253-018-9561-9,Induction of apoptosis-like death by periplanetasin-2 in Escherichia coli and contribution of SOS genes.,2018,Appl Microbiol Biotechnol,10.1007/s00253-018-9561-9,30554389,,0,1,0,1,0,10,landing_page,o;p;e;n;a;l;e;x;_;l;a;n;d;i;n;g
doi__10.1007_s00253-019-09785-0,weak_source,recover_or_stage_primary_xml_then_build_material_packet,/mnt/d/work/抗菌肽/数据库/merged_amp_corpus/landed_assets/papers/doi__10.1007_s00253-019-09785-0,A recombinant fungal defensin-like peptide-P2 combats multidrug-resistant Staphylococcus aureus and biofilms.,2019,Appl Microbiol Biotechnol,10.1007/s00253-019-09785-0,31025073,,0,1,0,1,0,10,landing_page,o;p;e;n;a;l;e;x;_;l;a;n;d;i;n;g;;;n;c;b;i;_;d;o;i
doi__10.1007_s00253-019-09981-y,metadata_only,attempt_external_primary_fulltext_then_inventory_existing_supplementary_assets,/mnt/d/work/抗菌肽/数据库/merged_amp_corpus/landed_assets/papers/doi__10.1007_s00253-019-09981-y,Mechanism of antimicrobial peptide NP-6 from Sichuan pepper seeds against E. coli and effects of different environmental factors on its activity.,2019,Appl Microbiol Biotechnol,10.1007/s00253-019-09981-y,31286166,,0,0,0,0,0,10,landing_page,o;p;e;n;a;l;e;x;_;l;a;n;d;i;n;g
doi__10.1007_s00253-019-10313-3,metadata_only,attempt_external_primary_fulltext_then_inventory_existing_supplementary_assets,/mnt/d/work/抗菌肽/数据库/merged_amp_corpus/landed_assets/papers/doi__10.1007_s00253-019-10313-3,A new high-yielding antimicrobial peptide NZX and its antibacterial activity against Staphylococcus hyicus in vitro/vivo.,2020,Appl Microbiol Biotechnol.,10.1007/s00253-019-10313-3,31900561,,0,0,0,0,0,10,landing_page,n;c;b;i;_;d;o;i;;;o;p;e;n;a;l;e;x;_;l;a;n;d;i;n;g
doi__10.1007_s00253-021-11135-y,metadata_only,attempt_external_primary_fulltext_then_inventory_existing_supplementary_assets,/mnt/d/work/抗菌肽/数据库/merged_amp_corpus/landed_assets/papers/doi__10.1007_s00253-021-11135-y,A recombinant fungal defensin-like peptide-P2 combats Streptococcus dysgalactiae and biofilms.,2021,Appl Microbiol Biotechnol,10.1007/s00253-021-11135-y,33534018,,0,0,0,0,0,10,landing_page,o;p;e;n;a;l;e;x;_;l;a;n;d;i;n;g
doi__10.1007_s00253-021-11226-w,weak_source,recover_or_stage_primary_xml_then_build_material_packet,/mnt/d/work/抗菌肽/数据库/merged_amp_corpus/landed_assets/papers/doi__10.1007_s00253-021-11226-w,Antibacterial polyene-polyol macrolides and cyclic peptides from the marine-derived Streptomyces sp. MS110128.,2021,Appl Microbiol Biotechnol,10.1007/s00253-021-11226-w,34146138,,0,1,0,1,0,10,landing_page,o;p;e;n;a;l;e;x;_;l;a;n;d;i;n;g
doi__10.1007_s00253-021-11454-0,metadata_only,attempt_external_primary_fulltext_then_inventory_existing_supplementary_assets,/mnt/d/work/抗菌肽/数据库/merged_amp_corpus/landed_assets/papers/doi__10.1007_s00253-021-11454-0,Fatty acid modified-antimicrobial peptide analogues with potent antimicrobial activity and topical therapeutic efficacy against Staphylococcus hyicus.,2021,Appl Microbiol Biotechnol,10.1007/s00253-021-11454-0,34319418,,0,0,0,0,0,10,landing_page,o;p;e;n;a;l;e;x;_;l;a;n;d;i;n;g
doi__10.1007_s00253-021-11500-x,weak_source,recover_or_stage_primary_xml_then_build_material_packet,/mnt/d/work/抗菌肽/数据库/merged_amp_corpus/landed_assets/papers/doi__10.1007_s00253-021-11500-x,A study on fungal defensin against multidrug-resistant Clostridium perfringens and its treatment on infected poultry.,2021,Appl Microbiol Biotechnol,10.1007/s00253-021-11500-x,34491399,,0,1,0,1,0,10,landing_page,o;p;e;n;a;l;e;x;_;l;a;n;d;i;n;g
doi__10.1007_s00253-021-11503-8,weak_source,recover_or_stage_primary_xml_then_build_material_packet,/mnt/d/work/抗菌肽/数据库/merged_amp_corpus/landed_assets/papers/doi__10.1007_s00253-021-11503-8,"Purification, molecular characterization of Lactocin 63 produced by Lactobacillus coryniformis FZU63 and its antimicrobial mode of action against Shewanella putrefaciens.",2021,Appl Microbiol Biotechnol.,10.1007/s00253-021-11503-8,34476515,,0,1,0,1,0,10,landing_page,o;p;e;n;a;l;e;x;_;l;a;n;d;i;n;g
doi__10.1007_s00262-005-0024-7,metadata_only,attempt_external_primary_fulltext_then_inventory_existing_supplementary_assets,/mnt/d/work/抗菌肽/数据库/merged_amp_corpus/landed_assets/papers/doi__10.1007_s00262-005-0024-7,"Tripeptide tyroserleutide enhances the antitumor effects of macrophages and stimulates macrophage secretion of IL-1beta, TNF-alpha, and NO in vitro",2005,Cancer Immunol Immunother,10.1007/s00262-005-0024-7,16091933,,0,0,0,0,0,4,landing_page,o;p;e;n;a;l;e;x;_;l;a;n;d;i;n;g
doi__10.1007_s00262-011-1113-4,weak_source,recover_or_stage_primary_xml_then_build_material_packet,/mnt/d/work/抗菌肽/数据库/merged_amp_corpus/landed_assets/papers/doi__10.1007_s00262-011-1113-4,Ontak reduces the immunosuppressive tumor environment and enhances successful therapeutic vaccination in HER-2/neu-tolerant mice,2011,Cancer Immunol Immunother,10.1007/s00262-011-1113-4,21928125,,0,1,0,1,0,10,landing_page,o;p;e;n;a;l;e;x;_;l;a;n;d;i;n;g
doi__10.1007_s00280-015-2915-4,metadata_only,attempt_external_primary_fulltext_then_inventory_existing_supplementary_assets,/mnt/d/work/抗菌肽/数据库/merged_amp_corpus/landed_assets/papers/doi__10.1007_s00280-015-2915-4,"Malformin A1 promotes cell death through induction of apoptosis, necrosis and autophagy in prostate cancer cells.",2015,Cancer Chemother Pharmacol,10.1007/s00280-015-2915-4,26645406,,0,0,0,0,0,10,landing_page,o;p;e;n;a;l;e;x;_;l;a;n;d;i;n;g
doi__10.1007_s00284-005-0004-3,metadata_only,attempt_external_primary_fulltext_then_inventory_existing_supplementary_assets,/mnt/d/work/抗菌肽/数据库/merged_amp_corpus/landed_assets/papers/doi__10.1007_s00284-005-0004-3,Purification and characterization of two novel antimicrobial peptides Subpeptin JM4-A and Subpeptin JM4-B produced by Bacillus subtilis JM4.,2005,Curr Microbiol,10.1007/s00284-005-0004-3,16211432,,0,0,0,0,0,10,landing_page,o;p;e;n;a;l;e;x;_;l;a;n;d;i;n;g
doi__10.1007_s00284-008-9241-6,metadata_only,attempt_external_primary_fulltext_then_inventory_existing_supplementary_assets,/mnt/d/work/抗菌肽/数据库/merged_amp_corpus/landed_assets/papers/doi__10.1007_s00284-008-9241-6,Effects of cations and pH on antimicrobial activity of thanatin and s-thanatin against Escherichia coli ATCC25922 and B. subtilis ATCC 21332.,2008,Curr Microbiol,10.1007/s00284-008-9241-6,18810542,,0,0,0,0,0,10,landing_page,o;p;e;n;a;l;e;x;_;l;a;n;d;i;n;g
doi__10.1007_s00284-010-9592-7,metadata_only,attempt_external_primary_fulltext_then_inventory_existing_supplementary_assets,/mnt/d/work/抗菌肽/数据库/merged_amp_corpus/landed_assets/papers/doi__10.1007_s00284-010-9592-7,"Design, recombinant expression, and antibacterial activity of the cecropins-melittin hybrid antimicrobial peptides.",2010,Curr Microbiol,10.1007/s00284-010-9592-7,20111863,,0,0,0,0,0,10,landing_page,o;p;e;n;a;l;e;x;_;l;a;n;d;i;n;g
doi__10.1007_s00284-012-0096-5,metadata_only,attempt_external_primary_fulltext_then_inventory_existing_supplementary_assets,/mnt/d/work/抗菌肽/数据库/merged_amp_corpus/landed_assets/papers/doi__10.1007_s00284-012-0096-5,Screening of antimicrobials from Caribbean sea animals and isolation of bactericidal proteins from the littoral mollusk Cenchritis muricatus.,2012,Curr Microbiol,10.1007/s00284-012-0096-5,22367403,,0,0,0,0,0,10,landing_page,o;p;e;n;a;l;e;x;_;l;a;n;d;i;n;g
doi__10.1007_s00284-014-0529-4,metadata_only,attempt_external_primary_fulltext_then_inventory_existing_supplementary_assets,/mnt/d/work/抗菌肽/数据库/merged_amp_corpus/landed_assets/papers/doi__10.1007_s00284-014-0529-4,In vitro synergistic activities of antimicrobial peptide brevinin-2CE with five kinds of antibiotics against multidrug-resistant clinical isolates.,2014,Curr Microbiol,10.1007/s00284-014-0529-4,24474334,,0,0,0,0,0,10,landing_page,o;p;e;n;a;l;e;x;_;l;a;n;d;i;n;g
doi__10.1007_s00284-015-0970-z,metadata_only,attempt_external_primary_fulltext_then_inventory_existing_supplementary_assets,/mnt/d/work/抗菌肽/数据库/merged_amp_corpus/landed_assets/papers/doi__10.1007_s00284-015-0970-z,"Antimicrobial Activity of ILTI, a Kunitz-Type Trypsin Inhibitor from Inga laurina (SW.) Willd.",2016,Curr Microbiol.,10.1007/s00284-015-0970-z,26769111,,0,0,0,0,0,10,landing_page,o;p;e;n;a;l;e;x;_;l;a;n;d;i;n;g
doi__10.1007_s00284-023-03445-3,metadata_only,attempt_external_primary_fulltext_then_inventory_existing_supplementary_assets,/mnt/d/work/抗菌肽/数据库/merged_amp_corpus/landed_assets/papers/doi__10.1007_s00284-023-03445-3,Antimicrobial and Antibiofilm Activity of Synthetic Peptide [W7]KR12-KAEK Against Enterococcus faecalis Strains.,2023,Curr Microbiol.,10.1007/s00284-023-03445-3,37606794,,0,0,0,0,0,10,landing_page,o;p;e;n;a;l;e;x;_;l;a;n;d;i;n;g
doi__10.1007_s00284-025-04407-7,weak_source,recover_or_stage_primary_xml_then_build_material_packet,/mnt/d/work/抗菌肽/数据库/merged_amp_corpus/landed_assets/papers/doi__10.1007_s00284-025-04407-7,Purification and Characterization of Antimicrobial Peptide from an Epilithic Bacterium Streptomyces sp. AL50 with Activity Against Biofilm Forming Coagulase-Negative Staphylococci,2025,Curr Microbiol.,10.1007/s00284-025-04407-7,40705114,,0,1,0,1,0,10,landing_page,o;p;e;n;a;l;e;x;_;l;a;n;d;i;n;g
doi__10.1007_s002849900121,metadata_only,attempt_external_primary_fulltext_then_inventory_existing_supplementary_assets,/mnt/d/work/抗菌肽/数据库/merged_amp_corpus/landed_assets/papers/doi__10.1007_s002849900121,Inhibition of spiralin processing by the lipopeptide antibiotic globomycin.,1996,Curr Microbiol,10.1007/s002849900121,8875913,,0,0,0,0,0,10,landing_page,o;p;e;n;a;l;e;x;_;l;a;n;d;i;n;g;;;n;c;b;i;_;d;o;i
doi__10.1007_s002849900164,metadata_only,attempt_external_primary_fulltext_then_inventory_existing_supplementary_assets,/mnt/d/work/抗菌肽/数据库/merged_amp_corpus/landed_assets/papers/doi__10.1007_s002849900164,"Purification and partial amino acid sequence of brevicin 27, a bacteriocin produced by Lactobacillus brevis SB27.",1997,Curr Microbiol,10.1007/s002849900164,9009071,,0,0,0,0,0,10,landing_page,o;p;e;n;a;l;e;x;_;l;a;n;d;i;n;g
doi__10.1007_s002849900262,metadata_only,attempt_external_primary_fulltext_then_inventory_existing_supplementary_assets,/mnt/d/work/抗菌肽/数据库/merged_amp_corpus/landed_assets/papers/doi__10.1007_s002849900262,Characteristics and genetic determinants of bacteriocin activities produced by Carnobacterium piscicola CP5 isolated from cheese.,1997,Curr Microbiol,10.1007/s002849900262,9353214,,0,0,0,0,0,10,landing_page,o;p;e;n;a;l;e;x;_;l;a;n;d;i;n;g
doi__10.1007_s00299-007-0329-4,metadata_only,attempt_external_primary_fulltext_then_inventory_existing_supplementary_assets,/mnt/d/work/抗菌肽/数据库/merged_amp_corpus/landed_assets/papers/doi__10.1007_s00299-007-0329-4,functional homology between plant and human defensins.,2007,Plant Cell Rep,10.1007/s00299-007-0329-4,17340092,,0,0,0,0,0,10,landing_page,o;p;e;n;a;l;e;x;_;l;a;n;d;i;n;g
doi__10.1007_s00335-004-2387-z,metadata_only,attempt_external_primary_fulltext_then_inventory_existing_supplementary_assets,/mnt/d/work/抗菌肽/数据库/merged_amp_corpus/landed_assets/papers/doi__10.1007_s00335-004-2387-z,identification and characterization of novel bovine beta-defensin genes and their expression in mammary gland tissue.,2004,Mamm Genome,10.1007/s00335-004-2387-z,15520886,,0,0,0,0,0,10,landing_page,o;p;e;n;a;l;e;x;_;l;a;n;d;i;n;g
doi__10.1007_s00425-002-0902-6,metadata_only,attempt_external_primary_fulltext_then_inventory_existing_supplementary_assets,/mnt/d/work/抗菌肽/数据库/merged_amp_corpus/landed_assets/papers/doi__10.1007_s00425-002-0902-6,Plant defensins.,2002,Planta,10.1007/s00425-002-0902-6,12447532,,0,0,0,0,0,10,landing_page,o;p;e;n;a;l;e;x;_;l;a;n;d;i;n;g;;;n;c;b;i;_;d;o;i
doi__10.1007_s00425-004-1238-1,metadata_only,attempt_external_primary_fulltext_then_inventory_existing_supplementary_assets,/mnt/d/work/抗菌肽/数据库/merged_amp_corpus/landed_assets/papers/doi__10.1007_s00425-004-1238-1,Synergistic antifungal activity of two chitin-binding proteins from spindle tree (Euonymus europaeus L.).,2004,Planta,10.1007/s00425-004-1238-1,15048569,,0,0,0,0,0,10,landing_page,o;p;e;n;a;l;e;x;_;l;a;n;d;i;n;g
doi__10.1007_s00425-007-0507-1,metadata_only,attempt_external_primary_fulltext_then_inventory_existing_supplementary_assets,/mnt/d/work/抗菌肽/数据库/merged_amp_corpus/landed_assets/papers/doi__10.1007_s00425-007-0507-1,"Ha-DEF1, a sunflower defensin, induces cell death in Orobanche parasitic plants.",2007,Planta.,10.1007/s00425-007-0507-1,17375322,,0,0,0,0,0,10,landing_page,o;p;e;n;a;l;e;x;_;l;a;n;d;i;n;g
doi__10.1007_s00425-008-0796-z,weak_source,recover_or_stage_primary_xml_then_build_material_packet,/mnt/d/work/抗菌肽/数据库/merged_amp_corpus/landed_assets/papers/doi__10.1007_s00425-008-0796-z,"differential seasonal and age expression, and cellular localization.",2008,Planta,10.1007/s00425-008-0796-z,18704492,,0,1,0,1,0,9,landing_page,o;p;e;n;a;l;e;x;_;l;a;n;d;i;n;g
doi__10.1007_s00430-019-00624-7,weak_source,recover_or_stage_primary_xml_then_build_material_packet,/mnt/d/work/抗菌肽/数据库/merged_amp_corpus/landed_assets/papers/doi__10.1007_s00430-019-00624-7,"In vitro activity of Protegrin-1, alone and in combination with clinically useful antibiotics, against Acinetobacter baumannii strains isolated from surgical wounds.",2019,Med Microbiol Immunol,10.1007/s00430-019-00624-7,31214759,,0,1,0,1,0,10,landing_page,o;p;e;n;a;l;e;x;_;l;a;n;d;i;n;g
doi__10.1007_s00432-012-1201-7,metadata_only,attempt_external_primary_fulltext_then_inventory_existing_supplementary_assets,/mnt/d/work/抗菌肽/数据库/merged_amp_corpus/landed_assets/papers/doi__10.1007_s00432-012-1201-7,The FGF2-binding peptide P7 inhibits melanoma growth in vitro and in vivo,2012,J Cancer Res Clin Oncol,10.1007/s00432-012-1201-7,22481251,,0,0,0,0,0,10,landing_page,o;p;e;n;a;l;e;x;_;l;a;n;d;i;n;g
doi__10.1007_s00436-019-06305-x,metadata_only,attempt_external_primary_fulltext_then_inventory_existing_supplementary_assets,/mnt/d/work/抗菌肽/数据库/merged_amp_corpus/landed_assets/papers/doi__10.1007_s00436-019-06305-x,The Drosophila melanogaster antimicrobial peptides Mtk-1 and Mtk-2 are active against the malarial parasite Plasmodium falciparum.,2019,Parasitol Res,10.1007/s00436-019-06305-x,31001677,,0,0,0,0,0,10,landing_page,o;p;e;n;a;l;e;x;_;l;a;n;d;i;n;g
doi__10.1007_s004380050841,metadata_only,attempt_external_primary_fulltext_then_inventory_existing_supplementary_assets,/mnt/d/work/抗菌肽/数据库/merged_amp_corpus/landed_assets/papers/doi__10.1007_s004380050841,Alteration of the expression of a plant defensin gene by exon shuffling in bell pepper (Capsicum annuum L.).,1998,Mol Gen Genet,10.1007/s004380050841,9790581,,0,0,0,0,0,10,landing_page,o;p;e;n;a;l;e;x;_;l;a;n;d;i;n;g
doi__10.1007_s00726-008-0166-y,metadata_only,attempt_external_primary_fulltext_then_inventory_existing_supplementary_assets,/mnt/d/work/抗菌肽/数据库/merged_amp_corpus/landed_assets/papers/doi__10.1007_s00726-008-0166-y,"Novel mastoparan and protonectin analogs isolated from a solitary wasp, Orancistrocerus drewseni drewseni.",2008,Amino Acids,10.1007/s00726-008-0166-y,18695936,,0,0,0,0,0,10,landing_page,o;p;e;n;a;l;e;x;_;l;a;n;d;i;n;g
doi__10.1007_s00726-009-0384-y,metadata_only,attempt_external_primary_fulltext_then_inventory_existing_supplementary_assets,/mnt/d/work/抗菌肽/数据库/merged_amp_corpus/landed_assets/papers/doi__10.1007_s00726-009-0384-y,Anti-proliferative and cytotoxic activity of pentadactylin isolated from Leptodactylus labyrinthicus on melanoma cells.,2009,Amino Acids,10.1007/s00726-009-0384-y,20012549,,0,0,0,0,0,10,landing_page,o;p;e;n;a;l;e;x;_;l;a;n;d;i;n;g
doi__10.1007_s00726-009-0385-x,weak_source,recover_or_stage_primary_xml_then_build_material_packet,/mnt/d/work/抗菌肽/数据库/merged_amp_corpus/landed_assets/papers/doi__10.1007_s00726-009-0385-x,"LyeTx I, a potent antimicrobial peptide from the venom of the spider Lycosa erythrognatha.",2009,Amino Acids.,10.1007/s00726-009-0385-x,19946788,,0,1,0,1,0,0,landing_page,o;p;e;n;a;l;e;x;_;l;a;n;d;i;n;g
doi__10.1007_s00726-009-0449-y,metadata_only,attempt_external_primary_fulltext_then_inventory_existing_supplementary_assets,/mnt/d/work/抗菌肽/数据库/merged_amp_corpus/landed_assets/papers/doi__10.1007_s00726-009-0449-y,Amino acid substitutions in an alpha-helical antimicrobial arachnid peptide affect its chemical properties and biological activity towards pathogenic bacteria but improves its therapeutic index.,2009,Amino Acids,10.1007/s00726-009-0449-y,20033827,,0,0,0,0,0,10,landing_page,o;p;e;n;a;l;e;x;_;l;a;n;d;i;n;g
doi__10.1007_s00726-009-0471-0,metadata_only,attempt_external_primary_fulltext_pdf_xml_before_review,/mnt/d/work/抗菌肽/数据库/merged_amp_corpus/landed_assets/papers/doi__10.1007_s00726-009-0471-0,"Cupiennin 1a exhibits a remarkably broad, non-stereospecific cytolytic activity on bacteria, protozoan parasites, insects, and human cancer cells.",2010,Amino Acids,10.1007/s00726-009-0471-0,20140690,,0,0,0,0,0,0,landing_page,o;p;e;n;a;l;e;x;_;l;a;n;d;i;n;g
doi__10.1007_s00726-010-0481-y,metadata_only,attempt_external_primary_fulltext_then_inventory_existing_supplementary_assets,/mnt/d/work/抗菌肽/数据库/merged_amp_corpus/landed_assets/papers/doi__10.1007_s00726-010-0481-y,Investigating the effect of different positioning of lysine residues along the peptide chain of mastoparans for their secondary structures and biological activities.,2010,Amino Acids,10.1007/s00726-010-0481-y,20108158,,0,0,0,0,0,10,landing_page,o;p;e;n;a;l;e;x;_;l;a;n;d;i;n;g
doi__10.1007_s00726-010-0511-9,metadata_only,attempt_external_primary_fulltext_then_inventory_existing_supplementary_assets,/mnt/d/work/抗菌肽/数据库/merged_amp_corpus/landed_assets/papers/doi__10.1007_s00726-010-0511-9,The effect of acidic residues and amphipathicity on the lytic activities of mastoparan peptides studied by fluorescence and CD spectroscopy.,2010,Amino Acids,10.1007/s00726-010-0511-9,20195659,,0,0,0,0,0,10,landing_page,o;p;e;n;a;l;e;x;_;l;a;n;d;i;n;g
doi__10.1007_s00726-010-0519-1,metadata_only,attempt_external_primary_fulltext_then_inventory_existing_supplementary_assets,/mnt/d/work/抗菌肽/数据库/merged_amp_corpus/landed_assets/papers/doi__10.1007_s00726-010-0519-1,Novel antimicrobial peptides from the venom of the eusocial bee Halictus sexcinctus (Hymenoptera: Halictidae) and their analogs.,2010,Amino Acids,10.1007/s00726-010-0519-1,20198492,,0,0,0,0,0,10,landing_page,o;p;e;n;a;l;e;x;_;l;a;n;d;i;n;g
doi__10.1007_s00726-010-0618-z,metadata_only,attempt_external_primary_fulltext_then_inventory_existing_supplementary_assets,/mnt/d/work/抗菌肽/数据库/merged_amp_corpus/landed_assets/papers/doi__10.1007_s00726-010-0618-z,"SD-8, a novel therapeutic agent active against multidrug-resistant Gram positive cocci.",2010,Amino Acids,10.1007/s00726-010-0618-z,20473534,,0,0,0,0,0,10,landing_page,o;p;e;n;a;l;e;x;_;l;a;n;d;i;n;g
doi__10.1007_s00726-010-0626-z,metadata_only,attempt_external_primary_fulltext_then_inventory_existing_supplementary_assets,/mnt/d/work/抗菌肽/数据库/merged_amp_corpus/landed_assets/papers/doi__10.1007_s00726-010-0626-z,Melectin MAPs: the influence of dendrimerization on antimicrobial and hemolytic activity.,2010,Amino Acids,10.1007/s00726-010-0626-z,20499256,,0,0,0,0,0,10,landing_page,o;p;e;n;a;l;e;x;_;l;a;n;d;i;n;g
doi__10.1007_s00726-010-0632-1,metadata_only,attempt_external_primary_fulltext_then_inventory_existing_supplementary_assets,/mnt/d/work/抗菌肽/数据库/merged_amp_corpus/landed_assets/papers/doi__10.1007_s00726-010-0632-1,C-terminal amidation of PMAP-23: translocation to the inner membrane of Gram-negative bacteria.,2010,Amino Acids,10.1007/s00726-010-0632-1,20512598,,0,0,0,0,0,10,landing_page,o;p;e;n;a;l;e;x;_;l;a;n;d;i;n;g
doi__10.1007_s00726-010-0648-6,weak_source,recover_or_stage_primary_xml_then_build_material_packet,/mnt/d/work/抗菌肽/数据库/merged_amp_corpus/landed_assets/papers/doi__10.1007_s00726-010-0648-6,preliminary toxicological studies and structural changes in water and lipid membrane environment.,2010,Amino Acids,10.1007/s00726-010-0648-6,20563613,,0,1,0,1,0,10,landing_page,o;p;e;n;a;l;e;x;_;l;a;n;d;i;n;g
doi__10.1007_s00726-011-1079-8,metadata_only,attempt_external_primary_fulltext_then_inventory_existing_supplementary_assets,/mnt/d/work/抗菌肽/数据库/merged_amp_corpus/landed_assets/papers/doi__10.1007_s00726-011-1079-8,Bi-functional peptides with both trypsin-inhibitory and antimicrobial activities are frequent defensive molecules in Ranidae amphibian skins,2011,Amino Acids.,10.1007/s00726-011-1079-8,21927839,,0,0,0,0,0,11,package_or_supplementary,l;o;c;a;l;_;s;u;p;p;l;e;m;e;n;t;a;r;y;;;o;p;e;n;a;l;e;x;_;l;a;n;d;i;n;g
doi__10.1007_s00726-011-1116-7,metadata_only,attempt_external_primary_fulltext_then_inventory_existing_supplementary_assets,/mnt/d/work/抗菌肽/数据库/merged_amp_corpus/landed_assets/papers/doi__10.1007_s00726-011-1116-7,Amphibian cathelicidin fills the evolutionary gap of cathelicidin in vertebrate.,2011,Amino Acids.,10.1007/s00726-011-1116-7,22009138,,0,0,0,0,0,11,package_or_supplementary,l;o;c;a;l;_;s;u;p;p;l;e;m;e;n;t;a;r;y;;;o;p;e;n;a;l;e;x;_;l;a;n;d;i;n;g
doi__10.1007_s00726-011-1125-6,weak_source,recover_or_stage_primary_xml_then_build_material_packet,/mnt/d/work/抗菌肽/数据库/merged_amp_corpus/landed_assets/papers/doi__10.1007_s00726-011-1125-6,"Lasiocepsin, a novel cyclic antimicrobial peptide from the venom of eusocial bee Lasioglossum laticeps (Hymenoptera: Halictidae).",2011,Amino Acids,10.1007/s00726-011-1125-6,22038181,,0,1,0,1,0,10,landing_page,o;p;e;n;a;l;e;x;_;l;a;n;d;i;n;g
doi__10.1007_s00726-012-1283-1,weak_source,recover_or_stage_primary_xml_then_build_material_packet,/mnt/d/work/抗菌肽/数据库/merged_amp_corpus/landed_assets/papers/doi__10.1007_s00726-012-1283-1,Effect of hydrocarbon stapling on the properties of,2012,Amino Acids,10.1007/s00726-012-1283-1,22526241,,0,1,0,1,0,10,landing_page,o;p;e;n;a;l;e;x;_;l;a;n;d;i;n;g
doi__10.1007_s00726-012-1334-7,metadata_only,attempt_external_primary_fulltext_then_inventory_existing_supplementary_assets,/mnt/d/work/抗菌肽/数据库/merged_amp_corpus/landed_assets/papers/doi__10.1007_s00726-012-1334-7,Biochemical property and membrane-peptide interactions of de novo antimicrobial peptides designed by helix-forming units.,2012,Amino Acids,10.1007/s00726-012-1334-7,22699557,,0,0,0,0,0,10,landing_page,o;p;e;n;a;l;e;x;_;l;a;n;d;i;n;g
doi__10.1007_s00726-012-1395-7,metadata_only,attempt_external_primary_fulltext_then_inventory_existing_supplementary_assets,/mnt/d/work/抗菌肽/数据库/merged_amp_corpus/landed_assets/papers/doi__10.1007_s00726-012-1395-7,"Transformation of the naturally occurring frog skin peptide, alyteserin-2a into a potent, non-toxic anti-cancer agent.",2012,Amino Acids,10.1007/s00726-012-1395-7,22965637,,0,0,0,0,0,10,landing_page,o;p;e;n;a;l;e;x;_;l;a;n;d;i;n;g
doi__10.1007_s00726-012-1457-x,metadata_only,attempt_external_primary_fulltext_then_inventory_existing_supplementary_assets,/mnt/d/work/抗菌肽/数据库/merged_amp_corpus/landed_assets/papers/doi__10.1007_s00726-012-1457-x,Rational design of cationic antimicrobial peptides by the tandem of leucine-rich repeat.,2013,Amino Acids,10.1007/s00726-012-1457-x,23430306,,0,0,0,0,0,10,landing_page,o;p;e;n;a;l;e;x;_;l;a;n;d;i;n;g
doi__10.1007_s00726-013-1470-8,metadata_only,attempt_external_primary_fulltext_then_inventory_existing_supplementary_assets,/mnt/d/work/抗菌肽/数据库/merged_amp_corpus/landed_assets/papers/doi__10.1007_s00726-013-1470-8,"Senegalin: a novel antimicrobial/myotropic hexadecapeptide from the skin secretion of the African running frog, Kassina senegalensis",2013,Amino Acids.,10.1007/s00726-013-1470-8,23430307,,0,0,0,0,0,10,landing_page,o;p;e;n;a;l;e;x;_;l;a;n;d;i;n;g
doi__10.1007_s00726-013-1475-3,metadata_only,attempt_external_primary_fulltext_then_inventory_existing_supplementary_assets,/mnt/d/work/抗菌肽/数据库/merged_amp_corpus/landed_assets/papers/doi__10.1007_s00726-013-1475-3,"Dimerization of aurein 1.2: effects in structure, antimicrobial activity and aggregation of Cândida albicans cells.",2013,Amino Acids,10.1007/s00726-013-1475-3,23519707,,0,0,0,0,0,10,landing_page,o;p;e;n;a;l;e;x;_;l;a;n;d;i;n;g
doi__10.1007_s00726-013-1482-4,weak_source,recover_or_stage_primary_xml_then_build_material_packet,/mnt/d/work/抗菌肽/数据库/merged_amp_corpus/landed_assets/papers/doi__10.1007_s00726-013-1482-4,"Panurgines, novel antimicrobial peptides from the venom of communal bee Panurgus calcaratus (Hymenoptera: Andrenidae).",2013,Amino Acids,10.1007/s00726-013-1482-4,23483218,,0,1,0,1,0,11,package_or_supplementary,l;o;c;a;l;_;s;u;p;p;l;e;m;e;n;t;a;r;y;;;o;p;e;n;a;l;e;x;_;l;a;n;d;i;n;g
doi__10.1007_s00726-013-1616-8,metadata_only,attempt_external_primary_fulltext_then_inventory_existing_supplementary_assets,/mnt/d/work/抗菌肽/数据库/merged_amp_corpus/landed_assets/papers/doi__10.1007_s00726-013-1616-8,Bacterial killing mechanism of sheep myeloid antimicrobial peptide-18 (SMAP-18) and its Trp-substituted analog with improved cell selectivity and reduced mammalian cell toxicity.,2013,Amino Acids,10.1007/s00726-013-1616-8,24221355,,0,0,0,0,0,10,landing_page,o;p;e;n;a;l;e;x;_;l;a;n;d;i;n;g
doi__10.1007_s00726-013-1655-1,metadata_only,attempt_external_primary_fulltext_then_inventory_existing_supplementary_assets,/mnt/d/work/抗菌肽/数据库/merged_amp_corpus/landed_assets/papers/doi__10.1007_s00726-013-1655-1,"Hylaranins: prototypes of a new class of amphibian antimicrobial peptide from the skin secretion of the oriental broad-folded frog, Hylarana latouchii.",2013,Amino Acids.,10.1007/s00726-013-1655-1,24378871,,0,0,0,0,0,10,landing_page,o;p;e;n;a;l;e;x;_;l;a;n;d;i;n;g
doi__10.1007_s00726-014-1744-9,metadata_only,attempt_external_primary_fulltext_then_inventory_existing_supplementary_assets,/mnt/d/work/抗菌肽/数据库/merged_amp_corpus/landed_assets/papers/doi__10.1007_s00726-014-1744-9,Biological and surface-active properties of double-chain cationic amino acid-based surfactants.,2014,Amino Acids,10.1007/s00726-014-1744-9,24748099,,0,0,0,0,0,10,landing_page,o;p;e;n;a;l;e;x;_;l;a;n;d;i;n;g
doi__10.1007_s00726-014-1750-y,metadata_only,attempt_external_primary_fulltext_then_inventory_existing_supplementary_assets,/mnt/d/work/抗菌肽/数据库/merged_amp_corpus/landed_assets/papers/doi__10.1007_s00726-014-1750-y,Design of p53-derived peptides with cytotoxicity on breast cancer,2014,Amino Acids,10.1007/s00726-014-1750-y,24830845,,0,0,0,0,0,10,landing_page,o;p;e;n;a;l;e;x;_;l;a;n;d;i;n;g
doi__10.1007_s00726-014-1778-z,metadata_only,attempt_external_primary_fulltext_then_inventory_existing_supplementary_assets,/mnt/d/work/抗菌肽/数据库/merged_amp_corpus/landed_assets/papers/doi__10.1007_s00726-014-1778-z,Poly-lysine peptidomimetics having potent antimicrobial activity without hemolytic activity.,2014,Amino Acids,10.1007/s00726-014-1778-z,24961649,,0,0,0,0,0,10,landing_page,o;p;e;n;a;l;e;x;_;l;a;n;d;i;n;g
doi__10.1007_s00726-014-1801-4,weak_source,recover_or_stage_primary_xml_then_build_material_packet,/mnt/d/work/抗菌肽/数据库/merged_amp_corpus/landed_assets/papers/doi__10.1007_s00726-014-1801-4,Vipericidins: a novel family of cathelicidin-related peptides from the venom gland of South American pit vipers.,2014,Amino Acids,10.1007/s00726-014-1801-4,25100358,,0,1,0,1,0,4,package_or_supplementary,l;o;c;a;l;_;s;u;p;p;l;e;m;e;n;t;a;r;y;;;o;p;e;n;a;l;e;x;_;l;a;n;d;i;n;g
doi__10.1007_s00726-014-1802-3,metadata_only,attempt_external_primary_fulltext_then_inventory_existing_supplementary_assets,/mnt/d/work/抗菌肽/数据库/merged_amp_corpus/landed_assets/papers/doi__10.1007_s00726-014-1802-3,Design and characterization of short antimicrobial peptides using leucine zipper templates with selectivity towards microorganisms.,2014,Amino Acids,10.1007/s00726-014-1802-3,25069749,,0,0,0,0,0,10,landing_page,o;p;e;n;a;l;e;x;_;l;a;n;d;i;n;g
doi__10.1007_s00726-014-1806-z,metadata_only,attempt_external_primary_fulltext_then_inventory_existing_supplementary_assets,/mnt/d/work/抗菌肽/数据库/merged_amp_corpus/landed_assets/papers/doi__10.1007_s00726-014-1806-z,Structure-activity relationships in ultrashort cationic lipopeptides: the effects of amino acid ring constraint on antibacterial activity.,2014,Amino Acids,10.1007/s00726-014-1806-z,25069750,,0,0,0,0,0,10,landing_page,o;p;e;n;a;l;e;x;_;l;a;n;d;i;n;g
doi__10.1007_s00726-014-1811-2,metadata_only,attempt_external_primary_fulltext_then_inventory_existing_supplementary_assets,/mnt/d/work/抗菌肽/数据库/merged_amp_corpus/landed_assets/papers/doi__10.1007_s00726-014-1811-2,"Chemical synthesis, structure-activity relationship, and properties of shepherin I: a fungicidal peptide enriched in glycine-glycine-histidine motifs.",2014,Amino Acids.,10.1007/s00726-014-1811-2,25106507,,0,0,0,0,0,10,landing_page,o;p;e;n;a;l;e;x;_;l;a;n;d;i;n;g
doi__10.1007_s00726-014-1833-9,metadata_only,attempt_external_primary_fulltext_pdf_xml_before_review,/mnt/d/work/抗菌肽/数据库/merged_amp_corpus/landed_assets/papers/doi__10.1007_s00726-014-1833-9,Melittin peptides exhibit different activity on different cells and model membranes.,2014,Amino Acids,10.1007/s00726-014-1833-9,25200682,,0,0,0,0,0,0,direct_pdf,o;p;e;n;a;l;e;x;_;l;a;n;d;i;n;g;;;o;p;e;n;a;l;e;x;_;p;d;f
doi__10.1007_s00726-015-1963-8,metadata_only,attempt_external_primary_fulltext_then_inventory_existing_supplementary_assets,/mnt/d/work/抗菌肽/数据库/merged_amp_corpus/landed_assets/papers/doi__10.1007_s00726-015-1963-8,The first anionic defensin from amphibians.,2015,Amino Acids.,10.1007/s00726-015-1963-8,25792112,,0,0,0,0,0,10,landing_page,o;p;e;n;a;l;e;x;_;l;a;n;d;i;n;g
doi__10.1007_s00726-015-2029-7,metadata_only,attempt_external_primary_fulltext_then_inventory_existing_supplementary_assets,/mnt/d/work/抗菌肽/数据库/merged_amp_corpus/landed_assets/papers/doi__10.1007_s00726-015-2029-7,Antimicrobial activity and membrane-active mechanism of tryptophan zipper-like β-hairpin antimicrobial peptides.,2015,Amino Acids,10.1007/s00726-015-2029-7,26088720,,0,0,0,0,0,10,landing_page,o;p;e;n;a;l;e;x;_;l;a;n;d;i;n;g
doi__10.1007_s00726-015-2041-y,weak_source,recover_or_stage_primary_xml_then_build_material_packet,/mnt/d/work/抗菌肽/数据库/merged_amp_corpus/landed_assets/papers/doi__10.1007_s00726-015-2041-y,D-Amino acids incorporation in the frog skin-derived peptide esculentin-1a(1-21)NH2 is beneficial for its multiple functions.,2015,Amino Acids,10.1007/s00726-015-2041-y,26162435,,0,1,0,1,0,10,landing_page,o;p;e;n;a;l;e;x;_;l;a;n;d;i;n;g;;;n;c;b;i;_;d;o;i
doi__10.1007_s00726-015-2082-2,metadata_only,attempt_external_primary_fulltext_then_inventory_existing_supplementary_assets,/mnt/d/work/抗菌肽/数据库/merged_amp_corpus/landed_assets/papers/doi__10.1007_s00726-015-2082-2,Optimization of oncocin for antibacterial activity using a SPOT synthesis approach: extending the pathogen spectrum to Staphylococcus aureus.,2015,Amino Acids,10.1007/s00726-015-2082-2,26334348,,0,0,0,0,0,10,landing_page,o;p;e;n;a;l;e;x;_;l;a;n;d;i;n;g
doi__10.1007_s00726-015-2094-y,metadata_only,attempt_external_primary_fulltext_then_inventory_existing_supplementary_assets,/mnt/d/work/抗菌肽/数据库/merged_amp_corpus/landed_assets/papers/doi__10.1007_s00726-015-2094-y,Rational design of mirror-like peptides with alanine regulation.,2015,Amino Acids,10.1007/s00726-015-2094-y,26385363,,0,0,0,0,0,10,landing_page,o;p;e;n;a;l;e;x;_;l;a;n;d;i;n;g
doi__10.1007_s00726-015-2104-0,metadata_only,attempt_external_primary_fulltext_then_inventory_existing_supplementary_assets,/mnt/d/work/抗菌肽/数据库/merged_amp_corpus/landed_assets/papers/doi__10.1007_s00726-015-2104-0,"Design and membrane-disruption mechanism of charge-enriched AMPs exhibiting cell selectivity, high-salt resistance, and anti-biofilm properties.",2015,Amino Acids,10.1007/s00726-015-2104-0,26450121,,0,0,0,0,0,10,landing_page,o;p;e;n;a;l;e;x;_;l;a;n;d;i;n;g
doi__10.1007_s00726-015-2136-5,weak_source,recover_or_stage_primary_xml_then_build_material_packet,/mnt/d/work/抗菌肽/数据库/merged_amp_corpus/landed_assets/papers/doi__10.1007_s00726-015-2136-5,Rational modification of a dendrimeric peptide with antimicrobial activity: consequences on membrane-binding and biological properties.,2015,Amino Acids,10.1007/s00726-015-2136-5,26614437,,0,1,0,1,0,2,landing_page,o;p;e;n;a;l;e;x;_;l;a;n;d;i;n;g
doi__10.1007_s00726-016-2170-y,metadata_only,attempt_external_primary_fulltext_then_inventory_existing_supplementary_assets,/mnt/d/work/抗菌肽/数据库/merged_amp_corpus/landed_assets/papers/doi__10.1007_s00726-016-2170-y,"The stereochemical effect of SMAP-29 and SMAP-18 on bacterial selectivity, membrane interaction and anti-inflammatory activity.",2016,Amino Acids,10.1007/s00726-016-2170-y,26795535,,0,0,0,0,0,10,landing_page,o;p;e;n;a;l;e;x;_;l;a;n;d;i;n;g
doi__10.1007_s00726-016-2196-1,weak_source,recover_or_stage_primary_xml_then_build_material_packet,/mnt/d/work/抗菌肽/数据库/merged_amp_corpus/landed_assets/papers/doi__10.1007_s00726-016-2196-1,Effects of N-terminus modifications on the conformation and permeation activities of the synthetic peptide L1A.,2016,Amino Acids,10.1007/s00726-016-2196-1,26920749,,0,1,0,1,0,0,landing_page,o;p;e;n;a;l;e;x;_;l;a;n;d;i;n;g
doi__10.1007_s00726-016-2198-z,metadata_only,attempt_external_primary_fulltext_then_inventory_existing_supplementary_assets,/mnt/d/work/抗菌肽/数据库/merged_amp_corpus/landed_assets/papers/doi__10.1007_s00726-016-2198-z,Inhibitory effect of short cationic homopeptides against Gram-negative bacteria.,2016,Amino Acids,10.1007/s00726-016-2198-z,26922474,,0,0,0,0,0,10,landing_page,o;p;e;n;a;l;e;x;_;l;a;n;d;i;n;g
doi__10.1007_s00726-016-2350-9,metadata_only,attempt_external_primary_fulltext_then_inventory_existing_supplementary_assets,/mnt/d/work/抗菌肽/数据库/merged_amp_corpus/landed_assets/papers/doi__10.1007_s00726-016-2350-9,"Isoleucine/leucine residues at ""a"" and ""d"" positions of a heptad repeat sequence are crucial for the cytolytic activity of a short anticancer lytic peptide",2016,Amino Acids,10.1007/s00726-016-2350-9,27778166,,0,0,0,0,0,10,landing_page,o;p;e;n;a;l;e;x;_;l;a;n;d;i;n;g
doi__10.1007_s00726-017-2402-9,metadata_only,attempt_external_primary_fulltext_then_inventory_existing_supplementary_assets,/mnt/d/work/抗菌肽/数据库/merged_amp_corpus/landed_assets/papers/doi__10.1007_s00726-017-2402-9,"Comparative analysis of internalisation, haemolytic, cytotoxic and antibacterial effect of membrane-active cationic peptides: aspects of experimental setup.",2017,Amino Acids,10.1007/s00726-017-2402-9,28314993,,0,0,0,0,0,10,landing_page,o;p;e;n;a;l;e;x;_;l;a;n;d;i;n;g
doi__10.1007_s00726-017-2434-1,metadata_only,attempt_external_primary_fulltext_then_inventory_existing_supplementary_assets,/mnt/d/work/抗菌肽/数据库/merged_amp_corpus/landed_assets/papers/doi__10.1007_s00726-017-2434-1,"Design, synthesis and biological evaluation of novel peptides as potential agents with anti-tumor and multidrug resistance-reversing activities.",2017,Amino Acids,10.1007/s00726-017-2434-1,28474125,,0,0,0,0,0,10,landing_page,o;p;e;n;a;l;e;x;_;l;a;n;d;i;n;g
doi__10.1007_s00726-017-2453-y,metadata_only,attempt_external_primary_fulltext_then_inventory_existing_supplementary_assets,/mnt/d/work/抗菌肽/数据库/merged_amp_corpus/landed_assets/papers/doi__10.1007_s00726-017-2453-y,Pro-apoptotic cationic host defense peptides rich in lysine or arginine to reverse drug resistance by disrupting tumor cell membrane,2017,Amino Acids,10.1007/s00726-017-2453-y,28664269,,0,0,0,0,0,10,landing_page,o;p;e;n;a;l;e;x;_;l;a;n;d;i;n;g
doi__10.1007_s00726-017-2482-6,metadata_only,attempt_external_primary_fulltext_then_inventory_existing_supplementary_assets,/mnt/d/work/抗菌肽/数据库/merged_amp_corpus/landed_assets/papers/doi__10.1007_s00726-017-2482-6,"Synthesis and biological evaluation of novel aliphatic acid-conjugated antimicrobial peptides as potential agents with anti-tumor, multidrug resistance-reversing activity and enhanced stability.",2017,Amino Acids,10.1007/s00726-017-2482-6,28831625,,0,0,0,0,0,10,landing_page,o;p;e;n;a;l;e;x;_;l;a;n;d;i;n;g
doi__10.1007_s00726-017-2507-1,metadata_only,attempt_external_primary_fulltext_then_inventory_existing_supplementary_assets,/mnt/d/work/抗菌肽/数据库/merged_amp_corpus/landed_assets/papers/doi__10.1007_s00726-017-2507-1,"The in vitro, in vivo antifungal activity and the action mode of Jelleine-I against Candida species.",2017,Amino Acids,10.1007/s00726-017-2507-1,29101485,,0,0,0,0,0,10,landing_page,o;p;e;n;a;l;e;x;_;l;a;n;d;i;n;g
doi__10.1007_s00726-017-2509-z,metadata_only,attempt_external_primary_fulltext_then_inventory_existing_supplementary_assets,/mnt/d/work/抗菌肽/数据库/merged_amp_corpus/landed_assets/papers/doi__10.1007_s00726-017-2509-z,"Molecular characterization and bioactivity evaluation of two novel bombinin peptides from the skin secretion of Oriental fire-bellied toad, Bombina orientalis",2017,Amino Acids,10.1007/s00726-017-2509-z,29098406,,0,0,0,0,0,10,landing_page,o;p;e;n;a;l;e;x;_;l;a;n;d;i;n;g
doi__10.1007_s00726-017-2531-1,metadata_only,attempt_external_primary_fulltext_then_inventory_existing_supplementary_assets,/mnt/d/work/抗菌肽/数据库/merged_amp_corpus/landed_assets/papers/doi__10.1007_s00726-017-2531-1,"Characterization of bactericidal efficiency, cell selectivity, and mechanism of short interspecific hybrid peptides.",2017,Amino Acids,10.1007/s00726-017-2531-1,29282543,,0,0,0,0,0,10,landing_page,o;p;e;n;a;l;e;x;_;l;a;n;d;i;n;g
doi__10.1007_s00726-018-2542-6,metadata_only,attempt_external_primary_fulltext_then_inventory_existing_supplementary_assets,/mnt/d/work/抗菌肽/数据库/merged_amp_corpus/landed_assets/papers/doi__10.1007_s00726-018-2542-6,Understanding the antimicrobial properties/activity of an 11-residue Lys homopeptide by alanine and proline scan.,2018,"Amino acids, 50(5), 557–568. https://doi.org/10.1007/s00726-018-2542-6. PubMed",10.1007/s00726-018-2542-6,29468307,,0,0,0,0,0,10,landing_page,o;p;e;n;a;l;e;x;_;l;a;n;d;i;n;g
doi__10.1007_s00726-018-2580-0,metadata_only,attempt_external_primary_fulltext_pdf_xml_before_review,/mnt/d/work/抗菌肽/数据库/merged_amp_corpus/landed_assets/papers/doi__10.1007_s00726-018-2580-0,"Meucin-49, a multifunctional scorpion venom peptide with bactericidal synergy with neurotoxins.",2018,Amino Acids,10.1007/s00726-018-2580-0,29770866,,0,0,0,0,0,0,landing_page,o;p;e;n;a;l;e;x;_;l;a;n;d;i;n;g
doi__10.1007_s00726-018-2587-6,metadata_only,attempt_external_primary_fulltext_pdf_xml_before_review,/mnt/d/work/抗菌肽/数据库/merged_amp_corpus/landed_assets/papers/doi__10.1007_s00726-018-2587-6,Effect of dimerized melittin on gastric cancer cells and antibacterial activity.,2018,Amino Acids,10.1007/s00726-018-2587-6,29770868,,0,0,0,0,0,0,direct_pdf,o;p;e;n;a;l;e;x;_;l;a;n;d;i;n;g;;;o;p;e;n;a;l;e;x;_;p;d;f
doi__10.1007_s00726-018-2596-5,metadata_only,attempt_external_primary_fulltext_then_inventory_existing_supplementary_assets,/mnt/d/work/抗菌肽/数据库/merged_amp_corpus/landed_assets/papers/doi__10.1007_s00726-018-2596-5,"Action mechanism of melittin-derived antimicrobial peptides, MDP1 and MDP2, de novo designed against multidrug resistant bacteria.",2018,Amino Acids,10.1007/s00726-018-2596-5,29905903,,0,0,0,0,0,10,landing_page,o;p;e;n;a;l;e;x;_;l;a;n;d;i;n;g
doi__10.1007_s00726-018-2607-6,weak_source,recover_or_stage_primary_xml_then_build_material_packet,/mnt/d/work/抗菌肽/数据库/merged_amp_corpus/landed_assets/papers/doi__10.1007_s00726-018-2607-6,"Design and synthesis of oligo-lipidated arginyl peptide (OLAP) dimers with enhanced physicochemical activity, peptide stability and their antimicrobial actions against MRSA infections.",2018,Amino Acids,10.1007/s00726-018-2607-6,30066172,,0,1,0,1,0,10,landing_page,o;p;e;n;a;l;e;x;_;l;a;n;d;i;n;g
doi__10.1007_s00726-018-2625-4,metadata_only,attempt_external_primary_fulltext_then_inventory_existing_supplementary_assets,/mnt/d/work/抗菌肽/数据库/merged_amp_corpus/landed_assets/papers/doi__10.1007_s00726-018-2625-4,Potent effects of amino acid scanned antimicrobial peptide Feleucin-K3 analogs against both multidrug-resistant strains and biofilms of Pseudomonas aeruginosa.,2018,Amino Acids,10.1007/s00726-018-2625-4,30136030,,0,0,0,0,0,10,landing_page,o;p;e;n;a;l;e;x;_;l;a;n;d;i;n;g
doi__10.1007_s00726-018-2633-4,metadata_only,attempt_external_primary_fulltext_then_inventory_existing_supplementary_assets,/mnt/d/work/抗菌肽/数据库/merged_amp_corpus/landed_assets/papers/doi__10.1007_s00726-018-2633-4,Design of antimicrobial peptides from a cuttlefish database.,2018,Amino Acids,10.1007/s00726-018-2633-4,30121851,,0,0,0,0,0,10,landing_page,o;p;e;n;a;l;e;x;_;l;a;n;d;i;n;g
doi__10.1007_s00726-018-2638-z,metadata_only,attempt_external_primary_fulltext_then_inventory_existing_supplementary_assets,/mnt/d/work/抗菌肽/数据库/merged_amp_corpus/landed_assets/papers/doi__10.1007_s00726-018-2638-z,"Comparison of the antibacterial effects of a short cationic peptide and 1% silver bioactive glass against extensively drug-resistant bacteria, Pseudomonas aeruginosa and Acinetobacter baumannii, isolated from burn patients.",2018,Amino Acids,10.1007/s00726-018-2638-z,30145712,,0,0,0,0,0,10,landing_page,o;p;e;n;a;l;e;x;_;l;a;n;d;i;n;g
doi__10.1007_s00726-018-2673-9,weak_source,recover_or_stage_primary_xml_then_build_material_packet,/mnt/d/work/抗菌肽/数据库/merged_amp_corpus/landed_assets/papers/doi__10.1007_s00726-018-2673-9,Dilipid ultrashort cationic lipopeptides as adjuvants for chloramphenicol and other conventional antibiotics against Gram-negative bacteria.,2018,Amino Acids,10.1007/s00726-018-2673-9,30392097,,0,1,0,1,0,10,landing_page,o;p;e;n;a;l;e;x;_;l;a;n;d;i;n;g
doi__10.1007_s00726-018-2678-4,metadata_only,attempt_external_primary_fulltext_then_inventory_existing_supplementary_assets,/mnt/d/work/抗菌肽/数据库/merged_amp_corpus/landed_assets/papers/doi__10.1007_s00726-018-2678-4,The synthetic peptide LyeTxI-b derived from Lycosa erythrognatha spider venom is cytotoxic to U-87 MG glioblastoma cells.,2018,Amino Acids,10.1007/s00726-018-2678-4,30449002,,0,0,0,0,0,10,landing_page,o;p;e;n;a;l;e;x;_;l;a;n;d;i;n;g
doi__10.1007_s00726-019-02779-2,metadata_only,attempt_external_primary_fulltext_then_inventory_existing_supplementary_assets,/mnt/d/work/抗菌肽/数据库/merged_amp_corpus/landed_assets/papers/doi__10.1007_s00726-019-02779-2,"Design of therapeutically improved analogue of the antimicrobial peptide, indolicidin, using a glycosylation strategy.",2019,Amino Acids,10.1007/s00726-019-02779-2,31485742,,0,0,0,0,0,10,landing_page,o;p;e;n;a;l;e;x;_;l;a;n;d;i;n;g
doi__10.1007_s00726-020-02900-w,metadata_only,attempt_external_primary_fulltext_then_inventory_existing_supplementary_assets,/mnt/d/work/抗菌肽/数据库/merged_amp_corpus/landed_assets/papers/doi__10.1007_s00726-020-02900-w,"Design of antimicrobial and cytolytic peptides by computational analysis of bacterial, algal, and invertebrate proteomes.",2020,Amino Acids,10.1007/s00726-020-02900-w,33063186,,0,0,0,0,0,10,landing_page,o;p;e;n;a;l;e;x;_;l;a;n;d;i;n;g
doi__10.1007_s00726-020-02903-7,metadata_only,attempt_external_primary_fulltext_then_inventory_existing_supplementary_assets,/mnt/d/work/抗菌肽/数据库/merged_amp_corpus/landed_assets/papers/doi__10.1007_s00726-020-02903-7,Novel formulation of antimicrobial peptides enhances antimicrobial activity against methicillin-resistant Staphylococcus aureus (MRSA).,2020,Amino Acids,10.1007/s00726-020-02903-7,33074344,,0,0,0,0,0,10,landing_page,o;p;e;n;a;l;e;x;_;l;a;n;d;i;n;g
doi__10.1007_s00726-020-02919-z,metadata_only,attempt_external_primary_fulltext_then_inventory_existing_supplementary_assets,/mnt/d/work/抗菌肽/数据库/merged_amp_corpus/landed_assets/papers/doi__10.1007_s00726-020-02919-z,The introduction of L-phenylalanine into antimicrobial peptide protonectin enhances the selective antibacterial activity of its derivative phe-Prt against Gram-positive bacteria.,2020,Amino Acids,10.1007/s00726-020-02919-z,33236256,,0,0,0,0,0,10,landing_page,o;p;e;n;a;l;e;x;_;l;a;n;d;i;n;g
doi__10.1007_s00726-021-02986-w,metadata_only,attempt_external_primary_fulltext_then_inventory_existing_supplementary_assets,/mnt/d/work/抗菌肽/数据库/merged_amp_corpus/landed_assets/papers/doi__10.1007_s00726-021-02986-w,"Novel antimicrobial cruzioseptin peptides extracted from the splendid leaf frog, Cruziohyla calcarifer",2021,Amino Acids.,10.1007/s00726-021-02986-w,33942149,,0,0,0,0,0,10,landing_page,o;p;e;n;a;l;e;x;_;l;a;n;d;i;n;g
doi__10.1007_s00726-021-03099-0,metadata_only,attempt_external_primary_fulltext_then_inventory_existing_supplementary_assets,/mnt/d/work/抗菌肽/数据库/merged_amp_corpus/landed_assets/papers/doi__10.1007_s00726-021-03099-0,"The effects of incorporation of the counterparts and mimics of L-lysine on the antimicrobial activity, hemolytic activity, cytotoxicity and tryptic stability of antimicrobial peptide polybia-MPII.",2021,Amino Acids,10.1007/s00726-021-03099-0,34825276,,0,0,0,0,0,10,landing_page,o;p;e;n;a;l;e;x;_;l;a;n;d;i;n;g
doi__10.1007_s00726-023-03290-5,metadata_only,attempt_external_primary_fulltext_then_inventory_existing_supplementary_assets,/mnt/d/work/抗菌肽/数据库/merged_amp_corpus/landed_assets/papers/doi__10.1007_s00726-023-03290-5,Rationally designed PMAP-23 derivatives with enhanced bactericidal and anticancer activity based on the molecular mechanism of peptide-membrane interactions,2023,Amino Acids,10.1007/s00726-023-03290-5,37310533,,0,0,0,0,0,10,landing_page,o;p;e;n;a;l;e;x;_;l;a;n;d;i;n;g
doi__10.1007_s00792-003-0335-6,metadata_only,attempt_external_primary_fulltext_then_inventory_existing_supplementary_assets,/mnt/d/work/抗菌肽/数据库/merged_amp_corpus/landed_assets/papers/doi__10.1007_s00792-003-0335-6,"Purification and biological characterization of halocin C8, a novel peptide antibiotic from Halobacterium strain AS7092.",2003,Extremophiles,10.1007/s00792-003-0335-6,12811620,,0,0,0,0,0,10,landing_page,o;p;e;n;a;l;e;x;_;l;a;n;d;i;n;g
doi__10.1007_s00894-019-4007-6,weak_source,recover_or_stage_primary_xml_then_build_material_packet,/mnt/d/work/抗菌肽/数据库/merged_amp_corpus/landed_assets/papers/doi__10.1007_s00894-019-4007-6,De novo design of anticancer peptides by ensemble artificial neural networks.,2019,J Mol Model,10.1007/s00894-019-4007-6,30953170,,0,1,0,1,0,10,direct_pdf,o;p;e;n;a;l;e;x;_;p;d;f;;;o;p;e;n;a;l;e;x;_;l;a;n;d;i;n;g
doi__10.1007_s10059-011-0005-y,metadata_only,attempt_external_primary_fulltext_pdf_xml_before_review,/mnt/d/work/抗菌肽/数据库/merged_amp_corpus/landed_assets/papers/doi__10.1007_s10059-011-0005-y,Activity optimization of an undecapeptide analogue derived from a frog-skin antimicrobial peptide.,2010,Mol Cells.,10.1007/s10059-011-0005-y,21110126,PMC3906872,0,0,0,0,0,0,direct_pdf,f;u;l;l;t;e;x;t;_;s;i;g;n;a;l;;;o;p;e;n;a;l;e;x;_;l;a;n;d;i;n;g;;;o;p;e;n;a;l;e;x;_;p;d;f
doi__10.1007_s10068-017-0280-2,metadata_only,attempt_external_primary_fulltext_then_inventory_existing_supplementary_assets,/mnt/d/work/抗菌肽/数据库/merged_amp_corpus/landed_assets/papers/doi__10.1007_s10068-017-0280-2,"Purification, characterization and action mechanism of plantaricin JY22, a novel bacteriocin against Bacillus cereus produced by Lactobacillus plantarum JY22 from golden carp intestine.",2017,Food Sci Biotechnol.,10.1007/s10068-017-0280-2,30263795,PMC6049673,0,0,0,0,0,8,fulltext_or_xml,f;u;l;l;t;e;x;t;_;s;i;g;n;a;l;;;o;p;e;n;a;l;e;x;_;l;a;n;d;i;n;g
doi__10.1007_s10096-008-0553-z,weak_source,recover_or_stage_primary_xml_then_build_material_packet,/mnt/d/work/抗菌肽/数据库/merged_amp_corpus/landed_assets/papers/doi__10.1007_s10096-008-0553-z,Human antimicrobial peptides' antifungal activity against Aspergillus fumigatus.,2008,Eur J Clin Microbiol Infect Dis,10.1007/s10096-008-0553-z,18566844,,0,2,0,2,0,9,direct_pdf,o;p;e;n;a;l;e;x;_;p;d;f;;;o;p;e;n;a;l;e;x;_;l;a;n;d;i;n;g
doi__10.1007_s10096-011-1188-z,weak_source,recover_or_stage_primary_xml_then_build_material_packet,/mnt/d/work/抗菌肽/数据库/merged_amp_corpus/landed_assets/papers/doi__10.1007_s10096-011-1188-z,Bactericidal synergy of lysostaphin in combination with antimicrobial peptides.,2011,Eur J Clin Microbiol Infect Dis,10.1007/s10096-011-1188-z,21311938,,0,1,0,1,0,6,landing_page,o;p;e;n;a;l;e;x;_;l;a;n;d;i;n;g
doi__10.1007_s10096-011-1430-8,metadata_only,attempt_external_primary_fulltext_then_inventory_existing_supplementary_assets,/mnt/d/work/抗菌肽/数据库/merged_amp_corpus/landed_assets/papers/doi__10.1007_s10096-011-1430-8,"Cationic antimicrobial peptides in clinical development, with special focus on thanatin and heliomicin",2011,Eur J Clin Microbiol Infect Dis,10.1007/s10096-011-1430-8,21964560,,0,0,0,0,0,8,landing_page,o;p;e;n;a;l;e;x;_;l;a;n;d;i;n;g
doi__10.1007_s10096-014-2219-3,metadata_only,attempt_external_primary_fulltext_then_inventory_existing_supplementary_assets,/mnt/d/work/抗菌肽/数据库/merged_amp_corpus/landed_assets/papers/doi__10.1007_s10096-014-2219-3,Functional synergy of α-helical antimicrobial peptides and traditional antibiotics against Gram-negative and Gram-positive bacteria in vitro and in vivo.,2014,Eur J Clin Microbiol Infect Dis,10.1007/s10096-014-2219-3,25169965,,0,0,0,0,0,8,landing_page,o;p;e;n;a;l;e;x;_;l;a;n;d;i;n;g
doi__10.1007_s10096-018-3189-7,metadata_only,attempt_external_primary_fulltext_then_inventory_existing_supplementary_assets,/mnt/d/work/抗菌肽/数据库/merged_amp_corpus/landed_assets/papers/doi__10.1007_s10096-018-3189-7,Highly synergistic activity of melittin with imipenem and colistin in biofilm inhibition against multidrug-resistant strong biofilm producer strains of Acinetobacter baumannii,2018,,10.1007/s10096-018-3189-7,29353377,,0,0,0,0,0,8,landing_page,o;p;e;n;a;l;e;x;_;l;a;n;d;i;n;g
doi__10.1007_s100960050457,metadata_only,attempt_external_primary_fulltext_then_inventory_existing_supplementary_assets,/mnt/d/work/抗菌肽/数据库/merged_amp_corpus/landed_assets/papers/doi__10.1007_s100960050457,Evaluation of the inactivation of infectious Herpes simplex virus by host-defense peptides.,2000,Eur J Clin Microbiol Infect Dis,10.1007/s100960050457,10795591,,0,0,0,0,0,9,landing_page,o;p;e;n;a;l;e;x;_;l;a;n;d;i;n;g
doi__10.1007_s10126-009-9189-y,metadata_only,attempt_external_primary_fulltext_then_inventory_existing_supplementary_assets,/mnt/d/work/抗菌肽/数据库/merged_amp_corpus/landed_assets/papers/doi__10.1007_s10126-009-9189-y,"Myxinidin, a novel antimicrobial peptide from the epidermal mucus of hagfish, Myxine glutinosa L.",2009,Mar Biotechnol (NY).,10.1007/s10126-009-9189-y,19330556,,0,0,0,0,0,8,landing_page,o;p;e;n;a;l;e;x;_;l;a;n;d;i;n;g
doi__10.1007_s10126-010-9288-9,metadata_only,attempt_external_primary_fulltext_then_inventory_existing_supplementary_assets,/mnt/d/work/抗菌肽/数据库/merged_amp_corpus/landed_assets/papers/doi__10.1007_s10126-010-9288-9,Cationic antimicrobial peptides in penaeid shrimp.,2010,Mar Biotechnol (NY),10.1007/s10126-010-9288-9,20379756,,0,0,0,0,0,8,landing_page,o;p;e;n;a;l;e;x;_;l;a;n;d;i;n;g
doi__10.1007_s10126-013-9519-y,metadata_only,attempt_external_primary_fulltext_then_inventory_existing_supplementary_assets,/mnt/d/work/抗菌肽/数据库/merged_amp_corpus/landed_assets/papers/doi__10.1007_s10126-013-9519-y,Molecular cloning of hemocyanin cDNA from Fenneropenaeus chinensis and antimicrobial analysis of two C-terminal fragments.,2014,Mar Biotechnol (NY),10.1007/s10126-013-9519-y,23887674,,0,0,0,0,0,8,landing_page,o;p;e;n;a;l;e;x;_;l;a;n;d;i;n;g;;;n;c;b;i;_;d;o;i
doi__10.1007_s10126-018-9843-3,metadata_only,attempt_external_primary_fulltext_then_inventory_existing_supplementary_assets,/mnt/d/work/抗菌肽/数据库/merged_amp_corpus/landed_assets/papers/doi__10.1007_s10126-018-9843-3,Identification and Characterization of Novel Antimicrobial Peptide from Hippocampus comes by In Silico and Experimental Studies,2018,Mar Biotechnol (NY),10.1007/s10126-018-9843-3,30039186,,0,0,0,0,0,8,landing_page,o;p;e;n;a;l;e;x;_;l;a;n;d;i;n;g
doi__10.1007_s10126-024-10338-4,metadata_only,attempt_external_primary_fulltext_then_inventory_existing_supplementary_assets,/mnt/d/work/抗菌肽/数据库/merged_amp_corpus/landed_assets/papers/doi__10.1007_s10126-024-10338-4,"A Novel Beta-Defensin Isoform from Malabar Trevally, Carangoides malabaricus (Bloch & Schneider, 1801), an Arsenal Against Fish Bacterial Pathogens: Molecular Characterization, Recombinant Production, and Mechanism of Action.",2024,Mar Biotechnol (NY).,10.1007/s10126-024-10338-4,38922559,,0,0,0,0,0,8,landing_page,o;p;e;n;a;l;e;x;_;l;a;n;d;i;n;g
doi__10.1007_s10126-025-10426-z,metadata_only,attempt_external_primary_fulltext_then_inventory_existing_supplementary_assets,/mnt/d/work/抗菌肽/数据库/merged_amp_corpus/landed_assets/papers/doi__10.1007_s10126-025-10426-z,"A Novel Hepcidin Isoform Jd-Hep from the Sin Croaker Johnius dussumieri (Cuvier, 1830): Recombinant Expression and Insights into the Antibacterial Property and Modes of Action.",2025,Mar Biotechnol (NY).,10.1007/s10126-025-10426-z,39969620,,0,0,0,0,0,8,landing_page,o;p;e;n;a;l;e;x;_;l;a;n;d;i;n;g
doi__10.1007_s10482-005-9004-3,metadata_only,attempt_external_primary_fulltext_then_inventory_existing_supplementary_assets,/mnt/d/work/抗菌肽/数据库/merged_amp_corpus/landed_assets/papers/doi__10.1007_s10482-005-9004-3,"Purification and characterization of curvaticin L442, a bacteriocin produced by Lactobacillus curvatus L442.",2006,Antonie Van Leeuwenhoek,10.1007/s10482-005-9004-3,16244793,,0,0,0,0,0,8,landing_page,o;p;e;n;a;l;e;x;_;l;a;n;d;i;n;g;;;n;c;b;i;_;d;o;i
doi__10.1007_s10482-018-1080-2,metadata_only,attempt_external_primary_fulltext_then_inventory_existing_supplementary_assets,/mnt/d/work/抗菌肽/数据库/merged_amp_corpus/landed_assets/papers/doi__10.1007_s10482-018-1080-2,In silico design of polycationic antimicrobial peptides active against Pseudomonas aeruginosa and Staphylococcus aureus.,2018,Antonie Van Leeuwenhoek,10.1007/s10482-018-1080-2,29626331,,0,0,0,0,0,8,landing_page,o;p;e;n;a;l;e;x;_;l;a;n;d;i;n;g
doi__10.1007_s10493-011-9505-x,metadata_only,attempt_external_primary_fulltext_then_inventory_existing_supplementary_assets,/mnt/d/work/抗菌肽/数据库/merged_amp_corpus/landed_assets/papers/doi__10.1007_s10493-011-9505-x,Cloning and characterization of a male-specific defensin-like antimicrobial peptide from the tick Haemaphysalis longicornis,2011,Dev Comp Immunol.,10.1007/s10493-011-9505-x,22113778,,0,0,0,0,0,8,landing_page,o;p;e;n;a;l;e;x;_;l;a;n;d;i;n;g
doi__10.1007_s10493-020-00584-1,metadata_only,attempt_external_primary_fulltext_then_inventory_existing_supplementary_assets,/mnt/d/work/抗菌肽/数据库/merged_amp_corpus/landed_assets/papers/doi__10.1007_s10493-020-00584-1,A novel defensin-like peptide contributing to antimicrobial and antioxidant capacity of the tick Dermacentor silvarum (Acari: Ixodidae).,2021,Exp Appl Acarol.,10.1007/s10493-020-00584-1,33452939,,0,0,0,0,0,8,landing_page,o;p;e;n;a;l;e;x;_;l;a;n;d;i;n;g
doi__10.1007_s10517-017-3705-2,metadata_only,attempt_external_primary_fulltext_then_inventory_existing_supplementary_assets,/mnt/d/work/抗菌肽/数据库/merged_amp_corpus/landed_assets/papers/doi__10.1007_s10517-017-3705-2,Effect of N- and C-Terminal Modifications on Cytotoxic Properties of Antimicrobial Peptide Tachyplesin I.,2017,Bull Exp Biol Med,10.1007/s10517-017-3705-2,28429216,,0,0,0,0,0,8,landing_page,o;p;e;n;a;l;e;x;_;l;a;n;d;i;n;g
doi__10.1007_s10517-023-05725-1,metadata_only,attempt_external_primary_fulltext_then_inventory_existing_supplementary_assets,/mnt/d/work/抗菌肽/数据库/merged_amp_corpus/landed_assets/papers/doi__10.1007_s10517-023-05725-1,Structural and Functional Characteristics of the Proline-Rich Antimicrobial Peptide Minibactenecin from Leukocytes of Domestic Goat Capra hircus.,2023,Bull Exp Biol Med.,10.1007/s10517-023-05725-1,36892673,,0,0,0,0,0,8,landing_page,o;p;e;n;a;l;e;x;_;l;a;n;d;i;n;g
doi__10.1007_s10529-006-9107-6,metadata_only,attempt_external_primary_fulltext_then_inventory_existing_supplementary_assets,/mnt/d/work/抗菌肽/数据库/merged_amp_corpus/landed_assets/papers/doi__10.1007_s10529-006-9107-6,Mechanism of antibacterial action of a synthetic peptide with an Ala-peptoid residue based on the scorpion-derived antimicrobial peptide IsCT.,2006,Biotechnol Lett,10.1007/s10529-006-9107-6,16871429,,0,0,0,0,0,8,landing_page,o;p;e;n;a;l;e;x;_;l;a;n;d;i;n;g
doi__10.1007_s10529-007-9351-4,metadata_only,attempt_external_primary_fulltext_then_inventory_existing_supplementary_assets,/mnt/d/work/抗菌肽/数据库/merged_amp_corpus/landed_assets/papers/doi__10.1007_s10529-007-9351-4,"Expression in Escherichia coli and purification of bioactive antibacterial peptide ABP-CM4 from the Chinese silk worm, Bombyx mori.",2007,Biotechnol Lett,10.1007/s10529-007-9351-4,17375264,,0,0,0,0,0,9,landing_page,o;p;e;n;a;l;e;x;_;l;a;n;d;i;n;g
doi__10.1007_s10529-008-9819-x,metadata_only,attempt_external_primary_fulltext_then_inventory_existing_supplementary_assets,/mnt/d/work/抗菌肽/数据库/merged_amp_corpus/landed_assets/papers/doi__10.1007_s10529-008-9819-x,"Antifungal mechanism of antibacterial peptide, ABP-CM4, from Bombyx mori against Aspergillus niger.",2008,Biotechnol Lett,10.1007/s10529-008-9819-x,18696012,,0,0,0,0,0,9,landing_page,o;p;e;n;a;l;e;x;_;l;a;n;d;i;n;g
doi__10.1007_s10529-008-9848-5,metadata_only,attempt_external_primary_fulltext_then_inventory_existing_supplementary_assets,/mnt/d/work/抗菌肽/数据库/merged_amp_corpus/landed_assets/papers/doi__10.1007_s10529-008-9848-5,"Effect of dimerization of a beta-turn antimicrobial peptide, PST13-RK, on antimicrobial activity and mammalian cell toxicity.",2008,Biotechnol Lett,10.1007/s10529-008-9848-5,18815734,,0,0,0,0,0,9,landing_page,o;p;e;n;a;l;e;x;_;l;a;n;d;i;n;g
doi__10.1007_s10529-009-0010-9,metadata_only,attempt_external_primary_fulltext_then_inventory_existing_supplementary_assets,/mnt/d/work/抗菌肽/数据库/merged_amp_corpus/landed_assets/papers/doi__10.1007_s10529-009-0010-9,Synergistic effects of ovine-derived cathelicidins and other antimicrobials against Escherichia coli O157:H7 and Staphylococcus aureus 1056 MRSA.,2009,Biotechnol Lett,10.1007/s10529-009-0010-9,19396584,,0,0,0,0,0,8,landing_page,o;p;e;n;a;l;e;x;_;l;a;n;d;i;n;g
doi__10.1007_s10529-010-0402-x,metadata_only,attempt_external_primary_fulltext_then_inventory_existing_supplementary_assets,/mnt/d/work/抗菌肽/数据库/merged_amp_corpus/landed_assets/papers/doi__10.1007_s10529-010-0402-x,Membranolytic antifungal activity of arenicin-1 requires the N-terminal tryptophan and the beta-turn arginine.,2010,Biotechnol Lett,10.1007/s10529-010-0402-x,20872168,,0,0,0,0,0,9,landing_page,o;p;e;n;a;l;e;x;_;l;a;n;d;i;n;g
doi__10.1007_s10529-013-1359-3,metadata_only,attempt_external_primary_fulltext_then_inventory_existing_supplementary_assets,/mnt/d/work/抗菌肽/数据库/merged_amp_corpus/landed_assets/papers/doi__10.1007_s10529-013-1359-3,Four novel antimicrobial peptides derived from human C8α-MACPF.,2013,Biotechnol Lett,10.1007/s10529-013-1359-3,24101243,,0,0,0,0,0,9,landing_page,o;p;e;n;a;l;e;x;_;l;a;n;d;i;n;g
doi__10.1007_s10529-014-1682-3,metadata_only,attempt_external_primary_fulltext_then_inventory_existing_supplementary_assets,/mnt/d/work/抗菌肽/数据库/merged_amp_corpus/landed_assets/papers/doi__10.1007_s10529-014-1682-3,Purification and characterization of a novel antimicrobial peptide from sheep reproductive tract.,2014,Biotechnol Lett.,10.1007/s10529-014-1682-3,25257597,,0,0,0,0,0,8,landing_page,o;p;e;n;a;l;e;x;_;l;a;n;d;i;n;g
doi__10.1007_s10529-017-2312-7,metadata_only,attempt_external_primary_fulltext_then_inventory_existing_supplementary_assets,/mnt/d/work/抗菌肽/数据库/merged_amp_corpus/landed_assets/papers/doi__10.1007_s10529-017-2312-7,"Catesbeianin-1, a novel antimicrobial peptide isolated from the skin of Lithobates catesbeianus (American bullfrog).",2017,Biotechnol Lett,10.1007/s10529-017-2312-7,28258530,,0,0,0,0,0,8,landing_page,o;p;e;n;a;l;e;x;_;l;a;n;d;i;n;g
doi__10.1007_s10534-011-9465-y,metadata_only,attempt_external_primary_fulltext_then_inventory_existing_supplementary_assets,/mnt/d/work/抗菌肽/数据库/merged_amp_corpus/landed_assets/papers/doi__10.1007_s10534-011-9465-y,Comparative antimicrobial activity and mechanism of action of bovine lactoferricin-derived synthetic peptides.,2011,Biometals,10.1007/s10534-011-9465-y,21607695,,0,0,0,0,0,8,landing_page,o;p;e;n;a;l;e;x;_;l;a;n;d;i;n;g
doi__10.1007_s10534-014-9753-4,metadata_only,attempt_external_primary_fulltext_then_inventory_existing_supplementary_assets,/mnt/d/work/抗菌肽/数据库/merged_amp_corpus/landed_assets/papers/doi__10.1007_s10534-014-9753-4,Bovine and human lactoferricin peptides: chimeras and new cyclic analogs.,2014,Biometals,10.1007/s10534-014-9753-4,24916114,,0,0,0,0,0,8,landing_page,o;p;e;n;a;l;e;x;_;l;a;n;d;i;n;g
doi__10.1007_s10541-005-0221-1,metadata_only,attempt_external_primary_fulltext_then_inventory_existing_supplementary_assets,/mnt/d/work/抗菌肽/数据库/merged_amp_corpus/landed_assets/papers/doi__10.1007_s10541-005-0221-1,Isolation and characterization of a new extracellular bacteriolytic endopeptidase of Lysobacter sp. XL1.,2005,Biochemistry (Mosc),10.1007/s10541-005-0221-1,16266276,,0,0,0,0,0,8,landing_page,o;p;e;n;a;l;e;x;_;l;a;n;d;i;n;g
doi__10.1007_s10565-021-09588-y,metadata_only,attempt_external_primary_fulltext_then_inventory_existing_supplementary_assets,/mnt/d/work/抗菌肽/数据库/merged_amp_corpus/landed_assets/papers/doi__10.1007_s10565-021-09588-y,"LvHemB1, a novel cationic antimicrobial peptide derived from the hemocyanin of Litopenaeus vannamei, induces cancer cell death by targeting mitochondrial voltage-dependent anion channel 1",2021,Cell Biol Toxicol,10.1007/s10565-021-09588-y,33630204,,0,0,0,0,0,8,landing_page,o;p;e;n;a;l;e;x;_;l;a;n;d;i;n;g
doi__10.1007_s10637-005-3690-6,metadata_only,attempt_external_primary_fulltext_then_inventory_existing_supplementary_assets,/mnt/d/work/抗菌肽/数据库/merged_amp_corpus/landed_assets/papers/doi__10.1007_s10637-005-3690-6,Phase I trial of oral talactoferrin alfa in refractory solid tumors,2005,Invest. New Drugs,10.1007/s10637-005-3690-6,16193240,,0,0,0,0,0,9,landing_page,o;p;e;n;a;l;e;x;_;l;a;n;d;i;n;g
doi__10.1007_s10753-011-9330-8,metadata_only,attempt_external_primary_fulltext_then_inventory_existing_supplementary_assets,/mnt/d/work/抗菌肽/数据库/merged_amp_corpus/landed_assets/papers/doi__10.1007_s10753-011-9330-8,a variety of functional roles of the two proteins as regulators in acute inflammatory reaction.,2011,Inflammation,10.1007/s10753-011-9330-8,21487906,,0,0,0,0,0,8,landing_page,o;p;e;n;a;l;e;x;_;l;a;n;d;i;n;g
doi__10.1007_s10856-012-4645-z,metadata_only,attempt_external_primary_fulltext_then_inventory_existing_supplementary_assets,/mnt/d/work/抗菌肽/数据库/merged_amp_corpus/landed_assets/papers/doi__10.1007_s10856-012-4645-z,Antimicrobial activities of recombinant mouse β-defensin 3 and its synergy with antibiotics.,2012,J Mater Sci Mater Med,10.1007/s10856-012-4645-z,22528077,,0,0,0,0,0,8,landing_page,o;p;e;n;a;l;e;x;_;l;a;n;d;i;n;g
doi__10.1007_s10886-013-0294-z,metadata_only,attempt_external_primary_fulltext_then_inventory_existing_supplementary_assets,/mnt/d/work/抗菌肽/数据库/merged_amp_corpus/landed_assets/papers/doi__10.1007_s10886-013-0294-z,Evaluation of the skin peptide defenses of the Oregon spotted frog Rana pretiosa against infection by the chytrid fungus Batrachochytrium dendrobatidis.,2013,J Chem Ecol,10.1007/s10886-013-0294-z,23653106,,0,0,0,0,0,9,landing_page,o;p;e;n;a;l;e;x;_;l;a;n;d;i;n;g
doi__10.1007_s10886-023-01438-x,metadata_only,attempt_external_primary_fulltext_then_inventory_existing_supplementary_assets,/mnt/d/work/抗菌肽/数据库/merged_amp_corpus/landed_assets/papers/doi__10.1007_s10886-023-01438-x,"Characterization of Arthropeptide B, an Antifungal Cyclic Tetrapeptide from Arthrobacter humicola.",2023,J Chem Ecol,10.1007/s10886-023-01438-x,37322383,,0,0,0,0,0,9,landing_page,o;p;e;n;a;l;e;x;_;l;a;n;d;i;n;g
doi__10.1007_s10930-004-7877-z,metadata_only,attempt_external_primary_fulltext_then_inventory_existing_supplementary_assets,/mnt/d/work/抗菌肽/数据库/merged_amp_corpus/landed_assets/papers/doi__10.1007_s10930-004-7877-z,Ocellatins: new antimicrobial peptides from the skin secretion of the South American frog Leptodactylus ocellatus (Anura: Leptodactylidae),2004,Protein J.,10.1007/s10930-004-7877-z,15648972,,0,0,0,0,0,9,landing_page,o;p;e;n;a;l;e;x;_;l;a;n;d;i;n;g
doi__10.1007_s10930-007-9094-z,metadata_only,attempt_external_primary_fulltext_then_inventory_existing_supplementary_assets,/mnt/d/work/抗菌肽/数据库/merged_amp_corpus/landed_assets/papers/doi__10.1007_s10930-007-9094-z,Structural and biological characterization of two crotamine isoformsIV-2 and IV-3 isolated from the Crotalus durissus cumanensis venom.,2007,Protein J,10.1007/s10930-007-9094-z,17828447,,0,0,0,0,0,9,landing_page,o;p;e;n;a;l;e;x;_;l;a;n;d;i;n;g
doi__10.1007_s10930-010-9299-4,metadata_only,attempt_external_primary_fulltext_then_inventory_existing_supplementary_assets,/mnt/d/work/抗菌肽/数据库/merged_amp_corpus/landed_assets/papers/doi__10.1007_s10930-010-9299-4,Identification of botryticidal proteins with similarity to NBS-LRR proteins in rosemary pepper (Lippia sidoides Cham.) flowers.,2011,Protein J,10.1007/s10930-010-9299-4,21210197,,0,0,0,0,0,8,landing_page,o;p;e;n;a;l;e;x;_;l;a;n;d;i;n;g
doi__10.1007_s10930-011-9337-x,metadata_only,attempt_external_primary_fulltext_then_inventory_existing_supplementary_assets,/mnt/d/work/抗菌肽/数据库/merged_amp_corpus/landed_assets/papers/doi__10.1007_s10930-011-9337-x,Bactericidal activity identified in 2S Albumin from sesame seeds and in silico studies of structure-function relations.,2011,Protein J,10.1007/s10930-011-9337-x,21691771,,0,0,0,0,0,9,landing_page,o;p;e;n;a;l;e;x;_;l;a;n;d;i;n;g
doi__10.1007_s10930-011-9346-9,metadata_only,attempt_external_primary_fulltext_then_inventory_existing_supplementary_assets,/mnt/d/work/抗菌肽/数据库/merged_amp_corpus/landed_assets/papers/doi__10.1007_s10930-011-9346-9,"Isolation and identification of a novel inducible antibacterial peptide from the skin mucus of Japanese eel, Anguilla japonica.",2011,Protein J,10.1007/s10930-011-9346-9,21796440,,0,0,0,0,0,9,landing_page,o;p;e;n;a;l;e;x;_;l;a;n;d;i;n;g
doi__10.1007_s10930-013-9505-2,metadata_only,attempt_external_primary_fulltext_then_inventory_existing_supplementary_assets,/mnt/d/work/抗菌肽/数据库/merged_amp_corpus/landed_assets/papers/doi__10.1007_s10930-013-9505-2,Improved protease stability of the antimicrobial peptide Pin2 substituted with D-amino acids.,2013,Protein J,10.1007/s10930-013-9505-2,23925670,,0,0,0,0,0,9,landing_page,o;p;e;n;a;l;e;x;_;l;a;n;d;i;n;g
doi__10.1007_s10930-015-9604-3,metadata_only,attempt_external_primary_fulltext_then_inventory_existing_supplementary_assets,/mnt/d/work/抗菌肽/数据库/merged_amp_corpus/landed_assets/papers/doi__10.1007_s10930-015-9604-3,"Characterization of Peptides from Capsicum annuum Hybrid Seeds with Inhibitory Activity Against alpha-Amylase, Serine Proteinases and Fungi.",2015,Protein J.,10.1007/s10930-015-9604-3,25750185,,0,0,0,0,0,9,landing_page,o;p;e;n;a;l;e;x;_;l;a;n;d;i;n;g
doi__10.1007_s10930-016-9662-1,metadata_only,attempt_external_primary_fulltext_then_inventory_existing_supplementary_assets,/mnt/d/work/抗菌肽/数据库/merged_amp_corpus/landed_assets/papers/doi__10.1007_s10930-016-9662-1,"Cationic Antimicrobial Peptides Derived from Crocodylus siamensis Leukocyte Extract, Revealing Anticancer Activity and Apoptotic Induction on Human Cervical Cancer Cells.",2016,Protein J,10.1007/s10930-016-9662-1,27129462,,0,0,0,0,0,10,package_or_supplementary,l;o;c;a;l;_;s;u;p;p;l;e;m;e;n;t;a;r;y;;;o;p;e;n;a;l;e;x;_;l;a;n;d;i;n;g
doi__10.1007_s10930-019-09840-9,metadata_only,attempt_external_primary_fulltext_then_inventory_existing_supplementary_assets,/mnt/d/work/抗菌肽/数据库/merged_amp_corpus/landed_assets/papers/doi__10.1007_s10930-019-09840-9,New Synthetic Peptides Conjugated to Gold Nanoclusters: Antibiotic Activity Against Escherichia coli O157:H7 and Methicillin-Resistant Staphylococcus aureus (MRSA).,2019,Protein J,10.1007/s10930-019-09840-9,31119600,,0,0,0,0,0,8,landing_page,o;p;e;n;a;l;e;x;_;l;a;n;d;i;n;g
doi__10.1007_s10930-019-09879-8,metadata_only,attempt_external_primary_fulltext_then_inventory_existing_supplementary_assets,/mnt/d/work/抗菌肽/数据库/merged_amp_corpus/landed_assets/papers/doi__10.1007_s10930-019-09879-8,Identification of Antimicrobial Peptides From Novel Lactobacillus Fermentum Strain,2020,Protein J.,10.1007/s10930-019-09879-8,31933011,,0,0,0,0,0,8,landing_page,o;p;e;n;a;l;e;x;_;l;a;n;d;i;n;g
doi__10.1007_s10989-004-1722-2,metadata_only,attempt_external_primary_fulltext_then_inventory_existing_supplementary_assets,/mnt/d/work/抗菌肽/数据库/merged_amp_corpus/landed_assets/papers/doi__10.1007_s10989-004-1722-2,Structure of circulin B and implications for antimicrobial activity of the cyclotides.,2005,Int. J. Pept. Protein Res,10.1007/s10989-004-1722-2,,,0,0,0,0,0,9,landing_page,o;p;e;n;a;l;e;x;_;l;a;n;d;i;n;g;;;c;r;o;s;s;r;e;f;_;i;d;e;n;t;i;f;i;e;r
doi__10.1007_s10989-006-9041-4,metadata_only,attempt_external_primary_fulltext_then_inventory_existing_supplementary_assets,/mnt/d/work/抗菌肽/数据库/merged_amp_corpus/landed_assets/papers/doi__10.1007_s10989-006-9041-4,"Antiviral Activity of Antimicrobial Lipopeptide from Bacillus subtilis fmbj Against Pseudorabies Virus, Porcine Parvovirus, Newcastle Disease Virus and Infectious Bursal Disease Virus in Vitro",2006,Int J Pept Res Ther,10.1007/s10989-006-9041-4,,,0,0,0,0,0,8,landing_page,o;p;e;n;a;l;e;x;_;l;a;n;d;i;n;g;;;c;r;o;s;s;r;e;f;_;i;d;e;n;t;i;f;i;e;r
doi__10.1007_s10989-009-9170-7,weak_source,recover_or_stage_primary_xml_then_build_material_packet,/mnt/d/work/抗菌肽/数据库/merged_amp_corpus/landed_assets/papers/doi__10.1007_s10989-009-9170-7,ChBac3.4: a novel proline-rich antimicrobial peptide from goat leukocytes,2009,Int J Pept Res Ther,10.1007/s10989-009-9170-7,,,0,2,0,2,0,9,direct_pdf,o;p;e;n;a;l;e;x;_;p;d;f;;;o;p;e;n;a;l;e;x;_;l;a;n;d;i;n;g;;;f;u;l;l;t;e;x;t;_;s;i;g;n;a;l;;;c;r;o;s;s;r;e;f;_;i;d;e;n;t;i;f;i;e;r
doi__10.1007_s10989-011-9268-6,metadata_only,attempt_external_primary_fulltext_then_inventory_existing_supplementary_assets,/mnt/d/work/抗菌肽/数据库/merged_amp_corpus/landed_assets/papers/doi__10.1007_s10989-011-9268-6,A Synthetic Peptide Derived from NK-Lysin with Activity Against Mycobacterium tuberculosis and its Structure–Function Relationship,2011,Int J Pept Res Ther,10.1007/s10989-011-9268-6,,,0,0,0,0,0,8,landing_page,o;p;e;n;a;l;e;x;_;l;a;n;d;i;n;g
doi__10.1007_s10989-012-9320-1,metadata_only,attempt_external_primary_fulltext_then_inventory_existing_supplementary_assets,/mnt/d/work/抗菌肽/数据库/merged_amp_corpus/landed_assets/papers/doi__10.1007_s10989-012-9320-1,A Novel Antimicrobial Peptide Derived from the Insect Paederus dermatitis,2012,Int J Pept Res Ther DOI 10.1007/s10989-012-9320-1. Publisher,10.1007/s10989-012-9320-1,10,,0,0,0,0,0,8,landing_page,o;p;e;n;a;l;e;x;_;l;a;n;d;i;n;g
doi__10.1007_s10989-013-9350-3,metadata_only,attempt_external_primary_fulltext_then_inventory_existing_supplementary_assets,/mnt/d/work/抗菌肽/数据库/merged_amp_corpus/landed_assets/papers/doi__10.1007_s10989-013-9350-3,"Mauriporin, a Novel Cationic a-Helical Peptide with Selective Cytotoxic Activity Against Prostate Cancer Cell Lines from the Venom of the Scorpion Androctonus mauritanicus",2013,Int J Pept Res Ther,10.1007/s10989-013-9350-3,,,0,0,0,0,0,8,landing_page,o;p;e;n;a;l;e;x;_;l;a;n;d;i;n;g;;;c;r;o;s;s;r;e;f;_;i;d;e;n;t;i;f;i;e;r
doi__10.1007_s10989-013-9355-y,metadata_only,attempt_external_primary_fulltext_then_inventory_existing_supplementary_assets,/mnt/d/work/抗菌肽/数据库/merged_amp_corpus/landed_assets/papers/doi__10.1007_s10989-013-9355-y,The presence of arginine in the Pro-Arg-Pro motif augments the lethality of proline rich antimicrobial peptides of insect source.,2013,Int J Pept Res Ther,10.1007/s10989-013-9355-y,,,0,0,0,0,0,8,landing_page,o;p;e;n;a;l;e;x;_;l;a;n;d;i;n;g;;;c;r;o;s;s;r;e;f;_;i;d;e;n;t;i;f;i;e;r
doi__10.1007_s10989-014-9405-0,metadata_only,attempt_external_primary_fulltext_then_inventory_existing_supplementary_assets,/mnt/d/work/抗菌肽/数据库/merged_amp_corpus/landed_assets/papers/doi__10.1007_s10989-014-9405-0,"Antimicrobial and Antibioﬁlm Activity of Mauriporin, a Multifunctional Scorpion Venom Peptide",2014,Int J Pept Res Ther,10.1007/s10989-014-9405-0,,,0,0,0,0,0,8,landing_page,o;p;e;n;a;l;e;x;_;l;a;n;d;i;n;g;;;c;r;o;s;s;r;e;f;_;i;d;e;n;t;i;f;i;e;r
doi__10.1007_s10989-014-9417-9,metadata_only,attempt_external_primary_fulltext_then_inventory_existing_supplementary_assets,/mnt/d/work/抗菌肽/数据库/merged_amp_corpus/landed_assets/papers/doi__10.1007_s10989-014-9417-9,Anticancer Activities of Antimicrobial BmKn2 Peptides Against Oral and Colon Cancer Cells,2014,Int J Pept Res Ther,10.1007/s10989-014-9417-9,,,0,0,0,0,0,8,landing_page,o;p;e;n;a;l;e;x;_;l;a;n;d;i;n;g;;;c;r;o;s;s;r;e;f;_;i;d;e;n;t;i;f;i;e;r
doi__10.1007_s10989-014-9419-7,metadata_only,attempt_external_primary_fulltext_then_inventory_existing_supplementary_assets,/mnt/d/work/抗菌肽/数据库/merged_amp_corpus/landed_assets/papers/doi__10.1007_s10989-014-9419-7,"Modified Cysteine-Deleted Tachyplesin (CDT) Analogs as Linear Antimicrobial Peptides: Influence of Chain Length, Positive Charge, and Hydrophobicity on Antimicrobial and Hemolytic Activity",2014,Int J Pept Res Ther,10.1007/s10989-014-9419-7,,,0,0,0,0,0,8,landing_page,o;p;e;n;a;l;e;x;_;l;a;n;d;i;n;g;;;c;r;o;s;s;r;e;f;_;i;d;e;n;t;i;f;i;e;r
doi__10.1007_s10989-017-9618-0,weak_source,recover_or_stage_primary_xml_then_build_material_packet,/mnt/d/work/抗菌肽/数据库/merged_amp_corpus/landed_assets/papers/doi__10.1007_s10989-017-9618-0,"Characterization of a Gloverin-Like Antimicrobial Peptide Isolated from Muga Silkworm, Antheraea assamensis",2017,"Int J Pept Res Ther. online July 27,",10.1007/s10989-017-9618-0,10,,0,1,0,1,0,8,landing_page,o;p;e;n;a;l;e;x;_;l;a;n;d;i;n;g
doi__10.1007_s10989-018-9736-3,metadata_only,attempt_external_primary_fulltext_then_inventory_existing_supplementary_assets,/mnt/d/work/抗菌肽/数据库/merged_amp_corpus/landed_assets/papers/doi__10.1007_s10989-018-9736-3,Lycosin-II Suppresses the Growth of Tumor Cells and Kills them Through Membrane Disruption and Apoptosis Induction,2018,,10.1007/s10989-018-9736-3,,,0,0,0,0,0,8,landing_page,o;p;e;n;a;l;e;x;_;l;a;n;d;i;n;g
doi__10.1007_s10989-019-09888-2,metadata_only,attempt_external_primary_fulltext_then_inventory_existing_supplementary_assets,/mnt/d/work/抗菌肽/数据库/merged_amp_corpus/landed_assets/papers/doi__10.1007_s10989-019-09888-2,"Smp76, a Scorpine-Like Peptide Isolated from the Venom of the Scorpion Scorpio maurus palmatus, with a Potent Antiviral Activity Against Hepatitis C Virus and Dengue Virus.",2019,Int J Pept Res Ther,10.1007/s10989-019-09888-2,32435168,,0,0,0,0,0,8,direct_pdf,o;p;e;n;a;l;e;x;_;l;a;n;d;i;n;g;;;o;p;e;n;a;l;e;x;_;p;d;f
doi__10.1007_s10989-019-09964-7,weak_source,recover_or_stage_primary_xml_then_build_material_packet,/mnt/d/work/抗菌肽/数据库/merged_amp_corpus/landed_assets/papers/doi__10.1007_s10989-019-09964-7,Isolation and structural resolution of a haemolytically active polypeptide from the immune secretion of a European toad.,2019,Monatsh. Chem,10.1007/s10989-019-09964-7,,,0,1,0,1,0,8,landing_page,o;p;e;n;a;l;e;x;_;l;a;n;d;i;n;g
doi__10.1007_s10989-019-09984-3,metadata_only,attempt_external_primary_fulltext_then_inventory_existing_supplementary_assets,/mnt/d/work/抗菌肽/数据库/merged_amp_corpus/landed_assets/papers/doi__10.1007_s10989-019-09984-3,Design and Characterization of a Novel Hybrid Antimicrobial Peptide OM19R Based on Oncocin and MDAP-2.,2019,Int J Pept Res Ther,10.1007/s10989-019-09984-3,,,0,0,0,0,0,8,landing_page,o;p;e;n;a;l;e;x;_;l;a;n;d;i;n;g;;;c;r;o;s;s;r;e;f;_;i;d;e;n;t;i;f;i;e;r
doi__10.1007_s10989-020-10154-z,metadata_only,attempt_external_primary_fulltext_then_inventory_existing_supplementary_assets,/mnt/d/work/抗菌肽/数据库/merged_amp_corpus/landed_assets/papers/doi__10.1007_s10989-020-10154-z,Evaluation of Antibacterial Activity of Magainin and Mastoparan and Its Novel Hybrid Against MDR E. coli Isolates of Neonatal Calves,2021,Int J Pept Res Ther,10.1007/s10989-020-10154-z,,,0,0,0,0,0,8,landing_page,o;p;e;n;a;l;e;x;_;l;a;n;d;i;n;g;;;c;r;o;s;s;r;e;f;_;i;d;e;n;t;i;f;i;e;r
doi__10.1007_s10989-021-10182-3,metadata_only,attempt_external_primary_fulltext_then_inventory_existing_supplementary_assets,/mnt/d/work/抗菌肽/数据库/merged_amp_corpus/landed_assets/papers/doi__10.1007_s10989-021-10182-3,D-Leucine Modified CM11 Peptide has Admissible Antibacterial Activity with Low Cytotoxic Properties Against Vero Cell Line,2021,Int J Pept Res Ther,10.1007/s10989-021-10182-3,,,0,0,0,0,0,9,landing_page,o;p;e;n;a;l;e;x;_;l;a;n;d;i;n;g;;;c;r;o;s;s;r;e;f;_;i;d;e;n;t;i;f;i;e;r
doi__10.1007_s10989-021-10183-2,weak_source,recover_or_stage_primary_xml_then_build_material_packet,/mnt/d/work/抗菌肽/数据库/merged_amp_corpus/landed_assets/papers/doi__10.1007_s10989-021-10183-2,"Design, Synthesis and Evaluation of Antimicrobial Database‑Derived Peptides Against Drug‑Resistant Gram‑Positive and Gram‑Negative Pathogens",2021,Int J Pept Res Ther,10.1007/s10989-021-10183-2,,,0,1,0,1,0,8,landing_page,o;p;e;n;a;l;e;x;_;l;a;n;d;i;n;g;;;c;r;o;s;s;r;e;f;_;i;d;e;n;t;i;f;i;e;r
doi__10.1007_s10989-021-10207-x,metadata_only,attempt_external_primary_fulltext_then_inventory_existing_supplementary_assets,/mnt/d/work/抗菌肽/数据库/merged_amp_corpus/landed_assets/papers/doi__10.1007_s10989-021-10207-x,"Effects of Substituting Arginine by Lysine in Bovine Lactoferricin Derived Peptides: Pursuing Production Lower Costs, Lower Hemolysis, and Sustained Antimicrobial Activity",2021,Int J Pept Res Ther,10.1007/s10989-021-10207-x,,,0,0,0,0,0,8,landing_page,o;p;e;n;a;l;e;x;_;l;a;n;d;i;n;g
doi__10.1007_s10989-024-10647-1,metadata_only,attempt_external_primary_fulltext_then_inventory_existing_supplementary_assets,/mnt/d/work/抗菌肽/数据库/merged_amp_corpus/landed_assets/papers/doi__10.1007_s10989-024-10647-1,"De Novo Design and Characterization of Novel Antimicrobial Peptides, Lk3 and Lk4, Containing Repeating Unit",2024,International Journal of Peptide Research and Therapeutics,10.1007/s10989-024-10647-1,,,0,0,0,0,0,8,landing_page,c;r;o;s;s;r;e;f;_;i;d;e;n;t;i;f;i;e;r;;;o;p;e;n;a;l;e;x;_;l;a;n;d;i;n;g
doi__10.1007_s11010-011-0991-2,metadata_only,attempt_external_primary_fulltext_then_inventory_existing_supplementary_assets,/mnt/d/work/抗菌肽/数据库/merged_amp_corpus/landed_assets/papers/doi__10.1007_s11010-011-0991-2,Human parotid secretory protein is a lipopolysaccharide-binding protein: identification of an anti-inflammatory peptide domain.,2011,Mol Cell Biochem.,10.1007/s11010-011-0991-2,21833535,PMC3219827,0,0,0,0,0,9,fulltext_or_xml,f;u;l;l;t;e;x;t;_;s;i;g;n;a;l;;;o;p;e;n;a;l;e;x;_;l;a;n;d;i;n;g
doi__10.1007_s11010-013-1778-4,metadata_only,attempt_external_primary_fulltext_then_inventory_existing_supplementary_assets,/mnt/d/work/抗菌肽/数据库/merged_amp_corpus/landed_assets/papers/doi__10.1007_s11010-013-1778-4,Structure-activity relationships of αs-casein peptides with multifunctional biological activities.,2013,Mol Cell Biochem,10.1007/s11010-013-1778-4,23963991,,0,0,0,0,0,9,landing_page,o;p;e;n;a;l;e;x;_;l;a;n;d;i;n;g
doi__10.1007_s11010-015-2407-1,weak_source,recover_or_stage_primary_xml_then_build_material_packet,/mnt/d/work/抗菌肽/数据库/merged_amp_corpus/landed_assets/papers/doi__10.1007_s11010-015-2407-1,Effect of amino acid substitution in the staphylococcal peptides warnericin RK and PSMα on their anti-Legionella and hemolytic activities.,2015,Mol Cell Biochem,10.1007/s11010-015-2407-1,25869678,,0,1,0,1,0,9,landing_page,o;p;e;n;a;l;e;x;_;l;a;n;d;i;n;g
doi__10.1007_s11030-024-11046-w,metadata_only,attempt_external_primary_fulltext_then_inventory_existing_supplementary_assets,/mnt/d/work/抗菌肽/数据库/merged_amp_corpus/landed_assets/papers/doi__10.1007_s11030-024-11046-w,Influence of hydrophobicity on the antimicrobial activity of helical antimicrobial peptides: a study focusing on three mastoparans.,2024,Mol Divers,10.1007/s11030-024-11046-w,39617871,,0,0,0,0,0,8,landing_page,o;p;e;n;a;l;e;x;_;l;a;n;d;i;n;g
doi__10.1007_s11033-008-9253-0,metadata_only,attempt_external_primary_fulltext_then_inventory_existing_supplementary_assets,/mnt/d/work/抗菌肽/数据库/merged_amp_corpus/landed_assets/papers/doi__10.1007_s11033-008-9253-0,Molecular cloning and characterization of crustin from mud crab Scylla paramamosain.,2008,Mol Biol Rep,10.1007/s11033-008-9253-0,18425600,,0,0,0,0,0,9,landing_page,o;p;e;n;a;l;e;x;_;l;a;n;d;i;n;g
doi__10.1007_s11033-010-0409-3,metadata_only,attempt_external_primary_fulltext_then_inventory_existing_supplementary_assets,/mnt/d/work/抗菌肽/数据库/merged_amp_corpus/landed_assets/papers/doi__10.1007_s11033-010-0409-3,HNP-3 enhanced the antimicrobial activity of CIP by promoting ATP efflux from P. aeruginosa cells.,2010,Mol Biol Rep,10.1007/s11033-010-0409-3,21107732,,0,0,0,0,0,9,landing_page,o;p;e;n;a;l;e;x;_;l;a;n;d;i;n;g
doi__10.1007_s11033-012-2152-4,metadata_only,attempt_external_primary_fulltext_then_inventory_existing_supplementary_assets,/mnt/d/work/抗菌肽/数据库/merged_amp_corpus/landed_assets/papers/doi__10.1007_s11033-012-2152-4,"Five novel antimicrobial peptides from the Kuhl's wart frog skin secretions, Limnonectes kuhlii.",2012,Mol Biol Rep.,10.1007/s11033-012-2152-4,23054029,,0,0,0,0,0,9,landing_page,o;p;e;n;a;l;e;x;_;l;a;n;d;i;n;g
doi__10.1007_s11033-016-3967-1,metadata_only,attempt_external_primary_fulltext_then_inventory_existing_supplementary_assets,/mnt/d/work/抗菌肽/数据库/merged_amp_corpus/landed_assets/papers/doi__10.1007_s11033-016-3967-1,cDNA cloning and molecular characterization of a defensin-like antimicrobial peptide from larvae of Protaetia brevitarsis seulensis (Kolbe).,2016,Mol Biol Rep.,10.1007/s11033-016-3967-1,26970764,,0,0,0,0,0,9,landing_page,o;p;e;n;a;l;e;x;_;l;a;n;d;i;n;g
doi__10.1007_s11095-014-1550-9,metadata_only,attempt_external_primary_fulltext_then_inventory_existing_supplementary_assets,/mnt/d/work/抗菌肽/数据库/merged_amp_corpus/landed_assets/papers/doi__10.1007_s11095-014-1550-9,Cell-penetrating antimicrobial peptides - prospectives for targeting intracellular infections,2015,Pharm Res.,10.1007/s11095-014-1550-9,25777610,,0,0,0,0,0,8,landing_page,o;p;e;n;a;l;e;x;_;l;a;n;d;i;n;g
doi__10.1007_s11095-014-1586-x,metadata_only,attempt_external_primary_fulltext_then_inventory_existing_supplementary_assets,/mnt/d/work/抗菌肽/数据库/merged_amp_corpus/landed_assets/papers/doi__10.1007_s11095-014-1586-x,"Cell penetrating peptides as efficient nanocarriers for delivery of antifungal compound, natamycin for the treatment of fungal keratitis.",2014,Pharm Res,10.1007/s11095-014-1586-x,25467959,,0,0,0,0,0,8,landing_page,o;p;e;n;a;l;e;x;_;l;a;n;d;i;n;g
doi__10.1007_s11103-004-6769-0,metadata_only,attempt_external_primary_fulltext_then_inventory_existing_supplementary_assets,/mnt/d/work/抗菌肽/数据库/merged_amp_corpus/landed_assets/papers/doi__10.1007_s11103-004-6769-0,The complex developmental expression of a novel stress-responsive barley Ltp gene is determined by a shortened promoter sequence.,2005,Plant Mol Biol,10.1007/s11103-004-6769-0,15821867,,0,0,0,0,0,9,landing_page,o;p;e;n;a;l;e;x;_;l;a;n;d;i;n;g
doi__10.1007_s11103-005-5567-7,metadata_only,attempt_external_primary_fulltext_then_inventory_existing_supplementary_assets,/mnt/d/work/抗菌肽/数据库/merged_amp_corpus/landed_assets/papers/doi__10.1007_s11103-005-5567-7,"structure, expression and induction by signal molecules.",2005,Plant Mol Biol,10.1007/s11103-005-5567-7,16021402,,0,0,0,0,0,9,landing_page,o;p;e;n;a;l;e;x;_;l;a;n;d;i;n;g
doi__10.1007_s11103-005-8270-9,metadata_only,attempt_external_primary_fulltext_then_inventory_existing_supplementary_assets,/mnt/d/work/抗菌肽/数据库/merged_amp_corpus/landed_assets/papers/doi__10.1007_s11103-005-8270-9,Two plant puroindolines colocalize in wheat seed and in vitro synergistically fight against pathogens.,2005,Plant Mol Biol,10.1007/s11103-005-8270-9,16240178,,0,0,0,0,0,9,landing_page,o;p;e;n;a;l;e;x;_;l;a;n;d;i;n;g
doi__10.1007_s11103-008-9372-y,metadata_only,attempt_external_primary_fulltext_then_inventory_existing_supplementary_assets,/mnt/d/work/抗菌肽/数据库/merged_amp_corpus/landed_assets/papers/doi__10.1007_s11103-008-9372-y,Evolutionary relationship between defensins in the Poaceae family strengthened by the characterization of new sugarcane defensins,2008,Plant Mol Biol.,10.1007/s11103-008-9372-y,18618271,,0,0,0,0,0,8,landing_page,o;p;e;n;a;l;e;x;_;l;a;n;d;i;n;g
doi__10.1007_s11103-013-0127-z,metadata_only,attempt_external_primary_fulltext_then_inventory_existing_supplementary_assets,/mnt/d/work/抗菌肽/数据库/merged_amp_corpus/landed_assets/papers/doi__10.1007_s11103-013-0127-z,Novel antifungal,2013,Plant Mol Biol,10.1007/s11103-013-0127-z,24081691,,0,0,0,0,0,8,landing_page,o;p;e;n;a;l;e;x;_;l;a;n;d;i;n;g
doi__10.1007_s11103-022-01317-1,metadata_only,attempt_external_primary_fulltext_then_inventory_existing_supplementary_assets,/mnt/d/work/抗菌肽/数据库/merged_amp_corpus/landed_assets/papers/doi__10.1007_s11103-022-01317-1,The C terminal stretch of glycine rich proline rich protein (SbGPRP1) from Sorghum bicolor serves as an antimicrobial peptide by targeting the bacterial outer membrane protein,2022,Plant Mol Biol.,10.1007/s11103-022-01317-1,36271987,,0,0,0,0,0,8,landing_page,o;p;e;n;a;l;e;x;_;l;a;n;d;i;n;g
doi__10.1007_s11248-011-9506-x,metadata_only,attempt_external_primary_fulltext_then_inventory_existing_supplementary_assets,/mnt/d/work/抗菌肽/数据库/merged_amp_corpus/landed_assets/papers/doi__10.1007_s11248-011-9506-x,Over-expression of snakin-2 and extensin-like protein genes restricts pathogen invasiveness and enhances tolerance to Clavibacter michiganensis subsp. michiganensis in transgenic tomato (Solanum lycopersicum).,2011,Transgenic Res,10.1007/s11248-011-9506-x,21479554,,0,0,0,0,0,8,landing_page,o;p;e;n;a;l;e;x;_;l;a;n;d;i;n;g
doi__10.1007_s11274-012-1189-9,metadata_only,attempt_external_primary_fulltext_then_inventory_existing_supplementary_assets,/mnt/d/work/抗菌肽/数据库/merged_amp_corpus/landed_assets/papers/doi__10.1007_s11274-012-1189-9,Isolation of proline-based cyclic dipeptides from Bacillus sp. N strain associated with rhabditid [corrected] entomopathogenic nematode and its antimicrobial properties.,2012,World J Microbiol Biotechnol,10.1007/s11274-012-1189-9,23065379,,0,0,0,0,0,8,landing_page,o;p;e;n;a;l;e;x;_;l;a;n;d;i;n;g
doi__10.1007_s11274-013-1360-y,metadata_only,attempt_external_primary_fulltext_then_inventory_existing_supplementary_assets,/mnt/d/work/抗菌肽/数据库/merged_amp_corpus/landed_assets/papers/doi__10.1007_s11274-013-1360-y,"Purification, molecular cloning, and antimicrobial activity of peptides from the skin secretion of the black-spotted frog, Rana nigromaculata.",2013,World J Microbiol Biotechnol,10.1007/s11274-013-1360-y,23632907,,0,0,0,0,0,8,landing_page,o;p;e;n;a;l;e;x;_;l;a;n;d;i;n;g
doi__10.1007_s11274-013-1461-7,metadata_only,attempt_external_primary_fulltext_then_inventory_existing_supplementary_assets,/mnt/d/work/抗菌肽/数据库/merged_amp_corpus/landed_assets/papers/doi__10.1007_s11274-013-1461-7,Cyclic dipeptides from rhabditid entomopathogenic nematode-associated Bacillus cereus have antimicrobial activities.,2013,World J Microbiol Biotechnol,10.1007/s11274-013-1461-7,23979826,,0,0,0,0,0,8,landing_page,o;p;e;n;a;l;e;x;_;l;a;n;d;i;n;g
doi__10.1007_s11274-013-1558-z,metadata_only,attempt_external_primary_fulltext_then_inventory_existing_supplementary_assets,/mnt/d/work/抗菌肽/数据库/merged_amp_corpus/landed_assets/papers/doi__10.1007_s11274-013-1558-z,Isolation and identification of a new intracellular antimicrobial peptide produced by Paenibacillus alvei AN5.,2013,World J Microbiol Biotechnol,10.1007/s11274-013-1558-z,24272828,,0,0,0,0,0,8,landing_page,o;p;e;n;a;l;e;x;_;l;a;n;d;i;n;g
doi__10.1007_s11274-013-1575-y,metadata_only,attempt_external_primary_fulltext_then_inventory_existing_supplementary_assets,/mnt/d/work/抗菌肽/数据库/merged_amp_corpus/landed_assets/papers/doi__10.1007_s11274-013-1575-y,Investigation of the antibacterial activity of a short cationic peptide against multidrug-resistant Klebsiella pneumoniae and Salmonella typhimurium strains and its cytotoxicity on eukaryotic cells.,2013,World J Microbiol Biotechnol,10.1007/s11274-013-1575-y,24323118,,0,0,0,0,0,8,landing_page,o;p;e;n;a;l;e;x;_;l;a;n;d;i;n;g
doi__10.1007_s11274-015-1851-0,metadata_only,attempt_external_primary_fulltext_then_inventory_existing_supplementary_assets,/mnt/d/work/抗菌肽/数据库/merged_amp_corpus/landed_assets/papers/doi__10.1007_s11274-015-1851-0,"Purification and characterization of a novel plantaricin, KL-1Y, from Lactobacillus plantarum KL-1.",2015,World J Microbiol Biotechnol.,10.1007/s11274-015-1851-0,25862353,,0,0,0,0,0,8,landing_page,o;p;e;n;a;l;e;x;_;l;a;n;d;i;n;g
doi__10.1007_s11274-015-1880-8,metadata_only,attempt_external_primary_fulltext_then_inventory_existing_supplementary_assets,/mnt/d/work/抗菌肽/数据库/merged_amp_corpus/landed_assets/papers/doi__10.1007_s11274-015-1880-8,latest strides and hurdles,2015,,10.1007/s11274-015-1880-8,26041368,,0,0,0,0,0,8,direct_pdf,o;p;e;n;a;l;e;x;_;l;a;n;d;i;n;g;;;o;p;e;n;a;l;e;x;_;p;d;f
doi__10.1007_s11274-016-2096-2,weak_source,recover_or_stage_primary_xml_then_build_material_packet,/mnt/d/work/抗菌肽/数据库/merged_amp_corpus/landed_assets/papers/doi__10.1007_s11274-016-2096-2,A peptide from human β thymosin as a platform for the development of new anti-biofilm agents for Staphylococcus spp. and Pseudomonas aeruginosa.,2016,World J Microbiol Biotechnol,10.1007/s11274-016-2096-2,27339305,,0,1,0,1,0,4,landing_page,o;p;e;n;a;l;e;x;_;l;a;n;d;i;n;g
doi__10.1007_s11274-022-03372-8,metadata_only,attempt_external_primary_fulltext_then_inventory_existing_supplementary_assets,/mnt/d/work/抗菌肽/数据库/merged_amp_corpus/landed_assets/papers/doi__10.1007_s11274-022-03372-8,Brevilaterin B from Brevibacillus laterosporus has selective antitumor activity and induces apoptosis in epidermal cancer,2022,,10.1007/s11274-022-03372-8,35999383,,0,0,0,0,0,8,landing_page,o;p;e;n;a;l;e;x;_;l;a;n;d;i;n;g
doi__10.1007_s11274-024-04093-w,metadata_only,attempt_external_primary_fulltext_then_inventory_existing_supplementary_assets,/mnt/d/work/抗菌肽/数据库/merged_amp_corpus/landed_assets/papers/doi__10.1007_s11274-024-04093-w,Biosynthesis of bacteriocin BacZY05-silver nanoconjugates and evaluation of their antibacterial properties,2024,World J Microbiol Biotechnol.,10.1007/s11274-024-04093-w,39090427,,0,0,0,0,0,8,landing_page,o;p;e;n;a;l;e;x;_;l;a;n;d;i;n;g
doi__10.1007_s11307-009-0287-z,metadata_only,attempt_external_primary_fulltext_then_inventory_existing_supplementary_assets,/mnt/d/work/抗菌肽/数据库/merged_amp_corpus/landed_assets/papers/doi__10.1007_s11307-009-0287-z,Sunflower trypsin inhibitor 1 derivatives as molecular scaffolds for the development of novel peptidic radiopharmaceuticals,2010,Mol Imaging Biol,10.1007/s11307-009-0287-z,19937135,,0,0,0,0,0,9,landing_page,o;p;e;n;a;l;e;x;_;l;a;n;d;i;n;g;;;n;c;b;i;_;d;o;i
doi__10.1007_s11356-021-13683-2,metadata_only,attempt_external_primary_fulltext_then_inventory_existing_supplementary_assets,/mnt/d/work/抗菌肽/数据库/merged_amp_corpus/landed_assets/papers/doi__10.1007_s11356-021-13683-2,Evaluating the effect of dermaseptin S4 and its derivatives on multidrug-resistant bacterial strains and on the colon cancer cell line SW620.,2021,Environ Sci Pollut Res Int,10.1007/s11356-021-13683-2,33774792,,0,0,0,0,0,8,landing_page,o;p;e;n;a;l;e;x;_;l;a;n;d;i;n;g
doi__10.1007_s12010-009-8620-1,metadata_only,attempt_external_primary_fulltext_then_inventory_existing_supplementary_assets,/mnt/d/work/抗菌肽/数据库/merged_amp_corpus/landed_assets/papers/doi__10.1007_s12010-009-8620-1,Proteomics approach to identify unique xylem sap proteins in Pierce's disease-tolerant Vitis species.,2009,Appl Biochem Biotechnol,10.1007/s12010-009-8620-1,19412582,,0,0,0,0,0,8,landing_page,o;p;e;n;a;l;e;x;_;l;a;n;d;i;n;g
doi__10.1007_s12010-011-9257-4,metadata_only,attempt_external_primary_fulltext_then_inventory_existing_supplementary_assets,/mnt/d/work/抗菌肽/数据库/merged_amp_corpus/landed_assets/papers/doi__10.1007_s12010-011-9257-4,Identification and Characterization of a Trypsin Inhibitor from Fagopyrum tataricum Seeds.,2011,Appl Biochem Biotechnol,10.1007/s12010-011-9257-4,21544554,,0,0,0,0,0,9,landing_page,o;p;e;n;a;l;e;x;_;l;a;n;d;i;n;g
doi__10.1007_s12010-011-9455-0,metadata_only,attempt_external_primary_fulltext_then_inventory_existing_supplementary_assets,/mnt/d/work/抗菌肽/数据库/merged_amp_corpus/landed_assets/papers/doi__10.1007_s12010-011-9455-0,"Expression, purification, and antibacterial activity of bovine lactoferrampin-lactoferricin in Pichia pastoris.",2011,Appl Biochem Biotechnol,10.1007/s12010-011-9455-0,22109740,,0,0,0,0,0,9,landing_page,o;p;e;n;a;l;e;x;_;l;a;n;d;i;n;g
doi__10.1007_s12010-013-0258-3,metadata_only,attempt_external_primary_fulltext_then_inventory_existing_supplementary_assets,/mnt/d/work/抗菌肽/数据库/merged_amp_corpus/landed_assets/papers/doi__10.1007_s12010-013-0258-3,"Antimicrobial and antibiofilm activity of designed and synthesized antimicrobial peptide, KABT-AMP.",2013,Appl Biochem Biotechnol,10.1007/s12010-013-0258-3,23649308,,0,0,0,0,0,8,landing_page,o;p;e;n;a;l;e;x;_;l;a;n;d;i;n;g
doi__10.1007_s12010-013-0489-3,metadata_only,attempt_external_primary_fulltext_then_inventory_existing_supplementary_assets,/mnt/d/work/抗菌肽/数据库/merged_amp_corpus/landed_assets/papers/doi__10.1007_s12010-013-0489-3,"New Bacteriocin From Bacillus Clausii strainGM17: Purification, Characterization, and Biological Activity",2013,Appl Biochem Biotechnol.,10.1007/s12010-013-0489-3,24037515,,0,0,0,0,0,8,landing_page,o;p;e;n;a;l;e;x;_;l;a;n;d;i;n;g
doi__10.1007_s12010-013-0567-6,metadata_only,attempt_external_primary_fulltext_then_inventory_existing_supplementary_assets,/mnt/d/work/抗菌肽/数据库/merged_amp_corpus/landed_assets/papers/doi__10.1007_s12010-013-0567-6,Antifungal activity of diketopiperazines and stilbenes against plant pathogenic fungi in vitro.,2013,Appl Biochem Biotechnol,10.1007/s12010-013-0567-6,24122628,,0,0,0,0,0,8,landing_page,o;p;e;n;a;l;e;x;_;l;a;n;d;i;n;g
doi__10.1007_s12010-014-0808-3,metadata_only,attempt_external_primary_fulltext_then_inventory_existing_supplementary_assets,/mnt/d/work/抗菌肽/数据库/merged_amp_corpus/landed_assets/papers/doi__10.1007_s12010-014-0808-3,In vitro antibacterial screening of six proline-based cyclic dipeptides in combination with β-lactam antibiotics against medically important bacteria.,2014,Appl Biochem Biotechnol,10.1007/s12010-014-0808-3,24622848,,0,0,0,0,0,8,landing_page,o;p;e;n;a;l;e;x;_;l;a;n;d;i;n;g;;;n;c;b;i;_;d;o;i
doi__10.1007_s12010-014-1410-4,metadata_only,attempt_external_primary_fulltext_then_inventory_existing_supplementary_assets,/mnt/d/work/抗菌肽/数据库/merged_amp_corpus/landed_assets/papers/doi__10.1007_s12010-014-1410-4,Isolation and identification of a new intracellular antimicrobial peptide produced by Paenibacillus alvei AN5.,2014,World J Microbiol Biotechnol.,10.1007/s12010-014-1410-4,25427593,,0,0,0,0,0,9,landing_page,o;p;e;n;a;l;e;x;_;l;a;n;d;i;n;g
doi__10.1007_s12010-015-1730-z,metadata_only,attempt_external_primary_fulltext_then_inventory_existing_supplementary_assets,/mnt/d/work/抗菌肽/数据库/merged_amp_corpus/landed_assets/papers/doi__10.1007_s12010-015-1730-z,Purification and Molecular Characterization of the Novel Highly Potent Bacteriocin TSU4 Produced by Lactobacillus animalis TSU4,2015,Appl Biochem Biotechnol.,10.1007/s12010-015-1730-z,26245257,,0,0,0,0,0,8,landing_page,o;p;e;n;a;l;e;x;_;l;a;n;d;i;n;g
doi__10.1007_s12010-025-05453-4,metadata_only,attempt_external_primary_fulltext_then_inventory_existing_supplementary_assets,/mnt/d/work/抗菌肽/数据库/merged_amp_corpus/landed_assets/papers/doi__10.1007_s12010-025-05453-4,"Production and Characterisation of Mobilisin, a Broad-Spectrum Antimicrobial Peptide from Bacillus mobilis.",2025,Appl Biochem Biotechnol.,10.1007/s12010-025-05453-4,41196560,,0,0,0,0,0,8,landing_page,o;p;e;n;a;l;e;x;_;l;a;n;d;i;n;g
doi__10.1007_s12038-018-9790-1,metadata_only,attempt_external_primary_fulltext_then_inventory_existing_supplementary_assets,/mnt/d/work/抗菌肽/数据库/merged_amp_corpus/landed_assets/papers/doi__10.1007_s12038-018-9790-1,Antibacterial properties of human beta defensin-3 derivative: CHRG01.,2018,J Biosci,10.1007/s12038-018-9790-1,30207316,,0,0,0,0,0,8,landing_page,o;p;e;n;a;l;e;x;_;l;a;n;d;i;n;g
doi__10.1007_s12195-020-00626-z,metadata_only,attempt_external_primary_fulltext_then_inventory_existing_supplementary_assets,/mnt/d/work/抗菌肽/数据库/merged_amp_corpus/landed_assets/papers/doi__10.1007_s12195-020-00626-z,Re-engineering Antimicrobial Peptides into Oncolytics Targeting Drug-Resistant Ovarian Cancers.,2020,Cell Mol Bioeng,10.1007/s12195-020-00626-z,33184577,PMC7596148,0,0,0,0,0,10,fulltext_or_xml,f;u;l;l;t;e;x;t;_;s;i;g;n;a;l;;;o;p;e;n;a;l;e;x;_;l;a;n;d;i;n;g
doi__10.1007_s12223-013-0282-2,metadata_only,attempt_external_primary_fulltext_then_inventory_existing_supplementary_assets,/mnt/d/work/抗菌肽/数据库/merged_amp_corpus/landed_assets/papers/doi__10.1007_s12223-013-0282-2,Cyclo(L-Pro-D-Arg): a new antibacterial and antitumour diketopiperazine from Bacillus cereus associated with a rhabditid entomopathogenic.,2013,Folia Microbiol (Praha),10.1007/s12223-013-0282-2,24097052,,0,0,0,0,0,8,landing_page,o;p;e;n;a;l;e;x;_;l;a;n;d;i;n;g
doi__10.1007_s12250-018-0068-4,weak_source,recover_or_stage_primary_xml_then_build_material_packet,/mnt/d/work/抗菌肽/数据库/merged_amp_corpus/landed_assets/papers/doi__10.1007_s12250-018-0068-4,The Scorpion Venom Peptide Smp76 Inhibits Viral Infection by Regulating Type-I Interferon Response,2018,Virol Sin.,10.1007/s12250-018-0068-4,30569290,PMC6335219,0,1,0,1,0,8,direct_pdf,o;p;e;n;a;l;e;x;_;p;d;f;;;o;p;e;n;a;l;e;x;_;l;a;n;d;i;n;g;;;f;u;l;l;t;e;x;t;_;s;i;g;n;a;l
doi__10.1007_s12272-012-0505-0,metadata_only,attempt_external_primary_fulltext_then_inventory_existing_supplementary_assets,/mnt/d/work/抗菌肽/数据库/merged_amp_corpus/landed_assets/papers/doi__10.1007_s12272-012-0505-0,"Anticancer activity of undecapeptide analogues derived from antimicrobial peptide, brevinin-1EMa.",2012,Arch Pharm Res,10.1007/s12272-012-0505-0,22644847,,0,0,0,0,0,8,landing_page,o;p;e;n;a;l;e;x;_;l;a;n;d;i;n;g
doi__10.1007_s12272-013-0112-8,metadata_only,attempt_external_primary_fulltext_then_inventory_existing_supplementary_assets,/mnt/d/work/抗菌肽/数据库/merged_amp_corpus/landed_assets/papers/doi__10.1007_s12272-013-0112-8,"Design of potent, non-toxic anticancer peptides based on the structure of the antimicrobial peptide, temporin-1CEa.",2013,Arch Pharm Res,10.1007/s12272-013-0112-8,23609760,,0,0,0,0,0,8,landing_page,o;p;e;n;a;l;e;x;_;l;a;n;d;i;n;g
doi__10.1007_s12272-015-0565-z,metadata_only,attempt_external_primary_fulltext_then_inventory_existing_supplementary_assets,/mnt/d/work/抗菌肽/数据库/merged_amp_corpus/landed_assets/papers/doi__10.1007_s12272-015-0565-z,"ZL-2, a cathelicidin-derived antimicrobial peptide, has a broad antimicrobial activity against gram-positive bacteria and gram-negative bacteria in vitro and in vivo.",2015,Arch Pharm Res,10.1007/s12272-015-0565-z,25636224,,0,0,0,0,0,9,landing_page,o;p;e;n;a;l;e;x;_;l;a;n;d;i;n;g
doi__10.1007_s12272-016-0769-x,metadata_only,attempt_external_primary_fulltext_then_inventory_existing_supplementary_assets,/mnt/d/work/抗菌肽/数据库/merged_amp_corpus/landed_assets/papers/doi__10.1007_s12272-016-0769-x,The antimicrobial activity of Cbf-K16 against MRSA was enhanced by β-lactamantibiotics through cell wall non-integrity.,2016,Arch Pharm Res,10.1007/s12272-016-0769-x,27287456,,0,0,0,0,0,9,landing_page,o;p;e;n;a;l;e;x;_;l;a;n;d;i;n;g
doi__10.1007_s12272-017-0922-1,metadata_only,attempt_external_primary_fulltext_then_inventory_existing_supplementary_assets,/mnt/d/work/抗菌肽/数据库/merged_amp_corpus/landed_assets/papers/doi__10.1007_s12272-017-0922-1,Mono-substitution effects on antimicrobial activity of stapled heptapeptides.,2017,Arch Pharm Res,10.1007/s12272-017-0922-1,28547390,,0,0,0,0,0,9,landing_page,o;p;e;n;a;l;e;x;_;l;a;n;d;i;n;g
doi__10.1007_s12272-017-0963-5,metadata_only,attempt_external_primary_fulltext_then_inventory_existing_supplementary_assets,/mnt/d/work/抗菌肽/数据库/merged_amp_corpus/landed_assets/papers/doi__10.1007_s12272-017-0963-5,Antimicrobial activity and stability of stapled helices of polybia-MP1,2017,Arch Pharm Res,10.1007/s12272-017-0963-5,29075946,,0,0,0,0,0,9,landing_page,o;p;e;n;a;l;e;x;_;l;a;n;d;i;n;g
doi__10.1007_s12272-018-1084-5,metadata_only,attempt_external_primary_fulltext_then_inventory_existing_supplementary_assets,/mnt/d/work/抗菌肽/数据库/merged_amp_corpus/landed_assets/papers/doi__10.1007_s12272-018-1084-5,Effects of lysine-to-arginine substitution on antimicrobial activity of cationic stapled heptapeptides.,2018,Arch Pharm Res,10.1007/s12272-018-1084-5,30361948,,0,0,0,0,0,9,landing_page,o;p;e;n;a;l;e;x;_;l;a;n;d;i;n;g
doi__10.1007_s12275-008-0179-y,metadata_only,attempt_external_primary_fulltext_then_inventory_existing_supplementary_assets,/mnt/d/work/抗菌肽/数据库/merged_amp_corpus/landed_assets/papers/doi__10.1007_s12275-008-0179-y,"Antimicrobial activity of enterocins from Enterococcus faecalis SL-5 against Propionibacterium acnes, the causative agent in acne vulgaris, and its therapeutic effect",2009,,10.1007/s12275-008-0179-y,19229497,,0,0,0,0,0,8,landing_page,o;p;e;n;a;l;e;x;_;l;a;n;d;i;n;g
doi__10.1007_s12275-009-0317-1,metadata_only,attempt_external_primary_fulltext_then_inventory_existing_supplementary_assets,/mnt/d/work/抗菌肽/数据库/merged_amp_corpus/landed_assets/papers/doi__10.1007_s12275-009-0317-1,purification and characterization.,2010,J Microbiol,10.1007/s12275-009-0317-1,20221725,,0,0,0,0,0,9,landing_page,o;p;e;n;a;l;e;x;_;l;a;n;d;i;n;g
doi__10.1007_s12275-011-1013-5,metadata_only,attempt_external_primary_fulltext_then_inventory_existing_supplementary_assets,/mnt/d/work/抗菌肽/数据库/merged_amp_corpus/landed_assets/papers/doi__10.1007_s12275-011-1013-5,The activity of a small lytic peptide PTP-7 on Staphylococcus aureus biofilms.,2011,J Microbiol,10.1007/s12275-011-1013-5,21887652,,0,0,0,0,0,9,landing_page,o;p;e;n;a;l;e;x;_;l;a;n;d;i;n;g
doi__10.1007_s12275-018-7444-5,metadata_only,attempt_external_primary_fulltext_then_inventory_existing_supplementary_assets,/mnt/d/work/抗菌肽/数据库/merged_amp_corpus/landed_assets/papers/doi__10.1007_s12275-018-7444-5,The antimicrobial potential of a new derivative of cathelicidin from Bungarus fasciatus against methicillin-resistant Staphylococcus aureus.,2018,J Microbiol,10.1007/s12275-018-7444-5,29392557,,0,0,0,0,0,8,landing_page,o;p;e;n;a;l;e;x;_;l;a;n;d;i;n;g
doi__10.1007_s12275-022-1368-9,metadata_only,attempt_external_primary_fulltext_then_inventory_existing_supplementary_assets,/mnt/d/work/抗菌肽/数据库/merged_amp_corpus/landed_assets/papers/doi__10.1007_s12275-022-1368-9,"Potent antibacterial and antibiofilm activities of TICbf-14, a peptide with increased stability against trypsin.",2021,J Microbiol,10.1007/s12275-022-1368-9,34964945,,0,0,0,0,0,8,landing_page,o;p;e;n;a;l;e;x;_;l;a;n;d;i;n;g
doi__10.1007_s12539-014-0250-9,weak_source,recover_or_stage_primary_xml_then_build_material_packet,/mnt/d/work/抗菌肽/数据库/merged_amp_corpus/landed_assets/papers/doi__10.1007_s12539-014-0250-9,Optimization of the expression conditions of CGA-N46 in Bacillus subtilis DB1342(p-3N46) by response surface methodology,2015,Interdiscip Sci.,10.1007/s12539-014-0250-9,25682381,,0,1,0,1,0,9,landing_page,o;p;e;n;a;l;e;x;_;l;a;n;d;i;n;g
doi__10.1007_s12539-018-0304-5,metadata_only,attempt_external_primary_fulltext_then_inventory_existing_supplementary_assets,/mnt/d/work/抗菌肽/数据库/merged_amp_corpus/landed_assets/papers/doi__10.1007_s12539-018-0304-5,In-Silico Approach,2018,,10.1007/s12539-018-0304-5,30182355,,0,0,0,0,0,8,landing_page,o;p;e;n;a;l;e;x;_;l;a;n;d;i;n;g
doi__10.1007_s12539-024-00612-3,metadata_only,attempt_external_primary_fulltext_then_inventory_existing_supplementary_assets,/mnt/d/work/抗菌肽/数据库/merged_amp_corpus/landed_assets/papers/doi__10.1007_s12539-024-00612-3,Machine Learning Accelerates De Novo Design of Antimicrobial Peptides.,2024,Interdiscip Sci.,10.1007/s12539-024-00612-3,38416364,,0,0,0,0,0,8,landing_page,o;p;e;n;a;l;e;x;_;l;a;n;d;i;n;g
doi__10.1007_s12602-008-9003-6,metadata_only,attempt_external_primary_fulltext_then_inventory_existing_supplementary_assets,/mnt/d/work/抗菌肽/数据库/merged_amp_corpus/landed_assets/papers/doi__10.1007_s12602-008-9003-6,"Lactocin 160, a bacteriocin produced by vaginal Lactobacillus rhamnosus, targets cytoplasmic membranes of the vaginal pathogen, Gardnerella vaginalis",2009,,10.1007/s12602-008-9003-6,20445810,,0,0,0,0,0,10,landing_page,o;p;e;n;a;l;e;x;_;l;a;n;d;i;n;g
doi__10.1007_s12602-011-9067-6,metadata_only,attempt_external_primary_fulltext_then_inventory_existing_supplementary_assets,/mnt/d/work/抗菌肽/数据库/merged_amp_corpus/landed_assets/papers/doi__10.1007_s12602-011-9067-6,Cyclic Tritrpticin Analogs with Distinct Biological Activities.,2011,Probiotics Antimicrob Proteins,10.1007/s12602-011-9067-6,26781579,,0,0,0,0,0,9,landing_page,o;p;e;n;a;l;e;x;_;l;a;n;d;i;n;g
doi__10.1007_s12602-012-9123-x,metadata_only,attempt_external_primary_fulltext_then_inventory_existing_supplementary_assets,/mnt/d/work/抗菌肽/数据库/merged_amp_corpus/landed_assets/papers/doi__10.1007_s12602-012-9123-x,"Safety, formulation, and in vitro antiviral activity of the antimicrobial peptide subtilosin against herpes simplex virus type 1.",2013,Probiotics Antimicrob Proteins,10.1007/s12602-012-9123-x,23637711,PMC3637976,0,0,0,0,0,10,fulltext_or_xml,f;u;l;l;t;e;x;t;_;s;i;g;n;a;l;;;o;p;e;n;a;l;e;x;_;l;a;n;d;i;n;g
doi__10.1007_s12602-014-9183-1,weak_source,recover_or_stage_primary_xml_then_build_material_packet,/mnt/d/work/抗菌肽/数据库/merged_amp_corpus/landed_assets/papers/doi__10.1007_s12602-014-9183-1,"The Natural Antimicrobial Subtilosin A Synergizes with Lauramide Arginine Ethyl Ester (LAE), ε-Poly-L-lysine (Polylysine), Clindamycin Phosphate and Metronidazole, Against the Vaginal Pathogen Gardnerella vaginalis.",2015,Probiotics Antimicrob Proteins,10.1007/s12602-014-9183-1,25588687,,0,1,0,1,0,8,landing_page,o;p;e;n;a;l;e;x;_;l;a;n;d;i;n;g
doi__10.1007_s12602-015-9196-4,metadata_only,attempt_external_primary_fulltext_then_inventory_existing_supplementary_assets,/mnt/d/work/抗菌肽/数据库/merged_amp_corpus/landed_assets/papers/doi__10.1007_s12602-015-9196-4,"Identification of Lactococcus-Specific Bacteriocins Produced by Lactococcal Isolates, and the Discovery of a Novel Bacteriocin, Lactococcin Z.",2015,Probiotics Antimicrob Proteins.,10.1007/s12602-015-9196-4,26093857,,0,0,0,0,0,8,landing_page,o;p;e;n;a;l;e;x;_;l;a;n;d;i;n;g
doi__10.1007_s12602-016-9217-y,metadata_only,attempt_external_primary_fulltext_then_inventory_existing_supplementary_assets,/mnt/d/work/抗菌肽/数据库/merged_amp_corpus/landed_assets/papers/doi__10.1007_s12602-016-9217-y,Biochemical Properties and Mechanism of Action of Enterocin LD3 Purified from Enterococcus hirae LD3.,2016,Probiotics Antimicrob Proteins.,10.1007/s12602-016-9217-y,27145777,,0,0,0,0,0,8,landing_page,o;p;e;n;a;l;e;x;_;l;a;n;d;i;n;g
doi__10.1007_s12602-016-9219-9,metadata_only,attempt_external_primary_fulltext_then_inventory_existing_supplementary_assets,/mnt/d/work/抗菌肽/数据库/merged_amp_corpus/landed_assets/papers/doi__10.1007_s12602-016-9219-9,A New Synthetic Peptide with In vitro Antibacterial Potential Against Escherichia coli O157:H7 and Methicillin-Resistant Staphylococcus aureus (MRSA).,2016,Probiotics Antimicrob Proteins,10.1007/s12602-016-9219-9,27301970,,0,0,0,0,0,8,landing_page,o;p;e;n;a;l;e;x;_;l;a;n;d;i;n;g
doi__10.1007_s12602-017-9335-1,metadata_only,attempt_external_primary_fulltext_then_inventory_existing_supplementary_assets,/mnt/d/work/抗菌肽/数据库/merged_amp_corpus/landed_assets/papers/doi__10.1007_s12602-017-9335-1,Influence of Proline Substitution on the Bioactivity of Mammalian-Derived Antimicrobial Peptide NK-2.,2017,Probiotics Antimicrob Proteins,10.1007/s12602-017-9335-1,29043494,,0,0,0,0,0,8,landing_page,o;p;e;n;a;l;e;x;_;l;a;n;d;i;n;g
doi__10.1007_s12602-017-9345-z,metadata_only,attempt_external_primary_fulltext_then_inventory_existing_supplementary_assets,/mnt/d/work/抗菌肽/数据库/merged_amp_corpus/landed_assets/papers/doi__10.1007_s12602-017-9345-z,Effects of Hydrophobic Amino Acid Substitutions on Antimicrobial Peptide Behavior.,2017,Probiotics Antimicrob Proteins,10.1007/s12602-017-9345-z,29103131,,0,0,0,0,0,8,landing_page,o;p;e;n;a;l;e;x;_;l;a;n;d;i;n;g
doi__10.1007_s12602-018-9416-9,metadata_only,attempt_external_primary_fulltext_then_inventory_existing_supplementary_assets,/mnt/d/work/抗菌肽/数据库/merged_amp_corpus/landed_assets/papers/doi__10.1007_s12602-018-9416-9,Expression and Purification of the Main Component Contained in Camel Milk and Its Antimicrobial Activities Against Bacterial Plant Pathogens.,2018,Probiotics Antimicrob Proteins,10.1007/s12602-018-9416-9,29619665,,0,0,0,0,0,8,landing_page,o;p;e;n;a;l;e;x;_;l;a;n;d;i;n;g
doi__10.1007_s12602-018-9446-3,metadata_only,attempt_external_primary_fulltext_then_inventory_existing_supplementary_assets,/mnt/d/work/抗菌肽/数据库/merged_amp_corpus/landed_assets/papers/doi__10.1007_s12602-018-9446-3,"EmPis-1L, an Effective Antimicrobial Peptide Against the Antibiotic-Resistant VBNC State Cells of Pathogenic Bacteria.",2018,Probiotics Antimicrob Proteins,10.1007/s12602-018-9446-3,30032476,,0,0,0,0,0,9,landing_page,o;p;e;n;a;l;e;x;_;l;a;n;d;i;n;g
doi__10.1007_s12602-018-9454-3,metadata_only,attempt_external_primary_fulltext_then_inventory_existing_supplementary_assets,/mnt/d/work/抗菌肽/数据库/merged_amp_corpus/landed_assets/papers/doi__10.1007_s12602-018-9454-3,Behavior of Antimicrobial Peptide K4 in a Marine Environment.,2018,Probiotics Antimicrob Proteins,10.1007/s12602-018-9454-3,30143998,,0,0,0,0,0,8,landing_page,o;p;e;n;a;l;e;x;_;l;a;n;d;i;n;g
doi__10.1007_s12602-020-09647-6,metadata_only,attempt_external_primary_fulltext_then_inventory_existing_supplementary_assets,/mnt/d/work/抗菌肽/数据库/merged_amp_corpus/landed_assets/papers/doi__10.1007_s12602-020-09647-6,Identification and Characterization of Two Defensins from Capsicum annuum Fruits that Exhibit Antimicrobial Activity.,2020,Probiotics Antimicrob Proteins.,10.1007/s12602-020-09647-6,32221795,,0,0,0,0,0,8,landing_page,o;p;e;n;a;l;e;x;_;l;a;n;d;i;n;g
doi__10.1007_s12602-020-09686-z,metadata_only,attempt_external_primary_fulltext_then_inventory_existing_supplementary_assets,/mnt/d/work/抗菌肽/数据库/merged_amp_corpus/landed_assets/papers/doi__10.1007_s12602-020-09686-z,Analogs of the Cathelicidin-Derived Antimicrobial Peptide PMAP-23 Exhibit Improved Stability and Antibacterial Activity.,2020,Probiotics Antimicrob Proteins,10.1007/s12602-020-09686-z,32666297,,0,0,0,0,0,8,landing_page,o;p;e;n;a;l;e;x;_;l;a;n;d;i;n;g
doi__10.1007_s12602-020-09701-3,metadata_only,attempt_external_primary_fulltext_then_inventory_existing_supplementary_assets,/mnt/d/work/抗菌肽/数据库/merged_amp_corpus/landed_assets/papers/doi__10.1007_s12602-020-09701-3,Effect of Non-natural Hydrophobic Amino Acids on the Efficacy and Properties of the Antimicrobial Peptide C18G.,2020,Probiotics Antimicrob Proteins,10.1007/s12602-020-09701-3,32889698,PMC7933317,0,0,0,0,0,10,fulltext_or_xml,f;u;l;l;t;e;x;t;_;s;i;g;n;a;l;;;o;p;e;n;a;l;e;x;_;l;a;n;d;i;n;g
doi__10.1007_s12602-020-09716-w,metadata_only,attempt_external_primary_fulltext_then_inventory_existing_supplementary_assets,/mnt/d/work/抗菌肽/数据库/merged_amp_corpus/landed_assets/papers/doi__10.1007_s12602-020-09716-w,"Anti-lipopolysaccharide Factor from Crucifix Crab Charybdis feriatus, Cf-ALF2: Molecular Cloning and Functional Characterization of the Recombinant Peptide.",2020,Probiotics Antimicrob Proteins.,10.1007/s12602-020-09716-w,33179211,,0,0,0,0,0,8,landing_page,o;p;e;n;a;l;e;x;_;l;a;n;d;i;n;g
doi__10.1007_s12602-021-09741-3,metadata_only,attempt_external_primary_fulltext_then_inventory_existing_supplementary_assets,/mnt/d/work/抗菌肽/数据库/merged_amp_corpus/landed_assets/papers/doi__10.1007_s12602-021-09741-3,Molecular and Functional Characterization of an Anti-lipopolysaccharide Factor Mm-ALF from Speckled Shrimp Metapenaeus monoceros.,2021,Probiotics Antimicrob Proteins.,10.1007/s12602-021-09741-3,33569748,,0,0,0,0,0,8,landing_page,o;p;e;n;a;l;e;x;_;l;a;n;d;i;n;g
doi__10.1007_s12602-021-09796-2,weak_source,recover_or_stage_primary_xml_then_build_material_packet,/mnt/d/work/抗菌肽/数据库/merged_amp_corpus/landed_assets/papers/doi__10.1007_s12602-021-09796-2,"Characterization of Iturin V, a Novel Antimicrobial Lipopeptide from a Potential Probiotic Strain Lactobacillus sp. M31.",2021,Probiotics Antimicrob Proteins,10.1007/s12602-021-09796-2,33987819,,0,1,0,1,0,8,landing_page,o;p;e;n;a;l;e;x;_;l;a;n;d;i;n;g
doi__10.1007_s12602-021-09857-6,metadata_only,attempt_external_primary_fulltext_then_inventory_existing_supplementary_assets,/mnt/d/work/抗菌肽/数据库/merged_amp_corpus/landed_assets/papers/doi__10.1007_s12602-021-09857-6,Functional Mechanism of Antimicrobial Peptide Bomidin and Its Safety for Macrobrachium rosenbergii.,2021,Probiotics Antimicrob Proteins.,10.1007/s12602-021-09857-6,34642879,,0,0,0,0,0,8,landing_page,o;p;e;n;a;l;e;x;_;l;a;n;d;i;n;g
doi__10.1007_s12602-022-09907-7,weak_source,recover_or_stage_primary_xml_then_build_material_packet,/mnt/d/work/抗菌肽/数据库/merged_amp_corpus/landed_assets/papers/doi__10.1007_s12602-022-09907-7,"Isolation and Chemical Characterization of an Alpha-Helical Peptide, Dendrocin-ZM1, Derived from Zataria multiflora Boiss with Potent Antibacterial Activity.",2022,Probiotics Antimicrob Proteins.,10.1007/s12602-022-09907-7,35050481,,0,1,0,1,0,8,landing_page,o;p;e;n;a;l;e;x;_;l;a;n;d;i;n;g
doi__10.1007_s12602-023-10112-3,weak_source,recover_or_stage_primary_xml_then_build_material_packet,/mnt/d/work/抗菌肽/数据库/merged_amp_corpus/landed_assets/papers/doi__10.1007_s12602-023-10112-3,Structural and Biochemical Characterization of Three Antimicrobial Peptides from Capsicum annuum L. var. annuum Leaves for Anti-Candida Use.,2023,Probiotics Antimicrob Proteins.,10.1007/s12602-023-10112-3,37365421,,0,1,0,1,0,8,landing_page,o;p;e;n;a;l;e;x;_;l;a;n;d;i;n;g
doi__10.1007_s12602-023-10195-y,metadata_only,attempt_external_primary_fulltext_then_inventory_existing_supplementary_assets,/mnt/d/work/抗菌肽/数据库/merged_amp_corpus/landed_assets/papers/doi__10.1007_s12602-023-10195-y,"Characterization, Expression, and Functional Analysis of the Northern Snakehead (Channa argus) Hepcidin",2023,Probiotics Antimicrob Proteins.,10.1007/s12602-023-10195-y,38048025,,0,0,0,0,0,8,landing_page,o;p;e;n;a;l;e;x;_;l;a;n;d;i;n;g
doi__10.1007_s12602-024-10250-2,metadata_only,attempt_external_primary_fulltext_then_inventory_existing_supplementary_assets,/mnt/d/work/抗菌肽/数据库/merged_amp_corpus/landed_assets/papers/doi__10.1007_s12602-024-10250-2,Cathelicidin AS-12W Derived from the Alligator sinensis and Its Antimicrobial Activity Against Drug-Resistant Gram-Negative Bacteria In Vitro and In Vivo.,2024,Probiotics Antimicrob Proteins.,10.1007/s12602-024-10250-2,38587584,,0,0,0,0,0,8,landing_page,o;p;e;n;a;l;e;x;_;l;a;n;d;i;n;g
doi__10.1007_s12602-024-10371-8,metadata_only,attempt_external_primary_fulltext_then_inventory_existing_supplementary_assets,/mnt/d/work/抗菌肽/数据库/merged_amp_corpus/landed_assets/papers/doi__10.1007_s12602-024-10371-8,FengycinA-M3 Inhibits Listeria monocytogenes by Binding to Penicillin-Binding Protein 2B Targets to Disrupt Cell Structure.,2024,Probiotics Antimicrob Proteins,10.1007/s12602-024-10371-8,39375277,,0,0,0,0,0,8,landing_page,o;p;e;n;a;l;e;x;_;l;a;n;d;i;n;g
doi__10.1007_s12602-024-10376-3,metadata_only,attempt_external_primary_fulltext_then_inventory_existing_supplementary_assets,/mnt/d/work/抗菌肽/数据库/merged_amp_corpus/landed_assets/papers/doi__10.1007_s12602-024-10376-3,Segment-Based Peptide Design Reveals the Importance of N-Terminal High Cationicity for Antimicrobial Activity Against Gram-Negative Pathogens.,2024,Probiotics Antimicrob Proteins,10.1007/s12602-024-10376-3,39377976,PMC12744306,0,0,0,0,0,10,direct_pdf,f;u;l;l;t;e;x;t;_;s;i;g;n;a;l;;;o;p;e;n;a;l;e;x;_;l;a;n;d;i;n;g;;;o;p;e;n;a;l;e;x;_;p;d;f
doi__10.1007_s12602-025-10469-7,metadata_only,attempt_external_primary_fulltext_then_inventory_existing_supplementary_assets,/mnt/d/work/抗菌肽/数据库/merged_amp_corpus/landed_assets/papers/doi__10.1007_s12602-025-10469-7,"A Novel Type I Crustin Isoform from Scylla olivacea and its Antibacterial Potential: Membrane Depolarization, Disruption, and Induction of Reactive Oxygen Species as Modes of Action.",2025,Probiotics Antimicrob Proteins.,10.1007/s12602-025-10469-7,39946008,,0,0,0,0,0,8,landing_page,o;p;e;n;a;l;e;x;_;l;a;n;d;i;n;g
doi__10.1007_s12602-025-10590-7,metadata_only,attempt_external_primary_fulltext_then_inventory_existing_supplementary_assets,/mnt/d/work/抗菌肽/数据库/merged_amp_corpus/landed_assets/papers/doi__10.1007_s12602-025-10590-7,Anti-Pseudomonas aeruginosa Activity of the Scorpion-Derived Peptide GK8.,2025,Probiotics Antimicrob Proteins,10.1007/s12602-025-10590-7,40608284,,0,0,0,0,0,8,landing_page,o;p;e;n;a;l;e;x;_;l;a;n;d;i;n;g
doi__10.1007_s12602-025-10591-6,metadata_only,attempt_external_primary_fulltext_then_inventory_existing_supplementary_assets,/mnt/d/work/抗菌肽/数据库/merged_amp_corpus/landed_assets/papers/doi__10.1007_s12602-025-10591-6,"Unveiling the Modes of Action of a Recombinant Antimicrobial Peptide, Hepcidin (rGf-Hep), from Gerres filamentosus Against Pathogenic Vibrios: Membrane Disintegration and Reactive Oxygen Species Generation Leading to Cell Death",2025,Probiotics Antimicrob Proteins.,10.1007/s12602-025-10591-6,40423874,,0,0,0,0,0,8,landing_page,o;p;e;n;a;l;e;x;_;l;a;n;d;i;n;g
doi__10.1007_s12602-025-10637-9,metadata_only,attempt_external_primary_fulltext_then_inventory_existing_supplementary_assets,/mnt/d/work/抗菌肽/数据库/merged_amp_corpus/landed_assets/papers/doi__10.1007_s12602-025-10637-9,"Designing a Potent, Low-Toxicity Antimicrobial Peptide Inspired by Scorpion Peptides: Optimizing Expression and Activity.",2025,Probiotics Antimicrob Proteins,10.1007/s12602-025-10637-9,40593394,,0,0,0,0,0,8,landing_page,o;p;e;n;a;l;e;x;_;l;a;n;d;i;n;g
doi__10.1007_s12602-025-10859-x,metadata_only,attempt_external_primary_fulltext_then_inventory_existing_supplementary_assets,/mnt/d/work/抗菌肽/数据库/merged_amp_corpus/landed_assets/papers/doi__10.1007_s12602-025-10859-x,Discovery and Characterization of a Novel Bacteriocin PFS-3 Targeting Multidrug-Resistant Escherichia coli.,2025,Probiotics Antimicrob Proteins.,10.1007/s12602-025-10859-x,41339617,,0,0,0,0,0,8,landing_page,o;p;e;n;a;l;e;x;_;l;a;n;d;i;n;g
doi__10.1007_s12602-025-10865-z,weak_source,recover_or_stage_primary_xml_then_build_material_packet,/mnt/d/work/抗菌肽/数据库/merged_amp_corpus/landed_assets/papers/doi__10.1007_s12602-025-10865-z,"Characterization and Biofungicide Potential of a Novel Antifungal defensin, K4CBP6, from Solanum lycopersicum L. Probiotics Antimicrob Proteins",2025,Probiotics Antimicrob Proteins.,10.1007/s12602-025-10865-z,41354719,,0,2,0,2,0,8,direct_pdf,o;p;e;n;a;l;e;x;_;p;d;f;;;o;p;e;n;a;l;e;x;_;l;a;n;d;i;n;g
doi__10.1007_s12602-025-10870-2,weak_source,recover_or_stage_primary_xml_then_build_material_packet,/mnt/d/work/抗菌肽/数据库/merged_amp_corpus/landed_assets/papers/doi__10.1007_s12602-025-10870-2,Total Chemical Synthesis and Evaluation of the Antimicrobial Properties of Porcine beta-Defensin 5 Against Gram-Positive and Gram-Negative Bacteria.,2026,Probiotics Antimicrob Proteins.,10.1007/s12602-025-10870-2,41779113,,0,2,0,2,0,8,direct_pdf,o;p;e;n;a;l;e;x;_;p;d;f;;;o;p;e;n;a;l;e;x;_;l;a;n;d;i;n;g
doi__10.1007_s13197-022-05585-z,metadata_only,attempt_external_primary_fulltext_then_inventory_existing_supplementary_assets,/mnt/d/work/抗菌肽/数据库/merged_amp_corpus/landed_assets/papers/doi__10.1007_s13197-022-05585-z,Identification and characterization of antimicrobial peptide (AMP) candidate from Gonggong Sea Snail (Leavistrombus turturella) extract.,2022,J Food Sci Technol.,10.1007/s13197-022-05585-z,36618044,PMC9813290,0,0,0,0,0,8,fulltext_or_xml,f;u;l;l;t;e;x;t;_;s;i;g;n;a;l;;;o;p;e;n;a;l;e;x;_;l;a;n;d;i;n;g
doi__10.1007_s13205-019-1639-2,metadata_only,attempt_external_primary_fulltext_then_inventory_existing_supplementary_assets,/mnt/d/work/抗菌肽/数据库/merged_amp_corpus/landed_assets/papers/doi__10.1007_s13205-019-1639-2,BaCf3: highly thermostable bacteriocin from Bacillus amyloliquefaciens BTSS3 antagonistic on food-borne pathogens.,2019,3 Biotech,10.1007/s13205-019-1639-2,30863715,PMC6409291,0,0,0,0,0,8,direct_pdf,f;u;l;l;t;e;x;t;_;s;i;g;n;a;l;;;o;p;e;n;a;l;e;x;_;l;a;n;d;i;n;g;;;o;p;e;n;a;l;e;x;_;p;d;f
doi__10.1007_s13205-019-1801-x,metadata_only,attempt_external_primary_fulltext_then_inventory_existing_supplementary_assets,/mnt/d/work/抗菌肽/数据库/merged_amp_corpus/landed_assets/papers/doi__10.1007_s13205-019-1801-x,Biological characterization of omw1 and omw2: antimicrobial peptides derived from omwaprin.,2019,3 Biotech,10.1007/s13205-019-1801-x,31321199,PMC6629731,0,0,0,0,0,10,fulltext_or_xml,f;u;l;l;t;e;x;t;_;s;i;g;n;a;l;;;o;p;e;n;a;l;e;x;_;l;a;n;d;i;n;g
doi__10.1007_s13205-020-2151-4,metadata_only,attempt_external_primary_fulltext_then_inventory_existing_supplementary_assets,/mnt/d/work/抗菌肽/数据库/merged_amp_corpus/landed_assets/papers/doi__10.1007_s13205-020-2151-4,Design of bioactive peptides derived from CART sequence isolated from the toadfish Thalassophryne nattereri.,2020,3 Biotech,10.1007/s13205-020-2151-4,32206496,PMC7060301,0,0,0,0,0,7,fulltext_or_xml,f;u;l;l;t;e;x;t;_;s;i;g;n;a;l;;;o;p;e;n;a;l;e;x;_;l;a;n;d;i;n;g
doi__10.1007_s13277-014-3018-2,metadata_only,attempt_external_primary_fulltext_then_inventory_existing_supplementary_assets,/mnt/d/work/抗菌肽/数据库/merged_amp_corpus/landed_assets/papers/doi__10.1007_s13277-014-3018-2,Antimicrobial peptide m2163 or m2386 identified from Lactobacillus casei ATCC 334 can trigger apoptosis in the human colorectal cancer cell line SW480.,2015,Tumour Biol,10.1007/s13277-014-3018-2,25557887,,0,0,0,0,0,9,landing_page,o;p;e;n;a;l;e;x;_;l;a;n;d;i;n;g
doi__10.1007_s13277-015-3402-6,metadata_only,attempt_external_primary_fulltext_then_inventory_existing_supplementary_assets,/mnt/d/work/抗菌肽/数据库/merged_amp_corpus/landed_assets/papers/doi__10.1007_s13277-015-3402-6,An antimicrobial peptide containing NGR motif has potent antitumor activity against CD13+ and CD13- tumor cells.,2015,Tumour Biol,10.1007/s13277-015-3402-6,25990455,,0,0,0,0,0,8,landing_page,o;p;e;n;a;l;e;x;_;l;a;n;d;i;n;g
doi__10.1007_s13369-020-05024-1,weak_source,recover_or_stage_primary_xml_then_build_material_packet,/mnt/d/work/抗菌肽/数据库/merged_amp_corpus/landed_assets/papers/doi__10.1007_s13369-020-05024-1,"Purification, De Novo Characterization and Antibacterial Properties of a Novel, Narrow-Spectrum Bacteriostatic Tripeptide from Geotrichum candidum OMON-1",2020,Arabian Journal for Science and Engineering,10.1007/s13369-020-05024-1,,,0,1,0,1,0,8,landing_page,o;p;e;n;a;l;e;x;_;l;a;n;d;i;n;g;;;c;r;o;s;s;r;e;f;_;i;d;e;n;t;i;f;i;e;r
doi__10.1007_s13659-012-0016-1,weak_source,recover_or_stage_primary_xml_then_build_material_packet,/mnt/d/work/抗菌肽/数据库/merged_amp_corpus/landed_assets/papers/doi__10.1007_s13659-012-0016-1,Structure-function relationship of antimicrobial peptide cathelicidin Pc-CATH1,2012,Nat Prod Bioprospect,10.1007/s13659-012-0016-1,,,0,2,0,2,0,9,direct_pdf,o;p;e;n;a;l;e;x;_;p;d;f;;;o;p;e;n;a;l;e;x;_;l;a;n;d;i;n;g;;;f;u;l;l;t;e;x;t;_;s;i;g;n;a;l;;;c;r;o;s;s;r;e;f;_;i;d;e;n;t;i;f;i;e;r
doi__10.1016_0014-5793(93)80096-d,weak_source,recover_or_stage_primary_xml_then_build_material_packet,/mnt/d/work/抗菌肽/数据库/merged_amp_corpus/landed_assets/papers/doi__10.1016_0014-5793(93)80096-d,Microcin E492 forms ion channels in phospholipid bilayer membrane.,1993,FEBS Lett,10.1016/0014-5793(93)80096-d,7682973,,0,1,0,1,0,0,landing_page,o;p;e;n;a;l;e;x;_;l;a;n;d;i;n;g
doi__10.1016_0022-2836(92)90465-v,weak_source,recover_or_stage_primary_xml_then_build_material_packet,/mnt/d/work/抗菌肽/数据库/merged_amp_corpus/landed_assets/papers/doi__10.1016_0022-2836(92)90465-v,Extreme divergence of a novel wheat thionin generated by a mutational burst specifically affecting the mature protein domain of the precursor.,1992,J Mol Biol,10.1016/0022-2836(92)90465-v,1569564,,0,2,0,2,0,0,landing_page,o;p;e;n;a;l;e;x;_;l;a;n;d;i;n;g
doi__10.1016_0378-1119(88)90199-0,weak_source,recover_or_stage_primary_xml_then_build_material_packet,/mnt/d/work/抗菌肽/数据库/merged_amp_corpus/landed_assets/papers/doi__10.1016_0378-1119(88)90199-0,Nucleotide sequence and endosperm-specific expression of the structural gene for the toxin alpha-hordothionin in barley (Hordeum vulgare L.).,1988,Gene,10.1016/0378-1119(88)90199-0,2850969,,0,1,0,1,0,1,direct_pdf,o;p;e;n;a;l;e;x;_;l;a;n;d;i;n;g;;;o;p;e;n;a;l;e;x;_;p;d;f
doi__10.1016_j.bbagen.2010.12.002,weak_source,recover_or_stage_primary_xml_then_build_material_packet,/mnt/d/work/抗菌肽/数据库/merged_amp_corpus/landed_assets/papers/doi__10.1016_j.bbagen.2010.12.002,"Purification, biochemical characterization and antifungal activity of a new lipid transfer protein (LTP) from Coffea canephora seeds with ?-amylase inhibitor properties",2010,Biochim Biophys Acta.,10.1016/j.bbagen.2010.12.002,21167915,,0,1,0,1,0,0,landing_page,o;p;e;n;a;l;e;x;_;l;a;n;d;i;n;g
doi__10.1016_j.bbagen.2013.01.026,weak_source,recover_or_stage_primary_xml_then_build_material_packet,/mnt/d/work/抗菌肽/数据库/merged_amp_corpus/landed_assets/papers/doi__10.1016_j.bbagen.2013.01.026,"Design, structural and functional characterization of a Temporin-1b analog active against Gram-negative bacteria.",2013,Biochim Biophys Acta,10.1016/j.bbagen.2013.01.026,23403136,,0,1,0,1,0,0,landing_page,o;p;e;n;a;l;e;x;_;l;a;n;d;i;n;g
doi__10.1016_j.bbagen.2019.02.013,weak_source,recover_or_stage_primary_xml_then_build_material_packet,/mnt/d/work/抗菌肽/数据库/merged_amp_corpus/landed_assets/papers/doi__10.1016_j.bbagen.2019.02.013,A novel membrane-disruptive antimicrobial peptide from frog skin secretion against cystic fibrosis isolates and evaluation of anti-MRSA effect using Galleria mellonella model,2019,Biochim Biophys Acta Gen Subj,10.1016/j.bbagen.2019.02.013,30802593,,0,2,0,2,0,1,direct_pdf,l;o;c;a;l;_;p;d;f;;;o;p;e;n;a;l;e;x;_;p;d;f;;;o;p;e;n;a;l;e;x;_;l;a;n;d;i;n;g
doi__10.1016_j.bbagen.2020.129633,weak_source,recover_or_stage_primary_xml_then_build_material_packet,/mnt/d/work/抗菌肽/数据库/merged_amp_corpus/landed_assets/papers/doi__10.1016_j.bbagen.2020.129633,EcDBS1R6: A novel cationic antimicrobial peptide derived from a signal peptide sequence.,2020,Biochim Biophys Acta Gen Subj,10.1016/j.bbagen.2020.129633,32416198,,0,1,0,1,0,5,landing_page,o;p;e;n;a;l;e;x;_;l;a;n;d;i;n;g
doi__10.1016_j.bbamem.2006.03.010,metadata_only,attempt_external_primary_fulltext_then_inventory_existing_supplementary_assets,/mnt/d/work/抗菌肽/数据库/merged_amp_corpus/landed_assets/papers/doi__10.1016_j.bbamem.2006.03.010,Driving engineering of novel antimicrobial peptides from simulations of peptide-micelle interactions.,2006,Biochim Biophys Acta,10.1016/j.bbamem.2006.03.010,16753133,PMC2860964,0,0,0,0,0,2,fulltext_or_xml,f;u;l;l;t;e;x;t;_;s;i;g;n;a;l;;;o;p;e;n;a;l;e;x;_;l;a;n;d;i;n;g
doi__10.1016_j.bbamem.2014.09.010,metadata_only,attempt_external_primary_fulltext_then_inventory_existing_supplementary_assets,/mnt/d/work/抗菌肽/数据库/merged_amp_corpus/landed_assets/papers/doi__10.1016_j.bbamem.2014.09.010,A lack of synergy between membrane-permeabilizing cationic antimicrobial peptides and conventional antibiotics.,2014,Biochim Biophys Acta,10.1016/j.bbamem.2014.09.010,25268681,PMC4259837,0,0,0,0,0,3,fulltext_or_xml,f;u;l;l;t;e;x;t;_;s;i;g;n;a;l;;;o;p;e;n;a;l;e;x;_;l;a;n;d;i;n;g
doi__10.1016_j.bbamem.2016.12.013,weak_source,recover_or_stage_primary_xml_then_build_material_packet,/mnt/d/work/抗菌肽/数据库/merged_amp_corpus/landed_assets/papers/doi__10.1016_j.bbamem.2016.12.013,Membrane Interactions of Natural Cyclic Lipodepsipeptides of the Viscosin Group.,2016,Biochim Biophys Acta Biomembr,10.1016/j.bbamem.2016.12.013,28007479,,0,1,0,1,0,0,direct_pdf,o;p;e;n;a;l;e;x;_;l;a;n;d;i;n;g;;;o;p;e;n;a;l;e;x;_;p;d;f
doi__10.1016_j.bbamem.2017.04.018,metadata_only,attempt_external_primary_fulltext_then_inventory_existing_supplementary_assets,/mnt/d/work/抗菌肽/数据库/merged_amp_corpus/landed_assets/papers/doi__10.1016_j.bbamem.2017.04.018,Arginine-lysine positional swap of the LL-37 peptides reveals evolutional advantages of the native sequence and leads to bacterial probes.,2017,Biochim Biophys Acta Biomembr,10.1016/j.bbamem.2017.04.018,28450045,PMC5516960,0,0,0,0,0,7,fulltext_or_xml,f;u;l;l;t;e;x;t;_;s;i;g;n;a;l;;;o;p;e;n;a;l;e;x;_;l;a;n;d;i;n;g
doi__10.1016_j.bbamem.2019.05.006,metadata_only,attempt_external_primary_fulltext_then_inventory_existing_supplementary_assets,/mnt/d/work/抗菌肽/数据库/merged_amp_corpus/landed_assets/papers/doi__10.1016_j.bbamem.2019.05.006,Activity and characterization of a pH-sensitive antimicrobial peptide.,2019,Biochim Biophys Acta Biomembr,10.1016/j.bbamem.2019.05.006,31075228,PMC6721999,0,0,0,0,0,10,fulltext_or_xml,f;u;l;l;t;e;x;t;_;s;i;g;n;a;l;;;o;p;e;n;a;l;e;x;_;l;a;n;d;i;n;g
doi__10.1016_j.bbamem.2019.07.012,metadata_only,attempt_external_primary_fulltext_then_inventory_existing_supplementary_assets,/mnt/d/work/抗菌肽/数据库/merged_amp_corpus/landed_assets/papers/doi__10.1016_j.bbamem.2019.07.012,Modulation of antimicrobial potency of human cathelicidin peptides against the ESKAPE pathogens and in vivo efficacy in a murine catheter-associated biofilm model.,2019,Biochim Biophys Acta Biomembr,10.1016/j.bbamem.2019.07.012,31319057,PMC6689428,0,0,0,0,0,10,fulltext_or_xml,f;u;l;l;t;e;x;t;_;s;i;g;n;a;l;;;o;p;e;n;a;l;e;x;_;l;a;n;d;i;n;g
doi__10.1016_j.bbamem.2020.183280,metadata_only,attempt_external_primary_fulltext_then_inventory_existing_supplementary_assets,/mnt/d/work/抗菌肽/数据库/merged_amp_corpus/landed_assets/papers/doi__10.1016_j.bbamem.2020.183280,Membrane activity of two short Trp-rich amphipathic peptides.,2020,Biochim Biophys Acta Biomembr,10.1016/j.bbamem.2020.183280,32220553,PMC7190422,0,0,0,0,0,10,fulltext_or_xml,f;u;l;l;t;e;x;t;_;s;i;g;n;a;l;;;o;p;e;n;a;l;e;x;_;l;a;n;d;i;n;g
doi__10.1016_j.bbamem.2025.184439,weak_source,recover_or_stage_primary_xml_then_build_material_packet,/mnt/d/work/抗菌肽/数据库/merged_amp_corpus/landed_assets/papers/doi__10.1016_j.bbamem.2025.184439,Development of amyloid-cationic peptides with antimicrobial activities: Relation to their membranotropic activities.,2025,Biochim Biophys Acta Biomembr,10.1016/j.bbamem.2025.184439,40783177,,0,1,0,1,0,6,landing_page,o;p;e;n;a;l;e;x;_;l;a;n;d;i;n;g
doi__10.1016_j.bbrc.2006.06.168,weak_source,recover_or_stage_primary_xml_then_build_material_packet,/mnt/d/work/抗菌肽/数据库/merged_amp_corpus/landed_assets/papers/doi__10.1016_j.bbrc.2006.06.168,Novel dermaseptins from Phyllomedusa hypochondrialis (Amphibia).,2006,Biochem Biophys Res Commun.,10.1016/j.bbrc.2006.06.168,16844081,,0,1,0,1,0,2,landing_page,o;p;e;n;a;l;e;x;_;l;a;n;d;i;n;g
doi__10.1016_j.bbrc.2006.12.173,weak_source,recover_or_stage_primary_xml_then_build_material_packet,/mnt/d/work/抗菌肽/数据库/merged_amp_corpus/landed_assets/papers/doi__10.1016_j.bbrc.2006.12.173,Antimicrobial properties of derivatives of the cationic tryptophan-rich hexapeptide PAF26.,2007,Biochem Biophys Res Commun,10.1016/j.bbrc.2006.12.173,17222805,,0,1,0,1,0,1,landing_page,o;p;e;n;a;l;e;x;_;l;a;n;d;i;n;g
doi__10.1016_j.bbrc.2010.07.028,weak_source,recover_or_stage_primary_xml_then_build_material_packet,/mnt/d/work/抗菌肽/数据库/merged_amp_corpus/landed_assets/papers/doi__10.1016_j.bbrc.2010.07.028,Functional analysis of an alpha-helical antimicrobial peptide derived from a novel mouse defensin-like gene.,2010,Biochem Biophys Res Commun,10.1016/j.bbrc.2010.07.028,20637182,,0,1,0,1,0,0,landing_page,o;p;e;n;a;l;e;x;_;l;a;n;d;i;n;g
doi__10.1016_j.bbrep.2022.101208,weak_source,recover_or_stage_primary_pdf_then_build_material_packet,/mnt/d/work/抗菌肽/数据库/merged_amp_corpus/landed_assets/papers/doi__10.1016_j.bbrep.2022.101208,Isolation of the mustard Napin protein Allergen Sin a 1 and characterisation of its antifungal activity.,2022,Biochem Biophys Rep.,10.1016/j.bbrep.2022.101208,35079640,PMC8777239,1,0,2,0,1,0,fulltext_or_xml,l;o;c;a;l;_;x;m;l;;;l;o;c;a;l;_;p;a;c;k;a;g;e;;;l;o;c;a;l;_;s;u;p;p;l;e;m;e;n;t;a;r;y;;;o;p;e;n;a;l;e;x;_;l;a;n;d;i;n;g;;;f;u;l;l;t;e;x;t;_;s;i;g;n;a;l
doi__10.1016_j.bcp.2013.05.022,metadata_only,attempt_external_primary_fulltext_then_inventory_existing_supplementary_assets,/mnt/d/work/抗菌肽/数据库/merged_amp_corpus/landed_assets/papers/doi__10.1016_j.bcp.2013.05.022,Destruxins: fungal-derived cyclohexadepsipeptides with multifaceted anticancer and antiangiogenic activities.,2013,Biochem Pharmacol,10.1016/j.bcp.2013.05.022,23747344,PMC5850990,0,0,0,0,0,10,fulltext_or_xml,f;u;l;l;t;e;x;t;_;s;i;g;n;a;l;;;o;p;e;n;a;l;e;x;_;l;a;n;d;i;n;g
doi__10.1016_j.bcp.2021.114693,metadata_only,attempt_external_primary_fulltext_then_inventory_existing_supplementary_assets,/mnt/d/work/抗菌肽/数据库/merged_amp_corpus/landed_assets/papers/doi__10.1016_j.bcp.2021.114693,Multipurpose peptides: The venoms of Amazonian stinging ants contain anthelmintic ponericins with diverse predatory and defensive activities.,2021,Biochem Pharmacol,10.1016/j.bcp.2021.114693,34302796,PMC10167921,0,0,0,0,0,10,direct_pdf,f;u;l;l;t;e;x;t;_;s;i;g;n;a;l;;;o;p;e;n;a;l;e;x;_;l;a;n;d;i;n;g;;;o;p;e;n;a;l;e;x;_;p;d;f
doi__10.1016_j.bmc.2007.08.007,metadata_only,attempt_external_primary_fulltext_then_inventory_existing_supplementary_assets,/mnt/d/work/抗菌肽/数据库/merged_amp_corpus/landed_assets/papers/doi__10.1016_j.bmc.2007.08.007,Development of Tyrocidine A analogues with improved antibacterial activity.,2007,Bioorg Med Chem,10.1016/j.bmc.2007.08.007,17728134,PMC2706120,0,0,0,0,0,10,fulltext_or_xml,f;u;l;l;t;e;x;t;_;s;i;g;n;a;l;;;o;p;e;n;a;l;e;x;_;l;a;n;d;i;n;g
doi__10.1016_j.bmc.2009.09.053,metadata_only,attempt_external_primary_fulltext_then_inventory_existing_supplementary_assets,/mnt/d/work/抗菌肽/数据库/merged_amp_corpus/landed_assets/papers/doi__10.1016_j.bmc.2009.09.053,Peptide inhibitors of HIV-1 integrase: from mechanistic studies to improved lead compounds.,2009,Bioorg Med Chem,10.1016/j.bmc.2009.09.053,19850483,,0,0,0,0,0,1,landing_page,o;p;e;n;a;l;e;x;_;l;a;n;d;i;n;g
doi__10.1016_j.bmc.2009.11.009,weak_source,recover_or_stage_primary_xml_then_build_material_packet,/mnt/d/work/抗菌肽/数据库/merged_amp_corpus/landed_assets/papers/doi__10.1016_j.bmc.2009.11.009,New small-size peptides possessing antifungal activity.,2009,Bioorg Med Chem,10.1016/j.bmc.2009.11.009,19959366,,0,1,0,1,0,2,direct_pdf,o;p;e;n;a;l;e;x;_;p;d;f;;;o;p;e;n;a;l;e;x;_;l;a;n;d;i;n;g
doi__10.1016_j.bmc.2010.07.050,metadata_only,attempt_external_primary_fulltext_then_inventory_existing_supplementary_assets,/mnt/d/work/抗菌肽/数据库/merged_amp_corpus/landed_assets/papers/doi__10.1016_j.bmc.2010.07.050,Peptidic HIV integrase inhibitors derived from HIV gene products: structure-activity relationship studies.,2010,Bioorg Med Chem,10.1016/j.bmc.2010.07.050,20708407,PMC4486254,0,0,0,0,0,1,fulltext_or_xml,o;p;e;n;a;l;e;x;_;l;a;n;d;i;n;g;;;f;u;l;l;t;e;x;t;_;s;i;g;n;a;l
doi__10.1016_j.bmc.2012.08.017,weak_source,recover_or_stage_primary_xml_then_build_material_packet,/mnt/d/work/抗菌肽/数据库/merged_amp_corpus/landed_assets/papers/doi__10.1016_j.bmc.2012.08.017,"Minutissamides E-L, antiproliferative cyclic lipodecapeptides from the cultured freshwater cyanobacterium cf. Anabaena sp.",2012,Bioorg Med Chem,10.1016/j.bmc.2012.08.017,22980217,PMC3471652,0,2,0,2,0,0,fulltext_or_xml,f;u;l;l;t;e;x;t;_;s;i;g;n;a;l;;;o;p;e;n;a;l;e;x;_;l;a;n;d;i;n;g
doi__10.1016_j.bmc.2019.115214,metadata_only,attempt_external_primary_fulltext_then_inventory_existing_supplementary_assets,/mnt/d/work/抗菌肽/数据库/merged_amp_corpus/landed_assets/papers/doi__10.1016_j.bmc.2019.115214,Suitable fusion of N-terminal heptad repeats to achieve covalently stabilized potent N-peptide inhibitors of HIV-1 infection.,2019,Bioorg Med Chem,10.1016/j.bmc.2019.115214,31932193,,0,0,0,0,0,1,landing_page,o;p;e;n;a;l;e;x;_;l;a;n;d;i;n;g
doi__10.1016_j.bmc.2020.115776,metadata_only,attempt_external_primary_fulltext_then_inventory_existing_supplementary_assets,/mnt/d/work/抗菌肽/数据库/merged_amp_corpus/landed_assets/papers/doi__10.1016_j.bmc.2020.115776,"Lead optimization of 8-(methylamino)-2-oxo-1,2-dihydroquinolines as bacterial type II topoisomerase inhibitors.",2020,Bioorg Med Chem,10.1016/j.bmc.2020.115776,33032189,,0,0,0,0,0,1,landing_page,o;p;e;n;a;l;e;x;_;l;a;n;d;i;n;g
doi__10.1016_j.bmc.2020.115951,metadata_only,attempt_external_primary_fulltext_then_inventory_existing_supplementary_assets,/mnt/d/work/抗菌肽/数据库/merged_amp_corpus/landed_assets/papers/doi__10.1016_j.bmc.2020.115951,"Design, synthesis and evaluation of PD-L1 peptide antagonists as new anticancer agents for immunotherapy",2020,Bioorg Med Chem,10.1016/j.bmc.2020.115951,33360579,,0,0,0,0,0,1,landing_page,o;p;e;n;a;l;e;x;_;l;a;n;d;i;n;g
doi__10.1016_j.bmc.2022.116631,metadata_only,attempt_external_primary_fulltext_then_inventory_existing_supplementary_assets,/mnt/d/work/抗菌肽/数据库/merged_amp_corpus/landed_assets/papers/doi__10.1016_j.bmc.2022.116631,SAR evolution towards potent C-terminal carboxamide peptide inhibitors of Zika virus NS2B-NS3 protease.,2022,Bioorg Med Chem,10.1016/j.bmc.2022.116631,35123179,,0,0,0,0,0,2,landing_page,o;p;e;n;a;l;e;x;_;l;a;n;d;i;n;g
doi__10.1016_j.bmcl.2006.04.029,metadata_only,attempt_external_primary_fulltext_then_inventory_existing_supplementary_assets,/mnt/d/work/抗菌肽/数据库/merged_amp_corpus/landed_assets/papers/doi__10.1016_j.bmcl.2006.04.029,Neurotrophic peptide aldehydes: solid phase synthesis of fellutamide B and a simplified analog.,2006,Bioorg Med Chem Lett,10.1016/j.bmcl.2006.04.029,16697191,PMC2507734,0,0,0,0,0,5,fulltext_or_xml,f;u;l;l;t;e;x;t;_;s;i;g;n;a;l;;;o;p;e;n;a;l;e;x;_;l;a;n;d;i;n;g
doi__10.1016_j.bmcl.2006.07.022,metadata_only,attempt_external_primary_fulltext_then_inventory_existing_supplementary_assets,/mnt/d/work/抗菌肽/数据库/merged_amp_corpus/landed_assets/papers/doi__10.1016_j.bmcl.2006.07.022,Inhibition of HIV-1 integrase activity by synthetic peptides derived from the HIV-1 HXB2 Pol region of the viral genome.,2006,Bioorg Med Chem Lett,10.1016/j.bmcl.2006.07.022,16879966,,0,0,0,0,0,1,fulltext_or_xml,o;p;e;n;a;l;e;x;_;l;a;n;d;i;n;g;;;f;u;l;l;t;e;x;t;_;s;i;g;n;a;l;;;n;c;b;i;_;d;o;i
doi__10.1016_j.bmcl.2012.12.020,weak_source,recover_or_stage_primary_xml_then_build_material_packet,/mnt/d/work/抗菌肽/数据库/merged_amp_corpus/landed_assets/papers/doi__10.1016_j.bmcl.2012.12.020,Dipeptide cis-cyclo(Leucyl-Tyrosyl) produced by sponge associated Penicillium sp. F37 inhibits biofilm formation of the pathogenic Staphylococcus epidermidis.,2012,Bioorg Med Chem Lett,10.1016/j.bmcl.2012.12.020,23290053,,0,2,0,2,0,0,direct_pdf,o;p;e;n;a;l;e;x;_;p;d;f;;;o;p;e;n;a;l;e;x;_;l;a;n;d;i;n;g
doi__10.1016_j.bmcl.2014.03.097,metadata_only,attempt_external_primary_fulltext_then_inventory_existing_supplementary_assets,/mnt/d/work/抗菌肽/数据库/merged_amp_corpus/landed_assets/papers/doi__10.1016_j.bmcl.2014.03.097,Cell permeable vanX inhibitors as vancomycin re-sensitizing agents.,2014,Bioorg Med Chem Lett,10.1016/j.bmcl.2014.03.097,24751446,,0,0,0,0,0,2,landing_page,o;p;e;n;a;l;e;x;_;l;a;n;d;i;n;g
doi__10.1016_j.bmcl.2017.03.035,metadata_only,attempt_external_primary_fulltext_then_inventory_existing_supplementary_assets,/mnt/d/work/抗菌肽/数据库/merged_amp_corpus/landed_assets/papers/doi__10.1016_j.bmcl.2017.03.035,New potent and selective αvβ(3) integrin ligands: Macrocyclic peptides containing RGD motif synthesized by sortase A-mediated ligation.,2017,Bioorg Med Chem Lett,10.1016/j.bmcl.2017.03.035,28351594,,0,0,0,0,0,1,landing_page,o;p;e;n;a;l;e;x;_;l;a;n;d;i;n;g
doi__10.1016_j.bmcl.2019.01.043,metadata_only,attempt_external_primary_fulltext_then_inventory_existing_supplementary_assets,/mnt/d/work/抗菌肽/数据库/merged_amp_corpus/landed_assets/papers/doi__10.1016_j.bmcl.2019.01.043,Design and synthesis of novel dual-cyclic RGD peptides for α(v)β(3) integrin targeting.,2019,Bioorg Med Chem Lett,10.1016/j.bmcl.2019.01.043,30732943,,0,0,0,0,0,1,landing_page,o;p;e;n;a;l;e;x;_;l;a;n;d;i;n;g
doi__10.1016_j.bpc.2015.06.002,weak_source,recover_or_stage_primary_xml_then_build_material_packet,/mnt/d/work/抗菌肽/数据库/merged_amp_corpus/landed_assets/papers/doi__10.1016_j.bpc.2015.06.002,Investigations of the synergistic enhancement of antimicrobial activity in mixtures of magainin 2 and PGLa.,2015,Biophys Chem,10.1016/j.bpc.2015.06.002,26099623,,0,1,0,1,0,7,landing_page,o;p;e;n;a;l;e;x;_;l;a;n;d;i;n;g
doi__10.1016_j.cbpa.2007.03.016,weak_source,recover_or_stage_primary_xml_then_build_material_packet,/mnt/d/work/抗菌肽/数据库/merged_amp_corpus/landed_assets/papers/doi__10.1016_j.cbpa.2007.03.016,"Dermaseptins from Phyllomedusa oreades and Phyllomedusa distincta: Secondary structure, antimicrobial activity, and mammalian cell toxicity.",2007,Comp Biochem Physiol A Mol Integr Physiol,10.1016/j.cbpa.2007.03.016,17442605,,0,1,0,1,0,0,landing_page,o;p;e;n;a;l;e;x;_;l;a;n;d;i;n;g
doi__10.1016_j.cbpa.2017.02.006,weak_source,recover_or_stage_primary_xml_then_build_material_packet,/mnt/d/work/抗菌肽/数据库/merged_amp_corpus/landed_assets/papers/doi__10.1016_j.cbpa.2017.02.006,"past, present and future",2017,,10.1016/j.cbpa.2017.02.006,28249193,,0,1,0,1,0,0,landing_page,o;p;e;n;a;l;e;x;_;l;a;n;d;i;n;g
doi__10.1016_j.cell.2017.12.009,metadata_only,attempt_external_primary_fulltext_then_inventory_existing_supplementary_assets,/mnt/d/work/抗菌肽/数据库/merged_amp_corpus/landed_assets/papers/doi__10.1016_j.cell.2017.12.009,Discovery of Next-Generation Antimicrobials through Bacterial Self-Screening of Surface-Displayed Peptide Libraries.,2018,Cell,10.1016/j.cell.2017.12.009,29307492,PMC5786472,0,0,0,0,0,10,fulltext_or_xml,f;u;l;l;t;e;x;t;_;s;i;g;n;a;l;;;o;p;e;n;a;l;e;x;_;l;a;n;d;i;n;g
doi__10.1016_j.chom.2023.07.001,metadata_only,attempt_external_primary_fulltext_then_inventory_existing_supplementary_assets,/mnt/d/work/抗菌肽/数据库/merged_amp_corpus/landed_assets/papers/doi__10.1016_j.chom.2023.07.001,Molecular de-extinction of ancient antimicrobial peptides enabled by machine learning.,2023,Cell Host Microbe.,10.1016/j.chom.2023.07.001,37516110,PMC11625410,0,0,0,0,0,10,direct_pdf,f;u;l;l;t;e;x;t;_;s;i;g;n;a;l;;;o;p;e;n;a;l;e;x;_;l;a;n;d;i;n;g;;;o;p;e;n;a;l;e;x;_;p;d;f
doi__10.1016_j.colsurfb.2016.02.003,weak_source,recover_or_stage_primary_xml_then_build_material_packet,/mnt/d/work/抗菌肽/数据库/merged_amp_corpus/landed_assets/papers/doi__10.1016_j.colsurfb.2016.02.003,Role of amphipathicity and hydrophobicity in the balance between hemolysis and peptide-membrane interactions of three related antimicrobial peptides.,2016,Colloids Surf B Biointerfaces,10.1016/j.colsurfb.2016.02.003,26896660,,0,1,0,1,0,0,landing_page,o;p;e;n;a;l;e;x;_;l;a;n;d;i;n;g
doi__10.1016_j.dci.2006.07.006,weak_source,recover_or_stage_primary_xml_then_build_material_packet,/mnt/d/work/抗菌肽/数据库/merged_amp_corpus/landed_assets/papers/doi__10.1016_j.dci.2006.07.006,Molecular characterization of two isoforms of defensin from hemocytes of the oyster Crassostrea gigas.,2006,Dev Comp Immunol.,10.1016/j.dci.2006.07.006,16962661,,0,2,0,2,0,2,direct_pdf,o;p;e;n;a;l;e;x;_;p;d;f;;;o;p;e;n;a;l;e;x;_;l;a;n;d;i;n;g
doi__10.1016_j.dci.2007.05.006,weak_source,recover_or_stage_primary_xml_then_build_material_packet,/mnt/d/work/抗菌肽/数据库/merged_amp_corpus/landed_assets/papers/doi__10.1016_j.dci.2007.05.006,"NMR structure of mussel mytilin, and antiviral-antibacterial activities of derived synthetic peptides.",2007,Dev Comp Immunol,10.1016/j.dci.2007.05.006,17628674,,0,2,0,2,0,2,direct_pdf,o;p;e;n;a;l;e;x;_;p;d;f;;;o;p;e;n;a;l;e;x;_;l;a;n;d;i;n;g
doi__10.1016_j.dci.2010.01.008,metadata_only,attempt_external_primary_fulltext_then_inventory_existing_supplementary_assets,/mnt/d/work/抗菌肽/数据库/merged_amp_corpus/landed_assets/papers/doi__10.1016_j.dci.2010.01.008,Functional analysis of four processing products from multiple precursors encoded by a lebocin-related gene from Manduca sexta.,2010,Dev Comp Immunol,10.1016/j.dci.2010.01.008,20096726,PMC2841005,0,0,0,0,0,10,fulltext_or_xml,f;u;l;l;t;e;x;t;_;s;i;g;n;a;l;;;o;p;e;n;a;l;e;x;_;l;a;n;d;i;n;g
doi__10.1016_j.dci.2019.02.012,weak_source,recover_or_stage_primary_xml_then_build_material_packet,/mnt/d/work/抗菌肽/数据库/merged_amp_corpus/landed_assets/papers/doi__10.1016_j.dci.2019.02.012,Fish-derived antimicrobial peptides: Activity of a chionodracine mutant against bacterial models and human bacterial pathogens.,2019,Dev Comp Immunol.,10.1016/j.dci.2019.02.012,30790604,,0,1,0,1,0,3,landing_page,o;p;e;n;a;l;e;x;_;l;a;n;d;i;n;g
doi__10.1016_j.dci.2019.103574,weak_source,recover_or_stage_primary_xml_then_build_material_packet,/mnt/d/work/抗菌肽/数据库/merged_amp_corpus/landed_assets/papers/doi__10.1016_j.dci.2019.103574,"Identification and Functional Characterization of the Astacidin Family of Proline-Rich Host Defence Peptides (PcAst) From the Red Swamp Crayfish (Procambarus Clarkii, Girard 1852)",2019,Dev Comp Immunol.,10.1016/j.dci.2019.103574,31884202,,0,1,0,1,0,1,landing_page,o;p;e;n;a;l;e;x;_;l;a;n;d;i;n;g
doi__10.1016_j.ejca.2009.03.003,metadata_only,attempt_external_primary_fulltext_then_inventory_existing_supplementary_assets,/mnt/d/work/抗菌肽/数据库/merged_amp_corpus/landed_assets/papers/doi__10.1016_j.ejca.2009.03.003,Molecular pharmacodynamics of PM02734 (elisidepsin) as single agent and in combination with erlotinib; synergistic activity in human non-small cell lung cancer cell lines and xenograft models.,2009,Eur J Cancer,10.1016/j.ejca.2009.03.003,19346126,PMC2700178,0,0,0,0,0,9,fulltext_or_xml,f;u;l;l;t;e;x;t;_;s;i;g;n;a;l;;;o;p;e;n;a;l;e;x;_;l;a;n;d;i;n;g
doi__10.1016_j.ejmech.2022.114278,weak_source,recover_or_stage_primary_xml_then_build_material_packet,/mnt/d/work/抗菌肽/数据库/merged_amp_corpus/landed_assets/papers/doi__10.1016_j.ejmech.2022.114278,Amphiphilic cyclic peptide [W(4)KR(5)]-Antibiotics combinations as broad-spectrum antimicrobial agents.,2022,Eur J Med Chem,10.1016/j.ejmech.2022.114278,35339840,,0,1,0,1,0,0,landing_page,o;p;e;n;a;l;e;x;_;l;a;n;d;i;n;g
doi__10.1016_j.fsi.2016.11.004,weak_source,recover_or_stage_primary_xml_then_build_material_packet,/mnt/d/work/抗菌肽/数据库/merged_amp_corpus/landed_assets/papers/doi__10.1016_j.fsi.2016.11.004,Antimicrobial and host cell-directed activities of Gly/Ser-rich peptides from salmonid cathelicidins.,2016,Fish Shellfish Immunol,10.1016/j.fsi.2016.11.004,27818338,,0,1,0,1,0,2,landing_page,o;p;e;n;a;l;e;x;_;l;a;n;d;i;n;g
doi__10.1016_j.fsi.2019.08.054,weak_source,recover_or_stage_primary_xml_then_build_material_packet,/mnt/d/work/抗菌肽/数据库/merged_amp_corpus/landed_assets/papers/doi__10.1016_j.fsi.2019.08.054,Antimicrobial activity and mechanisms of multiple antimicrobial peptides isolated from rockfish Sebastiscus marmoratus,2019,Fish Shellfish Immunol.,10.1016/j.fsi.2019.08.054,31449978,,0,2,0,2,0,1,direct_pdf,o;p;e;n;a;l;e;x;_;p;d;f;;;o;p;e;n;a;l;e;x;_;l;a;n;d;i;n;g
doi__10.1016_j.ibmb.2013.03.013,metadata_only,attempt_external_primary_fulltext_then_inventory_existing_supplementary_assets,/mnt/d/work/抗菌肽/数据库/merged_amp_corpus/landed_assets/papers/doi__10.1016_j.ibmb.2013.03.013,Gloverins of the silkworm Bombyx mori: structural and binding properties and activities.,2013,Insect Biochem Mol Biol.,10.1016/j.ibmb.2013.03.013,23567591,PMC3760519,0,0,0,0,0,8,fulltext_or_xml,f;u;l;l;t;e;x;t;_;s;i;g;n;a;l;;;o;p;e;n;a;l;e;x;_;l;a;n;d;i;n;g
doi__10.1016_j.ijantimicag.2008.11.013,metadata_only,attempt_external_primary_fulltext_then_inventory_existing_supplementary_assets,/mnt/d/work/抗菌肽/数据库/merged_amp_corpus/landed_assets/papers/doi__10.1016_j.ijantimicag.2008.11.013,Design and activity of a 'dual-targeted' antimicrobial peptide.,2009,Int J Antimicrob Agents,10.1016/j.ijantimicag.2008.11.013,19188046,PMC2696886,0,0,0,0,0,10,fulltext_or_xml,f;u;l;l;t;e;x;t;_;s;i;g;n;a;l;;;o;p;e;n;a;l;e;x;_;l;a;n;d;i;n;g
doi__10.1016_j.ijantimicag.2009.11.017,weak_source,recover_or_stage_primary_xml_then_build_material_packet,/mnt/d/work/抗菌肽/数据库/merged_amp_corpus/landed_assets/papers/doi__10.1016_j.ijantimicag.2009.11.017,"Purification, characterisation and identification of acidocin LCHV, an antimicrobial peptide produced by Lactobacillus acidophilus n.v. Er 317/402 strain Narine",2010,Int J Antimicrob Agents.,10.1016/j.ijantimicag.2009.11.017,20045288,,0,1,0,1,0,5,landing_page,o;p;e;n;a;l;e;x;_;l;a;n;d;i;n;g
doi__10.1016_j.ijantimicag.2010.08.020,weak_source,recover_or_stage_primary_xml_then_build_material_packet,/mnt/d/work/抗菌肽/数据库/merged_amp_corpus/landed_assets/papers/doi__10.1016_j.ijantimicag.2010.08.020,Fungicidal activity of human lactoferrin-derived peptides based on the antimicrobial αβ region.,2010,Int J Antimicrob Agents,10.1016/j.ijantimicag.2010.08.020,21075607,,0,1,0,1,0,5,landing_page,o;p;e;n;a;l;e;x;_;l;a;n;d;i;n;g
doi__10.1016_j.ijantimicag.2010.10.028,weak_source,recover_or_stage_primary_xml_then_build_material_packet,/mnt/d/work/抗菌肽/数据库/merged_amp_corpus/landed_assets/papers/doi__10.1016_j.ijantimicag.2010.10.028,Bactericidal oncocin derivatives with superior serum stabilities.,2010,Int J Antimicrob Agents,10.1016/j.ijantimicag.2010.10.028,21185160,,0,1,0,1,0,4,landing_page,o;p;e;n;a;l;e;x;_;l;a;n;d;i;n;g
doi__10.1016_j.ijantimicag.2012.02.003,metadata_only,attempt_external_primary_fulltext_then_inventory_existing_supplementary_assets,/mnt/d/work/抗菌肽/数据库/merged_amp_corpus/landed_assets/papers/doi__10.1016_j.ijantimicag.2012.02.003,Database screening and in vivo efficacy of antimicrobial peptides against methicillin-resistant Staphylococcus aureus USA300.,2012,Int J Antimicrob Agents,10.1016/j.ijantimicag.2012.02.003,22445495,PMC3320733,0,0,0,0,0,6,fulltext_or_xml,f;u;l;l;t;e;x;t;_;s;i;g;n;a;l;;;o;p;e;n;a;l;e;x;_;l;a;n;d;i;n;g
doi__10.1016_j.ijantimicag.2019.05.019,weak_source,recover_or_stage_primary_xml_then_build_material_packet,/mnt/d/work/抗菌肽/数据库/merged_amp_corpus/landed_assets/papers/doi__10.1016_j.ijantimicag.2019.05.019,Antimicrobial activity of two novel antimicrobial peptides AA139 and SET-M33 against clinically and genotypically diverse Klebsiella pneumoniae isolates with differing antibiotic resistance profiles.,2019,Int J Antimicrob Agents.,10.1016/j.ijantimicag.2019.05.019,31173867,,0,1,0,1,0,2,landing_page,o;p;e;n;a;l;e;x;_;l;a;n;d;i;n;g
doi__10.1016_j.jasms.2005.11.017,weak_source,recover_or_stage_primary_xml_then_build_material_packet,/mnt/d/work/抗菌肽/数据库/merged_amp_corpus/landed_assets/papers/doi__10.1016_j.jasms.2005.11.017,"Dominulin A and B: two new antibacterial peptides identified on the cuticle and in the venom of the social paper wasp Polistes dominulus using MALDI-TOF, MALDI-TOF/TOF, and ESI-ion trap.",2006,J Am Soc Mass Spectrom,10.1016/j.jasms.2005.11.017,16446098,,0,1,0,1,0,0,direct_pdf,o;p;e;n;a;l;e;x;_;p;d;f;;;o;p;e;n;a;l;e;x;_;l;a;n;d;i;n;g
doi__10.1016_j.jip.2012.02.007,metadata_only,attempt_external_primary_fulltext_then_inventory_existing_supplementary_assets,/mnt/d/work/抗菌肽/数据库/merged_amp_corpus/landed_assets/papers/doi__10.1016_j.jip.2012.02.007,Inactivation of the budded virus of Autographa californica M nucleopolyhedrovirus by gloverin.,2012,J Invertebr Pathol.,10.1016/j.jip.2012.02.007,22401766,PMC3327827,0,0,0,0,0,10,fulltext_or_xml,f;u;l;l;t;e;x;t;_;s;i;g;n;a;l;;;o;p;e;n;a;l;e;x;_;l;a;n;d;i;n;g
doi__10.1016_j.jmb.2008.02.066,metadata_only,attempt_external_primary_fulltext_then_inventory_existing_supplementary_assets,/mnt/d/work/抗菌肽/数据库/merged_amp_corpus/landed_assets/papers/doi__10.1016_j.jmb.2008.02.066,A cell-penetrating helical peptide as a potential HIV-1 inhibitor.,2008,J Mol Biol,10.1016/j.jmb.2008.02.066,18374356,PMC2695608,0,0,0,0,0,10,fulltext_or_xml,f;u;l;l;t;e;x;t;_;s;i;g;n;a;l;;;o;p;e;n;a;l;e;x;_;l;a;n;d;i;n;g
doi__10.1016_j.jmb.2021.167225,weak_source,recover_or_stage_primary_xml_then_build_material_packet,/mnt/d/work/抗菌肽/数据库/merged_amp_corpus/landed_assets/papers/doi__10.1016_j.jmb.2021.167225,Inhibition of SARS-CoV-2 Infection by Human Defensin HNP1 and Retrocyclin RC-101.,2021,J Mol Biol,10.1016/j.jmb.2021.167225,34487793,PMC8413479,0,1,0,1,1,10,direct_pdf,l;o;c;a;l;_;p;d;f;;;l;o;c;a;l;_;p;a;c;k;a;g;e;;;o;p;e;n;a;l;e;x;_;l;a;n;d;i;n;g;;;f;u;l;l;t;e;x;t;_;s;i;g;n;a;l
doi__10.1016_j.jneuroim.2010.11.009,metadata_only,attempt_external_primary_fulltext_then_inventory_existing_supplementary_assets,/mnt/d/work/抗菌肽/数据库/merged_amp_corpus/landed_assets/papers/doi__10.1016_j.jneuroim.2010.11.009,Additive effects of orexin B and vasoactive intestinal polypeptide on LL-37-mediated antimicrobial activities.,2010,J Neuroimmunol,10.1016/j.jneuroim.2010.11.009,21176972,PMC3115685,0,0,0,0,0,10,fulltext_or_xml,f;u;l;l;t;e;x;t;_;s;i;g;n;a;l;;;o;p;e;n;a;l;e;x;_;l;a;n;d;i;n;g
doi__10.1016_j.molimm.2008.07.021,weak_source,recover_or_stage_primary_xml_then_build_material_packet,/mnt/d/work/抗菌肽/数据库/merged_amp_corpus/landed_assets/papers/doi__10.1016_j.molimm.2008.07.021,Oyster hemocytes express a proline-rich peptide displaying synergistic antimicrobial activity with a defensin.,2008,Mol Immunol,10.1016/j.molimm.2008.07.021,18962895,,0,2,0,2,0,1,direct_pdf,o;p;e;n;a;l;e;x;_;p;d;f;;;o;p;e;n;a;l;e;x;_;l;a;n;d;i;n;g
doi__10.1016_j.peptides.2005.11.021,metadata_only,attempt_external_primary_fulltext_pdf_xml_before_review,/mnt/d/work/抗菌肽/数据库/merged_amp_corpus/landed_assets/papers/doi__10.1016_j.peptides.2005.11.021,"Histamine-releasing and antimicrobial peptides from the skin secretions of the dusky gopher frog, Rana sevosa",2005,Peptides,10.1016/j.peptides.2005.11.021,16386333,,0,0,0,0,0,0,landing_page,o;p;e;n;a;l;e;x;_;l;a;n;d;i;n;g
doi__10.1016_j.peptides.2008.06.022,weak_source,recover_or_stage_primary_xml_then_build_material_packet,/mnt/d/work/抗菌肽/数据库/merged_amp_corpus/landed_assets/papers/doi__10.1016_j.peptides.2008.06.022,"Solution NMR structures of the antimicrobial peptides phylloseptin-1, -2, and -3 and biological activity: the role of charges and hydrogen bonding interactions in stabilizing helix conformations.",2008,Peptides,10.1016/j.peptides.2008.06.022,18656510,,0,1,0,1,0,0,landing_page,o;p;e;n;a;l;e;x;_;l;a;n;d;i;n;g
doi__10.1016_j.peptides.2010.12.007,metadata_only,attempt_external_primary_fulltext_pdf_xml_before_review,/mnt/d/work/抗菌肽/数据库/merged_amp_corpus/landed_assets/papers/doi__10.1016_j.peptides.2010.12.007,Venom peptides from solitary hunting wasps induce feeding disorder in lepidopteran larvae.,2010,Peptides,10.1016/j.peptides.2010.12.007,21184791,,0,0,0,0,0,0,landing_page,o;p;e;n;a;l;e;x;_;l;a;n;d;i;n;g
doi__10.1016_j.peptides.2012.03.017,metadata_only,attempt_external_primary_fulltext_pdf_xml_before_review,/mnt/d/work/抗菌肽/数据库/merged_amp_corpus/landed_assets/papers/doi__10.1016_j.peptides.2012.03.017,Lysine substitutions convert a bacterial-agglutinating peptide into a bactericidal peptide that retains anti-lipopolysaccharide activity and low hemolytic activity.,2012,Peptides,10.1016/j.peptides.2012.03.017,22484285,PMC3356437,0,0,0,0,0,0,fulltext_or_xml,f;u;l;l;t;e;x;t;_;s;i;g;n;a;l;;;o;p;e;n;a;l;e;x;_;l;a;n;d;i;n;g
doi__10.1016_j.peptides.2016.03.006,weak_source,recover_or_stage_primary_xml_then_build_material_packet,/mnt/d/work/抗菌肽/数据库/merged_amp_corpus/landed_assets/papers/doi__10.1016_j.peptides.2016.03.006,Antimicrobial properties of two novel peptides derived from Theobroma cacao osmotin.,2016,Peptides,10.1016/j.peptides.2016.03.006,26996966,,0,1,0,1,0,0,landing_page,o;p;e;n;a;l;e;x;_;l;a;n;d;i;n;g
doi__10.1016_j.peptides.2018.01.007,weak_source,recover_or_stage_primary_xml_then_build_material_packet,/mnt/d/work/抗菌肽/数据库/merged_amp_corpus/landed_assets/papers/doi__10.1016_j.peptides.2018.01.007,The cationic tetradecapeptide mastoparan as a privileged structure for drug discovery: Enhanced antimicrobial properties of mitoparan analogues modified at position-14.,2018,Peptides,10.1016/j.peptides.2018.01.007,29337270,,0,1,0,1,0,0,landing_page,o;p;e;n;a;l;e;x;_;l;a;n;d;i;n;g
doi__10.1016_j.peptides.2018.05.011,metadata_only,attempt_external_primary_fulltext_then_inventory_existing_supplementary_assets,/mnt/d/work/抗菌肽/数据库/merged_amp_corpus/landed_assets/papers/doi__10.1016_j.peptides.2018.05.011,"Antibacterial, antifungal, anticancer activities and structural bioinformatics analysis of six naturally occurring temporins.",2018,Peptides,10.1016/j.peptides.2018.05.011,29842923,PMC6063800,0,0,0,0,0,10,fulltext_or_xml,f;u;l;l;t;e;x;t;_;s;i;g;n;a;l;;;o;p;e;n;a;l;e;x;_;l;a;n;d;i;n;g
doi__10.1016_j.peptides.2018.12.007,weak_source,recover_or_stage_primary_xml_then_build_material_packet,/mnt/d/work/抗菌肽/数据库/merged_amp_corpus/landed_assets/papers/doi__10.1016_j.peptides.2018.12.007,"Host-defense peptides AC12, DK16 and RC11 with immunomodulatory activity isolated from Hypsiboas raniceps skin secretion.",2019,Peptides,10.1016/j.peptides.2018.12.007,30610885,,0,1,0,1,0,0,landing_page,o;p;e;n;a;l;e;x;_;l;a;n;d;i;n;g
doi__10.1016_j.peptides.2019.170119,metadata_only,attempt_external_primary_fulltext_then_inventory_existing_supplementary_assets,/mnt/d/work/抗菌肽/数据库/merged_amp_corpus/landed_assets/papers/doi__10.1016_j.peptides.2019.170119,Understanding interactions of Citropin 1.1 analogues with model membranes and their influence on biological activity.,2019,Peptides,10.1016/j.peptides.2019.170119,31336137,PMC7161086,0,0,0,0,0,10,fulltext_or_xml,f;u;l;l;t;e;x;t;_;s;i;g;n;a;l;;;o;p;e;n;a;l;e;x;_;l;a;n;d;i;n;g
doi__10.1016_j.phrs.2022.106245,metadata_only,attempt_external_primary_fulltext_then_inventory_existing_supplementary_assets,/mnt/d/work/抗菌肽/数据库/merged_amp_corpus/landed_assets/papers/doi__10.1016_j.phrs.2022.106245,In silico and in vitro structure-stability-function relationship of analog peptides of Stigmurin and its antibacterial and antibiofilm activities.,2022,Pharmacol Res,10.1016/j.phrs.2022.106245,35526666,,0,0,0,0,0,7,fulltext_or_xml,f;u;l;l;t;e;x;t;_;s;i;g;n;a;l;;;n;c;b;i;_;d;o;i;;;o;p;e;n;a;l;e;x;_;l;a;n;d;i;n;g
doi__10.1016_j.phytochem.2011.07.014,metadata_only,attempt_external_primary_fulltext_then_inventory_existing_supplementary_assets,/mnt/d/work/抗菌肽/数据库/merged_amp_corpus/landed_assets/papers/doi__10.1016_j.phytochem.2011.07.014,"Pitipeptolides C-F, antimycobacterial cyclodepsipeptides from the marine cyanobacterium Lyngbya majuscula from Guam.",2011,Phytochemistry,10.1016/j.phytochem.2011.07.014,21843895,PMC3176919,0,0,0,0,0,6,fulltext_or_xml,f;u;l;l;t;e;x;t;_;s;i;g;n;a;l;;;o;p;e;n;a;l;e;x;_;l;a;n;d;i;n;g
doi__10.1016_j.phytochem.2018.04.014,metadata_only,attempt_external_primary_fulltext_then_inventory_existing_supplementary_assets,/mnt/d/work/抗菌肽/数据库/merged_amp_corpus/landed_assets/papers/doi__10.1016_j.phytochem.2018.04.014,PepSAVI-MS reveals anticancer and antifungal cycloviolacins in Viola odorata.,2018,Phytochemistry,10.1016/j.phytochem.2018.04.014,29734037,PMC6003877,0,0,0,0,0,10,fulltext_or_xml,f;u;l;l;t;e;x;t;_;s;i;g;n;a;l;;;o;p;e;n;a;l;e;x;_;l;a;n;d;i;n;g
doi__10.1016_j.resmic.2020.03.001,metadata_only,attempt_external_primary_fulltext_then_inventory_existing_supplementary_assets,/mnt/d/work/抗菌肽/数据库/merged_amp_corpus/landed_assets/papers/doi__10.1016_j.resmic.2020.03.001,Antimicrobial peptides against drug resistant Mycobacterium abscessus.,2020,Res Microbiol,10.1016/j.resmic.2020.03.001,32198075,PMC7369229,0,0,0,0,0,4,fulltext_or_xml,f;u;l;l;t;e;x;t;_;s;i;g;n;a;l;;;o;p;e;n;a;l;e;x;_;l;a;n;d;i;n;g
doi__10.1016_j.tet.2009.03.045,weak_source,recover_or_stage_primary_xml_then_build_material_packet,/mnt/d/work/抗菌肽/数据库/merged_amp_corpus/landed_assets/papers/doi__10.1016_j.tet.2009.03.045,"Structure and X-ray conformation of pseudodesmins A and B, two new cyclic lipodepsipeptides from Pseudomonas bacteria",2009,Tetrahedron,10.1016/j.tet.2009.03.045,,,0,1,0,1,0,5,fulltext_or_xml,o;p;e;n;a;l;e;x;_;l;a;n;d;i;n;g;;;f;u;l;l;t;e;x;t;_;s;i;g;n;a;l;;;c;r;o;s;s;r;e;f;_;i;d;e;n;t;i;f;i;e;r
doi__10.1016_j.tetlet.2009.05.067,metadata_only,attempt_external_primary_fulltext_then_inventory_existing_supplementary_assets,/mnt/d/work/抗菌肽/数据库/merged_amp_corpus/landed_assets/papers/doi__10.1016_j.tetlet.2009.05.067,Euryjanicin A: a new cycloheptapeptide from the Caribbean marine sponge Prosuberites laughlini.,2009,Tetrahedron Lett,10.1016/j.tetlet.2009.05.067,20161148,PMC2733365,0,0,0,0,0,5,fulltext_or_xml,f;u;l;l;t;e;x;t;_;s;i;g;n;a;l;;;o;p;e;n;a;l;e;x;_;l;a;n;d;i;n;g
doi__10.1016_j.toxicon.2007.04.027,weak_source,recover_or_stage_primary_xml_then_build_material_packet,/mnt/d/work/抗菌肽/数据库/merged_amp_corpus/landed_assets/papers/doi__10.1016_j.toxicon.2007.04.027,Antimicrobial peptide from the skin secretion of the frog Leptodactylus syphax.,2007,Toxicon,10.1016/j.toxicon.2007.04.027,17628627,,0,1,0,1,0,0,landing_page,o;p;e;n;a;l;e;x;_;l;a;n;d;i;n;g
doi__10.1016_j.toxicon.2010.09.010,weak_source,recover_or_stage_primary_xml_then_build_material_packet,/mnt/d/work/抗菌肽/数据库/merged_amp_corpus/landed_assets/papers/doi__10.1016_j.toxicon.2010.09.010,"Peptidomic dissection of the skin secretion of Phasmahyla jandaia (Bokermann and Sazima, 1978) (Anura, Hylidae, Phyllomedusinae).",2010,Toxicon,10.1016/j.toxicon.2010.09.010,20932854,,0,1,0,1,0,0,landing_page,o;p;e;n;a;l;e;x;_;l;a;n;d;i;n;g
doi__10.1016_j.tube.2018.10.008,weak_source,recover_or_stage_primary_pdf_then_build_material_packet,/mnt/d/work/抗菌肽/数据库/merged_amp_corpus/landed_assets/papers/doi__10.1016_j.tube.2018.10.008,A novel derivative of the fungal antimicrobial peptide plectasin is active against Mycobacterium tuberculosis.,2018,Tuberculosis (Edinb),10.1016/j.tube.2018.10.008,30514507,PMC6289163,2,0,2,0,1,0,fulltext_or_xml,l;o;c;a;l;_;x;m;l;;;l;o;c;a;l;_;p;a;c;k;a;g;e;;;o;p;e;n;a;l;e;x;_;l;a;n;d;i;n;g;;;f;u;l;l;t;e;x;t;_;s;i;g;n;a;l
doi__10.1016_j.virusres.2014.03.010,weak_source,recover_or_stage_primary_pdf_then_build_material_packet,/mnt/d/work/抗菌肽/数据库/merged_amp_corpus/landed_assets/papers/doi__10.1016_j.virusres.2014.03.010,[A cyclotide against influenza A H1N1 virus from Viola yedoensis],2014,Yao Xue Xue Bao.,10.1016/j.virusres.2014.03.010,24662240,PMC7114376,1,0,1,0,0,0,fulltext_or_xml,o;p;e;n;a;l;e;x;_;l;a;n;d;i;n;g;;;f;u;l;l;t;e;x;t;_;s;i;g;n;a;l
doi__10.1016_s0041-0101(98)00226-8,weak_source,recover_or_stage_primary_xml_then_build_material_packet,/mnt/d/work/抗菌肽/数据库/merged_amp_corpus/landed_assets/papers/doi__10.1016_s0041-0101(98)00226-8,Nucleotide sequence of crotamine isoform precursors from a single South American rattlesnake (Crotalus durissus terrificus).,1999,Toxicon,10.1016/s0041-0101(98)00226-8,10484745,,0,1,0,1,0,0,landing_page,o;p;e;n;a;l;e;x;_;l;a;n;d;i;n;g
doi__10.1016_s0960-894x(03)00040-4,metadata_only,attempt_external_primary_fulltext_then_inventory_existing_supplementary_assets,/mnt/d/work/抗菌肽/数据库/merged_amp_corpus/landed_assets/papers/doi__10.1016_s0960-894x(03)00040-4,Interfacial peptide inhibitors of HIV-1 integrase activity and dimerization.,2003,Bioorg Med Chem Lett,10.1016/s0960-894x(03)00040-4,12643937,,0,0,0,0,0,1,landing_page,o;p;e;n;a;l;e;x;_;l;a;n;d;i;n;g
doi__10.1017_s0031182017001846,weak_source,recover_or_stage_primary_xml_then_build_material_packet,/mnt/d/work/抗菌肽/数据库/merged_amp_corpus/landed_assets/papers/doi__10.1017_s0031182017001846,"Antichagasic effect of crotalicidin, a cathelicidin-like vipericidin, found in Crotalus durissus terrificus rattlesnake's venom gland.",2017,Parasitology,10.1017/s0031182017001846,29208061,,0,2,0,2,0,9,landing_page,o;p;e;n;a;l;e;x;_;l;a;n;d;i;n;g
doi__10.1021_acs.biochem.7b00348,metadata_only,attempt_external_primary_fulltext_then_inventory_existing_supplementary_assets,/mnt/d/work/抗菌肽/数据库/merged_amp_corpus/landed_assets/papers/doi__10.1021_acs.biochem.7b00348,Specific Histidine Residues Confer Histatin Peptides with Copper-Dependent Activity against Candida albicans.,2017,Biochemistry,10.1021/acs.biochem.7b00348,28763199,PMC5937946,0,0,0,0,0,9,fulltext_or_xml,f;u;l;l;t;e;x;t;_;s;i;g;n;a;l;;;o;p;e;n;a;l;e;x;_;l;a;n;d;i;n;g
doi__10.1021_acs.bioconjchem.0c00664,metadata_only,attempt_external_primary_fulltext_then_inventory_existing_supplementary_assets,/mnt/d/work/抗菌肽/数据库/merged_amp_corpus/landed_assets/papers/doi__10.1021_acs.bioconjchem.0c00664,Rationally Designed ACE2-Derived Peptides Inhibit SARS-CoV-2.,2020,Bioconjug Chem,10.1021/acs.bioconjchem.0c00664,33356169,PMC7784661,0,0,0,0,0,9,fulltext_or_xml,f;u;l;l;t;e;x;t;_;s;i;g;n;a;l;;;o;p;e;n;a;l;e;x;_;l;a;n;d;i;n;g
doi__10.1021_acs.biomac.3c00218,weak_source,recover_or_stage_primary_pdf_then_build_material_packet,/mnt/d/work/抗菌肽/数据库/merged_amp_corpus/landed_assets/papers/doi__10.1021_acs.biomac.3c00218,Lung SPLUNC1 Peptide Derivatives in the Lipid Membrane Headgroup Kill Gram-Negative Planktonic and Biofilm Bacteria,2023,Biomacromolecules.,10.1021/acs.biomac.3c00218,37223955,PMC10265666,1,0,2,0,1,0,direct_pdf,l;o;c;a;l;_;x;m;l;;;l;o;c;a;l;_;p;a;c;k;a;g;e;;;l;o;c;a;l;_;s;u;p;p;l;e;m;e;n;t;a;r;y;;;o;p;e;n;a;l;e;x;_;p;d;f;;;o;p;e;n;a;l;e;x;_;l;a;n;d;i;n;g;;;f;u;l;l;t;e;x;t;_;s;i;g;n;a;l
doi__10.1021_acs.jmedchem.0c00665,weak_source,recover_or_stage_primary_xml_then_build_material_packet,/mnt/d/work/抗菌肽/数据库/merged_amp_corpus/landed_assets/papers/doi__10.1021_acs.jmedchem.0c00665,Peptide Inhibitors of Bacterial Protein Synthesis with Broad Spectrum and SbmA-Independent Bactericidal Activity against Clinical Pathogens.,2020,J Med Chem.,10.1021/acs.jmedchem.0c00665,32787108,,0,1,0,1,0,0,direct_pdf,f;u;l;l;t;e;x;t;_;s;i;g;n;a;l;;;n;c;b;i;_;d;o;i;;;o;p;e;n;a;l;e;x;_;l;a;n;d;i;n;g;;;o;p;e;n;a;l;e;x;_;p;d;f
doi__10.1021_acs.jmedchem.3c01360,metadata_only,attempt_external_primary_fulltext_then_inventory_existing_supplementary_assets,/mnt/d/work/抗菌肽/数据库/merged_amp_corpus/landed_assets/papers/doi__10.1021_acs.jmedchem.3c01360,Development of Antibacterial Peptides with Membrane Disruption and Folate Pathway Inhibitory Activities against Methicillin-Resistant Staphylococcus aureus.,2024,J Med Chem,10.1021/acs.jmedchem.3c01360,38173250,,0,0,0,0,0,1,landing_page,o;p;e;n;a;l;e;x;_;l;a;n;d;i;n;g
doi__10.1021_acs.jmedchem.5b02025,metadata_only,attempt_external_primary_fulltext_then_inventory_existing_supplementary_assets,/mnt/d/work/抗菌肽/数据库/merged_amp_corpus/landed_assets/papers/doi__10.1021_acs.jmedchem.5b02025,Discovery of a 9-mer Cationic Peptide (LTX-315) as a Potential First in Class Oncolytic Peptide,2016,J Med Chem,10.1021/acs.jmedchem.5b02025,26982623,,0,0,0,0,0,2,landing_page,o;p;e;n;a;l;e;x;_;l;a;n;d;i;n;g
doi__10.1021_acs.jmedchem.7b01064,metadata_only,attempt_external_primary_fulltext_then_inventory_existing_supplementary_assets,/mnt/d/work/抗菌肽/数据库/merged_amp_corpus/landed_assets/papers/doi__10.1021_acs.jmedchem.7b01064,Novel Linear Lipopeptide Paenipeptins with Potential for Eradicating Biofilms and Sensitizing Gram-Negative Bacteria to Rifampicin and Clarithromycin.,2017,J Med Chem,10.1021/acs.jmedchem.7b01064,29136469,PMC12124638,0,0,0,0,0,10,fulltext_or_xml,f;u;l;l;t;e;x;t;_;s;i;g;n;a;l;;;o;p;e;n;a;l;e;x;_;l;a;n;d;i;n;g
doi__10.1021_acs.jmedchem.7b01831,weak_source,recover_or_stage_primary_xml_then_build_material_packet,/mnt/d/work/抗菌肽/数据库/merged_amp_corpus/landed_assets/papers/doi__10.1021_acs.jmedchem.7b01831,Antibacterial Activity Affected by the Conformational Flexibility in Glycine-Lysine Based α-Helical Antimicrobial Peptides.,2018,J Med Chem,10.1021/acs.jmedchem.7b01831,29553266,,0,1,0,1,0,0,fulltext_or_xml,o;p;e;n;a;l;e;x;_;l;a;n;d;i;n;g;;;f;u;l;l;t;e;x;t;_;s;i;g;n;a;l;;;n;c;b;i;_;d;o;i
doi__10.1021_acs.jmedchem.9b01199,metadata_only,attempt_external_primary_fulltext_then_inventory_existing_supplementary_assets,/mnt/d/work/抗菌肽/数据库/merged_amp_corpus/landed_assets/papers/doi__10.1021_acs.jmedchem.9b01199,Structure-Activity Relationships of cyclo(l-Tyrosyl-l-tyrosine) Derivatives Binding to Mycobacterium tuberculosis CYP121: Iodinated Analogues Promote Shift to High-Spin Adduct.,2019,J Med Chem,10.1021/acs.jmedchem.9b01199,31618032,,0,0,0,0,0,9,landing_page,o;p;e;n;a;l;e;x;_;l;a;n;d;i;n;g
doi__10.1021_acs.jnatprod.0c01370,metadata_only,attempt_external_primary_fulltext_then_inventory_existing_supplementary_assets,/mnt/d/work/抗菌肽/数据库/merged_amp_corpus/landed_assets/papers/doi__10.1021_acs.jnatprod.0c01370,Leveraging Peptaibol Biosynthetic Promiscuity for Next-Generation Antiplasmodial Therapeutics.,2021,J Nat Prod,10.1021/acs.jnatprod.0c01370,33565879,PMC7941592,0,0,0,0,0,1,fulltext_or_xml,f;u;l;l;t;e;x;t;_;s;i;g;n;a;l;;;o;p;e;n;a;l;e;x;_;l;a;n;d;i;n;g
doi__10.1021_acs.jnatprod.1c00281,metadata_only,attempt_external_primary_fulltext_then_inventory_existing_supplementary_assets,/mnt/d/work/抗菌肽/数据库/merged_amp_corpus/landed_assets/papers/doi__10.1021_acs.jnatprod.1c00281,Too Hot to Handle: Antibacterial Peptides Identified in Ghost Pepper,2021,J Nat Prod.,10.1021/acs.jnatprod.1c00281,34445876,PMC8600445,0,0,0,0,0,10,fulltext_or_xml,f;u;l;l;t;e;x;t;_;s;i;g;n;a;l;;;o;p;e;n;a;l;e;x;_;l;a;n;d;i;n;g
doi__10.1021_acs.jnatprod.3c00536,metadata_only,attempt_external_primary_fulltext_then_inventory_existing_supplementary_assets,/mnt/d/work/抗菌肽/数据库/merged_amp_corpus/landed_assets/papers/doi__10.1021_acs.jnatprod.3c00536,"Discovery, Characterization, and Bioactivity of the Achromonodins: Lasso Peptides Encoded by Achromobacter.",2023,J Nat Prod.,10.1021/acs.jnatprod.3c00536,37870195,PMC10949989,0,0,0,0,0,10,direct_pdf,f;u;l;l;t;e;x;t;_;s;i;g;n;a;l;;;o;p;e;n;a;l;e;x;_;l;a;n;d;i;n;g;;;o;p;e;n;a;l;e;x;_;p;d;f
doi__10.1021_acs.jnatprod.3c00939,metadata_only,attempt_external_primary_fulltext_then_inventory_existing_supplementary_assets,/mnt/d/work/抗菌肽/数据库/merged_amp_corpus/landed_assets/papers/doi__10.1021_acs.jnatprod.3c00939,The Greater Celandine: Identification and Characterization of an Antimicrobial Peptide from Chelidonium majus.,2024,J Nat Prod.,10.1021/acs.jnatprod.3c00939,38366995,PMC10959680,0,0,0,0,0,10,direct_pdf,f;u;l;l;t;e;x;t;_;s;i;g;n;a;l;;;o;p;e;n;a;l;e;x;_;l;a;n;d;i;n;g;;;o;p;e;n;a;l;e;x;_;p;d;f
doi__10.1021_acs.jnatprod.4c00170,weak_source,recover_or_stage_primary_pdf_then_build_material_packet,/mnt/d/work/抗菌肽/数据库/merged_amp_corpus/landed_assets/papers/doi__10.1021_acs.jnatprod.4c00170,"Discovery, Biosynthesis, and Characterization of Rodencin, a Two-Component Lanthipeptide, Harboring d-Amino Acids Introduced by the Unusual Dehydrogenase RodJA",2024,J Nat Prod.,10.1021/acs.jnatprod.4c00170,39302883,PMC11519912,1,0,2,0,1,0,fulltext_or_xml,l;o;c;a;l;_;x;m;l;;;l;o;c;a;l;_;p;a;c;k;a;g;e;;;l;o;c;a;l;_;s;u;p;p;l;e;m;e;n;t;a;r;y;;;o;p;e;n;a;l;e;x;_;l;a;n;d;i;n;g;;;f;u;l;l;t;e;x;t;_;s;i;g;n;a;l
doi__10.1021_acs.jnatprod.5b00540,metadata_only,attempt_external_primary_fulltext_then_inventory_existing_supplementary_assets,/mnt/d/work/抗菌肽/数据库/merged_amp_corpus/landed_assets/papers/doi__10.1021_acs.jnatprod.5b00540,"Arthroamide, a Cyclic Depsipeptide with Quorum Sensing Inhibitory Activity from Arthrobacter sp.",2015,J Nat Prod,10.1021/acs.jnatprod.5b00540,26575343,,0,0,0,0,0,6,landing_page,o;p;e;n;a;l;e;x;_;l;a;n;d;i;n;g
doi__10.1021_acs.jnatprod.5c01216,weak_source,recover_or_stage_primary_pdf_then_build_material_packet,/mnt/d/work/抗菌肽/数据库/merged_amp_corpus/landed_assets/papers/doi__10.1021_acs.jnatprod.5c01216,"Discovery, Isolation, and Bactericidal Activity of a Cyclotide from Spigelia anthelmia L. (Loganiaceae).",2026,J Nat Prod.,10.1021/acs.jnatprod.5c01216,41524414,PMC12836362,1,0,2,0,1,0,fulltext_or_xml,l;o;c;a;l;_;x;m;l;;;l;o;c;a;l;_;p;a;c;k;a;g;e;;;l;o;c;a;l;_;s;u;p;p;l;e;m;e;n;t;a;r;y;;;o;p;e;n;a;l;e;x;_;l;a;n;d;i;n;g;;;f;u;l;l;t;e;x;t;_;s;i;g;n;a;l
doi__10.1021_acs.jnatprod.7b00780,weak_source,recover_or_stage_primary_xml_then_build_material_packet,/mnt/d/work/抗菌肽/数据库/merged_amp_corpus/landed_assets/papers/doi__10.1021_acs.jnatprod.7b00780,"Paralithocins, Antimicrobial Peptides with Unusual Disulfide Connectivity from the Red King Crab, Paralithodes camtschaticus",2018,J Nat Prod.,10.1021/acs.jnatprod.7b00780,29338238,,0,1,0,1,0,0,landing_page,o;p;e;n;a;l;e;x;_;l;a;n;d;i;n;g
doi__10.1021_acs.jnatprod.9b01019,metadata_only,attempt_external_primary_fulltext_then_inventory_existing_supplementary_assets,/mnt/d/work/抗菌肽/数据库/merged_amp_corpus/landed_assets/papers/doi__10.1021_acs.jnatprod.9b01019,"Pagoamide A, a Cyclic Depsipeptide Isolated from a Cultured Marine Chlorophyte, Derbesia sp., Using MS/MS-Based Molecular Networking.",2020,J Nat Prod.,10.1021/acs.jnatprod.9b01019,31916778,PMC7210564,0,0,0,0,0,10,fulltext_or_xml,f;u;l;l;t;e;x;t;_;s;i;g;n;a;l;;;o;p;e;n;a;l;e;x;_;l;a;n;d;i;n;g
doi__10.1021_acs.joc.1c01858,metadata_only,attempt_external_primary_fulltext_then_inventory_existing_supplementary_assets,/mnt/d/work/抗菌肽/数据库/merged_amp_corpus/landed_assets/papers/doi__10.1021_acs.joc.1c01858,Chemical Synthesis of a Potent Antimicrobial Peptide Murepavadin Using a Tandem Native Chemical Ligation/Desulfurization Reaction.,2021,J Org Chem,10.1021/acs.joc.1c01858,34641669,PMC8935662,0,0,0,0,0,9,fulltext_or_xml,f;u;l;l;t;e;x;t;_;s;i;g;n;a;l;;;o;p;e;n;a;l;e;x;_;l;a;n;d;i;n;g
doi__10.1021_acs.joc.5b01878,weak_source,recover_or_stage_primary_xml_then_build_material_packet,/mnt/d/work/抗菌肽/数据库/merged_amp_corpus/landed_assets/papers/doi__10.1021_acs.joc.5b01878,"Chaxapeptin, a Lasso Peptide from Extremotolerant Streptomyces leeuwenhoekii Strain C58 from the Hyperarid Atacama Desert",2015,J Org Chem,10.1021/acs.joc.5b01878,26402731,,0,5,0,5,0,0,landing_page,o;p;e;n;a;l;e;x;_;l;a;n;d;i;n;g
doi__10.1021_acs.jproteome.3c00597,metadata_only,attempt_external_primary_fulltext_then_inventory_existing_supplementary_assets,/mnt/d/work/抗菌肽/数据库/merged_amp_corpus/landed_assets/papers/doi__10.1021_acs.jproteome.3c00597,Identification and Characterization of CC-AMP1-like and CC-AMP2-like Peptides in Capsicum spp.,2024,Proteome Res.,10.1021/acs.jproteome.3c00597,38367000,PMC11296913,0,0,0,0,0,9,direct_pdf,f;u;l;l;t;e;x;t;_;s;i;g;n;a;l;;;o;p;e;n;a;l;e;x;_;l;a;n;d;i;n;g;;;o;p;e;n;a;l;e;x;_;p;d;f
doi__10.1021_acs.langmuir.6b03477,weak_source,recover_or_stage_primary_xml_then_build_material_packet,/mnt/d/work/抗菌肽/数据库/merged_amp_corpus/landed_assets/papers/doi__10.1021_acs.langmuir.6b03477,Cyclization Improves Membrane Permeation by Antimicrobial Peptoids.,2016,Langmuir,10.1021/acs.langmuir.6b03477,27793068,PMC9647730,0,3,0,3,0,0,direct_pdf,l;o;c;a;l;_;p;d;f;;;o;p;e;n;a;l;e;x;_;p;d;f;;;o;p;e;n;a;l;e;x;_;l;a;n;d;i;n;g;;;f;u;l;l;t;e;x;t;_;s;i;g;n;a;l
doi__10.1021_acs.molpharmaceut.5b00113,weak_source,recover_or_stage_primary_xml_then_build_material_packet,/mnt/d/work/抗菌肽/数据库/merged_amp_corpus/landed_assets/papers/doi__10.1021_acs.molpharmaceut.5b00113,A 17-mer Membrane-Active MSI-78 Derivative with Improved Selectivity toward Bacterial Cells.,2015,Mol Pharm,10.1021/acs.molpharmaceut.5b00113,26066462,,0,1,0,1,0,1,landing_page,o;p;e;n;a;l;e;x;_;l;a;n;d;i;n;g
doi__10.1021_acsami.8b17808,metadata_only,attempt_external_primary_fulltext_then_inventory_existing_supplementary_assets,/mnt/d/work/抗菌肽/数据库/merged_amp_corpus/landed_assets/papers/doi__10.1021_acsami.8b17808,"Design, Synthesis, and Nanostructure-Dependent Antibacterial Activity of Cationic Peptide Amphiphiles.",2018,ACS Appl Mater Interfaces,10.1021/acsami.8b17808,30588791,PMC7199185,0,0,0,0,0,10,fulltext_or_xml,f;u;l;l;t;e;x;t;_;s;i;g;n;a;l;;;o;p;e;n;a;l;e;x;_;l;a;n;d;i;n;g
doi__10.1021_acschembio.9b00593,weak_source,recover_or_stage_primary_xml_then_build_material_packet,/mnt/d/work/抗菌肽/数据库/merged_amp_corpus/landed_assets/papers/doi__10.1021_acschembio.9b00593,Cell Membrane Composition Drives Selectivity and Toxicity of Designed Cyclic Helix-Loop-Helix Peptides with Cell Penetrating and Tumor Suppressor Properties.,2019,ACS Chem Biol,10.1021/acschembio.9b00593,31390185,,0,1,0,1,0,0,direct_pdf,o;p;e;n;a;l;e;x;_;p;d;f;;;o;p;e;n;a;l;e;x;_;l;a;n;d;i;n;g
doi__10.1021_acsinfecdis.1c00101,metadata_only,attempt_external_primary_fulltext_then_inventory_existing_supplementary_assets,/mnt/d/work/抗菌肽/数据库/merged_amp_corpus/landed_assets/papers/doi__10.1021_acsinfecdis.1c00101,Short and Robust Anti-Infective Lipopeptides Engineered Based on the Minimal Antimicrobial Peptide KR12 of Human LL-37.,2021,ACS Infect Dis,10.1021/acsinfecdis.1c00101,33890759,PMC9082781,0,0,0,0,0,9,fulltext_or_xml,f;u;l;l;t;e;x;t;_;s;i;g;n;a;l;;;o;p;e;n;a;l;e;x;_;l;a;n;d;i;n;g
doi__10.1021_acsinfecdis.1c00275,metadata_only,attempt_external_primary_fulltext_then_inventory_existing_supplementary_assets,/mnt/d/work/抗菌肽/数据库/merged_amp_corpus/landed_assets/papers/doi__10.1021_acsinfecdis.1c00275,Yersinia pestis Lipopolysaccharide Remodeling Confers Resistance to a Xenopsylla cheopis Cecropin.,2021,ACS Infect Dis.,10.1021/acsinfecdis.1c00275,34319069,PMC9410339,0,0,0,0,0,9,fulltext_or_xml,f;u;l;l;t;e;x;t;_;s;i;g;n;a;l;;;o;p;e;n;a;l;e;x;_;l;a;n;d;i;n;g
doi__10.1021_acsinfecdis.2c00446,metadata_only,attempt_external_primary_fulltext_then_inventory_existing_supplementary_assets,/mnt/d/work/抗菌肽/数据库/merged_amp_corpus/landed_assets/papers/doi__10.1021_acsinfecdis.2c00446,"Cloacaenodin, an Antimicrobial Lasso Peptide with Activity against Enterobacter.",2022,ACS Infect Dis,10.1021/acsinfecdis.2c00446,36519726,PMC10038104,0,0,0,0,0,8,direct_pdf,f;u;l;l;t;e;x;t;_;s;i;g;n;a;l;;;o;p;e;n;a;l;e;x;_;l;a;n;d;i;n;g;;;o;p;e;n;a;l;e;x;_;p;d;f
doi__10.1021_acsinfecdis.3c00293,metadata_only,attempt_external_primary_fulltext_then_inventory_existing_supplementary_assets,/mnt/d/work/抗菌肽/数据库/merged_amp_corpus/landed_assets/papers/doi__10.1021_acsinfecdis.3c00293,Enhanced Antimicrobial Screening Sensitivity Enabled the Identification of an Ultrashort Peptide KR-8 for Engineering of LL-37mini to Combat Drug-Resistant Pathogens.,2023,ACS Infect Dis,10.1021/acsinfecdis.3c00293,37812567,PMC12744307,0,0,0,0,0,10,direct_pdf,f;u;l;l;t;e;x;t;_;s;i;g;n;a;l;;;o;p;e;n;a;l;e;x;_;l;a;n;d;i;n;g;;;o;p;e;n;a;l;e;x;_;p;d;f
doi__10.1021_acsinfecdis.3c00468,metadata_only,attempt_external_primary_fulltext_then_inventory_existing_supplementary_assets,/mnt/d/work/抗菌肽/数据库/merged_amp_corpus/landed_assets/papers/doi__10.1021_acsinfecdis.3c00468,Establishing Quantifiable Guidelines for Antimicrobial α/β-Peptide Design: A Partial Least-Squares Approach to Improve Antimicrobial Activity and Reduce Mammalian Cell Toxicity.,2023,ACS Infect Dis,10.1021/acsinfecdis.3c00468,38014670,PMC10807133,0,0,0,0,0,9,direct_pdf,f;u;l;l;t;e;x;t;_;s;i;g;n;a;l;;;o;p;e;n;a;l;e;x;_;l;a;n;d;i;n;g;;;o;p;e;n;a;l;e;x;_;p;d;f
doi__10.1021_acsinfecdis.5c01022,metadata_only,attempt_external_primary_fulltext_then_inventory_existing_supplementary_assets,/mnt/d/work/抗菌肽/数据库/merged_amp_corpus/landed_assets/papers/doi__10.1021_acsinfecdis.5c01022,"One-Step Design of Potent and Nonhemolytic Antimicrobial Peptides by Using a Database-Guided, Nonmachine Learning Approach.",2026,ACS Infect Dis.,10.1021/acsinfecdis.5c01022,41558672,PMC12927767,0,0,0,0,0,10,fulltext_or_xml,f;u;l;l;t;e;x;t;_;s;i;g;n;a;l;;;o;p;e;n;a;l;e;x;_;l;a;n;d;i;n;g
doi__10.1021_acsinfecdis.9b00217,metadata_only,attempt_external_primary_fulltext_then_inventory_existing_supplementary_assets,/mnt/d/work/抗菌肽/数据库/merged_amp_corpus/landed_assets/papers/doi__10.1021_acsinfecdis.9b00217,Design of Next Generation Polymyxins with Lower Toxicity: The Discovery of SPR206.,2019,ACS Infect Dis,10.1021/acsinfecdis.9b00217,31525992,PMC8152168,0,0,0,0,0,10,fulltext_or_xml,f;u;l;l;t;e;x;t;_;s;i;g;n;a;l;;;o;p;e;n;a;l;e;x;_;l;a;n;d;i;n;g
doi__10.1021_acsmedchemlett.1c00556,metadata_only,attempt_external_primary_fulltext_then_inventory_existing_supplementary_assets,/mnt/d/work/抗菌肽/数据库/merged_amp_corpus/landed_assets/papers/doi__10.1021_acsmedchemlett.1c00556,Large-Scale Screening of Antifungal Peptides Based on Quantitative Structure-Activity Relationship.,2021,ACS Med Chem Lett,10.1021/acsmedchemlett.1c00556,35059128,PMC8762751,0,0,0,0,0,5,fulltext_or_xml,f;u;l;l;t;e;x;t;_;s;i;g;n;a;l;;;o;p;e;n;a;l;e;x;_;l;a;n;d;i;n;g
doi__10.1021_acsmedchemlett.1c00683,metadata_only,attempt_external_primary_fulltext_then_inventory_existing_supplementary_assets,/mnt/d/work/抗菌肽/数据库/merged_amp_corpus/landed_assets/papers/doi__10.1021_acsmedchemlett.1c00683,"Stereochemical Effects on the Antimicrobial Properties of Tetrasubstituted 2,5-Diketopiperazines.",2022,ACS Med Chem Lett,10.1021/acsmedchemlett.1c00683,35450374,PMC9014430,0,0,0,0,0,10,fulltext_or_xml,f;u;l;l;t;e;x;t;_;s;i;g;n;a;l;;;o;p;e;n;a;l;e;x;_;l;a;n;d;i;n;g
doi__10.1021_acsmedchemlett.3c00093,metadata_only,attempt_external_primary_fulltext_then_inventory_existing_supplementary_assets,/mnt/d/work/抗菌肽/数据库/merged_amp_corpus/landed_assets/papers/doi__10.1021_acsmedchemlett.3c00093,Antimicrobial Peptides Incorporating Halogenated Marine-Derived Amino Acid Substituents.,2023,ACS Med Chem Lett,10.1021/acsmedchemlett.3c00093,37312845,PMC10258904,0,0,0,0,0,7,direct_pdf,f;u;l;l;t;e;x;t;_;s;i;g;n;a;l;;;o;p;e;n;a;l;e;x;_;l;a;n;d;i;n;g;;;o;p;e;n;a;l;e;x;_;p;d;f
doi__10.1021_acsmedchemlett.3c00385,metadata_only,attempt_external_primary_fulltext_then_inventory_existing_supplementary_assets,/mnt/d/work/抗菌肽/数据库/merged_amp_corpus/landed_assets/papers/doi__10.1021_acsmedchemlett.3c00385,Reducing Self-Assembly by Increasing Net Charge: Effect on Biological Activity of Mastoparan C.,2023,ACS Med Chem Lett.,10.1021/acsmedchemlett.3c00385,38229756,,0,0,0,0,0,2,direct_pdf,o;p;e;n;a;l;e;x;_;l;a;n;d;i;n;g;;;o;p;e;n;a;l;e;x;_;p;d;f
doi__10.1021_acsmedchemlett.7b00431,metadata_only,attempt_external_primary_fulltext_then_inventory_existing_supplementary_assets,/mnt/d/work/抗菌肽/数据库/merged_amp_corpus/landed_assets/papers/doi__10.1021_acsmedchemlett.7b00431,"Disconnecting the Estrogen Receptor Binding Properties and Antimicrobial Properties of Parabens through 3,5-Substitution.",2017,ACS Med Chem Lett,10.1021/acsmedchemlett.7b00431,29348811,PMC5767889,0,0,0,0,0,6,fulltext_or_xml,f;u;l;l;t;e;x;t;_;s;i;g;n;a;l;;;o;p;e;n;a;l;e;x;_;l;a;n;d;i;n;g
doi__10.1021_acsomega.4c09593,weak_source,recover_or_stage_primary_pdf_then_build_material_packet,/mnt/d/work/抗菌肽/数据库/merged_amp_corpus/landed_assets/papers/doi__10.1021_acsomega.4c09593,"Improving the Activity and Selectivity of a Scorpion-Derived Peptide, A3a, against Acinetobacter baumannii through Rational Design.",2025,ACS Omega.,10.1021/acsomega.4c09593,39959037,PMC11822712,1,0,2,0,1,0,fulltext_or_xml,l;o;c;a;l;_;x;m;l;;;l;o;c;a;l;_;p;a;c;k;a;g;e;;;l;o;c;a;l;_;s;u;p;p;l;e;m;e;n;t;a;r;y;;;o;p;e;n;a;l;e;x;_;l;a;n;d;i;n;g;;;f;u;l;l;t;e;x;t;_;s;i;g;n;a;l
doi__10.1021_acsomega.6b00354,weak_source,recover_or_stage_primary_pdf_then_build_material_packet,/mnt/d/work/抗菌肽/数据库/merged_amp_corpus/landed_assets/papers/doi__10.1021_acsomega.6b00354,Lysine Scanning of Arg10-Teixobactin: Deciphering the Role of Hydrophobic and Hydrophilic Residues.,2016,ACS Omega.,10.1021/acsomega.6b00354,30023506,PMC6044708,1,0,2,0,1,0,fulltext_or_xml,l;o;c;a;l;_;x;m;l;;;l;o;c;a;l;_;p;a;c;k;a;g;e;;;l;o;c;a;l;_;s;u;p;p;l;e;m;e;n;t;a;r;y;;;o;p;e;n;a;l;e;x;_;l;a;n;d;i;n;g;;;f;u;l;l;t;e;x;t;_;s;i;g;n;a;l
doi__10.1021_acsptsci.0c00001,metadata_only,attempt_external_primary_fulltext_then_inventory_existing_supplementary_assets,/mnt/d/work/抗菌肽/数据库/merged_amp_corpus/landed_assets/papers/doi__10.1021_acsptsci.0c00001,Synthetic Antimicrobial Peptide Tuning Permits Membrane Disruption and Interpeptide Synergy.,2020,ACS Pharmacol Transl Sci,10.1021/acsptsci.0c00001,32566907,PMC7296547,0,0,0,0,0,5,fulltext_or_xml,f;u;l;l;t;e;x;t;_;s;i;g;n;a;l;;;o;p;e;n;a;l;e;x;_;l;a;n;d;i;n;g
doi__10.1021_bc060028l,metadata_only,attempt_external_primary_fulltext_then_inventory_existing_supplementary_assets,/mnt/d/work/抗菌肽/数据库/merged_amp_corpus/landed_assets/papers/doi__10.1021_bc060028l,Gene transfer with poly-melittin peptides.,2006,Bioconjug Chem,10.1021/bc060028l,16848415,PMC2533530,0,0,0,0,0,8,fulltext_or_xml,f;u;l;l;t;e;x;t;_;s;i;g;n;a;l;;;o;p;e;n;a;l;e;x;_;l;a;n;d;i;n;g
doi__10.1021_bi035400o,weak_source,recover_or_stage_primary_xml_then_build_material_packet,/mnt/d/work/抗菌肽/数据库/merged_amp_corpus/landed_assets/papers/doi__10.1021_bi035400o,Solution structure of Alo-3: a new knottin-type antifungal peptide from the insect Acrocinus longimanus,2003,Biochemistry,10.1021/bi035400o,14661954,,0,1,0,1,0,4,landing_page,o;p;e;n;a;l;e;x;_;l;a;n;d;i;n;g
doi__10.1021_bi047608v,weak_source,recover_or_stage_primary_xml_then_build_material_packet,/mnt/d/work/抗菌肽/数据库/merged_amp_corpus/landed_assets/papers/doi__10.1021_bi047608v,Characterization and structural analyses of nonspecific lipid transfer protein 1 from mung bean.,2005,Biochemistry,10.1021/bi047608v,15823028,,0,1,0,1,0,0,landing_page,o;p;e;n;a;l;e;x;_;l;a;n;d;i;n;g
doi__10.1021_bi052629q,metadata_only,attempt_external_primary_fulltext_then_inventory_existing_supplementary_assets,/mnt/d/work/抗菌肽/数据库/merged_amp_corpus/landed_assets/papers/doi__10.1021_bi052629q,Deletion of all cysteines in tachyplesin I abolishes hemolytic activity and retains antimicrobial activity and lipopolysaccharide selective binding.,2006,Biochemistry,10.1021/bi052629q,16700563,PMC2515376,0,0,0,0,0,5,fulltext_or_xml,o;p;e;n;a;l;e;x;_;l;a;n;d;i;n;g;;;f;u;l;l;t;e;x;t;_;s;i;g;n;a;l
doi__10.1021_bi700978h,metadata_only,attempt_external_primary_fulltext_then_inventory_existing_supplementary_assets,/mnt/d/work/抗菌肽/数据库/merged_amp_corpus/landed_assets/papers/doi__10.1021_bi700978h,Beta-sheet pore-forming peptides selected from a rational combinatorial library: mechanism of pore formation in lipid vesicles and activity in biological membranes.,2007,Biochemistry,10.1021/bi700978h,17918962,PMC2583027,0,0,0,0,0,9,fulltext_or_xml,f;u;l;l;t;e;x;t;_;s;i;g;n;a;l;;;o;p;e;n;a;l;e;x;_;l;a;n;d;i;n;g
doi__10.1021_cb900133x,metadata_only,attempt_external_primary_fulltext_then_inventory_existing_supplementary_assets,/mnt/d/work/抗菌肽/数据库/merged_amp_corpus/landed_assets/papers/doi__10.1021_cb900133x,Nosiheptide biosynthesis featuring a unique indole side ring formation on the characteristic thiopeptide framework.,2009,ACS Chem Biol,10.1021/cb900133x,19678698,,0,0,0,0,0,9,landing_page,o;p;e;n;a;l;e;x;_;l;a;n;d;i;n;g
doi__10.1021_ja210569f,metadata_only,attempt_external_primary_fulltext_then_inventory_existing_supplementary_assets,/mnt/d/work/抗菌肽/数据库/merged_amp_corpus/landed_assets/papers/doi__10.1021_ja210569f,Anticancer β-hairpin peptides: membrane-induced folding triggers activity.,2012,J Am Chem Soc,10.1021/ja210569f,22413859,PMC3324662,0,0,0,0,0,6,fulltext_or_xml,f;u;l;l;t;e;x;t;_;s;i;g;n;a;l;;;o;p;e;n;a;l;e;x;_;l;a;n;d;i;n;g
doi__10.1021_ja305644e,metadata_only,attempt_external_primary_fulltext_then_inventory_existing_supplementary_assets,/mnt/d/work/抗菌肽/数据库/merged_amp_corpus/landed_assets/papers/doi__10.1021_ja305644e,Ab initio design of potent anti-MRSA peptides based on database filtering technology.,2012,J Am Chem Soc,10.1021/ja305644e,22803960,PMC3412535,0,0,0,0,0,3,fulltext_or_xml,f;u;l;l;t;e;x;t;_;s;i;g;n;a;l;;;o;p;e;n;a;l;e;x;_;l;a;n;d;i;n;g
doi__10.1021_ja409082w,metadata_only,attempt_external_primary_fulltext_then_inventory_existing_supplementary_assets,/mnt/d/work/抗菌肽/数据库/merged_amp_corpus/landed_assets/papers/doi__10.1021_ja409082w,Evidence for phenylalanine zipper-mediated dimerization in the X-ray crystal structure of a magainin 2 analogue.,2013,J Am Chem Soc,10.1021/ja409082w,24102563,PMC3928869,0,0,0,0,0,7,fulltext_or_xml,f;u;l;l;t;e;x;t;_;s;i;g;n;a;l;;;o;p;e;n;a;l;e;x;_;l;a;n;d;i;n;g
doi__10.1021_ja8093247,metadata_only,attempt_external_primary_fulltext_then_inventory_existing_supplementary_assets,/mnt/d/work/抗菌肽/数据库/merged_amp_corpus/landed_assets/papers/doi__10.1021_ja8093247,Broad-spectrum antimicrobial peptides by rational combinatorial design and high-throughput screening: the importance of interfacial activity.,2009,J Am Chem Soc,10.1021/ja8093247,19445503,PMC2935846,0,0,0,0,0,10,fulltext_or_xml,f;u;l;l;t;e;x;t;_;s;i;g;n;a;l;;;o;p;e;n;a;l;e;x;_;l;a;n;d;i;n;g
doi__10.1021_jacs.0c04376,metadata_only,attempt_external_primary_fulltext_then_inventory_existing_supplementary_assets,/mnt/d/work/抗菌肽/数据库/merged_amp_corpus/landed_assets/papers/doi__10.1021_jacs.0c04376,Synthetic-Bioinformatic Natural Product Antibiotics with Diverse Modes of Action.,2020,J Am Chem Soc.,10.1021/jacs.0c04376,32697091,PMC8011376,0,0,0,0,0,10,fulltext_or_xml,f;u;l;l;t;e;x;t;_;s;i;g;n;a;l;;;o;p;e;n;a;l;e;x;_;l;a;n;d;i;n;g
doi__10.1021_jacs.2c12971,weak_source,recover_or_stage_primary_xml_then_build_material_packet,/mnt/d/work/抗菌肽/数据库/merged_amp_corpus/landed_assets/papers/doi__10.1021_jacs.2c12971,Discovery of Biologically Optimized Polymyxin Derivatives Facilitated by Peptide Scanning and In Situ Screening Chemistry.,2023,J Am Chem Soc,10.1021/jacs.2c12971,36708325,,0,1,0,1,0,0,direct_pdf,o;p;e;n;a;l;e;x;_;l;a;n;d;i;n;g;;;o;p;e;n;a;l;e;x;_;p;d;f
doi__10.1021_jacs.5b07206,metadata_only,attempt_external_primary_fulltext_then_inventory_existing_supplementary_assets,/mnt/d/work/抗菌肽/数据库/merged_amp_corpus/landed_assets/papers/doi__10.1021_jacs.5b07206,Quasiracemate Crystal Structures of Magainin 2 Derivatives Support the Functional Significance of the Phenylalanine Zipper Motif.,2015,J Am Chem Soc,10.1021/jacs.5b07206,26369301,PMC4831726,0,0,0,0,0,8,fulltext_or_xml,f;u;l;l;t;e;x;t;_;s;i;g;n;a;l;;;o;p;e;n;a;l;e;x;_;l;a;n;d;i;n;g
doi__10.1021_jacs.6b11861,metadata_only,attempt_external_primary_fulltext_then_inventory_existing_supplementary_assets,/mnt/d/work/抗菌肽/数据库/merged_amp_corpus/landed_assets/papers/doi__10.1021_jacs.6b11861,Antimicrobials Inspired by Nonribosomal Peptide Synthetase Gene Clusters.,2017,J Am Chem Soc,10.1021/jacs.6b11861,28055186,PMC7163397,0,0,0,0,0,9,fulltext_or_xml,f;u;l;l;t;e;x;t;_;s;i;g;n;a;l;;;o;p;e;n;a;l;e;x;_;l;a;n;d;i;n;g
doi__10.1021_jacs.8b11939,weak_source,recover_or_stage_primary_xml_then_build_material_packet,/mnt/d/work/抗菌肽/数据库/merged_amp_corpus/landed_assets/papers/doi__10.1021_jacs.8b11939,Simulation-Guided Rational De Novo Design of a Small Pore-Forming Antimicrobial Peptide,2019,J Am Chem Soc.,10.1021/jacs.8b11939,30839209,,0,1,0,1,0,0,direct_pdf,o;p;e;n;a;l;e;x;_;l;a;n;d;i;n;g;;;o;p;e;n;a;l;e;x;_;p;d;f
doi__10.1021_jacs.8b12087,metadata_only,attempt_external_primary_fulltext_then_inventory_existing_supplementary_assets,/mnt/d/work/抗菌肽/数据库/merged_amp_corpus/landed_assets/papers/doi__10.1021_jacs.8b12087,"Cadasides, Calcium-Dependent Acidic Lipopeptides from the Soil Metagenome That Are Active against Multidrug-Resistant Bacteria.",2019,J Am Chem Soc,10.1021/jacs.8b12087,30735616,PMC6592427,0,0,0,0,0,10,fulltext_or_xml,o;p;e;n;a;l;e;x;_;l;a;n;d;i;n;g;;;f;u;l;l;t;e;x;t;_;s;i;g;n;a;l
doi__10.1021_jacs.9b01519,metadata_only,attempt_external_primary_fulltext_then_inventory_existing_supplementary_assets,/mnt/d/work/抗菌肽/数据库/merged_amp_corpus/landed_assets/papers/doi__10.1021_jacs.9b01519,"Bioinformatic Mapping of Radical S-Adenosylmethionine-Dependent Ribosomally Synthesized and Post-Translationally Modified Peptides Identifies New Cα, Cβ, and Cγ-Linked Thioether-Containing Peptides.",2019,J Am Chem Soc,10.1021/jacs.9b01519,31059252,PMC6622460,0,0,0,0,0,10,fulltext_or_xml,f;u;l;l;t;e;x;t;_;s;i;g;n;a;l;;;o;p;e;n;a;l;e;x;_;l;a;n;d;i;n;g
doi__10.1021_jm0102598,metadata_only,attempt_external_primary_fulltext_then_inventory_existing_supplementary_assets,/mnt/d/work/抗菌肽/数据库/merged_amp_corpus/landed_assets/papers/doi__10.1021_jm0102598,"Nanomolar small molecule inhibitors for alphav(beta)6, alphav(beta)5, and alphav(beta)3 integrins",2002,J Med Chem,10.1021/jm0102598,11855984,,0,0,0,0,0,9,landing_page,o;p;e;n;a;l;e;x;_;l;a;n;d;i;n;g
doi__10.1021_jm060307u,metadata_only,attempt_external_primary_fulltext_then_inventory_existing_supplementary_assets,/mnt/d/work/抗菌肽/数据库/merged_amp_corpus/landed_assets/papers/doi__10.1021_jm060307u,Sequence-based design and discovery of peptide inhibitors of HIV-1 integrase: insight into the binding mode of the enzyme.,2006,J Med Chem,10.1021/jm060307u,16854053,,0,0,0,0,0,1,landing_page,o;p;e;n;a;l;e;x;_;l;a;n;d;i;n;g
doi__10.1021_jm100143f,metadata_only,attempt_external_primary_fulltext_then_inventory_existing_supplementary_assets,/mnt/d/work/抗菌肽/数据库/merged_amp_corpus/landed_assets/papers/doi__10.1021_jm100143f,Sequence inversion and phenylalanine surrogates at the beta-turn enhance the antibiotic activity of gramicidin S.,2010,J Med Chem,10.1021/jm100143f,20411945,PMC2894577,0,0,0,0,0,10,fulltext_or_xml,f;u;l;l;t;e;x;t;_;s;i;g;n;a;l;;;o;p;e;n;a;l;e;x;_;l;a;n;d;i;n;g
doi__10.1021_jm1003528,metadata_only,attempt_external_primary_fulltext_then_inventory_existing_supplementary_assets,/mnt/d/work/抗菌肽/数据库/merged_amp_corpus/landed_assets/papers/doi__10.1021_jm1003528,Peptide HIV-1 integrase inhibitors from HIV-1 gene products.,2010,J Med Chem,10.1021/jm1003528,20586421,PMC4486249,0,0,0,0,0,2,fulltext_or_xml,o;p;e;n;a;l;e;x;_;l;a;n;d;i;n;g;;;f;u;l;l;t;e;x;t;_;s;i;g;n;a;l
doi__10.1021_jm501367p,weak_source,recover_or_stage_primary_xml_then_build_material_packet,/mnt/d/work/抗菌肽/数据库/merged_amp_corpus/landed_assets/papers/doi__10.1021_jm501367p,Effect of size and N-terminal residue characteristics on bacterial cell penetration and antibacterial activity of the proline-rich peptide Bac7.,2014,J Med Chem,10.1021/jm501367p,25525837,,0,1,0,1,0,0,landing_page,o;p;e;n;a;l;e;x;_;l;a;n;d;i;n;g
doi__10.1021_jm800886n,metadata_only,attempt_external_primary_fulltext_then_inventory_existing_supplementary_assets,/mnt/d/work/抗菌肽/数据库/merged_amp_corpus/landed_assets/papers/doi__10.1021_jm800886n,Therapeutic index of gramicidin S is strongly modulated by D-phenylalanine analogues at the beta-turn.,2009,J Med Chem,10.1021/jm800886n,19132829,PMC2659738,0,0,0,0,0,10,fulltext_or_xml,f;u;l;l;t;e;x;t;_;s;i;g;n;a;l;;;o;p;e;n;a;l;e;x;_;l;a;n;d;i;n;g
doi__10.1021_jm801648n,metadata_only,attempt_external_primary_fulltext_then_inventory_existing_supplementary_assets,/mnt/d/work/抗菌肽/数据库/merged_amp_corpus/landed_assets/papers/doi__10.1021_jm801648n,Effect of ring size on conformation and biological activity of cyclic cationic antimicrobial peptides.,2009,J Med Chem,10.1021/jm801648n,19278255,PMC2759687,0,0,0,0,0,9,fulltext_or_xml,f;u;l;l;t;e;x;t;_;s;i;g;n;a;l;;;o;p;e;n;a;l;e;x;_;l;a;n;d;i;n;g
doi__10.1021_mp3007117,weak_source,recover_or_stage_primary_xml_then_build_material_packet,/mnt/d/work/抗菌肽/数据库/merged_amp_corpus/landed_assets/papers/doi__10.1021_mp3007117,Polyarginine molecular weight determines transfection efficiency of calcium condensed complexes.,2013,Mol Pharm,10.1021/mp3007117,23534410,,0,1,0,1,0,0,direct_pdf,o;p;e;n;a;l;e;x;_;p;d;f;;;o;p;e;n;a;l;e;x;_;l;a;n;d;i;n;g
doi__10.1021_np040093o,metadata_only,attempt_external_primary_fulltext_then_inventory_existing_supplementary_assets,/mnt/d/work/抗菌肽/数据库/merged_amp_corpus/landed_assets/papers/doi__10.1021_np040093o,"BI-32169, a bicyclic 19-peptide with strong glucagon receptor antagonist activity from Streptomyces sp.",2004,J Nat Prod,10.1021/np040093o,15387654,,0,0,0,0,0,1,landing_page,o;p;e;n;a;l;e;x;_;l;a;n;d;i;n;g
doi__10.1021_np0503653,metadata_only,attempt_external_primary_fulltext_then_inventory_existing_supplementary_assets,/mnt/d/work/抗菌肽/数据库/merged_amp_corpus/landed_assets/papers/doi__10.1021_np0503653,Highly N-methylated linear peptides produced by an atypical sponge-derived Acremonium sp.,2006,J Nat Prod,10.1021/np0503653,16441074,PMC3972007,0,0,0,0,0,10,fulltext_or_xml,f;u;l;l;t;e;x;t;_;s;i;g;n;a;l;;;o;p;e;n;a;l;e;x;_;l;a;n;d;i;n;g
doi__10.1021_np070260v,metadata_only,attempt_external_primary_fulltext_then_inventory_existing_supplementary_assets,/mnt/d/work/抗菌肽/数据库/merged_amp_corpus/landed_assets/papers/doi__10.1021_np070260v,"Anti-Helicobacter pylori and thrombin inhibitory components from Chinese dragon's blood, Dracaena cochinchinensis.",2007,J Nat Prod,10.1021/np070260v,17883259,,0,0,0,0,0,1,landing_page,o;p;e;n;a;l;e;x;_;l;a;n;d;i;n;g
doi__10.1021_np070393g,metadata_only,attempt_external_primary_fulltext_then_inventory_existing_supplementary_assets,/mnt/d/work/抗菌肽/数据库/merged_amp_corpus/landed_assets/papers/doi__10.1021_np070393g,Anti-HIV cyclotides from the Chinese medicinal herb Viola yedoensis.,2007,J Nat Prod.,10.1021/np070393g,18081258,PMC6327322,0,0,0,0,0,6,fulltext_or_xml,f;u;l;l;t;e;x;t;_;s;i;g;n;a;l;;;o;p;e;n;a;l;e;x;_;l;a;n;d;i;n;g
doi__10.1021_np100613p,weak_source,recover_or_stage_primary_xml_then_build_material_packet,/mnt/d/work/抗菌肽/数据库/merged_amp_corpus/landed_assets/papers/doi__10.1021_np100613p,"Mirabamides E-H, HIV-inhibitory depsipeptides from the sponge Stelletta clavosa.",2011,J Nat Prod,10.1021/np100613p,21280591,PMC3072293,0,1,0,1,0,10,fulltext_or_xml,o;p;e;n;a;l;e;x;_;l;a;n;d;i;n;g;;;f;u;l;l;t;e;x;t;_;s;i;g;n;a;l
doi__10.1021_np4009317,weak_source,recover_or_stage_primary_xml_then_build_material_packet,/mnt/d/work/抗菌肽/数据库/merged_amp_corpus/landed_assets/papers/doi__10.1021_np4009317,Antimicrobial Peptides from Skin Secretions of Hypsiboas pulchellus (Anura: Hylidae).,2014,J Nat Prod.,10.1021/np4009317,24717080,,0,1,0,1,0,0,landing_page,o;p;e;n;a;l;e;x;_;l;a;n;d;i;n;g
doi__10.1021_np500158q,metadata_only,attempt_external_primary_fulltext_then_inventory_existing_supplementary_assets,/mnt/d/work/抗菌肽/数据库/merged_amp_corpus/landed_assets/papers/doi__10.1021_np500158q,Total synthesis and antibacterial testing of the A54556 cyclic acyldepsipeptides isolated from Streptomyces hawaiiensis.,2014,J Nat Prod,10.1021/np500158q,25255326,,0,0,0,0,0,1,landing_page,o;p;e;n;a;l;e;x;_;l;a;n;d;i;n;g
doi__10.1021_np500907t,weak_source,recover_or_stage_primary_xml_then_build_material_packet,/mnt/d/work/抗菌肽/数据库/merged_amp_corpus/landed_assets/papers/doi__10.1021_np500907t,Characterization and Biological Activities of Ocellatin Peptides from the Skin Secretion of the Frog Leptodactylus pustulatus.,2015,J Nat Prod,10.1021/np500907t,26107622,,0,1,0,1,0,0,landing_page,o;p;e;n;a;l;e;x;_;l;a;n;d;i;n;g
doi__10.1021_np501061t,weak_source,recover_or_stage_primary_pdf_then_build_material_packet,/mnt/d/work/抗菌肽/数据库/merged_amp_corpus/landed_assets/papers/doi__10.1021_np501061t,Inhibition of Human Prolyl Oligopeptidase Activity by the Cyclotide Psysol 2 Isolated from Psychotria solitudinum,2015,J Nat Prod.,10.1021/np501061t,25894999,PMC4444998,1,0,2,0,1,0,fulltext_or_xml,l;o;c;a;l;_;x;m;l;;;l;o;c;a;l;_;p;a;c;k;a;g;e;;;l;o;c;a;l;_;s;u;p;p;l;e;m;e;n;t;a;r;y;;;o;p;e;n;a;l;e;x;_;l;a;n;d;i;n;g;;;f;u;l;l;t;e;x;t;_;s;i;g;n;a;l
doi__10.1021_np800617a,metadata_only,attempt_external_primary_fulltext_then_inventory_existing_supplementary_assets,/mnt/d/work/抗菌肽/数据库/merged_amp_corpus/landed_assets/papers/doi__10.1021_np800617a,"Arenamides A-C, cytotoxic NFkappaB inhibitors from the marine actinomycete Salinispora arenicola.",2008,J Nat Prod,10.1021/np800617a,19117399,PMC2837138,0,0,0,0,0,10,fulltext_or_xml,f;u;l;l;t;e;x;t;_;s;i;g;n;a;l;;;o;p;e;n;a;l;e;x;_;l;a;n;d;i;n;g
doi__10.1021_np900173d,metadata_only,attempt_external_primary_fulltext_then_inventory_existing_supplementary_assets,/mnt/d/work/抗菌肽/数据库/merged_amp_corpus/landed_assets/papers/doi__10.1021_np900173d,Halogenated fatty acid amides and cyclic depsipeptides from an eastern Caribbean collection of the cyanobacterium Lyngbya majuscula.,2009,J Nat Prod,10.1021/np900173d,19739598,PMC3510382,0,0,0,0,0,9,fulltext_or_xml,f;u;l;l;t;e;x;t;_;s;i;g;n;a;l;;;o;p;e;n;a;l;e;x;_;l;a;n;d;i;n;g
doi__10.1021_np9004135,metadata_only,attempt_external_primary_fulltext_then_inventory_existing_supplementary_assets,/mnt/d/work/抗菌肽/数据库/merged_amp_corpus/landed_assets/papers/doi__10.1021_np9004135,"Isolation and structural elucidation of euryjanicins B-D, proline-containing cycloheptapeptides from the Caribbean marine sponge Prosuberites laughlini.",2009,J Nat Prod,10.1021/np9004135,19743810,PMC5328627,0,0,0,0,0,7,fulltext_or_xml,f;u;l;l;t;e;x;t;_;s;i;g;n;a;l;;;o;p;e;n;a;l;e;x;_;l;a;n;d;i;n;g
doi__10.1021_ol5026603,metadata_only,attempt_external_primary_fulltext_then_inventory_existing_supplementary_assets,/mnt/d/work/抗菌肽/数据库/merged_amp_corpus/landed_assets/papers/doi__10.1021_ol5026603,Discovery and characterization of the tuberculosis drug lead ecumicin.,2014,Org Lett,10.1021/ol5026603,25409285,PMC5450905,0,0,0,0,0,7,fulltext_or_xml,f;u;l;l;t;e;x;t;_;s;i;g;n;a;l;;;o;p;e;n;a;l;e;x;_;l;a;n;d;i;n;g
doi__10.1023_a_1005623806445,metadata_only,attempt_external_primary_fulltext_then_inventory_existing_supplementary_assets,/mnt/d/work/抗菌肽/数据库/merged_amp_corpus/landed_assets/papers/doi__10.1023_a_1005623806445,"Purification and characterization of the antimicrobial peptide, ostricacin.",2001,Biotechnol Lett,10.1023/a:1005623806445,,,0,0,0,0,0,10,landing_page,o;p;e;n;a;l;e;x;_;l;a;n;d;i;n;g;;;c;r;o;s;s;r;e;f;_;i;d;e;n;t;i;f;i;e;r
doi__10.1023_a_1006431320677,metadata_only,attempt_external_primary_fulltext_then_inventory_existing_supplementary_assets,/mnt/d/work/抗菌肽/数据库/merged_amp_corpus/landed_assets/papers/doi__10.1023_a_1006431320677,"Characterization and cDNA cloning of two glycine- and histidine-rich antimicrobial peptides from the roots of shepherd's purse, Capsella bursa-pastoris.",2000,Plant Mol Biol.,10.1023/a:1006431320677,11117262,,0,0,0,0,0,10,landing_page,o;p;e;n;a;l;e;x;_;l;a;n;d;i;n;g
doi__10.1023_a_1007018423603,metadata_only,attempt_external_primary_fulltext_then_inventory_existing_supplementary_assets,/mnt/d/work/抗菌肽/数据库/merged_amp_corpus/landed_assets/papers/doi__10.1023_a_1007018423603,Fungicidal and binding properties of three plant peptides.,1998,Mycopathologia,10.1023/a:1007018423603,16284838,,0,0,0,0,0,9,landing_page,o;p;e;n;a;l;e;x;_;l;a;n;d;i;n;g
doi__10.1023_a_1008095802767,metadata_only,attempt_external_primary_fulltext_then_inventory_existing_supplementary_assets,/mnt/d/work/抗菌肽/数据库/merged_amp_corpus/landed_assets/papers/doi__10.1023_a_1008095802767,Patenting computer-designed peptides.,1998,J Comput Aided Mol Des,10.1023/a:1008095802767,9879502,,0,0,0,0,0,10,landing_page,o;p;e;n;a;l;e;x;_;l;a;n;d;i;n;g
doi__10.1023_a_1010664704926,weak_source,recover_or_stage_primary_xml_then_build_material_packet,/mnt/d/work/抗菌肽/数据库/merged_amp_corpus/landed_assets/papers/doi__10.1023_a_1010664704926,Two large Arabidopsis thaliana gene families are homologous to the Brassica gene superfamily that encodes pollen coat proteins and the male component of the self-incompatibility response.,2001,Plant Mol Biol,10.1023/a:1010664704926,11437247,,0,1,0,1,0,5,landing_page,o;p;e;n;a;l;e;x;_;l;a;n;d;i;n;g
doi__10.1023_a_1018698002314,metadata_only,attempt_external_primary_fulltext_then_inventory_existing_supplementary_assets,/mnt/d/work/抗菌肽/数据库/merged_amp_corpus/landed_assets/papers/doi__10.1023_a_1018698002314,"Two-dimensional 1H NMR experiments show that the 23-residue magainin antibiotic peptide is an alpha-helix in dodecylphosphocholine micelles, sodium dodecylsulfate micelles, and trifluoroethanol/water solution.",1997,J Biomol NMR,10.1023/a:1018698002314,9090128,,0,0,0,0,0,10,landing_page,o;p;e;n;a;l;e;x;_;l;a;n;d;i;n;g
doi__10.1023_a_1019741202601,metadata_only,attempt_external_primary_fulltext_then_inventory_existing_supplementary_assets,/mnt/d/work/抗菌肽/数据库/merged_amp_corpus/landed_assets/papers/doi__10.1023_a_1019741202601,Structure and activity of D-Pro14 melittin.,2002,J Protein Chem,10.1023/a:1019741202601,12168695,,0,0,0,0,0,10,landing_page,o;p;e;n;a;l;e;x;_;l;a;n;d;i;n;g
doi__10.1023_a_1022657630698,metadata_only,attempt_external_primary_fulltext_pdf_xml_before_review,/mnt/d/work/抗菌肽/数据库/merged_amp_corpus/landed_assets/papers/doi__10.1023_a_1022657630698,Potassium efflux induced by a new lactoferrin-derived peptide mimicking the effect of native human lactoferrin on the bacterial cytoplasmic membrane.,2003,Biochemistry (Mosc),10.1023/a:1022657630698,12693969,,0,0,0,0,0,0,landing_page,o;p;e;n;a;l;e;x;_;l;a;n;d;i;n;g
doi__10.1023_a_1024995105208,metadata_only,attempt_external_primary_fulltext_then_inventory_existing_supplementary_assets,/mnt/d/work/抗菌肽/数据库/merged_amp_corpus/landed_assets/papers/doi__10.1023_a_1024995105208,Antibiotic activity of Leu-Lys rich model peptides.,2003,Biotechnol Lett,10.1023/a:1024995105208,14514057,,0,0,0,0,0,10,landing_page,o;p;e;n;a;l;e;x;_;l;a;n;d;i;n;g
doi__10.1023_b_bile.0000015472.09542.6d,metadata_only,attempt_external_primary_fulltext_then_inventory_existing_supplementary_assets,/mnt/d/work/抗菌肽/数据库/merged_amp_corpus/landed_assets/papers/doi__10.1023_b_bile.0000015472.09542.6d,"Structure and fungicidal activity of a synthetic antimicrobial peptide, P18, and its truncated peptides.",2004,Biotechnol Lett,10.1023/b:bile.0000015472.09542.6d,15055772,,0,0,0,0,0,10,landing_page,o;p;e;n;a;l;e;x;_;l;a;n;d;i;n;g
doi__10.1023_b_bile.0000019556.79703.4b,metadata_only,attempt_external_primary_fulltext_then_inventory_existing_supplementary_assets,/mnt/d/work/抗菌肽/数据库/merged_amp_corpus/landed_assets/papers/doi__10.1023_b_bile.0000019556.79703.4b,"Design of novel analogues with potent antibiotic activity based on the antimicrobial peptide, HP(2-9)-ME(1-12).",2004,Biotechnol Lett,10.1023/b:bile.0000019556.79703.4b,15127790,,0,0,0,0,0,10,landing_page,o;p;e;n;a;l;e;x;_;l;a;n;d;i;n;g
doi__10.1023_b_bile.0000024098.83025.de,metadata_only,attempt_external_primary_fulltext_then_inventory_existing_supplementary_assets,/mnt/d/work/抗菌肽/数据库/merged_amp_corpus/landed_assets/papers/doi__10.1023_b_bile.0000024098.83025.de,A short alpha-helical antimicrobial peptide with antibacterial selectivity.,2004,Biotechnol Lett,10.1023/b:bile.0000024098.83025.de,15195974,,0,0,0,0,0,9,landing_page,o;p;e;n;a;l;e;x;_;l;a;n;d;i;n;g
doi__10.1038_154703a0,metadata_only,attempt_external_primary_fulltext_then_inventory_existing_supplementary_assets,/mnt/d/work/抗菌肽/数据库/merged_amp_corpus/landed_assets/papers/doi__10.1038_154703a0,Grammicidin S and its use in the treatment of infected wounds.,1944,Nature,10.1038/154703a0,154,,0,0,0,0,0,10,landing_page,o;p;e;n;a;l;e;x;_;l;a;n;d;i;n;g
doi__10.1038_160263a0,metadata_only,attempt_external_primary_fulltext_then_inventory_existing_supplementary_assets,/mnt/d/work/抗菌肽/数据库/merged_amp_corpus/landed_assets/papers/doi__10.1038_160263a0,"Aerosporin, an antibiotic produced by Bacillus aerosporus Greer.",1947,Nature.,10.1038/160263a0,20256217,,0,0,0,0,0,10,direct_pdf,o;p;e;n;a;l;e;x;_;l;a;n;d;i;n;g;;;o;p;e;n;a;l;e;x;_;p;d;f
doi__10.1038_20601,metadata_only,attempt_external_primary_fulltext_then_inventory_existing_supplementary_assets,/mnt/d/work/抗菌肽/数据库/merged_amp_corpus/landed_assets/papers/doi__10.1038_20601,Evidence for lateral gene transfer between Archaea and bacteria from genome sequence of Thermotoga maritima.,1999,Nature,10.1038/20601,10360571,,0,0,0,0,0,10,landing_page,o;p;e;n;a;l;e;x;_;l;a;n;d;i;n;g
doi__10.1038_292246a0,metadata_only,attempt_external_primary_fulltext_then_inventory_existing_supplementary_assets,/mnt/d/work/抗菌肽/数据库/merged_amp_corpus/landed_assets/papers/doi__10.1038_292246a0,Sequence and specificity of two antibacterial proteins involved in insect immunity,1981,Nature.,10.1038/292246a0,7019715,,0,0,0,0,0,10,landing_page,o;p;e;n;a;l;e;x;_;l;a;n;d;i;n;g
doi__10.1038_300325a0,metadata_only,attempt_external_primary_fulltext_then_inventory_existing_supplementary_assets,/mnt/d/work/抗菌肽/数据库/merged_amp_corpus/landed_assets/papers/doi__10.1038_300325a0,A voltage-gated ion channel model inferred from the crystal structure of alamethicin at 1.5-A resolution.,1982,Nature,10.1038/300325a0,6292726,,0,0,0,0,0,10,landing_page,o;p;e;n;a;l;e;x;_;l;a;n;d;i;n;g
doi__10.1038_330080a0,metadata_only,attempt_external_primary_fulltext_then_inventory_existing_supplementary_assets,/mnt/d/work/抗菌肽/数据库/merged_amp_corpus/landed_assets/papers/doi__10.1038_330080a0,Two calcium-binding proteins in infiltrate macrophages of rheumatoid arthritis.,1987,Nature,10.1038/330080a0,3313057,,0,0,0,0,0,10,landing_page,o;p;e;n;a;l;e;x;_;l;a;n;d;i;n;g
doi__10.1038_333276a0,metadata_only,attempt_external_primary_fulltext_then_inventory_existing_supplementary_assets,/mnt/d/work/抗菌肽/数据库/merged_amp_corpus/landed_assets/papers/doi__10.1038_333276a0,"Prepeptide sequence of epidermin, a ribosomally synthesized antibiotic with four sulphide-rings.",1988,Nature,10.1038/333276a0,2835685,,0,0,0,0,0,10,landing_page,o;p;e;n;a;l;e;x;_;l;a;n;d;i;n;g;;;n;c;b;i;_;d;o;i
doi__10.1038_35048500,metadata_only,attempt_external_primary_fulltext_then_inventory_existing_supplementary_assets,/mnt/d/work/抗菌肽/数据库/merged_amp_corpus/landed_assets/papers/doi__10.1038_35048500,Sequence and analysis of chromosome 1 of the plant Arabidopsis thaliana.,2000,Nature,10.1038/35048500,11130712,,0,0,0,0,0,2,landing_page,o;p;e;n;a;l;e;x;_;l;a;n;d;i;n;g
doi__10.1038_35086601,weak_source,recover_or_stage_primary_pdf_then_build_material_packet,/mnt/d/work/抗菌肽/数据库/merged_amp_corpus/landed_assets/papers/doi__10.1038_35086601,"Antibacterial agents based on the cyclic D,L-alpha-peptide architecture",2001,Nature,10.1038/35086601,11473322,,1,0,1,0,0,10,landing_page,n;c;b;i;_;d;o;i;;;o;p;e;n;a;l;e;x;_;l;a;n;d;i;n;g
doi__10.1038_35104690,metadata_only,attempt_external_primary_fulltext_then_inventory_existing_supplementary_assets,/mnt/d/work/抗菌肽/数据库/merged_amp_corpus/landed_assets/papers/doi__10.1038_35104690,Peptide antibiotics in mast cells of fish.,2001,Nature,10.1038/35104690,11713517,,0,0,0,0,0,10,landing_page,o;p;e;n;a;l;e;x;_;l;a;n;d;i;n;g
doi__10.1038_37052,weak_source,recover_or_stage_primary_xml_then_build_material_packet,/mnt/d/work/抗菌肽/数据库/merged_amp_corpus/landed_assets/papers/doi__10.1038_37052,"The complete genome sequence of the hyperthermophilic, sulphate-reducing archaeon Archaeoglobus fulgidus.",1997,Nature,10.1038/37052,9389475,,0,2,0,2,0,10,direct_pdf,o;p;e;n;a;l;e;x;_;p;d;f;;;o;p;e;n;a;l;e;x;_;l;a;n;d;i;n;g
doi__10.1038_414865a,weak_source,recover_or_stage_primary_xml_then_build_material_packet,/mnt/d/work/抗菌肽/数据库/merged_amp_corpus/landed_assets/papers/doi__10.1038_414865a,The DNA sequence and comparative analysis of human chromosome 20.,2001,Nature,10.1038/414865a,11780052,,0,2,0,2,0,10,direct_pdf,o;p;e;n;a;l;e;x;_;p;d;f;;;o;p;e;n;a;l;e;x;_;l;a;n;d;i;n;g
doi__10.1038_43088,metadata_only,attempt_external_primary_fulltext_then_inventory_existing_supplementary_assets,/mnt/d/work/抗菌肽/数据库/merged_amp_corpus/landed_assets/papers/doi__10.1038_43088,A peptide antibiotic from human skin,1997,Nature.,10.1038/43088,9202117,,0,0,0,0,0,10,landing_page,o;p;e;n;a;l;e;x;_;l;a;n;d;i;n;g
doi__10.1038_45471,weak_source,recover_or_stage_primary_xml_then_build_material_packet,/mnt/d/work/抗菌肽/数据库/merged_amp_corpus/landed_assets/papers/doi__10.1038_45471,Sequence and analysis of chromosome 2 of the plant Arabidopsis thaliana.,1999,Nature,10.1038/45471,10617197,,0,1,0,1,0,10,landing_page,o;p;e;n;a;l;e;x;_;l;a;n;d;i;n;g
doi__10.1038_82436,metadata_only,attempt_external_primary_fulltext_then_inventory_existing_supplementary_assets,/mnt/d/work/抗菌肽/数据库/merged_amp_corpus/landed_assets/papers/doi__10.1038_82436,Fungal pathogen protection in potato by expression of a plant defensin peptide.,2000,Nat Biotechnol.,10.1038/82436,11101813,,0,0,0,0,0,10,landing_page,o;p;e;n;a;l;e;x;_;l;a;n;d;i;n;g
doi__10.1038_828,metadata_only,attempt_external_primary_fulltext_then_inventory_existing_supplementary_assets,/mnt/d/work/抗菌肽/数据库/merged_amp_corpus/landed_assets/papers/doi__10.1038_828,"Solution structure of cyanovirin-N, a potent HIV-inactivating protein.",1998,Nat Struct Biol,10.1038/828,9665171,,0,0,0,0,0,10,landing_page,o;p;e;n;a;l;e;x;_;l;a;n;d;i;n;g
doi__10.1038_8676,metadata_only,attempt_external_primary_fulltext_then_inventory_existing_supplementary_assets,/mnt/d/work/抗菌肽/数据库/merged_amp_corpus/landed_assets/papers/doi__10.1038_8676,A soybean cDNA encoding a chromatin-binding peptide inhibits mitosis of mammalian cells.,1999,Nat Biotechnol.,10.1038/8676,10331812,,0,0,0,0,0,10,landing_page,o;p;e;n;a;l;e;x;_;l;a;n;d;i;n;g
doi__10.1038_aja.2010.93,weak_source,recover_or_stage_primary_xml_then_build_material_packet,/mnt/d/work/抗菌肽/数据库/merged_amp_corpus/landed_assets/papers/doi__10.1038_aja.2010.93,Rat recombinant beta-defensin 22 is a heparin-binding protein with antimicrobial activity.,2010,Asian J Androl.,10.1038/aja.2010.93,21151152,PMC3739218,0,1,0,1,0,1,direct_pdf,o;p;e;n;a;l;e;x;_;p;d;f;;;o;p;e;n;a;l;e;x;_;l;a;n;d;i;n;g;;;f;u;l;l;t;e;x;t;_;s;i;g;n;a;l
doi__10.1038_cmi.2009.33,metadata_only,attempt_external_primary_fulltext_then_inventory_existing_supplementary_assets,/mnt/d/work/抗菌肽/数据库/merged_amp_corpus/landed_assets/papers/doi__10.1038_cmi.2009.33,Purification and molecular identification of an antifungal peptide from the hemolymph of Musca domestica (housefly).,2009,Cell Mol Immunol,10.1038/cmi.2009.33,19728925,,0,0,0,0,0,10,direct_pdf,o;p;e;n;a;l;e;x;_;l;a;n;d;i;n;g;;;o;p;e;n;a;l;e;x;_;p;d;f
doi__10.1038_emboj.2009.146,weak_source,recover_or_stage_primary_xml_then_build_material_packet,/mnt/d/work/抗菌肽/数据库/merged_amp_corpus/landed_assets/papers/doi__10.1038_emboj.2009.146,How the MccB bacterial ancestor of ubiquitin E1 initiates biosynthesis of the microcin C7 antibiotic.,2009,EMBO J,10.1038/emboj.2009.146,19494832,,0,2,0,2,0,10,landing_page,o;p;e;n;a;l;e;x;_;l;a;n;d;i;n;g
doi__10.1038_ja.2005.16,metadata_only,attempt_external_primary_fulltext_then_inventory_existing_supplementary_assets,/mnt/d/work/抗菌肽/数据库/merged_amp_corpus/landed_assets/papers/doi__10.1038_ja.2005.16,Bioactive cyclic peptides from the psychrotolerant fungus Penicillium algidum,2005,J Antibiot (Tokyo),10.1038/ja.2005.16,15835725,,0,0,0,0,0,10,direct_pdf,o;p;e;n;a;l;e;x;_;l;a;n;d;i;n;g;;;o;p;e;n;a;l;e;x;_;p;d;f
doi__10.1038_ja.2005.37,metadata_only,attempt_external_primary_fulltext_then_inventory_existing_supplementary_assets,/mnt/d/work/抗菌肽/数据库/merged_amp_corpus/landed_assets/papers/doi__10.1038_ja.2005.37,A novel active analogue of gramicidin S with smaller ring size.,2005,J Antibiot (Tokyo),10.1038/ja.2005.37,15981419,,0,0,0,0,0,10,landing_page,o;p;e;n;a;l;e;x;_;l;a;n;d;i;n;g
doi__10.1038_ja.2006.1,metadata_only,attempt_external_primary_fulltext_then_inventory_existing_supplementary_assets,/mnt/d/work/抗菌肽/数据库/merged_amp_corpus/landed_assets/papers/doi__10.1038_ja.2006.1,"Thioviridamide, a novel apoptosis inducer in transformed cells from Streptomyces olivoviridis.",2006,J Antibiot (Tokyo),10.1038/ja.2006.1,16568712,,0,0,0,0,0,10,direct_pdf,o;p;e;n;a;l;e;x;_;l;a;n;d;i;n;g;;;o;p;e;n;a;l;e;x;_;p;d;f
doi__10.1038_ja.2007.39,metadata_only,attempt_external_primary_fulltext_then_inventory_existing_supplementary_assets,/mnt/d/work/抗菌肽/数据库/merged_amp_corpus/landed_assets/papers/doi__10.1038_ja.2007.39,"Fusaristatins A and B, two new cyclic lipopeptides from an endophytic Fusarium sp.",2007,J Antibiot (Tokyo),10.1038/ja.2007.39,17551209,,0,0,0,0,0,10,direct_pdf,f;u;l;l;t;e;x;t;_;s;i;g;n;a;l;;;n;c;b;i;_;d;o;i;;;o;p;e;n;a;l;e;x;_;l;a;n;d;i;n;g;;;o;p;e;n;a;l;e;x;_;p;d;f
doi__10.1038_ja.2007.48,metadata_only,attempt_external_primary_fulltext_then_inventory_existing_supplementary_assets,/mnt/d/work/抗菌肽/数据库/merged_amp_corpus/landed_assets/papers/doi__10.1038_ja.2007.48,"Lariatins, novel anti-mycobacterial peptides with a lasso structure, produced by Rhodococcus jostii K01-B0171.",2007,J Antibiot (Tokyo),10.1038/ja.2007.48,17617692,,0,0,0,0,0,10,direct_pdf,o;p;e;n;a;l;e;x;_;l;a;n;d;i;n;g;;;o;p;e;n;a;l;e;x;_;p;d;f
doi__10.1038_ja.2007.66,metadata_only,attempt_external_primary_fulltext_then_inventory_existing_supplementary_assets,/mnt/d/work/抗菌肽/数据库/merged_amp_corpus/landed_assets/papers/doi__10.1038_ja.2007.66,"Novel propeptin analog, propeptin-2, missing two amino acid residues from the propeptin C-terminus loses antibiotic potency.",2007,J Antibiot (Tokyo),10.1038/ja.2007.66,17827663,,0,0,0,0,0,10,direct_pdf,o;p;e;n;a;l;e;x;_;l;a;n;d;i;n;g;;;o;p;e;n;a;l;e;x;_;p;d;f
doi__10.1038_ja.2008.106,metadata_only,attempt_external_primary_fulltext_then_inventory_existing_supplementary_assets,/mnt/d/work/抗菌肽/数据库/merged_amp_corpus/landed_assets/papers/doi__10.1038_ja.2008.106,A novel polycationic analogue of gratisin with antibiotic activity against both Gram-positive and Gram-negative bacteria.,2008,J Antibiot (Tokyo),10.1038/ja.2008.106,18305357,,0,0,0,0,0,10,direct_pdf,o;p;e;n;a;l;e;x;_;l;a;n;d;i;n;g;;;o;p;e;n;a;l;e;x;_;p;d;f
doi__10.1038_ja.2009.31,metadata_only,attempt_external_primary_fulltext_then_inventory_existing_supplementary_assets,/mnt/d/work/抗菌肽/数据库/merged_amp_corpus/landed_assets/papers/doi__10.1038_ja.2009.31,Identification of a new antimicrobial lysine-rich cyclolipopeptide family from Xenorhabdus nematophila.,2009,J Antibiot (Tokyo),10.1038/ja.2009.31,19373275,,0,0,0,0,0,10,direct_pdf,o;p;e;n;a;l;e;x;_;l;a;n;d;i;n;g;;;o;p;e;n;a;l;e;x;_;p;d;f
doi__10.1038_ja.2009.32,metadata_only,attempt_external_primary_fulltext_then_inventory_existing_supplementary_assets,/mnt/d/work/抗菌肽/数据库/merged_amp_corpus/landed_assets/papers/doi__10.1038_ja.2009.32,"In vitro and in vivo antitrypanosomal activities of three peptide antibiotics: leucinostatin A and B, alamethicin I and tsushimycin.",2009,J Antibiot (Tokyo),10.1038/ja.2009.32,19407848,,0,0,0,0,0,10,direct_pdf,o;p;e;n;a;l;e;x;_;l;a;n;d;i;n;g;;;o;p;e;n;a;l;e;x;_;p;d;f
doi__10.1038_ja.2009.60,metadata_only,attempt_external_primary_fulltext_then_inventory_existing_supplementary_assets,/mnt/d/work/抗菌肽/数据库/merged_amp_corpus/landed_assets/papers/doi__10.1038_ja.2009.60,"Bingchamides A and B, two novel cyclic pentapeptides from the Streptomyces bingchenggensis: fermentation, isolation, structure elucidation and biological properties.",2009,J Antibiot (Tokyo),10.1038/ja.2009.60,19609291,,0,0,0,0,0,10,direct_pdf,o;p;e;n;a;l;e;x;_;l;a;n;d;i;n;g;;;o;p;e;n;a;l;e;x;_;p;d;f
doi__10.1038_ja.2009.81,metadata_only,attempt_external_primary_fulltext_then_inventory_existing_supplementary_assets,/mnt/d/work/抗菌肽/数据库/merged_amp_corpus/landed_assets/papers/doi__10.1038_ja.2009.81,Gramicidin S analogs having six basic amino acid residues.,2009,J Antibiot (Tokyo),10.1038/ja.2009.81,19713990,,0,0,0,0,0,10,direct_pdf,o;p;e;n;a;l;e;x;_;l;a;n;d;i;n;g;;;o;p;e;n;a;l;e;x;_;p;d;f
doi__10.1038_ja.2010.48,metadata_only,attempt_external_primary_fulltext_then_inventory_existing_supplementary_assets,/mnt/d/work/抗菌肽/数据库/merged_amp_corpus/landed_assets/papers/doi__10.1038_ja.2010.48,"Organization of the biosynthetic genes encoding deoxyactagardine B (DAB), a new lantibiotic produced by Actinoplanes liguriae NCIMB41362.",2010,J Antibiot (Tokyo).,10.1038/ja.2010.48,20520597,,0,0,0,0,0,10,direct_pdf,o;p;e;n;a;l;e;x;_;l;a;n;d;i;n;g;;;o;p;e;n;a;l;e;x;_;p;d;f
doi__10.1038_ja.2011.10,metadata_only,attempt_external_primary_fulltext_then_inventory_existing_supplementary_assets,/mnt/d/work/抗菌肽/数据库/merged_amp_corpus/landed_assets/papers/doi__10.1038_ja.2011.10,"In vitro antibacterial and hemolytic activities of crotamine, a small basic myotoxin from rattlesnake Crotalus durissus.",2011,J Antibiot (Tokyo),10.1038/ja.2011.10,21386851,,0,0,0,0,0,10,direct_pdf,o;p;e;n;a;l;e;x;_;l;a;n;d;i;n;g;;;o;p;e;n;a;l;e;x;_;p;d;f
doi__10.1038_ja.2011.120,metadata_only,attempt_external_primary_fulltext_then_inventory_existing_supplementary_assets,/mnt/d/work/抗菌肽/数据库/merged_amp_corpus/landed_assets/papers/doi__10.1038_ja.2011.120,"Identification, synthesis and characterization of a novel antimicrobial peptide HKPLP derived from Hippocampus kuda Bleeker",2012,J Antibiot (Tokyo).,10.1038/ja.2011.120,22252202,,0,0,0,0,0,10,direct_pdf,o;p;e;n;a;l;e;x;_;l;a;n;d;i;n;g;;;o;p;e;n;a;l;e;x;_;p;d;f
doi__10.1038_ja.2011.43,metadata_only,attempt_external_primary_fulltext_then_inventory_existing_supplementary_assets,/mnt/d/work/抗菌肽/数据库/merged_amp_corpus/landed_assets/papers/doi__10.1038_ja.2011.43,"Design and syntheses of gramicidin S analogs, cyclo(-X-Leu-X-D-Phe-Pro-)2 (X=His, Lys, Orn, Dab and Dap).",2011,J Antibiot (Tokyo),10.1038/ja.2011.43,21610712,,0,0,0,0,0,10,direct_pdf,o;p;e;n;a;l;e;x;_;l;a;n;d;i;n;g;;;o;p;e;n;a;l;e;x;_;p;d;f
doi__10.1038_ja.2012.19,weak_source,recover_or_stage_primary_xml_then_build_material_packet,/mnt/d/work/抗菌肽/数据库/merged_amp_corpus/landed_assets/papers/doi__10.1038_ja.2012.19,"Isolation and characterization of a new iturinic lipopeptide, mojavensin A produced by a marine-derived bacterium Bacillus mojavensis B0621A.",2012,J Antibiot (Tokyo),10.1038/ja.2012.19,22491138,,0,1,0,1,0,10,direct_pdf,o;p;e;n;a;l;e;x;_;p;d;f;;;o;p;e;n;a;l;e;x;_;l;a;n;d;i;n;g;;;f;u;l;l;t;e;x;t;_;s;i;g;n;a;l;;;n;c;b;i;_;d;o;i
doi__10.1038_ja.2012.87,metadata_only,attempt_external_primary_fulltext_then_inventory_existing_supplementary_assets,/mnt/d/work/抗菌肽/数据库/merged_amp_corpus/landed_assets/papers/doi__10.1038_ja.2012.87,Antimicrobial peptides from arachnid venoms and their microbicidal activity in the presence of commercial antibiotics.,2012,J Antibiot (Tokyo),10.1038/ja.2012.87,23093034,,0,0,0,0,0,10,landing_page,o;p;e;n;a;l;e;x;_;l;a;n;d;i;n;g
doi__10.1038_ja.2012.92,metadata_only,attempt_external_primary_fulltext_then_inventory_existing_supplementary_assets,/mnt/d/work/抗菌肽/数据库/merged_amp_corpus/landed_assets/papers/doi__10.1038_ja.2012.92,"Isolation and characterization of NAI-802, a new lantibiotic produced by two different Actinoplanes strains.",2012,J Antibiot (Tokyo),10.1038/ja.2012.92,23168402,,0,0,0,0,0,10,landing_page,o;p;e;n;a;l;e;x;_;l;a;n;d;i;n;g
doi__10.1038_ja.2013.114,metadata_only,attempt_external_primary_fulltext_then_inventory_existing_supplementary_assets,/mnt/d/work/抗菌肽/数据库/merged_amp_corpus/landed_assets/papers/doi__10.1038_ja.2013.114,"Design and synthesis of cationic antibacterial peptide based on Leucrocin I sequence, antibacterial peptide from crocodile (Crocodylus siamensis) white blood cell extracts.",2013,J Antibiot (Tokyo),10.1038/ja.2013.114,24192554,,0,0,0,0,0,10,direct_pdf,o;p;e;n;a;l;e;x;_;l;a;n;d;i;n;g;;;o;p;e;n;a;l;e;x;_;p;d;f
doi__10.1038_ja.2014.27,metadata_only,attempt_external_primary_fulltext_then_inventory_existing_supplementary_assets,/mnt/d/work/抗菌肽/数据库/merged_amp_corpus/landed_assets/papers/doi__10.1038_ja.2014.27,Two new cyclic tetrapeptides from deep-sea bacterium Bacillus amyloliquefaciens GAS 00152.,2014,J Antibiot (Tokyo),10.1038/ja.2014.27,24690914,,0,0,0,0,0,10,direct_pdf,o;p;e;n;a;l;e;x;_;l;a;n;d;i;n;g;;;o;p;e;n;a;l;e;x;_;p;d;f
doi__10.1038_ja.2014.4,metadata_only,attempt_external_primary_fulltext_then_inventory_existing_supplementary_assets,/mnt/d/work/抗菌肽/数据库/merged_amp_corpus/landed_assets/papers/doi__10.1038_ja.2014.4,Antimicrobial properties and interaction of two Trp-substituted cationic antimicrobial peptides with a lipid bilayer.,2014,J Antibiot (Tokyo),10.1038/ja.2014.4,24496141,,0,0,0,0,0,10,direct_pdf,o;p;e;n;a;l;e;x;_;l;a;n;d;i;n;g;;;o;p;e;n;a;l;e;x;_;p;d;f
doi__10.1038_ja.2014.58,weak_source,recover_or_stage_primary_xml_then_build_material_packet,/mnt/d/work/抗菌肽/数据库/merged_amp_corpus/landed_assets/papers/doi__10.1038_ja.2014.58,Anticancer activity of new depsipeptide compound isolated from an endophytic fungus.,2014,J Antibiot (Tokyo),10.1038/ja.2014.58,24824817,,0,1,0,1,0,10,direct_pdf,o;p;e;n;a;l;e;x;_;p;d;f;;;o;p;e;n;a;l;e;x;_;l;a;n;d;i;n;g
doi__10.1038_ja.2015.20,metadata_only,attempt_external_primary_fulltext_then_inventory_existing_supplementary_assets,/mnt/d/work/抗菌肽/数据库/merged_amp_corpus/landed_assets/papers/doi__10.1038_ja.2015.20,Novel thioviridamide derivative--JBIR-140: heterologous expression of the gene cluster for thioviridamide biosynthesis.,2015,J Antibiot (Tokyo),10.1038/ja.2015.20,25712397,,0,0,0,0,0,10,direct_pdf,o;p;e;n;a;l;e;x;_;l;a;n;d;i;n;g;;;o;p;e;n;a;l;e;x;_;p;d;f
doi__10.1038_ja.2016.101,weak_source,recover_or_stage_primary_xml_then_build_material_packet,/mnt/d/work/抗菌肽/数据库/merged_amp_corpus/landed_assets/papers/doi__10.1038_ja.2016.101,Activity of tick antimicrobial peptide from Ixodes persulcatus (persulcatusin) against cell membranes of drug-resistant Staphylococcus aureus.,2016,J Antibiot (Tokyo),10.1038/ja.2016.101,27531221,,0,2,0,2,0,10,direct_pdf,o;p;e;n;a;l;e;x;_;p;d;f;;;o;p;e;n;a;l;e;x;_;l;a;n;d;i;n;g
doi__10.1038_ja.2016.107,metadata_only,attempt_external_primary_fulltext_then_inventory_existing_supplementary_assets,/mnt/d/work/抗菌肽/数据库/merged_amp_corpus/landed_assets/papers/doi__10.1038_ja.2016.107,ASP2397: a novel antifungal agent produced by Acremonium persicinum MF-347833.,2016,J Antibiot (Tokyo),10.1038/ja.2016.107,27599768,,0,0,0,0,0,10,landing_page,o;p;e;n;a;l;e;x;_;l;a;n;d;i;n;g
doi__10.1038_ja.2016.116,metadata_only,attempt_external_primary_fulltext_then_inventory_existing_supplementary_assets,/mnt/d/work/抗菌肽/数据库/merged_amp_corpus/landed_assets/papers/doi__10.1038_ja.2016.116,Novel arginine-containing peptides MBJ-0173 and MBJ-0174 from Mortierella alpina f28740.,2016,J Antibiot (Tokyo),10.1038/ja.2016.116,27624401,,0,0,0,0,0,10,landing_page,o;p;e;n;a;l;e;x;_;l;a;n;d;i;n;g
doi__10.1038_ja.2016.134,metadata_only,attempt_external_primary_fulltext_then_inventory_existing_supplementary_assets,/mnt/d/work/抗菌肽/数据库/merged_amp_corpus/landed_assets/papers/doi__10.1038_ja.2016.134,Antimicrobial activity and interactions of cationic peptides derived from Galleria mellonella cecropin D-like peptide with model membranes.,2016,J Antibiot (Tokyo),10.1038/ja.2016.134,27999446,,0,0,0,0,0,10,direct_pdf,o;p;e;n;a;l;e;x;_;l;a;n;d;i;n;g;;;o;p;e;n;a;l;e;x;_;p;d;f
doi__10.1038_ja.2016.135,metadata_only,attempt_external_primary_fulltext_then_inventory_existing_supplementary_assets,/mnt/d/work/抗菌肽/数据库/merged_amp_corpus/landed_assets/papers/doi__10.1038_ja.2016.135,"Anti-fungal activity of Ctn[15-34], the C-terminal peptide fragment of crotalicidin, a rattlesnake venom gland cathelicidin.",2016,J Antibiot (Tokyo),10.1038/ja.2016.135,27876749,,0,0,0,0,0,10,landing_page,o;p;e;n;a;l;e;x;_;l;a;n;d;i;n;g
doi__10.1038_ja.2016.16,metadata_only,attempt_external_primary_fulltext_then_inventory_existing_supplementary_assets,/mnt/d/work/抗菌肽/数据库/merged_amp_corpus/landed_assets/papers/doi__10.1038_ja.2016.16,Frog skin cultures secrete anti-yellow fever compounds,2016,J Antibiot (Tokyo).,10.1038/ja.2016.16,27049440,,0,0,0,0,0,10,direct_pdf,o;p;e;n;a;l;e;x;_;l;a;n;d;i;n;g;;;o;p;e;n;a;l;e;x;_;p;d;f
doi__10.1038_ja.2016.61,metadata_only,attempt_external_primary_fulltext_then_inventory_existing_supplementary_assets,/mnt/d/work/抗菌肽/数据库/merged_amp_corpus/landed_assets/papers/doi__10.1038_ja.2016.61,"Ogipeptins, novel inhibitors of LPS: physicochemical properties and structural elucidation.",2016,J Antibiot (Tokyo),10.1038/ja.2016.61,27328866,,0,0,0,0,0,10,landing_page,o;p;e;n;a;l;e;x;_;l;a;n;d;i;n;g
doi__10.1038_ja.2016.81,metadata_only,attempt_external_primary_fulltext_then_inventory_existing_supplementary_assets,/mnt/d/work/抗菌肽/数据库/merged_amp_corpus/landed_assets/papers/doi__10.1038_ja.2016.81,"Identification and biological activity of ogipeptins, novel LPS inhibitors produced by marine bacterium.",2016,J Antibiot (Tokyo),10.1038/ja.2016.81,27381520,,0,0,0,0,0,10,landing_page,o;p;e;n;a;l;e;x;_;l;a;n;d;i;n;g
doi__10.1038_ja.2017.146,weak_source,recover_or_stage_primary_xml_then_build_material_packet,/mnt/d/work/抗菌肽/数据库/merged_amp_corpus/landed_assets/papers/doi__10.1038_ja.2017.146,Isolation and structure elucidation of lipopeptide antibiotic taromycin B from the activated taromycin biosynthetic gene cluster.,2017,J Antibiot (Tokyo),10.1038/ja.2017.146,29184121,PMC5960985,0,1,0,1,0,10,direct_pdf,o;p;e;n;a;l;e;x;_;p;d;f;;;o;p;e;n;a;l;e;x;_;l;a;n;d;i;n;g;;;f;u;l;l;t;e;x;t;_;s;i;g;n;a;l
doi__10.1038_ja.2017.23,weak_source,recover_or_stage_primary_xml_then_build_material_packet,/mnt/d/work/抗菌肽/数据库/merged_amp_corpus/landed_assets/papers/doi__10.1038_ja.2017.23,Anti-Mycobacterium activity of microbial peptides in a silkworm infection model with Mycobacterium smegmatis.,2017,J Antibiot (Tokyo),10.1038/ja.2017.23,28446822,,0,2,0,2,0,10,direct_pdf,o;p;e;n;a;l;e;x;_;p;d;f;;;o;p;e;n;a;l;e;x;_;l;a;n;d;i;n;g
doi__10.1038_ja.2017.34,weak_source,recover_or_stage_primary_xml_then_build_material_packet,/mnt/d/work/抗菌肽/数据库/merged_amp_corpus/landed_assets/papers/doi__10.1038_ja.2017.34,"Structure and antibacterial activities of new cyclic peptide antibiotics, pargamicins B, C and D, from Amycolatopsis sp. ML1-hF4.",2017,J Antibiot (Tokyo),10.1038/ja.2017.34,28293037,,0,2,0,2,0,10,direct_pdf,o;p;e;n;a;l;e;x;_;p;d;f;;;o;p;e;n;a;l;e;x;_;l;a;n;d;i;n;g
doi__10.1038_ja.2017.76,metadata_only,attempt_external_primary_fulltext_then_inventory_existing_supplementary_assets,/mnt/d/work/抗菌肽/数据库/merged_amp_corpus/landed_assets/papers/doi__10.1038_ja.2017.76,"Trichopeptides A and B, trichocyclodipeptides A-C, new peptides from the ascomycete fungus Stagonospora trichophoricola.",2017,J Antibiot (Tokyo),10.1038/ja.2017.76,28676717,,0,0,0,0,0,10,direct_pdf,o;p;e;n;a;l;e;x;_;l;a;n;d;i;n;g;;;o;p;e;n;a;l;e;x;_;p;d;f
doi__10.1038_jid.2012.254,weak_source,recover_or_stage_primary_pdf_then_build_material_packet,/mnt/d/work/抗菌肽/数据库/merged_amp_corpus/landed_assets/papers/doi__10.1038_jid.2012.254,A Peptide Derived from the Highly Conserved Protein GAPDH Is Involved in Tissue Protection by Different Antifungal Strategies and Epithelial Immunomodulation,2012,J Invest Dermatol.,10.1038/jid.2012.254,22832495,PMC3488162,1,0,2,0,1,0,direct_pdf,l;o;c;a;l;_;x;m;l;;;l;o;c;a;l;_;p;a;c;k;a;g;e;;;l;o;c;a;l;_;s;u;p;p;l;e;m;e;n;t;a;r;y;;;o;p;e;n;a;l;e;x;_;p;d;f;;;o;p;e;n;a;l;e;x;_;l;a;n;d;i;n;g;;;f;u;l;l;t;e;x;t;_;s;i;g;n;a;l
doi__10.1038_ki.2014.268,weak_source,recover_or_stage_primary_pdf_then_build_material_packet,/mnt/d/work/抗菌肽/数据库/merged_amp_corpus/landed_assets/papers/doi__10.1038_ki.2014.268,Ribonucleases 6 and 7 have antimicrobial function in the human and murine urinary tract.,2014,Kidney Int.,10.1038/ki.2014.268,25075772,PMC4281292,1,0,2,0,1,6,fulltext_or_xml,l;o;c;a;l;_;x;m;l;;;l;o;c;a;l;_;p;a;c;k;a;g;e;;;l;o;c;a;l;_;s;u;p;p;l;e;m;e;n;t;a;r;y;;;o;p;e;n;a;l;e;x;_;l;a;n;d;i;n;g;;;f;u;l;l;t;e;x;t;_;s;i;g;n;a;l
doi__10.1038_mi.2014.41,weak_source,recover_or_stage_primary_xml_then_build_material_packet,/mnt/d/work/抗菌肽/数据库/merged_amp_corpus/landed_assets/papers/doi__10.1038_mi.2014.41,The short form of TSLP is constitutively translated in human keratinocytes and has characteristics of an antimicrobial peptide,2014,Mucosal Immunol.,10.1038/mi.2014.41,24850429,,0,1,0,1,0,0,direct_pdf,o;p;e;n;a;l;e;x;_;p;d;f;;;o;p;e;n;a;l;e;x;_;l;a;n;d;i;n;g
doi__10.1038_nature01597,weak_source,recover_or_stage_primary_xml_then_build_material_packet,/mnt/d/work/抗菌肽/数据库/merged_amp_corpus/landed_assets/papers/doi__10.1038_nature01597,Unique physiological and pathogenic features of Leptospira interrogans revealed by whole-genome sequencing.,2003,Nature,10.1038/nature01597,12712204,,0,2,0,2,0,10,direct_pdf,o;p;e;n;a;l;e;x;_;p;d;f;;;o;p;e;n;a;l;e;x;_;l;a;n;d;i;n;g
doi__10.1038_nature02426,weak_source,recover_or_stage_primary_xml_then_build_material_packet,/mnt/d/work/抗菌肽/数据库/merged_amp_corpus/landed_assets/papers/doi__10.1038_nature02426,Genome sequence of the Brown Norway rat yields insights into mammalian evolution.,2004,,10.1038/nature02426,15057822,,0,2,0,2,0,9,direct_pdf,o;p;e;n;a;l;e;x;_;p;d;f;;;o;p;e;n;a;l;e;x;_;l;a;n;d;i;n;g
doi__10.1038_nature03466,weak_source,recover_or_stage_primary_xml_then_build_material_packet,/mnt/d/work/抗菌肽/数据库/merged_amp_corpus/landed_assets/papers/doi__10.1038_nature03466,Generation and annotation of the DNA sequences of human chromosomes 2 and 4.,2005,Nature,10.1038/nature03466,15815621,,0,2,0,2,0,10,direct_pdf,o;p;e;n;a;l;e;x;_;p;d;f;;;o;p;e;n;a;l;e;x;_;l;a;n;d;i;n;g
doi__10.1038_nature04051,metadata_only,attempt_external_primary_fulltext_then_inventory_existing_supplementary_assets,/mnt/d/work/抗菌肽/数据库/merged_amp_corpus/landed_assets/papers/doi__10.1038_nature04051,Plectasin is a peptide antibiotic with therapeutic potential from a saprophytic fungus.,2005,Nature,10.1038/nature04051,16222292,,0,0,0,0,0,10,landing_page,o;p;e;n;a;l;e;x;_;l;a;n;d;i;n;g
doi__10.1038_nature04332,weak_source,recover_or_stage_primary_xml_then_build_material_packet,/mnt/d/work/抗菌肽/数据库/merged_amp_corpus/landed_assets/papers/doi__10.1038_nature04332,Genomic sequence of the pathogenic and allergenic filamentous fungus Aspergillus fumigatus.,2005,Nature,10.1038/nature04332,16372009,,0,2,0,2,0,10,direct_pdf,o;p;e;n;a;l;e;x;_;p;d;f;;;o;p;e;n;a;l;e;x;_;l;a;n;d;i;n;g
doi__10.1038_nature04406,weak_source,recover_or_stage_primary_xml_then_build_material_packet,/mnt/d/work/抗菌肽/数据库/merged_amp_corpus/landed_assets/papers/doi__10.1038_nature04406,DNA sequence and analysis of human chromosome 8.,2006,Nature,10.1038/nature04406,16421571,,0,2,0,2,0,10,direct_pdf,o;p;e;n;a;l;e;x;_;p;d;f;;;o;p;e;n;a;l;e;x;_;l;a;n;d;i;n;g;;;f;u;l;l;t;e;x;t;_;s;i;g;n;a;l;;;n;c;b;i;_;d;o;i
doi__10.1038_nature05233,weak_source,recover_or_stage_primary_xml_then_build_material_packet,/mnt/d/work/抗菌肽/数据库/merged_amp_corpus/landed_assets/papers/doi__10.1038_nature05233,A linguistic model for the rational design of antimicrobial peptides.,2006,Nature,10.1038/nature05233,17051220,,0,1,0,1,0,11,package_or_supplementary,l;o;c;a;l;_;s;u;p;p;l;e;m;e;n;t;a;r;y;;;o;p;e;n;a;l;e;x;_;l;a;n;d;i;n;g
doi__10.1038_nature06341,weak_source,recover_or_stage_primary_xml_then_build_material_packet,/mnt/d/work/抗菌肽/数据库/merged_amp_corpus/landed_assets/papers/doi__10.1038_nature06341,Evolution of genes and genomes on the Drosophila phylogeny.,2007,Nature,10.1038/nature06341,17994087,,0,1,0,1,0,0,landing_page,o;p;e;n;a;l;e;x;_;l;a;n;d;i;n;g
doi__10.1038_nature10093,weak_source,recover_or_stage_primary_xml_then_build_material_packet,/mnt/d/work/抗菌肽/数据库/merged_amp_corpus/landed_assets/papers/doi__10.1038_nature10093,Royalactin induces queen differentiation in honeybees.,2011,Nature,10.1038/nature10093,21516106,,0,1,0,1,0,10,landing_page,o;p;e;n;a;l;e;x;_;l;a;n;d;i;n;g
doi__10.1038_nature14098,weak_source,recover_or_stage_primary_xml_then_build_material_packet,/mnt/d/work/抗菌肽/数据库/merged_amp_corpus/landed_assets/papers/doi__10.1038_nature14098,A new antibiotic kills pathogens without detectable resistance.,2015,Nature.,10.1038/nature14098,25561178,PMC7414797,0,1,0,1,0,10,fulltext_or_xml,f;u;l;l;t;e;x;t;_;s;i;g;n;a;l;;;o;p;e;n;a;l;e;x;_;l;a;n;d;i;n;g
doi__10.1038_nature18634,weak_source,recover_or_stage_primary_xml_then_build_material_packet,/mnt/d/work/抗菌肽/数据库/merged_amp_corpus/landed_assets/papers/doi__10.1038_nature18634,Human commensals producing a novel antibiotic impair pathogen colonization,2016,Nature.,10.1038/nature18634,27466123,,0,1,0,1,0,10,landing_page,o;p;e;n;a;l;e;x;_;l;a;n;d;i;n;g
doi__10.1038_nbt1113,metadata_only,attempt_external_primary_fulltext_then_inventory_existing_supplementary_assets,/mnt/d/work/抗菌肽/数据库/merged_amp_corpus/landed_assets/papers/doi__10.1038_nbt1113,High-throughput generation of small antibacterial peptides with improved activity,2005,Nat Biotechnol.,10.1038/nbt1113,16041366,,0,0,0,0,0,10,landing_page,o;p;e;n;a;l;e;x;_;l;a;n;d;i;n;g
doi__10.1038_nbt1224,weak_source,recover_or_stage_primary_xml_then_build_material_packet,/mnt/d/work/抗菌肽/数据库/merged_amp_corpus/landed_assets/papers/doi__10.1038_nbt1224,Ordered surface carbons distinguish antifreeze proteins and their ice-binding regions.,2006,Nat Biotechnol,10.1038/nbt1224,16823370,,0,1,0,1,0,10,landing_page,o;p;e;n;a;l;e;x;_;l;a;n;d;i;n;g
doi__10.1038_nbt1288,weak_source,recover_or_stage_primary_xml_then_build_material_packet,/mnt/d/work/抗菌肽/数据库/merged_amp_corpus/landed_assets/papers/doi__10.1038_nbt1288,An anti-infective peptide that selectively modulates the innate immune response,2007,Nat Biotechnol,10.1038/nbt1288,17384586,,0,1,0,1,0,19,package_or_supplementary,l;o;c;a;l;_;s;u;p;p;l;e;m;e;n;t;a;r;y;;;o;p;e;n;a;l;e;x;_;l;a;n;d;i;n;g
doi__10.1038_nchembio.1116,weak_source,recover_or_stage_primary_xml_then_build_material_packet,/mnt/d/work/抗菌肽/数据库/merged_amp_corpus/landed_assets/papers/doi__10.1038_nchembio.1116,Structure and function of a unique pore-forming protein from a pathogenic acanthamoeba.,2012,Nat Chem Biol,10.1038/nchembio.1116,23143413,,0,1,0,1,0,10,landing_page,o;p;e;n;a;l;e;x;_;l;a;n;d;i;n;g
doi__10.1038_nchembio.1710,weak_source,recover_or_stage_primary_xml_then_build_material_packet,/mnt/d/work/抗菌肽/数据库/merged_amp_corpus/landed_assets/papers/doi__10.1038_nchembio.1710,Lysocin E is a new antibiotic that targets menaquinone in the bacterial membrane,2014,Nat Chem Biol.,10.1038/nchembio.1710,25485686,,0,1,0,1,0,10,landing_page,o;p;e;n;a;l;e;x;_;l;a;n;d;i;n;g
doi__10.1038_nchembio.2018,weak_source,recover_or_stage_primary_xml_then_build_material_packet,/mnt/d/work/抗菌肽/数据库/merged_amp_corpus/landed_assets/papers/doi__10.1038_nchembio.2018,Assembly and clustering of natural antibiotics guides target identification.,2016,Nat Chem Biol,10.1038/nchembio.2018,26829473,,0,1,0,1,0,10,landing_page,o;p;e;n;a;l;e;x;_;l;a;n;d;i;n;g
doi__10.1038_nchembio.2207,weak_source,recover_or_stage_primary_xml_then_build_material_packet,/mnt/d/work/抗菌肽/数据库/merged_amp_corpus/landed_assets/papers/doi__10.1038_nchembio.2207,Discovery of MRSA active antibiotics using primary sequence from the human microbiome.,2016,Nat Chem Biol,10.1038/nchembio.2207,27748750,PMC5117632,0,2,1,2,2,10,direct_pdf,l;o;c;a;l;_;p;d;f;;;l;o;c;a;l;_;x;m;l;;;l;o;c;a;l;_;p;a;c;k;a;g;e;;;l;o;c;a;l;_;s;u;p;p;l;e;m;e;n;t;a;r;y;;;o;p;e;n;a;l;e;x;_;l;a;n;d;i;n;g;;;f;u;l;l;t;e;x;t;_;s;i;g;n;a;l
doi__10.1038_nchembio.2319,weak_source,recover_or_stage_primary_xml_then_build_material_packet,/mnt/d/work/抗菌肽/数据库/merged_amp_corpus/landed_assets/papers/doi__10.1038_nchembio.2319,A new genome-mining tool redefines the lasso peptide biosynthetic landscape.,2017,Nat Chem Biol,10.1038/nchembio.2319,28244986,PMC5391289,0,2,0,2,1,10,direct_pdf,l;o;c;a;l;_;p;d;f;;;l;o;c;a;l;_;p;a;c;k;a;g;e;;;o;p;e;n;a;l;e;x;_;l;a;n;d;i;n;g;;;f;u;l;l;t;e;x;t;_;s;i;g;n;a;l
doi__10.1038_ncomms1952,weak_source,recover_or_stage_primary_xml_then_build_material_packet,/mnt/d/work/抗菌肽/数据库/merged_amp_corpus/landed_assets/papers/doi__10.1038_ncomms1952,Tumour lineage-homing cell-penetrating peptides as anticancer molecular delivery systems.,2012,Nat Commun,10.1038/ncomms1952,22805558,,0,2,0,2,0,9,direct_pdf,o;p;e;n;a;l;e;x;_;p;d;f;;;o;p;e;n;a;l;e;x;_;l;a;n;d;i;n;g
doi__10.1038_ncomms4154,weak_source,recover_or_stage_primary_xml_then_build_material_packet,/mnt/d/work/抗菌肽/数据库/merged_amp_corpus/landed_assets/papers/doi__10.1038_ncomms4154,Nematode-derived drosomycin-type antifungal peptides provide evidence for plant-to-ecdysozoan horizontal transfer of a disease resistance gene,2014,Nat Commun.,10.1038/ncomms4154,24434635,,0,2,0,2,0,10,direct_pdf,o;p;e;n;a;l;e;x;_;p;d;f;;;o;p;e;n;a;l;e;x;_;l;a;n;d;i;n;g
doi__10.1038_ni1060,weak_source,recover_or_stage_primary_xml_then_build_material_packet,/mnt/d/work/抗菌肽/数据库/merged_amp_corpus/landed_assets/papers/doi__10.1038_ni1060,"TLR-independent control of innate immunity in Caenorhabditis elegans by the TIR domain adaptor protein TIR-1, an ortholog of human SARM.",2004,Nat Immunol.,10.1038/ni1060,15048112,,0,1,0,1,0,10,landing_page,o;p;e;n;a;l;e;x;_;l;a;n;d;i;n;g
doi__10.1038_ni1094,weak_source,recover_or_stage_primary_xml_then_build_material_packet,/mnt/d/work/抗菌肽/数据库/merged_amp_corpus/landed_assets/papers/doi__10.1038_ni1094,Increased diversity of intestinal antimicrobial peptides by covalent dimer formation.,2004,Nat Immunol,10.1038/ni1094,15235601,,0,1,0,1,0,10,landing_page,o;p;e;n;a;l;e;x;_;l;a;n;d;i;n;g
doi__10.1038_ni732,metadata_only,attempt_external_primary_fulltext_then_inventory_existing_supplementary_assets,/mnt/d/work/抗菌肽/数据库/merged_amp_corpus/landed_assets/papers/doi__10.1038_ni732,Dermcidin: a novel human antibiotic peptide secreted by sweat glands.,2001,Nat Immunol,10.1038/ni732,11694882,,0,0,0,0,0,10,landing_page,o;p;e;n;a;l;e;x;_;l;a;n;d;i;n;g
doi__10.1038_ni797,metadata_only,attempt_external_primary_fulltext_then_inventory_existing_supplementary_assets,/mnt/d/work/抗菌肽/数据库/merged_amp_corpus/landed_assets/papers/doi__10.1038_ni797,Paneth cell trypsin is the processing enzyme for human defensin-5.,2002,Nat Immunol,10.1038/ni797,12021776,,0,0,0,0,0,10,landing_page,o;p;e;n;a;l;e;x;_;l;a;n;d;i;n;g
doi__10.1038_ni888,weak_source,recover_or_stage_primary_xml_then_build_material_packet,/mnt/d/work/抗菌肽/数据库/merged_amp_corpus/landed_assets/papers/doi__10.1038_ni888,Angiogenins: a new class of microbicidal proteins involved in innate immunity.,2003,Nat Immunol.,10.1038/ni888,12548285,,0,1,0,1,0,10,landing_page,o;p;e;n;a;l;e;x;_;l;a;n;d;i;n;g
doi__10.1038_ni955,metadata_only,attempt_external_primary_fulltext_then_inventory_existing_supplementary_assets,/mnt/d/work/抗菌肽/数据库/merged_amp_corpus/landed_assets/papers/doi__10.1038_ni955,Binding of the Drosophila cytokine Sp?tzle to Toll is,2003,Nat Immunol,10.1038/ni955,12872120,,0,0,0,0,0,10,landing_page,o;p;e;n;a;l;e;x;_;l;a;n;d;i;n;g
doi__10.1038_nm1306,weak_source,recover_or_stage_primary_xml_then_build_material_packet,/mnt/d/work/抗菌肽/数据库/merged_amp_corpus/landed_assets/papers/doi__10.1038_nm1306,Dysregulation of bacterial proteolytic machinery by a new class of antibiotics.,2005,Nat Med,10.1038/nm1306,16200071,,0,1,0,1,0,10,landing_page,o;p;e;n;a;l;e;x;_;l;a;n;d;i;n;g
doi__10.1038_nm1638,weak_source,recover_or_stage_primary_xml_then_build_material_packet,/mnt/d/work/抗菌肽/数据库/merged_amp_corpus/landed_assets/papers/doi__10.1038_nm1638,"Mrp8 and Mrp14 are endogenous activators of Toll-like receptor 4, promoting lethal, endotoxin-induced shock.",2007,Nat Med,10.1038/nm1638,17767165,,0,1,0,1,0,10,landing_page,o;p;e;n;a;l;e;x;_;l;a;n;d;i;n;g
doi__10.1038_nrd3591,metadata_only,attempt_external_primary_fulltext_then_inventory_existing_supplementary_assets,/mnt/d/work/抗菌肽/数据库/merged_amp_corpus/landed_assets/papers/doi__10.1038_nrd3591,form follows function,2011,,10.1038/nrd3591,22173434,,0,0,0,0,0,10,direct_pdf,o;p;e;n;a;l;e;x;_;l;a;n;d;i;n;g;;;o;p;e;n;a;l;e;x;_;p;d;f
doi__10.1038_nrd4510,weak_source,recover_or_stage_primary_xml_then_build_material_packet,/mnt/d/work/抗菌肽/数据库/merged_amp_corpus/landed_assets/papers/doi__10.1038_nrd4510,The re-emergence of natural products for drug discovery in the genomics era,2015,,10.1038/nrd4510,25614221,,0,1,0,1,0,0,direct_pdf,o;p;e;n;a;l;e;x;_;p;d;f;;;o;p;e;n;a;l;e;x;_;l;a;n;d;i;n;g
doi__10.1038_nsb0698-427,metadata_only,attempt_external_primary_fulltext_then_inventory_existing_supplementary_assets,/mnt/d/work/抗菌肽/数据库/merged_amp_corpus/landed_assets/papers/doi__10.1038_nsb0698-427,Solution structure of the thermostable sweet-tasting protein brazzein.,1998,Nat Struct Biol,10.1038/nsb0698-427,9628478,,0,0,0,0,0,10,landing_page,o;p;e;n;a;l;e;x;_;l;a;n;d;i;n;g
doi__10.1038_nsb1097-793,metadata_only,attempt_external_primary_fulltext_then_inventory_existing_supplementary_assets,/mnt/d/work/抗菌肽/数据库/merged_amp_corpus/landed_assets/papers/doi__10.1038_nsb1097-793,Saposin fold revealed by the NMR structure of NK-lysin.,1997,Nat Struct Biol,10.1038/nsb1097-793,9334742,,0,0,0,0,0,10,landing_page,o;p;e;n;a;l;e;x;_;l;a;n;d;i;n;g
doi__10.1038_nsmb830,weak_source,recover_or_stage_primary_xml_then_build_material_packet,/mnt/d/work/抗菌肽/数据库/merged_amp_corpus/landed_assets/papers/doi__10.1038_nsmb830,The nisin-lipid II complex reveals a pyrophosphate cage that provides a blueprint for novel antibiotics.,2004,Nat Struct Mol Biol,10.1038/nsmb830,15361862,,0,1,0,1,0,0,landing_page,o;p;e;n;a;l;e;x;_;l;a;n;d;i;n;g
doi__10.1038_onc.2011.300,weak_source,recover_or_stage_primary_xml_then_build_material_packet,/mnt/d/work/抗菌肽/数据库/merged_amp_corpus/landed_assets/papers/doi__10.1038_onc.2011.300,Inhibition of p53 expression by peptide-conjugated phosphorodiamidate morpholino oligomers sensitizes human cancer cells to chemotherapeutic drugs.,2011,Oncogene,10.1038/onc.2011.300,21765469,,0,1,0,1,0,10,landing_page,o;p;e;n;a;l;e;x;_;l;a;n;d;i;n;g
doi__10.1038_s41429-018-0032-4,weak_source,recover_or_stage_primary_xml_then_build_material_packet,/mnt/d/work/抗菌肽/数据库/merged_amp_corpus/landed_assets/papers/doi__10.1038_s41429-018-0032-4,"Rational design of syn-safencin, a novel linear antimicrobial peptide derived from the circular bacteriocin safencin AS-48.",2018,J Antibiot (Tokyo),10.1038/s41429-018-0032-4,29463889,PMC8887552,0,1,0,1,0,8,fulltext_or_xml,f;u;l;l;t;e;x;t;_;s;i;g;n;a;l;;;o;p;e;n;a;l;e;x;_;l;a;n;d;i;n;g
doi__10.1038_s41429-018-0044-0,weak_source,recover_or_stage_primary_xml_then_build_material_packet,/mnt/d/work/抗菌肽/数据库/merged_amp_corpus/landed_assets/papers/doi__10.1038_s41429-018-0044-0,"Cystargamide B, a cyclic lipodepsipeptide with protease inhibitory activity from Streptomyces sp.",2018,J Antibiot (Tokyo),10.1038/s41429-018-0044-0,29567952,,0,1,0,1,0,10,landing_page,o;p;e;n;a;l;e;x;_;l;a;n;d;i;n;g
doi__10.1038_s41429-018-0086-3,weak_source,recover_or_stage_primary_xml_then_build_material_packet,/mnt/d/work/抗菌肽/数据库/merged_amp_corpus/landed_assets/papers/doi__10.1038_s41429-018-0086-3,"Acremotins A-D, peptaibiotics produced by the soil-derived fungus Acremonium persicinum SC0105.",2018,J Antibiot (Tokyo),10.1038/s41429-018-0086-3,30089870,,0,1,0,1,0,10,direct_pdf,o;p;e;n;a;l;e;x;_;p;d;f;;;o;p;e;n;a;l;e;x;_;l;a;n;d;i;n;g
doi__10.1038_s41429-018-0090-7,weak_source,recover_or_stage_primary_xml_then_build_material_packet,/mnt/d/work/抗菌肽/数据库/merged_amp_corpus/landed_assets/papers/doi__10.1038_s41429-018-0090-7,Evaluation of LL-37 antimicrobial peptide derivatives alone and in combination with vancomycin against S. aureus.,2018,J Antibiot (Tokyo),10.1038/s41429-018-0090-7,30120393,,0,2,0,2,0,10,direct_pdf,o;p;e;n;a;l;e;x;_;p;d;f;;;o;p;e;n;a;l;e;x;_;l;a;n;d;i;n;g
doi__10.1038_s41429-018-0095-2,metadata_only,attempt_external_primary_fulltext_then_inventory_existing_supplementary_assets,/mnt/d/work/抗菌肽/数据库/merged_amp_corpus/landed_assets/papers/doi__10.1038_s41429-018-0095-2,"Isolation and structural elucidation of pelgipeptin E, a novel pore-forming pelgipeptin analog from Paenibacillus elgii with low hemolytic activity.",2018,J Antibiot (Tokyo),10.1038/s41429-018-0095-2,30135470,,0,0,0,0,0,10,direct_pdf,o;p;e;n;a;l;e;x;_;l;a;n;d;i;n;g;;;o;p;e;n;a;l;e;x;_;p;d;f
doi__10.1038_s41429-019-0201-0,weak_source,recover_or_stage_primary_xml_then_build_material_packet,/mnt/d/work/抗菌肽/数据库/merged_amp_corpus/landed_assets/papers/doi__10.1038_s41429-019-0201-0,Cyclic tetrapeptides from the marine strain Streptomyces sp. PNM-161a with activity against rice and yam phytopathogens.,2019,J Antibiot (Tokyo),10.1038/s41429-019-0201-0,31243345,,0,1,0,1,0,12,package_or_supplementary,l;o;c;a;l;_;s;u;p;p;l;e;m;e;n;t;a;r;y;;;o;p;e;n;a;l;e;x;_;l;a;n;d;i;n;g
doi__10.1038_s41429-019-0272-y,weak_source,recover_or_stage_primary_xml_then_build_material_packet,/mnt/d/work/抗菌肽/数据库/merged_amp_corpus/landed_assets/papers/doi__10.1038_s41429-019-0272-y,Isolation and structure determination of a new antibacterial peptide pentaminomycin C from Streptomyces cacaoi subsp. cacaoi.,2020,J Antibiot (Tokyo),10.1038/s41429-019-0272-y,31919422,,0,1,0,1,0,0,landing_page,o;p;e;n;a;l;e;x;_;l;a;n;d;i;n;g
doi__10.1038_s41429-023-00597-z,weak_source,recover_or_stage_primary_xml_then_build_material_packet,/mnt/d/work/抗菌肽/数据库/merged_amp_corpus/landed_assets/papers/doi__10.1038_s41429-023-00597-z,Genome mining and chemical characterization of a new cyclic lipopeptide associated with MDN-0066 from Pseudomonas moraviensis HN2 cultured in a valine-rich medium,2023,J Antibiot (Tokyo).,10.1038/s41429-023-00597-z,36702935,,0,1,0,1,0,10,landing_page,o;p;e;n;a;l;e;x;_;l;a;n;d;i;n;g
doi__10.1038_s41429-023-00635-w,metadata_only,attempt_external_primary_fulltext_then_inventory_existing_supplementary_assets,/mnt/d/work/抗菌肽/数据库/merged_amp_corpus/landed_assets/papers/doi__10.1038_s41429-023-00635-w,"Avidumicin, a novel cyclic bacteriocin, produced by Cutibacterium avidum shows anti-Cutibacterium acnes activity.",2023,J Antibiot (Tokyo).,10.1038/s41429-023-00635-w,37264118,,0,0,0,0,0,10,landing_page,o;p;e;n;a;l;e;x;_;l;a;n;d;i;n;g
doi__10.1038_s41429-023-00697-w,metadata_only,attempt_external_primary_fulltext_then_inventory_existing_supplementary_assets,/mnt/d/work/抗菌肽/数据库/merged_amp_corpus/landed_assets/papers/doi__10.1038_s41429-023-00697-w,"Design, biological characteristics, and antibacterial mechanism of high therapeutic index antimicrobial peptides with PRRP as central axis.",2024,J Antibiot (Tokyo),10.1038/s41429-023-00697-w,38233466,,0,0,0,0,0,10,landing_page,o;p;e;n;a;l;e;x;_;l;a;n;d;i;n;g
doi__10.1038_s41429-024-00773-9,metadata_only,attempt_external_primary_fulltext_then_inventory_existing_supplementary_assets,/mnt/d/work/抗菌肽/数据库/merged_amp_corpus/landed_assets/papers/doi__10.1038_s41429-024-00773-9,"Antimicrobial activity of α/β hybrid peptides incorporating tBu-β(3,3)Ac(6)c against methicillin-resistant Staphylococcus aureus.",2024,J Antibiot (Tokyo),10.1038/s41429-024-00773-9,39472525,,0,0,0,0,0,10,landing_page,o;p;e;n;a;l;e;x;_;l;a;n;d;i;n;g
doi__10.1038_s41551-021-00689-x,weak_source,recover_or_stage_primary_xml_then_build_material_packet,/mnt/d/work/抗菌肽/数据库/merged_amp_corpus/landed_assets/papers/doi__10.1038_s41551-021-00689-x,Accelerated antimicrobial discovery via deep generative models and molecular dynamics simulations.,2021,Nat Biomed Eng,10.1038/s41551-021-00689-x,33707779,,0,1,0,1,0,10,direct_pdf,o;p;e;n;a;l;e;x;_;p;d;f;;;o;p;e;n;a;l;e;x;_;l;a;n;d;i;n;g
doi__10.1038_s41551-021-00801-1,weak_source,recover_or_stage_primary_xml_then_build_material_packet,/mnt/d/work/抗菌肽/数据库/merged_amp_corpus/landed_assets/papers/doi__10.1038_s41551-021-00801-1,Mining for encrypted peptide antibiotics in the human proteome.,2021,Nat Biomed Eng.,10.1038/s41551-021-00801-1,34737399,,0,1,0,1,0,10,landing_page,o;p;e;n;a;l;e;x;_;l;a;n;d;i;n;g
doi__10.1038_s41551-022-00991-2,weak_source,recover_or_stage_primary_xml_then_build_material_packet,/mnt/d/work/抗菌肽/数据库/merged_amp_corpus/landed_assets/papers/doi__10.1038_s41551-022-00991-2,Identification of potent antimicrobial peptides via a machine-learning pipeline that mines the entire space of peptide sequences.,2023,Nat Biomed Eng,10.1038/s41551-022-00991-2,36635418,,0,1,0,1,0,10,landing_page,o;p;e;n;a;l;e;x;_;l;a;n;d;i;n;g
doi__10.1038_s41557-020-0508-2,weak_source,recover_or_stage_primary_xml_then_build_material_packet,/mnt/d/work/抗菌肽/数据库/merged_amp_corpus/landed_assets/papers/doi__10.1038_s41557-020-0508-2,Acyltransferase that catalyses the condensation of polyketide and peptide moieties of goadvionin hybrid lipopeptides.,2020,Nat Chem,10.1038/s41557-020-0508-2,32719482,,0,1,0,1,0,10,landing_page,o;p;e;n;a;l;e;x;_;l;a;n;d;i;n;g
doi__10.1038_s41564-018-0110-1,weak_source,recover_or_stage_primary_xml_then_build_material_packet,/mnt/d/work/抗菌肽/数据库/merged_amp_corpus/landed_assets/papers/doi__10.1038_s41564-018-0110-1,Culture-independent discovery of the malacidins as calcium-dependent antibiotics with activity against multidrug-resistant Gram-positive pathogens.,2018,Nat Microbiol,10.1038/s41564-018-0110-1,29434326,PMC5874163,0,3,0,3,1,10,direct_pdf,l;o;c;a;l;_;p;d;f;;;l;o;c;a;l;_;p;a;c;k;a;g;e;;;o;p;e;n;a;l;e;x;_;p;d;f;;;o;p;e;n;a;l;e;x;_;l;a;n;d;i;n;g;;;f;u;l;l;t;e;x;t;_;s;i;g;n;a;l
doi__10.1038_s41564-022-01227-4,weak_source,recover_or_stage_primary_xml_then_build_material_packet,/mnt/d/work/抗菌肽/数据库/merged_amp_corpus/landed_assets/papers/doi__10.1038_s41564-022-01227-4,Computational identification of a systemic antibiotic for gram-negative bacteria.,2022,Nat Microbiol,10.1038/s41564-022-01227-4,36163500,PMC10155127,0,3,0,3,0,0,direct_pdf,f;u;l;l;t;e;x;t;_;s;i;g;n;a;l;;;o;p;e;n;a;l;e;x;_;l;a;n;d;i;n;g;;;o;p;e;n;a;l;e;x;_;p;d;f
doi__10.1038_s41573-019-0058-8,metadata_only,attempt_external_primary_fulltext_then_inventory_existing_supplementary_assets,/mnt/d/work/抗菌肽/数据库/merged_amp_corpus/landed_assets/papers/doi__10.1038_s41573-019-0058-8,functions and clinical potential,2020,,10.1038/s41573-019-0058-8,32107480,,0,0,0,0,0,2,direct_pdf,o;p;e;n;a;l;e;x;_;l;a;n;d;i;n;g;;;o;p;e;n;a;l;e;x;_;p;d;f
doi__10.1038_s41586-018-0483-6,weak_source,recover_or_stage_primary_xml_then_build_material_packet,/mnt/d/work/抗菌肽/数据库/merged_amp_corpus/landed_assets/papers/doi__10.1038_s41586-018-0483-6,Optimized arylomycins are a new class of Gram-negative antibiotics.,2018,Nature,10.1038/s41586-018-0483-6,30209367,,0,1,0,1,0,10,landing_page,o;p;e;n;a;l;e;x;_;l;a;n;d;i;n;g
doi__10.1038_s41586-019-1665-6,weak_source,recover_or_stage_primary_xml_then_build_material_packet,/mnt/d/work/抗菌肽/数据库/merged_amp_corpus/landed_assets/papers/doi__10.1038_s41586-019-1665-6,Chimeric peptidomimetic antibiotics against Gram-negative bacteria.,2019,Nature,10.1038/s41586-019-1665-6,31645764,,0,1,0,1,0,18,package_or_supplementary,l;o;c;a;l;_;s;u;p;p;l;e;m;e;n;t;a;r;y;;;o;p;e;n;a;l;e;x;_;l;a;n;d;i;n;g
doi__10.1038_s41586-021-04264-x,weak_source,recover_or_stage_primary_xml_then_build_material_packet,/mnt/d/work/抗菌肽/数据库/merged_amp_corpus/landed_assets/papers/doi__10.1038_s41586-021-04264-x,A naturally inspired antibiotic to target multidrug-resistant pathogens.,2022,Nature,10.1038/s41586-021-04264-x,34987225,PMC10321319,0,1,0,1,0,10,direct_pdf,o;p;e;n;a;l;e;x;_;p;d;f;;;o;p;e;n;a;l;e;x;_;l;a;n;d;i;n;g;;;f;u;l;l;t;e;x;t;_;s;i;g;n;a;l
doi__10.1038_s41586-025-08723-7,weak_source,recover_or_stage_primary_xml_then_build_material_packet,/mnt/d/work/抗菌肽/数据库/merged_amp_corpus/landed_assets/papers/doi__10.1038_s41586-025-08723-7,A broad-spectrum lasso peptide antibiotic targeting the bacterial ribosome.,2025,Nature,10.1038/s41586-025-08723-7,40140562,PMC12497486,0,1,0,1,0,10,fulltext_or_xml,f;u;l;l;t;e;x;t;_;s;i;g;n;a;l;;;o;p;e;n;a;l;e;x;_;l;a;n;d;i;n;g
doi__10.1038_s41587-019-0222-z,weak_source,recover_or_stage_primary_xml_then_build_material_packet,/mnt/d/work/抗菌肽/数据库/merged_amp_corpus/landed_assets/papers/doi__10.1038_s41587-019-0222-z,"Design of stapled antimicrobial peptides that are stable, nontoxic and kill antibiotic-resistant bacteria in mice.",2019,Nat Biotechnol,10.1038/s41587-019-0222-z,31427820,PMC7437984,0,1,0,1,1,10,direct_pdf,l;o;c;a;l;_;p;d;f;;;l;o;c;a;l;_;p;a;c;k;a;g;e;;;l;o;c;a;l;_;s;u;p;p;l;e;m;e;n;t;a;r;y;;;o;p;e;n;a;l;e;x;_;l;a;n;d;i;n;g;;;f;u;l;l;t;e;x;t;_;s;i;g;n;a;l
doi__10.1038_s41587-022-01226-0,weak_source,recover_or_stage_primary_xml_then_build_material_packet,/mnt/d/work/抗菌肽/数据库/merged_amp_corpus/landed_assets/papers/doi__10.1038_s41587-022-01226-0,Identification of antimicrobial peptides from the human gut microbiome using deep learning.,2022,Nat Biotechnol.,10.1038/s41587-022-01226-0,35241840,,0,2,0,2,0,10,landing_page,o;p;e;n;a;l;e;x;_;l;a;n;d;i;n;g
doi__10.1038_s41589-018-0068-6,weak_source,recover_or_stage_primary_xml_then_build_material_packet,/mnt/d/work/抗菌肽/数据库/merged_amp_corpus/landed_assets/papers/doi__10.1038_s41589-018-0068-6,The anti-staphylococcal lipolanthines are ribosomally synthesized lipopeptides.,2018,Nat Chem Biol,10.1038/s41589-018-0068-6,29915235,,0,1,0,1,0,10,landing_page,o;p;e;n;a;l;e;x;_;l;a;n;d;i;n;g
doi__10.1038_sj.gt.3301154,metadata_only,attempt_external_primary_fulltext_then_inventory_existing_supplementary_assets,/mnt/d/work/抗菌肽/数据库/merged_amp_corpus/landed_assets/papers/doi__10.1038_sj.gt.3301154,Novel cell permeable motif derived from the PreS2-domain of hepatitis-B virus surface antigens.,2000,J Pept Res,10.1038/sj.gt.3301154,10822301,,0,0,0,0,0,1,landing_page,o;p;e;n;a;l;e;x;_;l;a;n;d;i;n;g
doi__10.1038_sj.onc.1207999,metadata_only,attempt_external_primary_fulltext_then_inventory_existing_supplementary_assets,/mnt/d/work/抗菌肽/数据库/merged_amp_corpus/landed_assets/papers/doi__10.1038_sj.onc.1207999,A RasGAP-derived cell permeable peptide potently enhances genotoxin-induced cytotoxicity in tumor cells,2004,Oncogene,10.1038/sj.onc.1207999,15467750,,0,0,0,0,0,10,landing_page,o;p;e;n;a;l;e;x;_;l;a;n;d;i;n;g
doi__10.1038_sj.onc.1209489,metadata_only,attempt_external_primary_fulltext_then_inventory_existing_supplementary_assets,/mnt/d/work/抗菌肽/数据库/merged_amp_corpus/landed_assets/papers/doi__10.1038_sj.onc.1209489,BH3 peptidomimetics potently activate apoptosis and demonstrate single agent efficacy in neuroblastoma,2006,Cancer Immunol Immunother,10.1038/sj.onc.1209489,16568093,,0,0,0,0,0,10,landing_page,o;p;e;n;a;l;e;x;_;l;a;n;d;i;n;g
doi__10.1039_c2cc36336d,weak_source,recover_or_stage_primary_xml_then_build_material_packet,/mnt/d/work/抗菌肽/数据库/merged_amp_corpus/landed_assets/papers/doi__10.1039_c2cc36336d,Heterologous production of the lantibiotic Ala(0)actagardine in Escherichia coli.,2012,Chem Commun (Camb).,10.1039/c2cc36336d,23034674,PMC3485686,0,2,0,2,0,1,direct_pdf,o;p;e;n;a;l;e;x;_;p;d;f;;;o;p;e;n;a;l;e;x;_;l;a;n;d;i;n;g;;;f;u;l;l;t;e;x;t;_;s;i;g;n;a;l
doi__10.1039_c3cc38977d,weak_source,recover_or_stage_primary_xml_then_build_material_packet,/mnt/d/work/抗菌肽/数据库/merged_amp_corpus/landed_assets/papers/doi__10.1039_c3cc38977d,Antimicrobial metallopeptides with broad nuclease and ribonuclease activity.,2013,Chem Commun (Camb),10.1039/c3cc38977d,23380915,PMC3632407,0,1,0,1,0,6,fulltext_or_xml,f;u;l;l;t;e;x;t;_;s;i;g;n;a;l;;;o;p;e;n;a;l;e;x;_;l;a;n;d;i;n;g
doi__10.1039_c3ob41659c,weak_source,recover_or_stage_primary_xml_then_build_material_packet,/mnt/d/work/抗菌肽/数据库/merged_amp_corpus/landed_assets/papers/doi__10.1039_c3ob41659c,Parallel synthesis and splicing redirection activity of cell-penetrating peptide conjugate libraries of a PNA cargo.,2013,Org Biomol Chem,10.1039/c3ob41659c,24105028,,0,2,0,2,0,1,direct_pdf,o;p;e;n;a;l;e;x;_;p;d;f;;;o;p;e;n;a;l;e;x;_;l;a;n;d;i;n;g
doi__10.1039_c3ra42599a,weak_source,recover_or_stage_primary_xml_then_build_material_packet,/mnt/d/work/抗菌肽/数据库/merged_amp_corpus/landed_assets/papers/doi__10.1039_c3ra42599a,"Structural location determines functional roles of the basic amino acids of KR-12, the smallest antimicrobial peptide from human cathelicidin LL-37.",2013,RSC Adv,10.1039/c3ra42599a,24307932,PMC3844289,0,1,0,1,0,1,fulltext_or_xml,f;u;l;l;t;e;x;t;_;s;i;g;n;a;l;;;o;p;e;n;a;l;e;x;_;l;a;n;d;i;n;g
doi__10.1039_c4cc02780a,weak_source,recover_or_stage_primary_xml_then_build_material_packet,/mnt/d/work/抗菌肽/数据库/merged_amp_corpus/landed_assets/papers/doi__10.1039_c4cc02780a,Designed cell penetrating peptide dendrimers efficiently internalize cargo into cells.,2014,Chem Commun (Camb),10.1039/c4cc02780a,24870379,,0,2,0,2,0,1,direct_pdf,o;p;e;n;a;l;e;x;_;p;d;f;;;o;p;e;n;a;l;e;x;_;l;a;n;d;i;n;g
doi__10.1039_c4ob00673a,weak_source,recover_or_stage_primary_xml_then_build_material_packet,/mnt/d/work/抗菌肽/数据库/merged_amp_corpus/landed_assets/papers/doi__10.1039_c4ob00673a,Interaction of amphiphilic α-helical cell-penetrating peptides with heparan sulfate.,2014,Org Biomol Chem,10.1039/c4ob00673a,24867193,,0,2,0,2,0,1,direct_pdf,o;p;e;n;a;l;e;x;_;p;d;f;;;o;p;e;n;a;l;e;x;_;l;a;n;d;i;n;g
doi__10.1039_c4ra00132j,weak_source,recover_or_stage_primary_xml_then_build_material_packet,/mnt/d/work/抗菌肽/数据库/merged_amp_corpus/landed_assets/papers/doi__10.1039_c4ra00132j,"Kurahyne, an acetylene-containing lipopeptide from a marine cyanobacterial assemblage of Lyngbya sp.",2014,RSC Adv,10.1039/c4ra00132j,,,0,2,0,2,0,1,direct_pdf,o;p;e;n;a;l;e;x;_;p;d;f;;;o;p;e;n;a;l;e;x;_;l;a;n;d;i;n;g;;;f;u;l;l;t;e;x;t;_;s;i;g;n;a;l;;;c;r;o;s;s;r;e;f;_;i;d;e;n;t;i;f;i;e;r
doi__10.1039_c5ob01269d,weak_source,recover_or_stage_primary_xml_then_build_material_packet,/mnt/d/work/抗菌肽/数据库/merged_amp_corpus/landed_assets/papers/doi__10.1039_c5ob01269d,"Legonaridin, a new member of linaridin RiPP from a Ghanaian Streptomyces isolate.",2015,Org Biomol Chem,10.1039/c5ob01269d,26256511,,0,1,0,1,0,1,direct_pdf,o;p;e;n;a;l;e;x;_;l;a;n;d;i;n;g;;;o;p;e;n;a;l;e;x;_;p;d;f
doi__10.1039_c5ra07896b,weak_source,recover_or_stage_primary_xml_then_build_material_packet,/mnt/d/work/抗菌肽/数据库/merged_amp_corpus/landed_assets/papers/doi__10.1039_c5ra07896b,Small lipopeptides possess anti-biofilm capability comparable to daptomycin and vancomycin.,2015,RSC Adv,10.1039/c5ra07896b,26257894,PMC4524557,0,1,0,1,0,7,fulltext_or_xml,f;u;l;l;t;e;x;t;_;s;i;g;n;a;l;;;o;p;e;n;a;l;e;x;_;l;a;n;d;i;n;g
doi__10.1039_c6ra10905e,weak_source,recover_or_stage_primary_xml_then_build_material_packet,/mnt/d/work/抗菌肽/数据库/merged_amp_corpus/landed_assets/papers/doi__10.1039_c6ra10905e,Three cyclic pentapeptides and a cyclic lipopeptide produced by endophytic Fusarium decemcellulare LG53,2016,RSC Adv,10.1039/c6ra10905e,,,0,2,0,2,0,1,direct_pdf,o;p;e;n;a;l;e;x;_;p;d;f;;;o;p;e;n;a;l;e;x;_;l;a;n;d;i;n;g;;;f;u;l;l;t;e;x;t;_;s;i;g;n;a;l;;;c;r;o;s;s;r;e;f;_;i;d;e;n;t;i;f;i;e;r
doi__10.1039_c7nr05872a,weak_source,recover_or_stage_primary_xml_then_build_material_packet,/mnt/d/work/抗菌肽/数据库/merged_amp_corpus/landed_assets/papers/doi__10.1039_c7nr05872a,Challenging metastatic breast cancer with the natural defensin PvD(1).,2017,Nanoscale,10.1039/c7nr05872a,29076508,,0,2,0,2,0,1,direct_pdf,o;p;e;n;a;l;e;x;_;p;d;f;;;o;p;e;n;a;l;e;x;_;l;a;n;d;i;n;g
doi__10.1039_c8me00051d,weak_source,recover_or_stage_primary_xml_then_build_material_packet,/mnt/d/work/抗菌肽/数据库/merged_amp_corpus/landed_assets/papers/doi__10.1039_c8me00051d,Systematic Mutagenesis of Oncocin Reveals Enhanced Activity and Insights into the Mechanisms of Antimicrobial Activity.,2018,Mol Syst Des Eng,10.1039/c8me00051d,31105969,PMC6519479,0,1,0,1,0,1,fulltext_or_xml,f;u;l;l;t;e;x;t;_;s;i;g;n;a;l;;;o;p;e;n;a;l;e;x;_;l;a;n;d;i;n;g
doi__10.1039_c8sm02180e,metadata_only,attempt_external_primary_fulltext_then_inventory_existing_supplementary_assets,/mnt/d/work/抗菌肽/数据库/merged_amp_corpus/landed_assets/papers/doi__10.1039_c8sm02180e,Elastic behavior of model membranes with antimicrobial peptides depends on lipid specificity and d-enantiomers.,2019,Soft Matter,10.1039/c8sm02180e,30702120,PMC7485610,0,0,0,0,0,1,direct_pdf,f;u;l;l;t;e;x;t;_;s;i;g;n;a;l;;;o;p;e;n;a;l;e;x;_;l;a;n;d;i;n;g;;;o;p;e;n;a;l;e;x;_;p;d;f
doi__10.1039_c9cc02864a,weak_source,recover_or_stage_primary_xml_then_build_material_packet,/mnt/d/work/抗菌肽/数据库/merged_amp_corpus/landed_assets/papers/doi__10.1039_c9cc02864a,Total synthesis and antimalarial activity of mortiamides A-D.,2019,Chem Commun (Camb),10.1039/c9cc02864a,31155628,,0,1,0,1,0,1,landing_page,o;p;e;n;a;l;e;x;_;l;a;n;d;i;n;g
doi__10.1039_c9dt04545g,weak_source,recover_or_stage_primary_xml_then_build_material_packet,/mnt/d/work/抗菌肽/数据库/merged_amp_corpus/landed_assets/papers/doi__10.1039_c9dt04545g,Metal self-assembly mimosine peptides with enhanced antimicrobial activity: towards a new generation of multitasking chelating agents.,2020,Dalton Trans,10.1039/c9dt04545g,32067003,,0,2,0,2,0,1,direct_pdf,o;p;e;n;a;l;e;x;_;p;d;f;;;o;p;e;n;a;l;e;x;_;l;a;n;d;i;n;g
doi__10.1039_c9md00166b,weak_source,recover_or_stage_primary_xml_then_build_material_packet,/mnt/d/work/抗菌肽/数据库/merged_amp_corpus/landed_assets/papers/doi__10.1039_c9md00166b,Rational design of novel amphipathic antimicrobial peptides focused on the distribution of cationic amino acid residues.,2019,Medchemcomm,10.1039/c9md00166b,31303986,PMC6590335,0,1,0,1,0,1,direct_pdf,f;u;l;l;t;e;x;t;_;s;i;g;n;a;l;;;o;p;e;n;a;l;e;x;_;l;a;n;d;i;n;g;;;o;p;e;n;a;l;e;x;_;p;d;f
doi__10.1039_d0cc08387a,weak_source,recover_or_stage_primary_xml_then_build_material_packet,/mnt/d/work/抗菌肽/数据库/merged_amp_corpus/landed_assets/papers/doi__10.1039_d0cc08387a,Targeting SARS-CoV-2 spike protein by stapled hACE2 peptides.,2021,Chem Commun (Camb),10.1039/d0cc08387a,33651072,,0,2,0,2,0,1,direct_pdf,o;p;e;n;a;l;e;x;_;p;d;f;;;o;p;e;n;a;l;e;x;_;l;a;n;d;i;n;g
doi__10.1039_d1md00091h,weak_source,recover_or_stage_primary_xml_then_build_material_packet,/mnt/d/work/抗菌肽/数据库/merged_amp_corpus/landed_assets/papers/doi__10.1039_d1md00091h,Sulfonium-based liposome-encapsulated antibiotics deliver a synergistic antibacterial activity.,2021,RSC Med Chem,10.1039/d1md00091h,34223166,PMC8221259,0,1,0,1,0,9,fulltext_or_xml,f;u;l;l;t;e;x;t;_;s;i;g;n;a;l;;;o;p;e;n;a;l;e;x;_;l;a;n;d;i;n;g
doi__10.1039_d3nr05174a,weak_source,recover_or_stage_primary_xml_then_build_material_packet,/mnt/d/work/抗菌肽/数据库/merged_amp_corpus/landed_assets/papers/doi__10.1039_d3nr05174a,Turning cationic antimicrobial peptide KR-12 into self-assembled nanobiotics with potent bacterial killing and LPS neutralizing activities.,2023,Nanoscale,10.1039/d3nr05174a,38105768,,0,2,0,2,0,1,direct_pdf,o;p;e;n;a;l;e;x;_;p;d;f;;;o;p;e;n;a;l;e;x;_;l;a;n;d;i;n;g
doi__10.1039_d5dt00562k,weak_source,recover_or_stage_primary_xml_then_build_material_packet,/mnt/d/work/抗菌肽/数据库/merged_amp_corpus/landed_assets/papers/doi__10.1039_d5dt00562k,Exploring zinc(II) ion binding and antimicrobial activity viaD-amino acid substitution and retro-inverso modifications in MUC7 peptide from human saliva.,2025,Dalton Trans,10.1039/d5dt00562k,40709366,,0,1,0,1,0,1,landing_page,o;p;e;n;a;l;e;x;_;l;a;n;d;i;n;g
doi__10.1042_0264-6021_3590035,metadata_only,attempt_external_primary_fulltext_then_inventory_existing_supplementary_assets,/mnt/d/work/抗菌肽/数据库/merged_amp_corpus/landed_assets/papers/doi__10.1042_0264-6021_3590035,Characterization of unique amphipathic antimicrobial peptides from venom of the scorpion Pandinus imperator.,2001,Biochem J,10.1042/0264-6021:3590035,11563967,PMC1222119,0,0,0,0,0,3,fulltext_or_xml,f;u;l;l;t;e;x;t;_;s;i;g;n;a;l;;;o;p;e;n;a;l;e;x;_;l;a;n;d;i;n;g
doi__10.1042_bj20040422,metadata_only,attempt_external_primary_fulltext_then_inventory_existing_supplementary_assets,/mnt/d/work/抗菌肽/数据库/merged_amp_corpus/landed_assets/papers/doi__10.1042_bj20040422,"Structure, conformation and biological activity of a novel lipodepsipeptide from Pseudomonas corrugata: cormycin A.",2004,Biochem J,10.1042/bj20040422,15196052,PMC1134085,0,0,0,0,0,9,fulltext_or_xml,f;u;l;l;t;e;x;t;_;s;i;g;n;a;l;;;o;p;e;n;a;l;e;x;_;l;a;n;d;i;n;g
doi__10.1042_bj20051371,metadata_only,attempt_external_primary_fulltext_then_inventory_existing_supplementary_assets,/mnt/d/work/抗菌肽/数据库/merged_amp_corpus/landed_assets/papers/doi__10.1042_bj20051371,"Kalata B8, a novel antiviral circular protein, exhibits conformational flexibility in the cystine knot motif.",2006,Biochem J,10.1042/bj20051371,16207177,PMC1360714,0,0,0,0,0,8,fulltext_or_xml,f;u;l;l;t;e;x;t;_;s;i;g;n;a;l;;;o;p;e;n;a;l;e;x;_;l;a;n;d;i;n;g
doi__10.1042_bj20060318,metadata_only,attempt_external_primary_fulltext_then_inventory_existing_supplementary_assets,/mnt/d/work/抗菌肽/数据库/merged_amp_corpus/landed_assets/papers/doi__10.1042_bj20060318,"Antimicrobial activity of omwaprin, a new member of the waprin family of snake venom proteins.",2007,Biochem J,10.1042/bj20060318,17044815,PMC1783991,0,0,0,0,0,9,fulltext_or_xml,o;p;e;n;a;l;e;x;_;l;a;n;d;i;n;g;;;f;u;l;l;t;e;x;t;_;s;i;g;n;a;l
doi__10.1042_bj20060627,metadata_only,attempt_external_primary_fulltext_then_inventory_existing_supplementary_assets,/mnt/d/work/抗菌肽/数据库/merged_amp_corpus/landed_assets/papers/doi__10.1042_bj20060627,"A novel suite of cyclotides from Viola odorata: sequence variation and the implications for structure, function and stability.",2006,Biochem J.,10.1042/bj20060627,16872274,PMC1635437,0,0,0,0,0,9,fulltext_or_xml,f;u;l;l;t;e;x;t;_;s;i;g;n;a;l;;;o;p;e;n;a;l;e;x;_;l;a;n;d;i;n;g
doi__10.1042_bj3000567,metadata_only,attempt_external_primary_fulltext_then_inventory_existing_supplementary_assets,/mnt/d/work/抗菌肽/数据库/merged_amp_corpus/landed_assets/papers/doi__10.1042_bj3000567,"Novel inducible antibacterial peptides from a hemipteran insect, the sap-sucking bug Pyrrhocoris apterus",1994,Biochem J.,10.1042/bj3000567,8002963,PMC1138199,0,0,0,0,0,3,fulltext_or_xml,f;u;l;l;t;e;x;t;_;s;i;g;n;a;l;;;o;p;e;n;a;l;e;x;_;l;a;n;d;i;n;g
doi__10.1042_bj3130141,metadata_only,attempt_external_primary_fulltext_then_inventory_existing_supplementary_assets,/mnt/d/work/抗菌肽/数据库/merged_amp_corpus/landed_assets/papers/doi__10.1042_bj3130141,Rapid identification of compounds with enhanced antimicrobial activity by using conformationally defined combinatorial libraries.,1996,Biochem J,10.1042/bj3130141,8546675,PMC1216874,0,0,0,0,0,1,fulltext_or_xml,f;u;l;l;t;e;x;t;_;s;i;g;n;a;l;;;o;p;e;n;a;l;e;x;_;l;a;n;d;i;n;g
doi__10.1046_j.1399-3011.2003.00106.x,metadata_only,attempt_external_primary_fulltext_then_inventory_existing_supplementary_assets,/mnt/d/work/抗菌肽/数据库/merged_amp_corpus/landed_assets/papers/doi__10.1046_j.1399-3011.2003.00106.x,Effects of single D-amino acid substitutions on disruption of beta-sheet structure and hydrophobicity in cyclic 14-residue antimicrobial peptide analogs related to gramicidin S.,2004,J Pept Res,10.1046/j.1399-3011.2003.00106.x,15009528,PMC1464084,0,0,0,0,0,9,fulltext_or_xml,f;u;l;l;t;e;x;t;_;s;i;g;n;a;l;;;o;p;e;n;a;l;e;x;_;l;a;n;d;i;n;g
doi__10.1046_j.1432-1327.1998.2530452.x,weak_source,recover_or_stage_primary_xml_then_build_material_packet,/mnt/d/work/抗菌肽/数据库/merged_amp_corpus/landed_assets/papers/doi__10.1046_j.1432-1327.1998.2530452.x,Bactericidal activity of Lys49 and Asp49 myotoxic phospholipases A2 from Bothrops asper snake venom--synthetic Lys49 myotoxin II-(115-129)-peptide identifies its bactericidal region,1998,Eur J Biochem.,10.1046/j.1432-1327.1998.2530452.x,9654096,,0,1,0,1,0,0,landing_page,o;p;e;n;a;l;e;x;_;l;a;n;d;i;n;g
doi__10.1055_s-2000-9776,weak_source,recover_or_stage_primary_pdf_then_build_material_packet,/mnt/d/work/抗菌肽/数据库/merged_amp_corpus/landed_assets/papers/doi__10.1055_s-2000-9776,Antimycobacterial and antiplasmodial cyclodepsipeptides from the insect pathogenic fungus Paecilomyces tenuipes BCC 1614.,2000,Planta Med,10.1055/s-2000-9776,11199137,,1,0,1,0,0,0,landing_page,o;p;e;n;a;l;e;x;_;l;a;n;d;i;n;g
doi__10.1073_pnas.0307327101,metadata_only,attempt_external_primary_fulltext_then_inventory_existing_supplementary_assets,/mnt/d/work/抗菌肽/数据库/merged_amp_corpus/landed_assets/papers/doi__10.1073_pnas.0307327101,The genome sequence of the probiotic intestinal bacterium Lactobacillus johnsonii NCC 533.,2004,Proc Natl Acad Sci U S A,10.1073/pnas.0307327101,14983040,,0,0,0,0,0,9,landing_page,o;p;e;n;a;l;e;x;_;l;a;n;d;i;n;g
doi__10.1073_pnas.0408639102,metadata_only,attempt_external_primary_fulltext_then_inventory_existing_supplementary_assets,/mnt/d/work/抗菌肽/数据库/merged_amp_corpus/landed_assets/papers/doi__10.1073_pnas.0408639102,Revisiting quorum sensing: Discovery of additional chemical and biological functions for 3-oxo-N-acylhomoserine lactones.,2004,Proc Natl Acad Sci U S A,10.1073/pnas.0408639102,15623555,PMC544315,0,0,0,0,0,7,fulltext_or_xml,f;u;l;l;t;e;x;t;_;s;i;g;n;a;l;;;o;p;e;n;a;l;e;x;_;l;a;n;d;i;n;g
doi__10.1073_pnas.0501424102,metadata_only,attempt_external_primary_fulltext_then_inventory_existing_supplementary_assets,/mnt/d/work/抗菌肽/数据库/merged_amp_corpus/landed_assets/papers/doi__10.1073_pnas.0501424102,"Patellamide A and C biosynthesis by a microcin-like pathway in Prochloron didemni, the cyanobacterial symbiont of Lissoclinum patella.",2005,Proc Natl Acad Sci U S A,10.1073/pnas.0501424102,15883371,,0,0,0,0,0,7,direct_pdf,o;p;e;n;a;l;e;x;_;l;a;n;d;i;n;g;;;o;p;e;n;a;l;e;x;_;p;d;f
doi__10.1073_pnas.052706399,metadata_only,attempt_external_primary_fulltext_then_inventory_existing_supplementary_assets,/mnt/d/work/抗菌肽/数据库/merged_amp_corpus/landed_assets/papers/doi__10.1073_pnas.052706399,Retrocyclin: a primate peptide that protects cells from infection by T- and M-tropic strains of HIV-1.,2002,Proc Natl Acad Sci U S A,10.1073/pnas.052706399,11854483,PMC122276,0,0,0,0,0,10,fulltext_or_xml,o;p;e;n;a;l;e;x;_;l;a;n;d;i;n;g;;;f;u;l;l;t;e;x;t;_;s;i;g;n;a;l
doi__10.1073_pnas.0603727103,metadata_only,attempt_external_primary_fulltext_then_inventory_existing_supplementary_assets,/mnt/d/work/抗菌肽/数据库/merged_amp_corpus/landed_assets/papers/doi__10.1073_pnas.0603727103,An endogenous peptide signal in Arabidopsis activates components of the innate immune response.,2006,Proc Natl Acad Sci U S A,10.1073/pnas.0603727103,16785434,,0,0,0,0,0,10,landing_page,o;p;e;n;a;l;e;x;_;l;a;n;d;i;n;g
doi__10.1073_pnas.0606129103,metadata_only,attempt_external_primary_fulltext_then_inventory_existing_supplementary_assets,/mnt/d/work/抗菌肽/数据库/merged_amp_corpus/landed_assets/papers/doi__10.1073_pnas.0606129103,Ultrashort antibacterial and antifungal lipopeptides.,2006,Proc Natl Acad Sci U S A,10.1073/pnas.0606129103,17038500,PMC1635116,0,0,0,0,0,6,fulltext_or_xml,f;u;l;l;t;e;x;t;_;s;i;g;n;a;l;;;o;p;e;n;a;l;e;x;_;l;a;n;d;i;n;g
doi__10.1073_pnas.0607117103,weak_source,recover_or_stage_primary_xml_then_build_material_packet,/mnt/d/work/抗菌肽/数据库/merged_amp_corpus/landed_assets/papers/doi__10.1073_pnas.0607117103,Comparative genomics of the lactic acid bacteria.,2006,Proc Natl Acad Sci U S A,10.1073/pnas.0607117103,17030793,,0,1,0,1,0,1,landing_page,o;p;e;n;a;l;e;x;_;l;a;n;d;i;n;g
doi__10.1073_pnas.0701478104,metadata_only,attempt_external_primary_fulltext_then_inventory_existing_supplementary_assets,/mnt/d/work/抗菌肽/数据库/merged_amp_corpus/landed_assets/papers/doi__10.1073_pnas.0701478104,"Design of helical, oligomeric HIV-1 fusion inhibitor peptides with potent activity against enfuvirtide-resistant virus.",2007,Proc Natl Acad Sci U S A,10.1073/pnas.0701478104,17640899,PMC1937542,0,0,0,0,0,8,fulltext_or_xml,f;u;l;l;t;e;x;t;_;s;i;g;n;a;l;;;o;p;e;n;a;l;e;x;_;l;a;n;d;i;n;g
doi__10.1073_pnas.0707037104,metadata_only,attempt_external_primary_fulltext_then_inventory_existing_supplementary_assets,/mnt/d/work/抗菌肽/数据库/merged_amp_corpus/landed_assets/papers/doi__10.1073_pnas.0707037104,"Chicken cathelicidin-B1, an antimicrobial guardian at the mucosal M cell gateway.",2007,Proc Natl Acad Sci U S A,10.1073/pnas.0707037104,17827276,PMC1986613,0,0,0,0,0,8,fulltext_or_xml,o;p;e;n;a;l;e;x;_;l;a;n;d;i;n;g;;;f;u;l;l;t;e;x;t;_;s;i;g;n;a;l
doi__10.1073_pnas.0712380105,metadata_only,attempt_external_primary_fulltext_then_inventory_existing_supplementary_assets,/mnt/d/work/抗菌肽/数据库/merged_amp_corpus/landed_assets/papers/doi__10.1073_pnas.0712380105,A virocidal amphipathic {alpha}-helical peptide that inhibits hepatitis C virus infection in vitro.,2008,Proc Natl Acad Sci U S A,10.1073/pnas.0712380105,18287023,PMC2268589,0,0,0,0,0,8,fulltext_or_xml,f;u;l;l;t;e;x;t;_;s;i;g;n;a;l;;;o;p;e;n;a;l;e;x;_;l;a;n;d;i;n;g
doi__10.1073_pnas.0901506106,metadata_only,attempt_external_primary_fulltext_then_inventory_existing_supplementary_assets,/mnt/d/work/抗菌肽/数据库/merged_amp_corpus/landed_assets/papers/doi__10.1073_pnas.0901506106,Scaleable manufacture of HIV-1 entry inhibitor griffithsin and validation of its safety and efficacy as a topical microbicide component.,2009,Proc Natl Acad Sci U S A,10.1073/pnas.0901506106,19332801,PMC2662964,0,0,0,0,0,7,fulltext_or_xml,f;u;l;l;t;e;x;t;_;s;i;g;n;a;l;;;o;p;e;n;a;l;e;x;_;l;a;n;d;i;n;g
doi__10.1073_pnas.0904465106,metadata_only,attempt_external_primary_fulltext_then_inventory_existing_supplementary_assets,/mnt/d/work/抗菌肽/数据库/merged_amp_corpus/landed_assets/papers/doi__10.1073_pnas.0904465106,Selective reciprocity in antimicrobial activity versus cytotoxicity of hBD-2 and crotamine.,2009,Proc Natl Acad Sci U S A,10.1073/pnas.0904465106,,,0,0,0,0,0,6,fulltext_or_xml,c;r;o;s;s;r;e;f;_;i;d;e;n;t;i;f;i;e;r;;;f;u;l;l;t;e;x;t;_;s;i;g;n;a;l;;;o;p;e;n;a;l;e;x;_;l;a;n;d;i;n;g
doi__10.1073_pnas.0913554107,metadata_only,attempt_external_primary_fulltext_then_inventory_existing_supplementary_assets,/mnt/d/work/抗菌肽/数据库/merged_amp_corpus/landed_assets/papers/doi__10.1073_pnas.0913554107,"Thuricin CD, a posttranslationally modified bacteriocin with a narrow spectrum of activity against Clostridium difficile.",2010,Proc Natl Acad Sci U S A,10.1073/pnas.0913554107,20435915,PMC2889069,0,0,0,0,0,7,fulltext_or_xml,f;u;l;l;t;e;x;t;_;s;i;g;n;a;l;;;o;p;e;n;a;l;e;x;_;l;a;n;d;i;n;g
doi__10.1073_pnas.1008608107,metadata_only,attempt_external_primary_fulltext_then_inventory_existing_supplementary_assets,/mnt/d/work/抗菌肽/数据库/merged_amp_corpus/landed_assets/papers/doi__10.1073_pnas.1008608107,Genome mining and genetic analysis of cypemycin biosynthesis reveal an unusual class of posttranslationally modified peptides.,2010,Proc Natl Acad Sci U S A,10.1073/pnas.1008608107,20805503,,0,0,0,0,0,10,landing_page,o;p;e;n;a;l;e;x;_;l;a;n;d;i;n;g
doi__10.1073_pnas.1110435108,metadata_only,attempt_external_primary_fulltext_then_inventory_existing_supplementary_assets,/mnt/d/work/抗菌肽/数据库/merged_amp_corpus/landed_assets/papers/doi__10.1073_pnas.1110435108,Identification of the thiazolyl peptide GE37468 gene cluster from Streptomyces ATCC 55365 and heterologous expression in Streptomyces lividans.,2011,Proc Natl Acad Sci U S A,10.1073/pnas.1110435108,21788474,PMC3156177,0,0,0,0,0,8,fulltext_or_xml,o;p;e;n;a;l;e;x;_;l;a;n;d;i;n;g;;;f;u;l;l;t;e;x;t;_;s;i;g;n;a;l;;;n;c;b;i;_;d;o;i;;;n;c;b;i;_;p;m;c;i;d
doi__10.1073_pnas.1222824110,metadata_only,attempt_external_primary_fulltext_then_inventory_existing_supplementary_assets,/mnt/d/work/抗菌肽/数据库/merged_amp_corpus/landed_assets/papers/doi__10.1073_pnas.1222824110,Nanoscale imaging reveals laterally expanding antimicrobial pores in lipid bilayers.,2013,Proc Natl Acad Sci U S A,10.1073/pnas.1222824110,23671080,PMC3670350,0,0,0,0,0,2,fulltext_or_xml,f;u;l;l;t;e;x;t;_;s;i;g;n;a;l;;;o;p;e;n;a;l;e;x;_;l;a;n;d;i;n;g
doi__10.1073_pnas.141222098,metadata_only,attempt_external_primary_fulltext_then_inventory_existing_supplementary_assets,/mnt/d/work/抗菌肽/数据库/merged_amp_corpus/landed_assets/papers/doi__10.1073_pnas.141222098,The complete genome of the crenarchaeon Sulfolobus solfataricus P2.,2001,Proc Natl Acad Sci U S A,10.1073/pnas.141222098,11427726,,0,0,0,0,0,9,landing_page,o;p;e;n;a;l;e;x;_;l;a;n;d;i;n;g
doi__10.1073_pnas.191366898,metadata_only,attempt_external_primary_fulltext_then_inventory_existing_supplementary_assets,/mnt/d/work/抗菌肽/数据库/merged_amp_corpus/landed_assets/papers/doi__10.1073_pnas.191366898,the cyclic knotted proteins from Oldenlandia affinis.,2001,Proc Natl Acad Sci U S A,10.1073/pnas.191366898,11535828,,0,0,0,0,0,6,landing_page,o;p;e;n;a;l;e;x;_;l;a;n;d;i;n;g
doi__10.1073_pnas.2004045117,metadata_only,attempt_external_primary_fulltext_then_inventory_existing_supplementary_assets,/mnt/d/work/抗菌肽/数据库/merged_amp_corpus/landed_assets/papers/doi__10.1073_pnas.2004045117,The unusual structure of Ruminococcin C1 antimicrobial peptide confers clinical properties.,2020,Proc Natl Acad Sci U S A,10.1073/pnas.2004045117,32719135,PMC7431081,0,0,0,0,0,9,fulltext_or_xml,f;u;l;l;t;e;x;t;_;s;i;g;n;a;l;;;o;p;e;n;a;l;e;x;_;l;a;n;d;i;n;g
doi__10.1073_pnas.2005540117,weak_source,recover_or_stage_primary_xml_then_build_material_packet,/mnt/d/work/抗菌肽/数据库/merged_amp_corpus/landed_assets/papers/doi__10.1073_pnas.2005540117,Two distinct amphipathic peptide antibiotics with systemic efficacy.,2020,Proc Natl Acad Sci U S A,10.1073/pnas.2005540117,32723829,PMC7431008,0,1,0,1,0,5,fulltext_or_xml,o;p;e;n;a;l;e;x;_;l;a;n;d;i;n;g;;;f;u;l;l;t;e;x;t;_;s;i;g;n;a;l
doi__10.1073_pnas.2012379117,metadata_only,attempt_external_primary_fulltext_then_inventory_existing_supplementary_assets,/mnt/d/work/抗菌肽/数据库/merged_amp_corpus/landed_assets/papers/doi__10.1073_pnas.2012379117,Repurposing a peptide toxin from wasp venom into antiinfectives with dual antimicrobial and immunomodulatory properties.,2020,Proc Natl Acad Sci U S A.,10.1073/pnas.2012379117,33046640,PMC7604428,0,0,0,0,0,1,fulltext_or_xml,f;u;l;l;t;e;x;t;_;s;i;g;n;a;l;;;o;p;e;n;a;l;e;x;_;l;a;n;d;i;n;g
doi__10.1073_pnas.201392898,metadata_only,attempt_external_primary_fulltext_then_inventory_existing_supplementary_assets,/mnt/d/work/抗菌肽/数据库/merged_amp_corpus/landed_assets/papers/doi__10.1073_pnas.201392898,Design of potent inhibitors of HIV-1 entry from the gp41 N-peptide region.,2001,Proc Natl Acad Sci U S A,10.1073/pnas.201392898,11572974,PMC58705,0,0,0,0,0,5,fulltext_or_xml,f;u;l;l;t;e;x;t;_;s;i;g;n;a;l;;;o;p;e;n;a;l;e;x;_;l;a;n;d;i;n;g
doi__10.1073_pnas.2014442118,metadata_only,attempt_external_primary_fulltext_then_inventory_existing_supplementary_assets,/mnt/d/work/抗菌肽/数据库/merged_amp_corpus/landed_assets/papers/doi__10.1073_pnas.2014442118,The amphibian antimicrobial peptide uperin 3.5 is a cross-α/cross-β chameleon functional amyloid.,2021,Proc Natl Acad Sci U S A,10.1073/pnas.2014442118,33431675,PMC7826344,0,0,0,0,0,8,fulltext_or_xml,f;u;l;l;t;e;x;t;_;s;i;g;n;a;l;;;o;p;e;n;a;l;e;x;_;l;a;n;d;i;n;g
doi__10.1073_pnas.210301097,metadata_only,attempt_external_primary_fulltext_then_inventory_existing_supplementary_assets,/mnt/d/work/抗菌肽/数据库/merged_amp_corpus/landed_assets/papers/doi__10.1073_pnas.210301097,"Bacteriocin AS-48, a microbial cyclic polypeptide structurally and functionally related to mammalian NK-lysin.",2000,Proc Natl Acad Sci U S A,10.1073/pnas.210301097,11005847,PMC17181,0,0,0,0,0,5,fulltext_or_xml,f;u;l;l;t;e;x;t;_;s;i;g;n;a;l;;;n;c;b;i;_;d;o;i;;;n;c;b;i;_;p;m;c;i;d;;;o;p;e;n;a;l;e;x;_;l;a;n;d;i;n;g
doi__10.1073_pnas.221363798,metadata_only,attempt_external_primary_fulltext_then_inventory_existing_supplementary_assets,/mnt/d/work/抗菌肽/数据库/merged_amp_corpus/landed_assets/papers/doi__10.1073_pnas.221363798,implications for the development of tsetse-based strategies to reduce trypanosomiasis.,2001,Proc Natl Acad Sci U S A,10.1073/pnas.221363798,11592981,,0,0,0,0,0,10,landing_page,o;p;e;n;a;l;e;x;_;l;a;n;d;i;n;g
doi__10.1073_pnas.221466798,metadata_only,attempt_external_primary_fulltext_then_inventory_existing_supplementary_assets,/mnt/d/work/抗菌肽/数据库/merged_amp_corpus/landed_assets/papers/doi__10.1073_pnas.221466798,Gambicin: a novel immune responsive antimicrobial peptide from the malaria vector Anopheles gambiae,2001,Proc Natl Acad Sci U S A.,10.1073/pnas.221466798,11606751,PMC60105,0,0,0,0,0,6,fulltext_or_xml,o;p;e;n;a;l;e;x;_;l;a;n;d;i;n;g;;;f;u;l;l;t;e;x;t;_;s;i;g;n;a;l
doi__10.1073_pnas.84.15.5449,metadata_only,attempt_external_primary_fulltext_then_inventory_existing_supplementary_assets,/mnt/d/work/抗菌肽/数据库/merged_amp_corpus/landed_assets/papers/doi__10.1073_pnas.84.15.5449,"Magainins, a class of antimicrobial peptides from Xenopus skin: isolation, characterization of two active forms, and partial cDNA sequence of a precursor.",1987,Proc Natl Acad Sci U S A.,10.1073/pnas.84.15.5449,3299384,PMC298875,0,0,0,0,0,3,fulltext_or_xml,f;u;l;l;t;e;x;t;_;s;i;g;n;a;l;;;o;p;e;n;a;l;e;x;_;l;a;n;d;i;n;g
doi__10.1073_pnas.86.23.9159,metadata_only,attempt_external_primary_fulltext_then_inventory_existing_supplementary_assets,/mnt/d/work/抗菌肽/数据库/merged_amp_corpus/landed_assets/papers/doi__10.1073_pnas.86.23.9159,Antibacterial peptides from pig intestine: isolation of a mammalian cecropin.,1989,Proc Natl Acad Sci U S A,10.1073/pnas.86.23.9159,2512577,PMC298453,0,0,0,0,0,1,fulltext_or_xml,f;u;l;l;t;e;x;t;_;s;i;g;n;a;l;;;o;p;e;n;a;l;e;x;_;l;a;n;d;i;n;g
doi__10.1073_pnas.92.25.11456,metadata_only,attempt_external_primary_fulltext_then_inventory_existing_supplementary_assets,/mnt/d/work/抗菌肽/数据库/merged_amp_corpus/landed_assets/papers/doi__10.1073_pnas.92.25.11456,Identification of a hexapeptide inhibitor of the human immunodeficiency virus integrase protein by using a combinatorial chemical library.,1995,Proc Natl Acad Sci U S A,10.1073/pnas.92.25.11456,8524782,PMC40420,0,0,0,0,0,3,fulltext_or_xml,f;u;l;l;t;e;x;t;_;s;i;g;n;a;l;;;o;p;e;n;a;l;e;x;_;l;a;n;d;i;n;g
doi__10.1073_pnas.93.23.13143,metadata_only,attempt_external_primary_fulltext_then_inventory_existing_supplementary_assets,/mnt/d/work/抗菌肽/数据库/merged_amp_corpus/landed_assets/papers/doi__10.1073_pnas.93.23.13143,Apicidin: a novel antiprotozoal agent that inhibits parasite histone deacetylase.,1996,Proc Natl Acad Sci U S A,10.1073/pnas.93.23.13143,8917558,PMC24060,0,0,0,0,0,5,fulltext_or_xml,f;u;l;l;t;e;x;t;_;s;i;g;n;a;l;;;o;p;e;n;a;l;e;x;_;l;a;n;d;i;n;g
doi__10.1073_pnas.94.21.11502,metadata_only,attempt_external_primary_fulltext_then_inventory_existing_supplementary_assets,/mnt/d/work/抗菌肽/数据库/merged_amp_corpus/landed_assets/papers/doi__10.1073_pnas.94.21.11502,Midgut-specific immune molecules are produced by the blood-sucking insect Stomoxys calcitrans.,1997,Proc Natl Acad Sci U S A.,10.1073/pnas.94.21.11502,9326639,PMC23519,0,0,0,0,0,6,fulltext_or_xml,o;p;e;n;a;l;e;x;_;l;a;n;d;i;n;g;;;f;u;l;l;t;e;x;t;_;s;i;g;n;a;l
doi__10.1073_pnas.95.19.11342,metadata_only,attempt_external_primary_fulltext_then_inventory_existing_supplementary_assets,/mnt/d/work/抗菌肽/数据库/merged_amp_corpus/landed_assets/papers/doi__10.1073_pnas.95.19.11342,a matrix-assisted laser desorption ionization time-of-flight mass spectrometry study.,1998,Proc Natl Acad Sci U S A,10.1073/pnas.95.19.11342,9736738,,0,0,0,0,0,4,landing_page,o;p;e;n;a;l;e;x;_;l;a;n;d;i;n;g
doi__10.1073_pnas.95.25.14961,metadata_only,attempt_external_primary_fulltext_then_inventory_existing_supplementary_assets,/mnt/d/work/抗菌肽/数据库/merged_amp_corpus/landed_assets/papers/doi__10.1073_pnas.95.25.14961,Production of beta-defensins by human airway epithelia.,1998,Proc Natl Acad Sci U S A,10.1073/pnas.95.25.14961,9843998,PMC24558,0,0,0,0,0,9,fulltext_or_xml,f;u;l;l;t;e;x;t;_;s;i;g;n;a;l;;;o;p;e;n;a;l;e;x;_;l;a;n;d;i;n;g
doi__10.1074_jbc.m112.359067,weak_source,recover_or_stage_primary_xml_then_build_material_packet,/mnt/d/work/抗菌肽/数据库/merged_amp_corpus/landed_assets/papers/doi__10.1074_jbc.m112.359067,"Conformational flexibility determines selectivity and antibacterial, antiplasmodial, and anticancer potency of cationic α-helical peptides.",2012,J Biol Chem,10.1074/jbc.m112.359067,22869378,PMC3464521,0,2,0,2,2,0,direct_pdf,l;o;c;a;l;_;p;d;f;;;l;o;c;a;l;_;p;a;c;k;a;g;e;;;o;p;e;n;a;l;e;x;_;p;d;f;;;o;p;e;n;a;l;e;x;_;l;a;n;d;i;n;g;;;f;u;l;l;t;e;x;t;_;s;i;g;n;a;l
doi__10.1074_jbc.m112.382028,metadata_only,attempt_external_primary_fulltext_pdf_xml_before_review,/mnt/d/work/抗菌肽/数据库/merged_amp_corpus/landed_assets/papers/doi__10.1074_jbc.m112.382028,"Eurocin, a new fungal defensin: structure, lipid binding and its mode of action.",2012,J Biol Chem.,10.1074/jbc.m112.382028,23093408,PMC3516779,0,0,0,0,0,0,direct_pdf,f;u;l;l;t;e;x;t;_;s;i;g;n;a;l;;;o;p;e;n;a;l;e;x;_;l;a;n;d;i;n;g;;;o;p;e;n;a;l;e;x;_;p;d;f
doi__10.1074_jbc.ra120.012627,weak_source,recover_or_stage_primary_xml_then_build_material_packet,/mnt/d/work/抗菌肽/数据库/merged_amp_corpus/landed_assets/papers/doi__10.1074_jbc.ra120.012627,Discovery and mechanistic studies of cytotoxic cyclotides from the medicinal herb Hybanthus enneaspermus.,2020,J Biol Chem,10.1074/jbc.ra120.012627,32414842,PMC7415973,0,1,0,1,0,0,direct_pdf,l;o;c;a;l;_;p;d;f;;;o;p;e;n;a;l;e;x;_;l;a;n;d;i;n;g;;;f;u;l;l;t;e;x;t;_;s;i;g;n;a;l
doi__10.1080_08927014.2017.1370087,weak_source,recover_or_stage_primary_xml_then_build_material_packet,/mnt/d/work/抗菌肽/数据库/merged_amp_corpus/landed_assets/papers/doi__10.1080_08927014.2017.1370087,KR-12-a5 is a non-cytotoxic agent with potent antimicrobial effects against oral pathogens.,2017,Biofouling,10.1080/08927014.2017.1370087,29022391,,0,1,0,1,0,0,direct_pdf,o;p;e;n;a;l;e;x;_;l;a;n;d;i;n;g;;;o;p;e;n;a;l;e;x;_;p;d;f
doi__10.1080_14786419.2019.1644636,weak_source,recover_or_stage_primary_xml_then_build_material_packet,/mnt/d/work/抗菌肽/数据库/merged_amp_corpus/landed_assets/papers/doi__10.1080_14786419.2019.1644636,Identification and functional characterisation of Esculentin-2 HYba peptides and their C-terminally amidated analogs from the skin secretion of an endemic frog.,2019,Nat Prod Res,10.1080/14786419.2019.1644636,31328553,,0,3,0,3,0,0,direct_pdf,o;p;e;n;a;l;e;x;_;l;a;n;d;i;n;g;;;o;p;e;n;a;l;e;x;_;p;d;f
doi__10.1080_22221751.2020.1770631,weak_source,recover_or_stage_primary_pdf_then_build_material_packet,/mnt/d/work/抗菌肽/数据库/merged_amp_corpus/landed_assets/papers/doi__10.1080_22221751.2020.1770631,Structural basis of HCoV-19 fusion core and an effective inhibition peptide against virus entry.,2020,Emerg Microbes Infect,10.1080/22221751.2020.1770631,32482145,,1,0,1,0,0,0,direct_pdf,l;o;c;a;l;_;x;m;l;;;o;p;e;n;a;l;e;x;_;p;d;f;;;o;p;e;n;a;l;e;x;_;l;a;n;d;i;n;g
doi__10.1084_jem.166.4.1186,weak_source,recover_or_stage_primary_pdf_then_build_material_packet,/mnt/d/work/抗菌肽/数据库/merged_amp_corpus/landed_assets/papers/doi__10.1084_jem.166.4.1186,cDNA cloning of gamma-thionin from Nicotiana excelsior (Accession No. AB005266) (PGR97-131),1987,Plant Physiol,10.1084/jem.166.4.1186,3655657,PMC2188717,1,0,1,0,0,0,direct_pdf,o;p;e;n;a;l;e;x;_;p;d;f;;;o;p;e;n;a;l;e;x;_;l;a;n;d;i;n;g;;;f;u;l;l;t;e;x;t;_;s;i;g;n;a;l
doi__10.1089_vim.2009.0005,weak_source,recover_or_stage_primary_xml_then_build_material_packet,/mnt/d/work/抗菌肽/数据库/merged_amp_corpus/landed_assets/papers/doi__10.1089_vim.2009.0005,Antimicrobial host defense peptides in an arteriviral infection: differential peptide expression and virus inactivation.,2009,Viral Immunol.,10.1089/vim.2009.0005,19594394,,0,2,0,2,0,2,direct_pdf,o;p;e;n;a;l;e;x;_;p;d;f;;;o;p;e;n;a;l;e;x;_;l;a;n;d;i;n;g
doi__10.1093_abbs_36.4.297,weak_source,recover_or_stage_primary_xml_then_build_material_packet,/mnt/d/work/抗菌肽/数据库/merged_amp_corpus/landed_assets/papers/doi__10.1093_abbs_36.4.297,Purification of a novel antibacterial short peptide in earthworm Eisenia foetida.,2004,Acta Biochim Biophys Sin (Shanghai),10.1093/abbs/36.4.297,15253156,,0,1,0,1,0,2,landing_page,o;p;e;n;a;l;e;x;_;l;a;n;d;i;n;g
doi__10.1093_abbs_gmaa043,weak_source,recover_or_stage_primary_xml_then_build_material_packet,/mnt/d/work/抗菌肽/数据库/merged_amp_corpus/landed_assets/papers/doi__10.1093_abbs_gmaa043,Cu2+ reduces hemolytic activity of the antimicrobial peptide HMPI and enhances its trypsin resistance.,2020,Acta Biochim Biophys Sin (Shanghai),10.1093/abbs/gmaa043,32369105,,0,1,0,1,0,2,direct_pdf,o;p;e;n;a;l;e;x;_;p;d;f;;;o;p;e;n;a;l;e;x;_;l;a;n;d;i;n;g
doi__10.1093_abbs_gmx023,weak_source,recover_or_stage_primary_xml_then_build_material_packet,/mnt/d/work/抗菌肽/数据库/merged_amp_corpus/landed_assets/papers/doi__10.1093_abbs_gmx023,Molecular cloning and characterization of antimicrobial peptides from skin of Hylarana guentheri.,2017,Acta Biochim Biophys Sin (Shanghai).,10.1093/abbs/gmx023,28338958,,0,1,0,1,0,2,direct_pdf,o;p;e;n;a;l;e;x;_;p;d;f;;;o;p;e;n;a;l;e;x;_;l;a;n;d;i;n;g
doi__10.1093_abbs_gmx032,weak_source,recover_or_stage_primary_xml_then_build_material_packet,/mnt/d/work/抗菌肽/数据库/merged_amp_corpus/landed_assets/papers/doi__10.1093_abbs_gmx032,Identification and functional analyses of novel antioxidant peptides and antimicrobial peptides from skin secretions of four East Asian frog species.,2017,Acta Biochim Biophys Sin (Shanghai),10.1093/abbs/gmx032,28402481,,0,1,0,1,0,2,direct_pdf,o;p;e;n;a;l;e;x;_;p;d;f;;;o;p;e;n;a;l;e;x;_;l;a;n;d;i;n;g
doi__10.1093_abbs_gmx091,weak_source,recover_or_stage_primary_xml_then_build_material_packet,/mnt/d/work/抗菌肽/数据库/merged_amp_corpus/landed_assets/papers/doi__10.1093_abbs_gmx091,D-amino acid substitution enhances the stability of antimicrobial peptide polybia-CP.,2017,Acta Biochim Biophys Sin (Shanghai),10.1093/abbs/gmx091,28981608,,0,1,0,1,0,2,direct_pdf,o;p;e;n;a;l;e;x;_;p;d;f;;;o;p;e;n;a;l;e;x;_;l;a;n;d;i;n;g
doi__10.1093_abbs_gmz128,weak_source,recover_or_stage_primary_xml_then_build_material_packet,/mnt/d/work/抗菌肽/数据库/merged_amp_corpus/landed_assets/papers/doi__10.1093_abbs_gmz128,In vitro leishmanicidal activity of antimicrobial peptide KDEL against Leishmania tarentolae.,2019,Acta Biochim Biophys Sin (Shanghai),10.1093/abbs/gmz128,31761925,,0,1,0,1,0,2,landing_page,o;p;e;n;a;l;e;x;_;l;a;n;d;i;n;g
doi__10.1093_embo-reports_kvd073,weak_source,recover_or_stage_primary_xml_then_build_material_packet,/mnt/d/work/抗菌肽/数据库/merged_amp_corpus/landed_assets/papers/doi__10.1093_embo-reports_kvd073,The Drosophila caspase Dredd is required to resist Gram-negative bacterial infection.,2000,,10.1093/embo-reports/kvd073,11269502,,0,1,0,1,0,0,direct_pdf,o;p;e;n;a;l;e;x;_;l;a;n;d;i;n;g;;;o;p;e;n;a;l;e;x;_;p;d;f
doi__10.1093_jac_dkn058,metadata_only,attempt_external_primary_fulltext_then_inventory_existing_supplementary_assets,/mnt/d/work/抗菌肽/数据库/merged_amp_corpus/landed_assets/papers/doi__10.1093_jac_dkn058,In vitro and in vivo antimicrobial activity of granulysin-derived peptides against Vibrio cholerae.,2008,J Antimicrob Chemother,10.1093/jac/dkn058,18310138,PMC2664651,0,0,0,0,0,8,fulltext_or_xml,f;u;l;l;t;e;x;t;_;s;i;g;n;a;l;;;o;p;e;n;a;l;e;x;_;l;a;n;d;i;n;g
doi__10.1093_jimb_kuaf028,weak_source,recover_or_stage_primary_pdf_then_build_material_packet,/mnt/d/work/抗菌肽/数据库/merged_amp_corpus/landed_assets/papers/doi__10.1093_jimb_kuaf028,Characterization of S-glycosylated glycocins containing three disulfides.,2024,J Ind Microbiol Biotechnol.,10.1093/jimb/kuaf028,40920454,PMC12457901,1,0,1,0,0,0,direct_pdf,o;p;e;n;a;l;e;x;_;p;d;f;;;o;p;e;n;a;l;e;x;_;l;a;n;d;i;n;g;;;f;u;l;l;t;e;x;t;_;s;i;g;n;a;l
doi__10.1093_nar_18.13.3987,metadata_only,attempt_external_primary_fulltext_then_inventory_existing_supplementary_assets,/mnt/d/work/抗菌肽/数据库/merged_amp_corpus/landed_assets/papers/doi__10.1093_nar_18.13.3987,Cloning and nucleotide sequence of a cDNA encoding the antifungal-protein of Aspergillus giganteus and preliminary characterization of the native gene.,1990,Nucleic Acids Res.,10.1093/nar/18.13.3987,2374718,PMC331103,0,0,0,0,0,1,fulltext_or_xml,f;u;l;l;t;e;x;t;_;s;i;g;n;a;l;;;o;p;e;n;a;l;e;x;_;l;a;n;d;i;n;g
doi__10.1094_mpmi-4-324,weak_source,recover_or_stage_primary_xml_then_build_material_packet,/mnt/d/work/抗菌肽/数据库/merged_amp_corpus/landed_assets/papers/doi__10.1094_mpmi-4-324,The Fusarium solani-induced expression of a pea gene family encoding high cysteine content proteins.,1991,Mol Plant Microbe Interact,10.1094/mpmi-4-324,1799696,,0,1,0,1,0,0,landing_page,o;p;e;n;a;l;e;x;_;l;a;n;d;i;n;g
doi__10.1094_mpmi-8-0424,weak_source,recover_or_stage_primary_xml_then_build_material_packet,/mnt/d/work/抗菌肽/数据库/merged_amp_corpus/landed_assets/papers/doi__10.1094_mpmi-8-0424,Characterization and localization of new antifungal cysteine-rich proteins from Beta vulgaris.,1995,Mol Plant Microbe Interact,10.1094/mpmi-8-0424,7655063,,0,1,0,1,0,0,landing_page,o;p;e;n;a;l;e;x;_;l;a;n;d;i;n;g
doi__10.1094_mpmi-8-0792,weak_source,recover_or_stage_primary_xml_then_build_material_packet,/mnt/d/work/抗菌肽/数据库/merged_amp_corpus/landed_assets/papers/doi__10.1094_mpmi-8-0792,Synthetic antimicrobial peptide design,1995,Mol Plant Microbe Interact.,10.1094/mpmi-8-0792,7579625,,0,1,0,1,0,0,landing_page,o;p;e;n;a;l;e;x;_;l;a;n;d;i;n;g
doi__10.1096_fj.01-0736fje,weak_source,recover_or_stage_primary_xml_then_build_material_packet,/mnt/d/work/抗菌肽/数据库/merged_amp_corpus/landed_assets/papers/doi__10.1096_fj.01-0736fje,Cathepsin D produces antimicrobial peptide parasin I from histone H2A in the skin mucosa of fish.,2002,FASEB J,10.1096/fj.01-0736fje,11821259,,0,1,0,1,0,0,direct_pdf,o;p;e;n;a;l;e;x;_;p;d;f;;;o;p;e;n;a;l;e;x;_;l;a;n;d;i;n;g
doi__10.1096_fj.09-151704,metadata_only,attempt_external_primary_fulltext_then_inventory_existing_supplementary_assets,/mnt/d/work/抗菌肽/数据库/merged_amp_corpus/landed_assets/papers/doi__10.1096_fj.09-151704,Virus-cell and cell-cell fusion mediated by the HIV-1 envelope glycoprotein is inhibited by short gp41 N-terminal membrane-anchored peptides lacking the critical pocket domain.,2010,FASEB J,10.1096/fj.09-151704,20605950,PMC2974423,0,0,0,0,0,10,fulltext_or_xml,f;u;l;l;t;e;x;t;_;s;i;g;n;a;l;;;o;p;e;n;a;l;e;x;_;l;a;n;d;i;n;g
doi__10.1097_00002030-199302000-00010,weak_source,recover_or_stage_primary_xml_then_build_material_packet,/mnt/d/work/抗菌肽/数据库/merged_amp_corpus/landed_assets/papers/doi__10.1097_00002030-199302000-00010,ELEVATED PLASMA-LEVELS OFÂ VASOACTIVE-INTESTINAL-PEPTIDEÂ IN AIDS PATIENTS WITH REFRACTORY IDIOPATHIC DIARRHEA - EFFECTS OF TREATMENT WITH OCTREOTIDE,1993,,10.1097/00002030-199302000-00010,8466684,,0,1,0,1,0,3,landing_page,o;p;e;n;a;l;e;x;_;l;a;n;d;i;n;g
doi__10.1097_00005373-199904000-00018,weak_source,recover_or_stage_primary_xml_then_build_material_packet,/mnt/d/work/抗菌肽/数据库/merged_amp_corpus/landed_assets/papers/doi__10.1097_00005373-199904000-00018,results of a multicenter phase II clinical trial,1999,Bactericidal/permeability increasing protein(rBPI-21) in patients with hemorrhage due to trauma: results of a multicenter phase II clinical trial. Trauma,10.1097/00005373-199904000-00018,10217232,,0,1,0,1,0,5,landing_page,o;p;e;n;a;l;e;x;_;l;a;n;d;i;n;g
doi__10.1097_01.ta.0000047047.79701.6d,weak_source,recover_or_stage_primary_xml_then_build_material_packet,/mnt/d/work/抗菌肽/数据库/merged_amp_corpus/landed_assets/papers/doi__10.1097_01.ta.0000047047.79701.6d,Treatment of infected wounds with the antimicrobial peptide D2A21,2003,JOURNAL OF TRAUMA-INJURY INFECTION AND CRITICAL CARE,10.1097/01.ta.0000047047.79701.6d,12707542,,0,1,0,1,0,4,landing_page,o;p;e;n;a;l;e;x;_;l;a;n;d;i;n;g
doi__10.1097_cad.0000000000000111,weak_source,recover_or_stage_primary_xml_then_build_material_packet,/mnt/d/work/抗菌肽/数据库/merged_amp_corpus/landed_assets/papers/doi__10.1097_cad.0000000000000111,Anticancer activity of tuftsin-derived T peptide in postoperative residual tumors,2014,Anticancer Drugs,10.1097/cad.0000000000000111,24714081,,0,1,0,1,0,5,landing_page,o;p;e;n;a;l;e;x;_;l;a;n;d;i;n;g
doi__10.1097_shk.0b013e31817fd62a,weak_source,recover_or_stage_primary_xml_then_build_material_packet,/mnt/d/work/抗菌肽/数据库/merged_amp_corpus/landed_assets/papers/doi__10.1097_shk.0b013e31817fd62a,Synthetic oligopeptides related to the b-subunit of human chorionic gonadotropin attenuate inflammation and liver damage after (trauma) hemorrhagic shock and resuscitation,2009,Shock,10.1097/shk.0b013e31817fd62a,18654091,,0,1,0,1,0,3,landing_page,o;p;e;n;a;l;e;x;_;l;a;n;d;i;n;g
doi__10.1097_ta.0000000000003183,weak_source,recover_or_stage_primary_xml_then_build_material_packet,/mnt/d/work/抗菌肽/数据库/merged_amp_corpus/landed_assets/papers/doi__10.1097_ta.0000000000003183,Analysis of the AB103 Clinical Composite Endpoint Study in Necrotizing Soft Tissue Infections trial and a retrospective claims database-linked chart study,2021,,10.1097/ta.0000000000003183,33797490,,0,1,0,1,0,5,landing_page,o;p;e;n;a;l;e;x;_;l;a;n;d;i;n;g
doi__10.1098_rspb.2012.2113,weak_source,recover_or_stage_primary_pdf_then_build_material_packet,/mnt/d/work/抗菌肽/数据库/merged_amp_corpus/landed_assets/papers/doi__10.1098_rspb.2012.2113,Expansion of the antimicrobial peptide repertoire in the invasive ladybird Harmonia axyridis.,2012,Proc Biol Sci.,10.1098/rspb.2012.2113,23173204,PMC3574431,1,0,2,0,1,0,direct_pdf,l;o;c;a;l;_;x;m;l;;;l;o;c;a;l;_;p;a;c;k;a;g;e;;;l;o;c;a;l;_;s;u;p;p;l;e;m;e;n;t;a;r;y;;;o;p;e;n;a;l;e;x;_;p;d;f;;;o;p;e;n;a;l;e;x;_;l;a;n;d;i;n;g;;;f;u;l;l;t;e;x;t;_;s;i;g;n;a;l
doi__10.1099_jmm.0.000209,metadata_only,attempt_external_primary_fulltext_then_inventory_existing_supplementary_assets,/mnt/d/work/抗菌肽/数据库/merged_amp_corpus/landed_assets/papers/doi__10.1099_jmm.0.000209,"Novel engineered cationic antimicrobial peptides display broad-spectrum activity against Francisella tularensis, Yersinia pestis and Burkholderia pseudomallei.",2015,J Med Microbiol,10.1099/jmm.0.000209,26673248,PMC10727137,0,0,0,0,0,8,direct_pdf,f;u;l;l;t;e;x;t;_;s;i;g;n;a;l;;;o;p;e;n;a;l;e;x;_;l;a;n;d;i;n;g;;;o;p;e;n;a;l;e;x;_;p;d;f
doi__10.1099_jmm.0.000258,metadata_only,attempt_external_primary_fulltext_then_inventory_existing_supplementary_assets,/mnt/d/work/抗菌肽/数据库/merged_amp_corpus/landed_assets/papers/doi__10.1099_jmm.0.000258,Comparative functional properties of engineered cationic antimicrobial peptides consisting exclusively of tryptophan and either lysine or arginine.,2016,J Med Microbiol,10.1099/jmm.0.000258,27046192,PMC5042116,0,0,0,0,0,6,fulltext_or_xml,f;u;l;l;t;e;x;t;_;s;i;g;n;a;l;;;o;p;e;n;a;l;e;x;_;l;a;n;d;i;n;g
doi__10.1099_mgen.0.000134,weak_source,recover_or_stage_primary_pdf_then_build_material_packet,/mnt/d/work/抗菌肽/数据库/merged_amp_corpus/landed_assets/papers/doi__10.1099_mgen.0.000134,"Genome-guided identification of novel head-to-tail cyclized antimicrobial peptides, exemplified by the discovery of pumilarin.",2017,Microb Genom.,10.1099/mgen.0.000134,29177092,PMC5695211,1,0,2,0,1,9,fulltext_or_xml,l;o;c;a;l;_;x;m;l;;;l;o;c;a;l;_;p;a;c;k;a;g;e;;;l;o;c;a;l;_;s;u;p;p;l;e;m;e;n;t;a;r;y;;;o;p;e;n;a;l;e;x;_;l;a;n;d;i;n;g;;;f;u;l;l;t;e;x;t;_;s;i;g;n;a;l
doi__10.1099_mic.0.000515,metadata_only,attempt_external_primary_fulltext_then_inventory_existing_supplementary_assets,/mnt/d/work/抗菌肽/数据库/merged_amp_corpus/landed_assets/papers/doi__10.1099_mic.0.000515,"Discovery of a novel lantibiotic nisin O from Blautia obeum A2-162, isolated from the human gastrointestinal tract.",2017,Microbiology (Reading).,10.1099/mic.0.000515,28857034,PMC5882112,0,0,0,0,0,5,fulltext_or_xml,f;u;l;l;t;e;x;t;_;s;i;g;n;a;l;;;o;p;e;n;a;l;e;x;_;l;a;n;d;i;n;g
doi__10.1099_vir.0.80051-0,weak_source,recover_or_stage_primary_xml_then_build_material_packet,/mnt/d/work/抗菌肽/数据库/merged_amp_corpus/landed_assets/papers/doi__10.1099_vir.0.80051-0,A synthetic peptide from a heptad repeat region of herpesvirus glycoprotein B inhibits virus replication.,2004,J Gen Virol,10.1099/vir.0.80051-0,15269351,,0,1,0,1,0,0,direct_pdf,o;p;e;n;a;l;e;x;_;l;a;n;d;i;n;g;;;o;p;e;n;a;l;e;x;_;p;d;f
doi__10.1101_gr.1293003,weak_source,recover_or_stage_primary_xml_then_build_material_packet,/mnt/d/work/抗菌肽/数据库/merged_amp_corpus/landed_assets/papers/doi__10.1101_gr.1293003,a bioinformatics assessment.,2003,Genome Res,10.1101/gr.1293003,12975309,,0,3,0,3,0,2,direct_pdf,l;o;c;a;l;_;p;d;f;;;o;p;e;n;a;l;e;x;_;p;d;f;;;o;p;e;n;a;l;e;x;_;l;a;n;d;i;n;g
doi__10.1101_gr.1515604,weak_source,recover_or_stage_primary_xml_then_build_material_packet,/mnt/d/work/抗菌肽/数据库/merged_amp_corpus/landed_assets/papers/doi__10.1101_gr.1515604,a combined approach to evaluate and improve Arabidopsis genome annotation.,2004,Genome Res,10.1101/gr.1515604,14993207,,0,3,0,3,0,2,direct_pdf,l;o;c;a;l;_;p;d;f;;;o;p;e;n;a;l;e;x;_;p;d;f;;;o;p;e;n;a;l;e;x;_;l;a;n;d;i;n;g
doi__10.1101_gr.1946304,weak_source,recover_or_stage_primary_xml_then_build_material_packet,/mnt/d/work/抗菌肽/数据库/merged_amp_corpus/landed_assets/papers/doi__10.1101_gr.1946304,A genomic analysis of rat proteases and protease inhibitors.,2004,Genome Res,10.1101/gr.1946304,15060002,,0,3,0,3,0,2,direct_pdf,l;o;c;a;l;_;p;d;f;;;o;p;e;n;a;l;e;x;_;p;d;f;;;o;p;e;n;a;l;e;x;_;l;a;n;d;i;n;g
doi__10.1101_gr.223902,weak_source,recover_or_stage_primary_xml_then_build_material_packet,/mnt/d/work/抗菌肽/数据库/merged_amp_corpus/landed_assets/papers/doi__10.1101_gr.223902,The genome of M. acetivorans reveals extensive metabolic and physiological diversity.,2002,Genome Res,10.1101/gr.223902,11932238,,0,2,0,2,0,0,direct_pdf,o;p;e;n;a;l;e;x;_;p;d;f;;;o;p;e;n;a;l;e;x;_;l;a;n;d;i;n;g
doi__10.1101_gr.2596504,weak_source,recover_or_stage_primary_xml_then_build_material_packet,/mnt/d/work/抗菌肽/数据库/merged_amp_corpus/landed_assets/papers/doi__10.1101_gr.2596504,the Mammalian Gene Collection (MGC).,2004,Genome Res,10.1101/gr.2596504,15489334,,0,2,0,2,0,2,direct_pdf,o;p;e;n;a;l;e;x;_;p;d;f;;;o;p;e;n;a;l;e;x;_;l;a;n;d;i;n;g
doi__10.1101_gr.3003105,weak_source,recover_or_stage_primary_xml_then_build_material_packet,/mnt/d/work/抗菌肽/数据库/merged_amp_corpus/landed_assets/papers/doi__10.1101_gr.3003105,Complete genome sequence of the hyperthermophilic archaeon Thermococcus kodakaraensis KOD1 and comparison with Pyrococcus genomes.,2005,Genome Res,10.1101/gr.3003105,15710748,,0,3,0,3,0,2,direct_pdf,l;o;c;a;l;_;p;d;f;;;o;p;e;n;a;l;e;x;_;p;d;f;;;o;p;e;n;a;l;e;x;_;l;a;n;d;i;n;g
doi__10.1101_gr.3869505,weak_source,recover_or_stage_primary_xml_then_build_material_packet,/mnt/d/work/抗菌肽/数据库/merged_amp_corpus/landed_assets/papers/doi__10.1101_gr.3869505,"Sequence, annotation, and analysis of synteny between rice chromosome 3 and diverged grass species.",2005,Genome Res,10.1101/gr.3869505,16109971,,0,2,0,2,0,2,direct_pdf,o;p;e;n;a;l;e;x;_;p;d;f;;;o;p;e;n;a;l;e;x;_;l;a;n;d;i;n;g
doi__10.1101_gr.5798407,weak_source,recover_or_stage_primary_xml_then_build_material_packet,/mnt/d/work/抗菌肽/数据库/merged_amp_corpus/landed_assets/papers/doi__10.1101_gr.5798407,Genome characteristics of facultatively symbiotic Frankia sp. strains reflect host range and host plant biogeography.,2006,Genome Res,10.1101/gr.5798407,17151343,,0,2,0,2,0,1,direct_pdf,o;p;e;n;a;l;e;x;_;p;d;f;;;o;p;e;n;a;l;e;x;_;l;a;n;d;i;n;g
doi__10.1101_gr.6004607,weak_source,recover_or_stage_primary_xml_then_build_material_packet,/mnt/d/work/抗菌肽/数据库/merged_amp_corpus/landed_assets/papers/doi__10.1101_gr.6004607,Comparative sequence analyses reveal rapid and divergent evolutionary changes of the WFDC locus in the primate lineage.,2007,Genome Res,10.1101/gr.6004607,17267810,,0,3,0,3,0,2,direct_pdf,l;o;c;a;l;_;p;d;f;;;o;p;e;n;a;l;e;x;_;p;d;f;;;o;p;e;n;a;l;e;x;_;l;a;n;d;i;n;g
doi__10.1101_gr.7149808,weak_source,recover_or_stage_primary_xml_then_build_material_packet,/mnt/d/work/抗菌肽/数据库/merged_amp_corpus/landed_assets/papers/doi__10.1101_gr.7149808,Defensins and the convergent evolution of platypus and reptile venom genes.,2008,Genome Res,10.1101/gr.7149808,18463304,,0,2,0,2,0,5,direct_pdf,o;p;e;n;a;l;e;x;_;p;d;f;;;o;p;e;n;a;l;e;x;_;l;a;n;d;i;n;g
doi__10.1104_pp.100.2.1055,metadata_only,attempt_external_primary_fulltext_then_inventory_existing_supplementary_assets,/mnt/d/work/抗菌肽/数据库/merged_amp_corpus/landed_assets/papers/doi__10.1104_pp.100.2.1055,In vitro antifungal activity of a radish (Raphanus sativus L.) seed protein homologous to non-specific lipid transfer proteins.,1992,Plant Physiol,10.1104/pp.100.2.1055,16653017,PMC1075666,0,0,0,0,0,4,direct_pdf,f;u;l;l;t;e;x;t;_;s;i;g;n;a;l;;;n;c;b;i;_;d;o;i;;;n;c;b;i;_;p;m;c;i;d;;;o;p;e;n;a;l;e;x;_;l;a;n;d;i;n;g;;;o;p;e;n;a;l;e;x;_;p;d;f
doi__10.1104_pp.112.2.615,metadata_only,attempt_external_primary_fulltext_then_inventory_existing_supplementary_assets,/mnt/d/work/抗菌肽/数据库/merged_amp_corpus/landed_assets/papers/doi__10.1104_pp.112.2.615,Fruit-specific expression of a defensin-type gene family in bell pepper. Upregulation during ripening and upon wounding.,1996,Plant Physiol,10.1104/pp.112.2.615,8883377,PMC157985,0,0,0,0,0,1,fulltext_or_xml,f;u;l;l;t;e;x;t;_;s;i;g;n;a;l;;;n;c;b;i;_;d;o;i;;;n;c;b;i;_;p;m;c;i;d;;;o;p;e;n;a;l;e;x;_;l;a;n;d;i;n;g
doi__10.1107_s0907444913018003,metadata_only,attempt_external_primary_fulltext_then_inventory_existing_supplementary_assets,/mnt/d/work/抗菌肽/数据库/merged_amp_corpus/landed_assets/papers/doi__10.1107_s0907444913018003,Structure of the polypeptide crotamine from the Brazilian rattlesnake Crotalus durissus terrificus.,2013,Acta Crystallogr D Biol Crystallogr,10.1107/s0907444913018003,24100315,PMC3792641,0,0,0,0,0,1,direct_pdf,f;u;l;l;t;e;x;t;_;s;i;g;n;a;l;;;n;c;b;i;_;d;o;i;;;n;c;b;i;_;p;m;c;i;d;;;o;p;e;n;a;l;e;x;_;l;a;n;d;i;n;g;;;o;p;e;n;a;l;e;x;_;p;d;f
doi__10.1107_s1744309106005963,weak_source,recover_or_stage_primary_xml_then_build_material_packet,/mnt/d/work/抗菌肽/数据库/merged_amp_corpus/landed_assets/papers/doi__10.1107_s1744309106005963,"Purification, crystallization and preliminary X-ray structuralstudies of a 7.2 kDa cytotoxin isolated from the venom of Daboiarusselli russelli of the Viperidae family.",2006,Acta Crystallogr. F 62:292-294,10.1107/s1744309106005963,16511326,,0,1,0,1,0,3,direct_pdf,o;p;e;n;a;l;e;x;_;p;d;f;;;o;p;e;n;a;l;e;x;_;l;a;n;d;i;n;g
doi__10.1107_s174430910901745x,metadata_only,attempt_external_primary_fulltext_then_inventory_existing_supplementary_assets,/mnt/d/work/抗菌肽/数据库/merged_amp_corpus/landed_assets/papers/doi__10.1107_s174430910901745x,"Isolation, purification, crystallization and preliminary crystallographic studies of amaryllin, a plant pathogenesis-related protein from Amaryllis belladonna.",2009,Acta Crystallogr Sect F Struct Biol Cryst Commun,10.1107/s174430910901745x,19478451,,0,0,0,0,0,2,direct_pdf,o;p;e;n;a;l;e;x;_;l;a;n;d;i;n;g;;;o;p;e;n;a;l;e;x;_;p;d;f
doi__10.1107_s1744309110052607,weak_source,recover_or_stage_primary_xml_then_build_material_packet,/mnt/d/work/抗菌肽/数据库/merged_amp_corpus/landed_assets/papers/doi__10.1107_s1744309110052607,Crystal structure of small protein crambin at 0.48Å resolution.,2011,Acta Crystallogr Sect F Struct Biol Cryst Commun,10.1107/s1744309110052607,21505232,,0,1,0,1,0,3,direct_pdf,o;p;e;n;a;l;e;x;_;p;d;f;;;o;p;e;n;a;l;e;x;_;l;a;n;d;i;n;g
doi__10.1111_j.1432-1033.1995.tb20600.x,weak_source,recover_or_stage_primary_xml_then_build_material_packet,/mnt/d/work/抗菌肽/数据库/merged_amp_corpus/landed_assets/papers/doi__10.1111_j.1432-1033.1995.tb20600.x,Elucidation of the primary structure of the lantibiotic epilancin K7 from Staphylococcus epidermidis K7. Cloning and characterisation of the epilancin-K7-encoding gene and NMR analysis of mature epilancin K7.,1995,Eur J Biochem,10.1111/j.1432-1033.1995.tb20600.x,7607233,,0,1,0,1,0,2,direct_pdf,o;p;e;n;a;l;e;x;_;p;d;f;;;o;p;e;n;a;l;e;x;_;l;a;n;d;i;n;g
doi__10.1111_j.1747-0285.2008.00728.x,metadata_only,attempt_external_primary_fulltext_then_inventory_existing_supplementary_assets,/mnt/d/work/抗菌肽/数据库/merged_amp_corpus/landed_assets/papers/doi__10.1111_j.1747-0285.2008.00728.x,Effects of hydrophobicity on the antifungal activity of alpha-helical antimicrobial peptides.,2008,Chem Biol Drug Des,10.1111/j.1747-0285.2008.00728.x,19090916,PMC2730115,0,0,0,0,0,9,fulltext_or_xml,f;u;l;l;t;e;x;t;_;s;i;g;n;a;l;;;o;p;e;n;a;l;e;x;_;l;a;n;d;i;n;g
doi__10.1111_mpp.12066,metadata_only,attempt_external_primary_fulltext_then_inventory_existing_supplementary_assets,/mnt/d/work/抗菌肽/数据库/merged_amp_corpus/landed_assets/papers/doi__10.1111_mpp.12066,Inhibition of cereal rust fungi by both class I and II defensins derived from the flowers of Nicotiana alata.,2013,Mol Plant Pathol,10.1111/mpp.12066,24015961,PMC6638682,0,0,0,0,0,9,fulltext_or_xml,o;p;e;n;a;l;e;x;_;l;a;n;d;i;n;g;;;f;u;l;l;t;e;x;t;_;s;i;g;n;a;l
doi__10.1126_science.1127119,metadata_only,attempt_external_primary_fulltext_then_inventory_existing_supplementary_assets,/mnt/d/work/抗菌肽/数据库/merged_amp_corpus/landed_assets/papers/doi__10.1126_science.1127119,Symbiotic bacteria direct expression of an intestinal bactericidal lectin.,2006,Science.,10.1126/science.1127119,16931762,PMC2716667,0,0,0,0,0,9,fulltext_or_xml,f;u;l;l;t;e;x;t;_;s;i;g;n;a;l;;;o;p;e;n;a;l;e;x;_;l;a;n;d;i;n;g
doi__10.1126_science.abq3178,metadata_only,attempt_external_primary_fulltext_then_inventory_existing_supplementary_assets,/mnt/d/work/抗菌肽/数据库/merged_amp_corpus/landed_assets/papers/doi__10.1126_science.abq3178,Peptide YY: A Paneth cell antimicrobial peptide that maintains Candida gut commensalism,2023,Science.,10.1126/science.abq3178,37535745,PMC10876062,0,0,0,0,0,10,direct_pdf,f;u;l;l;t;e;x;t;_;s;i;g;n;a;l;;;o;p;e;n;a;l;e;x;_;l;a;n;d;i;n;g;;;o;p;e;n;a;l;e;x;_;p;d;f
doi__10.1126_scitranslmed.aah4680,metadata_only,attempt_external_primary_fulltext_then_inventory_existing_supplementary_assets,/mnt/d/work/抗菌肽/数据库/merged_amp_corpus/landed_assets/papers/doi__10.1126_scitranslmed.aah4680,Antimicrobials from human skin commensal bacteria protect against Staphylococcus aureus and are deficient in atopic dermatitis,2017,Sci Transl Med.,10.1126/scitranslmed.aah4680,28228596,PMC5600545,0,0,0,0,0,8,fulltext_or_xml,f;u;l;l;t;e;x;t;_;s;i;g;n;a;l;;;o;p;e;n;a;l;e;x;_;l;a;n;d;i;n;g
doi__10.1128_aac.00028-08,metadata_only,attempt_external_primary_fulltext_then_inventory_existing_supplementary_assets,/mnt/d/work/抗菌肽/数据库/merged_amp_corpus/landed_assets/papers/doi__10.1128_aac.00028-08,The human CXC chemokine granulocyte chemotactic protein 2 (GCP-2)/CXCL6 possesses membrane-disrupting properties and is antibacterial.,2008,Antimicrob Agents Chemother,10.1128/aac.00028-08,18443119,PMC2443903,0,0,0,0,0,5,fulltext_or_xml,f;u;l;l;t;e;x;t;_;s;i;g;n;a;l;;;o;p;e;n;a;l;e;x;_;l;a;n;d;i;n;g
doi__10.1128_aac.00155-07,metadata_only,attempt_external_primary_fulltext_then_inventory_existing_supplementary_assets,/mnt/d/work/抗菌肽/数据库/merged_amp_corpus/landed_assets/papers/doi__10.1128_aac.00155-07,"Drosomycin-like defensin, a human homologue of Drosophila melanogaster drosomycin with antifungal activity.",2008,Antimicrob Agents Chemother,10.1128/aac.00155-07,18212107,PMC2292511,0,0,0,0,0,9,fulltext_or_xml,f;u;l;l;t;e;x;t;_;s;i;g;n;a;l;;;o;p;e;n;a;l;e;x;_;l;a;n;d;i;n;g
doi__10.1128_aac.00196-07,metadata_only,attempt_external_primary_fulltext_then_inventory_existing_supplementary_assets,/mnt/d/work/抗菌肽/数据库/merged_amp_corpus/landed_assets/papers/doi__10.1128_aac.00196-07,Histatin-derived monomeric and dimeric synthetic peptides show strong bactericidal activity towards multidrug-resistant Staphylococcus aureus in vivo.,2007,Antimicrob Agents Chemother,10.1128/aac.00196-07,17620386,PMC2043174,0,0,0,0,0,3,fulltext_or_xml,f;u;l;l;t;e;x;t;_;s;i;g;n;a;l;;;o;p;e;n;a;l;e;x;_;l;a;n;d;i;n;g
doi__10.1128_aac.00204-10,metadata_only,attempt_external_primary_fulltext_then_inventory_existing_supplementary_assets,/mnt/d/work/抗菌肽/数据库/merged_amp_corpus/landed_assets/papers/doi__10.1128_aac.00204-10,"Purification and characterization of avian beta-defensin 11, an antimicrobial peptide of the hen egg.",2010,Antimicrob Agents Chemother,10.1128/aac.00204-10,20625158,PMC2944589,0,0,0,0,0,6,fulltext_or_xml,f;u;l;l;t;e;x;t;_;s;i;g;n;a;l;;;o;p;e;n;a;l;e;x;_;l;a;n;d;i;n;g
doi__10.1128_aac.00246-06,metadata_only,attempt_external_primary_fulltext_then_inventory_existing_supplementary_assets,/mnt/d/work/抗菌肽/数据库/merged_amp_corpus/landed_assets/papers/doi__10.1128_aac.00246-06,Identification of RNase 8 as a novel human antimicrobial protein,2006,Antimicrob Agents Chemother.,10.1128/aac.00246-06,16940129,PMC1563533,0,0,0,0,0,2,fulltext_or_xml,f;u;l;l;t;e;x;t;_;s;i;g;n;a;l;;;o;p;e;n;a;l;e;x;_;l;a;n;d;i;n;g
doi__10.1128_aac.00259-06,metadata_only,attempt_external_primary_fulltext_then_inventory_existing_supplementary_assets,/mnt/d/work/抗菌肽/数据库/merged_amp_corpus/landed_assets/papers/doi__10.1128_aac.00259-06,"Isolation of a Lactobacillus salivarius strain and purification of its bacteriocin, which is inhibitory to Campylobacter jejuni in the chicken gastrointestinal system.",2006,Antimicrob Agents Chemother.,10.1128/aac.00259-06,16940109,PMC1563535,0,0,0,0,0,8,fulltext_or_xml,f;u;l;l;t;e;x;t;_;s;i;g;n;a;l;;;o;p;e;n;a;l;e;x;_;l;a;n;d;i;n;g
doi__10.1128_aac.00301-09,metadata_only,attempt_external_primary_fulltext_then_inventory_existing_supplementary_assets,/mnt/d/work/抗菌肽/数据库/merged_amp_corpus/landed_assets/papers/doi__10.1128_aac.00301-09,Primary structure and antibacterial activity of chicken bone marrow-derived beta-defensins.,2009,Antimicrob Agents Chemother,10.1128/aac.00301-09,19738012,PMC2772325,0,0,0,0,0,5,fulltext_or_xml,f;u;l;l;t;e;x;t;_;s;i;g;n;a;l;;;o;p;e;n;a;l;e;x;_;l;a;n;d;i;n;g
doi__10.1128_aac.00319-11,metadata_only,attempt_external_primary_fulltext_then_inventory_existing_supplementary_assets,/mnt/d/work/抗菌肽/数据库/merged_amp_corpus/landed_assets/papers/doi__10.1128_aac.00319-11,Endocytosis-mediated vacuolar accumulation of the human ApoE apolipoprotein-derived ApoEdpL-W antimicrobial peptide contributes to its antifungal activity in Candida albicans.,2011,Antimicrob Agents Chemother,10.1128/aac.00319-11,21807970,PMC3186967,0,0,0,0,0,6,fulltext_or_xml,f;u;l;l;t;e;x;t;_;s;i;g;n;a;l;;;o;p;e;n;a;l;e;x;_;l;a;n;d;i;n;g
doi__10.1128_aac.00344-06,metadata_only,attempt_external_primary_fulltext_then_inventory_existing_supplementary_assets,/mnt/d/work/抗菌肽/数据库/merged_amp_corpus/landed_assets/papers/doi__10.1128_aac.00344-06,In vitro activities of the lipopeptides palmitoyl (Pal)-Lys-Lys-NH(2) and Pal-Lys-Lys alone and in combination with antimicrobial agents against multiresistant gram-positive cocci.,2006,Antimicrob Agents Chemother,10.1128/aac.00344-06,17060532,PMC1797683,0,0,0,0,0,4,fulltext_or_xml,f;u;l;l;t;e;x;t;_;s;i;g;n;a;l;;;o;p;e;n;a;l;e;x;_;l;a;n;d;i;n;g
doi__10.1128_aac.00452-08,metadata_only,attempt_external_primary_fulltext_then_inventory_existing_supplementary_assets,/mnt/d/work/抗菌肽/数据库/merged_amp_corpus/landed_assets/papers/doi__10.1128_aac.00452-08,Anti-human immunodeficiency virus type 1 activities of antimicrobial peptides derived from human and bovine cathelicidins.,2008,Antimicrob Agents Chemother,10.1128/aac.00452-08,18591279,PMC2533476,0,0,0,0,0,4,fulltext_or_xml,f;u;l;l;t;e;x;t;_;s;i;g;n;a;l;;;o;p;e;n;a;l;e;x;_;l;a;n;d;i;n;g
doi__10.1128_aac.00468-11,metadata_only,attempt_external_primary_fulltext_pdf_xml_before_review,/mnt/d/work/抗菌肽/数据库/merged_amp_corpus/landed_assets/papers/doi__10.1128_aac.00468-11,Ultrashort peptide bioconjugates are exclusively antifungal agents and synergize with cyclodextrin and amphotericin B.,2011,Antimicrob Agents Chemother,10.1128/aac.00468-11,22006001,PMC3256016,0,0,0,0,0,0,direct_pdf,f;u;l;l;t;e;x;t;_;s;i;g;n;a;l;;;o;p;e;n;a;l;e;x;_;l;a;n;d;i;n;g;;;o;p;e;n;a;l;e;x;_;p;d;f
doi__10.1128_aac.00470-08,metadata_only,attempt_external_primary_fulltext_then_inventory_existing_supplementary_assets,/mnt/d/work/抗菌肽/数据库/merged_amp_corpus/landed_assets/papers/doi__10.1128_aac.00470-08,Antifungal activities of human beta-defensins HBD-1 to HBD-3 and their C-terminal analogs Phd1 to Phd3.,2008,Antimicrob Agents Chemother,10.1128/aac.00470-08,18809937,PMC2612179,0,0,0,0,0,3,fulltext_or_xml,f;u;l;l;t;e;x;t;_;s;i;g;n;a;l;;;o;p;e;n;a;l;e;x;_;l;a;n;d;i;n;g
doi__10.1128_aac.00477-08,metadata_only,attempt_external_primary_fulltext_then_inventory_existing_supplementary_assets,/mnt/d/work/抗菌肽/数据库/merged_amp_corpus/landed_assets/papers/doi__10.1128_aac.00477-08,"Evaluation of strategies for improving proteolytic resistance of antimicrobial peptides by using variants of EFK17, an internal segment of LL-37.",2008,Antimicrob Agents Chemother,10.1128/aac.00477-08,19029324,PMC2630634,0,0,0,0,0,10,fulltext_or_xml,f;u;l;l;t;e;x;t;_;s;i;g;n;a;l;;;o;p;e;n;a;l;e;x;_;l;a;n;d;i;n;g
doi__10.1128_aac.00490-06,metadata_only,attempt_external_primary_fulltext_then_inventory_existing_supplementary_assets,/mnt/d/work/抗菌肽/数据库/merged_amp_corpus/landed_assets/papers/doi__10.1128_aac.00490-06,Enhanced membrane disruption and antibiotic action against pathogenic bacteria by designed histidine-rich peptides at acidic pH.,2006,Antimicrob Agents Chemother,10.1128/aac.00490-06,17005809,PMC1610059,0,0,0,0,0,8,fulltext_or_xml,f;u;l;l;t;e;x;t;_;s;i;g;n;a;l;;;o;p;e;n;a;l;e;x;_;l;a;n;d;i;n;g
doi__10.1128_aac.00506-08,metadata_only,attempt_external_primary_fulltext_then_inventory_existing_supplementary_assets,/mnt/d/work/抗菌肽/数据库/merged_amp_corpus/landed_assets/papers/doi__10.1128_aac.00506-08,Therapeutic activity of an anti-idiotypic antibody-derived killer peptide against influenza A virus experimental infection.,2008,Antimicrob Agents Chemother,10.1128/aac.00506-08,18824612,PMC2592895,0,0,0,0,0,10,fulltext_or_xml,f;u;l;l;t;e;x;t;_;s;i;g;n;a;l;;;o;p;e;n;a;l;e;x;_;l;a;n;d;i;n;g
doi__10.1128_aac.00542-08,metadata_only,attempt_external_primary_fulltext_then_inventory_existing_supplementary_assets,/mnt/d/work/抗菌肽/数据库/merged_amp_corpus/landed_assets/papers/doi__10.1128_aac.00542-08,"Mucroporin, the first cationic host defense peptide from the venom of Lychas mucronatus.",2008,Antimicrob Agents Chemother,10.1128/aac.00542-08,18779362,PMC2573117,0,0,0,0,0,8,fulltext_or_xml,f;u;l;l;t;e;x;t;_;s;i;g;n;a;l;;;o;p;e;n;a;l;e;x;_;l;a;n;d;i;n;g
doi__10.1128_aac.00568-06,metadata_only,attempt_external_primary_fulltext_then_inventory_existing_supplementary_assets,/mnt/d/work/抗菌肽/数据库/merged_amp_corpus/landed_assets/papers/doi__10.1128_aac.00568-06,The beta-defensin gallinacin-6 is expressed in the chicken digestive tract and has antimicrobial activity against food-borne pathogens.,2006,Antimicrob Agents Chemother,10.1128/aac.00568-06,17194828,PMC1803155,0,0,0,0,0,10,fulltext_or_xml,f;u;l;l;t;e;x;t;_;s;i;g;n;a;l;;;o;p;e;n;a;l;e;x;_;l;a;n;d;i;n;g
doi__10.1128_aac.00622-06,metadata_only,attempt_external_primary_fulltext_then_inventory_existing_supplementary_assets,/mnt/d/work/抗菌肽/数据库/merged_amp_corpus/landed_assets/papers/doi__10.1128_aac.00622-06,"Targeted killing of Streptococcus mutans by a pheromone-guided ""smart"" antimicrobial peptide.",2006,Antimicrob Agents Chemother,10.1128/aac.00622-06,17060534,PMC1635210,0,0,0,0,0,6,fulltext_or_xml,f;u;l;l;t;e;x;t;_;s;i;g;n;a;l;;;o;p;e;n;a;l;e;x;_;l;a;n;d;i;n;g
doi__10.1128_aac.00635-07,metadata_only,attempt_external_primary_fulltext_then_inventory_existing_supplementary_assets,/mnt/d/work/抗菌肽/数据库/merged_amp_corpus/landed_assets/papers/doi__10.1128_aac.00635-07,Antimicrobial effect of halocidin-derived peptide in a mouse model of Listeria infection.,2007,Antimicrob Agents Chemother,10.1128/aac.00635-07,17846130,PMC2151467,0,0,0,0,0,10,fulltext_or_xml,f;u;l;l;t;e;x;t;_;s;i;g;n;a;l;;;o;p;e;n;a;l;e;x;_;l;a;n;d;i;n;g
doi__10.1128_aac.00650-06,metadata_only,attempt_external_primary_fulltext_then_inventory_existing_supplementary_assets,/mnt/d/work/抗菌肽/数据库/merged_amp_corpus/landed_assets/papers/doi__10.1128_aac.00650-06,Studies on the mode of action of the antifungal hexapeptide PAF26.,2006,Antimicrob Agents Chemother,10.1128/aac.00650-06,17065623,PMC1635192,0,0,0,0,0,9,fulltext_or_xml,f;u;l;l;t;e;x;t;_;s;i;g;n;a;l;;;o;p;e;n;a;l;e;x;_;l;a;n;d;i;n;g
doi__10.1128_aac.00652-06,metadata_only,attempt_external_primary_fulltext_then_inventory_existing_supplementary_assets,/mnt/d/work/抗菌肽/数据库/merged_amp_corpus/landed_assets/papers/doi__10.1128_aac.00652-06,In vitro activities of tritrpticin alone and in combination with other antimicrobial agents against Pseudomonas aeruginosa.,2006,Antimicrob Agents Chemother,10.1128/aac.00652-06,16940073,PMC1635209,0,0,0,0,0,3,fulltext_or_xml,f;u;l;l;t;e;x;t;_;s;i;g;n;a;l;;;o;p;e;n;a;l;e;x;_;l;a;n;d;i;n;g
doi__10.1128_aac.00656-08,metadata_only,attempt_external_primary_fulltext_then_inventory_existing_supplementary_assets,/mnt/d/work/抗菌肽/数据库/merged_amp_corpus/landed_assets/papers/doi__10.1128_aac.00656-08,Impact of self-assembly properties on antibacterial activity of short acyl-lysine oligomers.,2008,Antimicrob Agents Chemother,10.1128/aac.00656-08,18838600,PMC2592853,0,0,0,0,0,10,fulltext_or_xml,f;u;l;l;t;e;x;t;_;s;i;g;n;a;l;;;o;p;e;n;a;l;e;x;_;l;a;n;d;i;n;g
doi__10.1128_aac.00666-06,metadata_only,attempt_external_primary_fulltext_then_inventory_existing_supplementary_assets,/mnt/d/work/抗菌肽/数据库/merged_amp_corpus/landed_assets/papers/doi__10.1128_aac.00666-06,In vitro activity of aurein 1.2 alone and in combination with antibiotics against gram-positive nosocomial cocci.,2007,Antimicrob Agents Chemother,10.1128/aac.00666-06,17220421,PMC1855459,0,0,0,0,0,4,fulltext_or_xml,f;u;l;l;t;e;x;t;_;s;i;g;n;a;l;;;o;p;e;n;a;l;e;x;_;l;a;n;d;i;n;g
doi__10.1128_aac.00765-09,weak_source,recover_or_stage_primary_xml_then_build_material_packet,/mnt/d/work/抗菌肽/数据库/merged_amp_corpus/landed_assets/papers/doi__10.1128_aac.00765-09,In vivo activities of recombinant divercin V41 and its structural variants against Listeria monocytogenes.,2009,Antimicrob Agents Chemother,10.1128/aac.00765-09,19841145,PMC2798489,0,1,0,1,0,4,fulltext_or_xml,o;p;e;n;a;l;e;x;_;l;a;n;d;i;n;g;;;f;u;l;l;t;e;x;t;_;s;i;g;n;a;l
doi__10.1128_aac.00810-08,metadata_only,attempt_external_primary_fulltext_then_inventory_existing_supplementary_assets,/mnt/d/work/抗菌肽/数据库/merged_amp_corpus/landed_assets/papers/doi__10.1128_aac.00810-08,Lysine-enriched cecropin-mellitin antimicrobial peptides with enhanced selectivity.,2008,Antimicrob Agents Chemother,10.1128/aac.00810-08,18852279,PMC2592880,0,0,0,0,0,4,fulltext_or_xml,f;u;l;l;t;e;x;t;_;s;i;g;n;a;l;;;o;p;e;n;a;l;e;x;_;l;a;n;d;i;n;g
doi__10.1128_aac.00826-09,metadata_only,attempt_external_primary_fulltext_then_inventory_existing_supplementary_assets,/mnt/d/work/抗菌肽/数据库/merged_amp_corpus/landed_assets/papers/doi__10.1128_aac.00826-09,Activity of the novel peptide arminin against multiresistant human pathogens shows the considerable potential of phylogenetically ancient organisms as drug sources,2009,Antimicrob Agents Chemother.,10.1128/aac.00826-09,19770277,PMC2786370,0,0,0,0,0,7,fulltext_or_xml,f;u;l;l;t;e;x;t;_;s;i;g;n;a;l;;;o;p;e;n;a;l;e;x;_;l;a;n;d;i;n;g
doi__10.1128_aac.00828-06,metadata_only,attempt_external_primary_fulltext_then_inventory_existing_supplementary_assets,/mnt/d/work/抗菌肽/数据库/merged_amp_corpus/landed_assets/papers/doi__10.1128_aac.00828-06,Length effects in antimicrobial peptides of the (RW)n series.,2006,Antimicrob Agents Chemother,10.1128/aac.00828-06,17145799,PMC1797765,0,0,0,0,0,4,fulltext_or_xml,f;u;l;l;t;e;x;t;_;s;i;g;n;a;l;;;o;p;e;n;a;l;e;x;_;l;a;n;d;i;n;g
doi__10.1128_aac.00842-20,metadata_only,attempt_external_primary_fulltext_then_inventory_existing_supplementary_assets,/mnt/d/work/抗菌肽/数据库/merged_amp_corpus/landed_assets/papers/doi__10.1128_aac.00842-20,Lactoferrin-Derived Peptide Lactofungin Is Potently Synergistic with Amphotericin B.,2020,Antimicrob Agents Chemother,10.1128/aac.00842-20,32690642,PMC7508585,0,0,0,0,0,10,fulltext_or_xml,f;u;l;l;t;e;x;t;_;s;i;g;n;a;l;;;o;p;e;n;a;l;e;x;_;l;a;n;d;i;n;g
doi__10.1128_aac.00908-09,metadata_only,attempt_external_primary_fulltext_then_inventory_existing_supplementary_assets,/mnt/d/work/抗菌肽/数据库/merged_amp_corpus/landed_assets/papers/doi__10.1128_aac.00908-09,Structure-microbicidal activity relationship of synthetic fragments derived from the antibacterial alpha-helix of human lactoferrin.,2009,Antimicrob Agents Chemother,10.1128/aac.00908-09,19917761,PMC2798562,0,0,0,0,0,10,fulltext_or_xml,f;u;l;l;t;e;x;t;_;s;i;g;n;a;l;;;o;p;e;n;a;l;e;x;_;l;a;n;d;i;n;g
doi__10.1128_aac.00917-08,metadata_only,attempt_external_primary_fulltext_then_inventory_existing_supplementary_assets,/mnt/d/work/抗菌肽/数据库/merged_amp_corpus/landed_assets/papers/doi__10.1128_aac.00917-08,Variations in amino acid composition of antisense peptide-phosphorodiamidate morpholino oligomer affect potency against Escherichia coli in vitro and in vivo.,2008,Antimicrob Agents Chemother,10.1128/aac.00917-08,19015356,PMC2630659,0,0,0,0,0,5,fulltext_or_xml,o;p;e;n;a;l;e;x;_;l;a;n;d;i;n;g;;;f;u;l;l;t;e;x;t;_;s;i;g;n;a;l
doi__10.1128_aac.00925-06,metadata_only,attempt_external_primary_fulltext_then_inventory_existing_supplementary_assets,/mnt/d/work/抗菌肽/数据库/merged_amp_corpus/landed_assets/papers/doi__10.1128_aac.00925-06,Role of peptide hydrophobicity in the mechanism of action of alpha-helical antimicrobial peptides.,2006,Antimicrob Agents Chemother,10.1128/aac.00925-06,17158938,PMC1855469,0,0,0,0,0,5,fulltext_or_xml,f;u;l;l;t;e;x;t;_;s;i;g;n;a;l;;;o;p;e;n;a;l;e;x;_;l;a;n;d;i;n;g
doi__10.1128_aac.01030-06,metadata_only,attempt_external_primary_fulltext_then_inventory_existing_supplementary_assets,/mnt/d/work/抗菌肽/数据库/merged_amp_corpus/landed_assets/papers/doi__10.1128_aac.01030-06,Activities of antimicrobial peptides and synergy with enrofloxacin against Mycoplasma pulmonis.,2006,Antimicrob Agents Chemother,10.1128/aac.01030-06,17101680,PMC1797740,0,0,0,0,0,3,fulltext_or_xml,f;u;l;l;t;e;x;t;_;s;i;g;n;a;l;;;o;p;e;n;a;l;e;x;_;l;a;n;d;i;n;g
doi__10.1128_aac.01040-08,metadata_only,attempt_external_primary_fulltext_then_inventory_existing_supplementary_assets,/mnt/d/work/抗菌肽/数据库/merged_amp_corpus/landed_assets/papers/doi__10.1128_aac.01040-08,The lipopeptide antibiotic Friulimicin B inhibits cell wall biosynthesis through complex formation with bactoprenol phosphate.,2009,Antimicrob Agents Chemother,10.1128/aac.01040-08,19164139,PMC2663061,0,0,0,0,0,10,fulltext_or_xml,f;u;l;l;t;e;x;t;_;s;i;g;n;a;l;;;o;p;e;n;a;l;e;x;_;l;a;n;d;i;n;g
doi__10.1128_aac.01080-10,metadata_only,attempt_external_primary_fulltext_then_inventory_existing_supplementary_assets,/mnt/d/work/抗菌肽/数据库/merged_amp_corpus/landed_assets/papers/doi__10.1128_aac.01080-10,Short alkylated peptoid mimics of antimicrobial lipopeptides.,2010,Antimicrob Agents Chemother,10.1128/aac.01080-10,20956607,PMC3019626,0,0,0,0,0,5,fulltext_or_xml,f;u;l;l;t;e;x;t;_;s;i;g;n;a;l;;;o;p;e;n;a;l;e;x;_;l;a;n;d;i;n;g
doi__10.1128_aac.01082-06,metadata_only,attempt_external_primary_fulltext_then_inventory_existing_supplementary_assets,/mnt/d/work/抗菌肽/数据库/merged_amp_corpus/landed_assets/papers/doi__10.1128_aac.01082-06,Novel Ambler class A beta-lactamase LAP-1 and its association with the plasmid-mediated quinolone resistance determinant QnrS1.,2006,Antimicrob Agents Chemother,10.1128/aac.01082-06,17116662,PMC1797722,0,0,0,0,0,10,fulltext_or_xml,f;u;l;l;t;e;x;t;_;s;i;g;n;a;l;;;o;p;e;n;a;l;e;x;_;l;a;n;d;i;n;g
doi__10.1128_aac.01100-08,metadata_only,attempt_external_primary_fulltext_then_inventory_existing_supplementary_assets,/mnt/d/work/抗菌肽/数据库/merged_amp_corpus/landed_assets/papers/doi__10.1128_aac.01100-08,Antibacterial activity of ultrashort cationic lipo-beta-peptides.,2009,Antimicrob Agents Chemother,10.1128/aac.01100-08,19237652,PMC2681537,0,0,0,0,0,4,fulltext_or_xml,f;u;l;l;t;e;x;t;_;s;i;g;n;a;l;;;o;p;e;n;a;l;e;x;_;l;a;n;d;i;n;g
doi__10.1128_aac.01106-08,metadata_only,attempt_external_primary_fulltext_then_inventory_existing_supplementary_assets,/mnt/d/work/抗菌肽/数据库/merged_amp_corpus/landed_assets/papers/doi__10.1128_aac.01106-08,Synergistic interaction between silver nanoparticles and membrane-permeabilizing antimicrobial peptides.,2009,Antimicrob Agents Chemother,10.1128/aac.01106-08,19528287,PMC2715642,0,0,0,0,0,4,fulltext_or_xml,f;u;l;l;t;e;x;t;_;s;i;g;n;a;l;;;o;p;e;n;a;l;e;x;_;l;a;n;d;i;n;g
doi__10.1128_aac.01148-10,metadata_only,attempt_external_primary_fulltext_then_inventory_existing_supplementary_assets,/mnt/d/work/抗菌肽/数据库/merged_amp_corpus/landed_assets/papers/doi__10.1128_aac.01148-10,Bioactivity and the first transmission electron microscopy immunogold studies of short de novo-designed antimicrobial peptides.,2011,Antimicrob Agents Chemother,10.1128/aac.01148-10,21300831,PMC3088248,0,0,0,0,0,9,fulltext_or_xml,f;u;l;l;t;e;x;t;_;s;i;g;n;a;l;;;o;p;e;n;a;l;e;x;_;l;a;n;d;i;n;g
doi__10.1128_aac.01202-08,metadata_only,attempt_external_primary_fulltext_then_inventory_existing_supplementary_assets,/mnt/d/work/抗菌肽/数据库/merged_amp_corpus/landed_assets/papers/doi__10.1128_aac.01202-08,"High cerebrospinal fluid (CSF) penetration and potent bactericidal activity in CSF of NZ2114, a novel plectasin variant, during experimental pneumococcal meningitis.",2009,Antimicrob Agents Chemother.,10.1128/aac.01202-08,19188395,PMC2663087,0,0,0,0,0,8,fulltext_or_xml,f;u;l;l;t;e;x;t;_;s;i;g;n;a;l;;;o;p;e;n;a;l;e;x;_;l;a;n;d;i;n;g
doi__10.1128_aac.01231-09,metadata_only,attempt_external_primary_fulltext_then_inventory_existing_supplementary_assets,/mnt/d/work/抗菌肽/数据库/merged_amp_corpus/landed_assets/papers/doi__10.1128_aac.01231-09,"Synergy with rifampin and kanamycin enhances potency, kill kinetics, and selectivity of de novo-designed antimicrobial peptides.",2010,Antimicrob Agents Chemother,10.1128/aac.01231-09,20176897,PMC2863663,0,0,0,0,0,5,fulltext_or_xml,f;u;l;l;t;e;x;t;_;s;i;g;n;a;l;;;o;p;e;n;a;l;e;x;_;l;a;n;d;i;n;g
doi__10.1128_aac.01270-06,metadata_only,attempt_external_primary_fulltext_then_inventory_existing_supplementary_assets,/mnt/d/work/抗菌肽/数据库/merged_amp_corpus/landed_assets/papers/doi__10.1128_aac.01270-06,Novel synthetic antimicrobial peptides against Streptococcus mutans.,2007,Antimicrob Agents Chemother,10.1128/aac.01270-06,17296741,PMC1855471,0,0,0,0,0,6,fulltext_or_xml,f;u;l;l;t;e;x;t;_;s;i;g;n;a;l;;;o;p;e;n;a;l;e;x;_;l;a;n;d;i;n;g
doi__10.1128_aac.01308-07,metadata_only,attempt_external_primary_fulltext_then_inventory_existing_supplementary_assets,/mnt/d/work/抗菌肽/数据库/merged_amp_corpus/landed_assets/papers/doi__10.1128_aac.01308-07,"Mouse beta-defensin-14, an antimicrobial ortholog of human beta-defensin-3.",2008,Antimicrob Agents Chemother,10.1128/aac.01308-07,18332171,PMC2346663,0,0,0,0,0,3,fulltext_or_xml,f;u;l;l;t;e;x;t;_;s;i;g;n;a;l;;;o;p;e;n;a;l;e;x;_;l;a;n;d;i;n;g
doi__10.1128_aac.01342-07,metadata_only,attempt_external_primary_fulltext_then_inventory_existing_supplementary_assets,/mnt/d/work/抗菌肽/数据库/merged_amp_corpus/landed_assets/papers/doi__10.1128_aac.01342-07,"The antimicrobial peptide NK-2, the core region of mammalian NK-lysin, kills intraerythrocytic Plasmodium falciparum.",2008,Antimicrob Agents Chemother,10.1128/aac.01342-07,18332165,PMC2346629,0,0,0,0,0,10,fulltext_or_xml,f;u;l;l;t;e;x;t;_;s;i;g;n;a;l;;;o;p;e;n;a;l;e;x;_;l;a;n;d;i;n;g
doi__10.1128_aac.01391-09,metadata_only,attempt_external_primary_fulltext_then_inventory_existing_supplementary_assets,/mnt/d/work/抗菌肽/数据库/merged_amp_corpus/landed_assets/papers/doi__10.1128_aac.01391-09,Systematic approach to optimizing specifically targeted antimicrobial peptides against Streptococcus mutans.,2010,Antimicrob Agents Chemother,10.1128/aac.01391-09,20211885,PMC2863653,0,0,0,0,0,5,fulltext_or_xml,f;u;l;l;t;e;x;t;_;s;i;g;n;a;l;;;o;p;e;n;a;l;e;x;_;l;a;n;d;i;n;g
doi__10.1128_aac.01431-06,metadata_only,attempt_external_primary_fulltext_then_inventory_existing_supplementary_assets,/mnt/d/work/抗菌肽/数据库/merged_amp_corpus/landed_assets/papers/doi__10.1128_aac.01431-06,Extended-spectrum-beta-lactamase-producing Enterobacteriaceae strains in various types of private health care centers.,2007,Antimicrob Agents Chemother,10.1128/aac.01431-06,17591853,PMC2043178,0,0,0,0,0,10,fulltext_or_xml,f;u;l;l;t;e;x;t;_;s;i;g;n;a;l;;;o;p;e;n;a;l;e;x;_;l;a;n;d;i;n;g
doi__10.1128_aac.01436-08,metadata_only,attempt_external_primary_fulltext_then_inventory_existing_supplementary_assets,/mnt/d/work/抗菌肽/数据库/merged_amp_corpus/landed_assets/papers/doi__10.1128_aac.01436-08,"Imcroporin, a new cationic antimicrobial peptide from the venom of the scorpion Isometrus maculates.",2009,Antimicrob Agents Chemother.,10.1128/aac.01436-08,19451300,PMC2715652,0,0,0,0,0,5,fulltext_or_xml,f;u;l;l;t;e;x;t;_;s;i;g;n;a;l;;;o;p;e;n;a;l;e;x;_;l;a;n;d;i;n;g
doi__10.1128_aac.01439-09,metadata_only,attempt_external_primary_fulltext_then_inventory_existing_supplementary_assets,/mnt/d/work/抗菌肽/数据库/merged_amp_corpus/landed_assets/papers/doi__10.1128_aac.01439-09,A novel polymyxin derivative that lacks the fatty acid tail and carries only three positive charges has strong synergism with agents excluded by the intact outer membrane.,2010,Antimicrob Agents Chemother,10.1128/aac.01439-09,20479195,PMC2916294,0,0,0,0,0,5,fulltext_or_xml,f;u;l;l;t;e;x;t;_;s;i;g;n;a;l;;;o;p;e;n;a;l;e;x;_;l;a;n;d;i;n;g
doi__10.1128_aac.01448-09,metadata_only,attempt_external_primary_fulltext_then_inventory_existing_supplementary_assets,/mnt/d/work/抗菌肽/数据库/merged_amp_corpus/landed_assets/papers/doi__10.1128_aac.01448-09,Identification of novel human immunodeficiency virus type 1-inhibitory peptides based on the antimicrobial peptide database.,2010,Antimicrob Agents Chemother,10.1128/aac.01448-09,20086159,PMC2826022,0,0,0,0,0,3,fulltext_or_xml,f;u;l;l;t;e;x;t;_;s;i;g;n;a;l;;;o;p;e;n;a;l;e;x;_;l;a;n;d;i;n;g
doi__10.1128_aac.01450-07,metadata_only,attempt_external_primary_fulltext_then_inventory_existing_supplementary_assets,/mnt/d/work/抗菌肽/数据库/merged_amp_corpus/landed_assets/papers/doi__10.1128_aac.01450-07,Cell-penetrating peptide TP10 shows broad-spectrum activity against both Plasmodium falciparum and Trypanosoma brucei brucei.,2008,Antimicrob Agents Chemother,10.1128/aac.01450-07,18519720,PMC2533502,0,0,0,0,0,4,fulltext_or_xml,f;u;l;l;t;e;x;t;_;s;i;g;n;a;l;;;o;p;e;n;a;l;e;x;_;l;a;n;d;i;n;g
doi__10.1128_aac.01515-10,weak_source,recover_or_stage_primary_xml_then_build_material_packet,/mnt/d/work/抗菌肽/数据库/merged_amp_corpus/landed_assets/papers/doi__10.1128_aac.01515-10,Structure-activity studies and therapeutic potential of host defense peptides of human thrombin.,2011,Antimicrob Agents Chemother.,10.1128/aac.01515-10,21402837,,0,1,0,1,0,1,landing_page,o;p;e;n;a;l;e;x;_;l;a;n;d;i;n;g
doi__10.1128_aac.01568-09,metadata_only,attempt_external_primary_fulltext_then_inventory_existing_supplementary_assets,/mnt/d/work/抗菌肽/数据库/merged_amp_corpus/landed_assets/papers/doi__10.1128_aac.01568-09,Peptide fragments of a beta-defensin derivative with potent bactericidal activity.,2010,Antimicrob Agents Chemother,10.1128/aac.01568-09,20176896,PMC2863616,0,0,0,0,0,2,fulltext_or_xml,f;u;l;l;t;e;x;t;_;s;i;g;n;a;l;;;o;p;e;n;a;l;e;x;_;l;a;n;d;i;n;g
doi__10.1128_aac.01623-08,metadata_only,attempt_external_primary_fulltext_then_inventory_existing_supplementary_assets,/mnt/d/work/抗菌肽/数据库/merged_amp_corpus/landed_assets/papers/doi__10.1128_aac.01623-08,"Nukacin ISK-1, a bacteriostatic lantibiotic.",2009,Antimicrob Agents Chemother,10.1128/aac.01623-08,19506061,PMC2715603,0,0,0,0,0,2,fulltext_or_xml,f;u;l;l;t;e;x;t;_;s;i;g;n;a;l;;;o;p;e;n;a;l;e;x;_;l;a;n;d;i;n;g
doi__10.1128_aac.01667-10,metadata_only,attempt_external_primary_fulltext_then_inventory_existing_supplementary_assets,/mnt/d/work/抗菌肽/数据库/merged_amp_corpus/landed_assets/papers/doi__10.1128_aac.01667-10,Efficacy of antimicrobial peptoids against Mycobacterium tuberculosis.,2011,Antimicrob Agents Chemother,10.1128/aac.01667-10,21464254,PMC3101442,0,0,0,0,0,4,fulltext_or_xml,f;u;l;l;t;e;x;t;_;s;i;g;n;a;l;;;o;p;e;n;a;l;e;x;_;l;a;n;d;i;n;g
doi__10.1128_aac.01790-09,metadata_only,attempt_external_primary_fulltext_then_inventory_existing_supplementary_assets,/mnt/d/work/抗菌肽/数据库/merged_amp_corpus/landed_assets/papers/doi__10.1128_aac.01790-09,Antimicrobial activity of a halocidin-derived peptide resistant to attacks by proteases.,2010,Antimicrob Agents Chemother,10.1128/aac.01790-09,20385874,PMC2897289,0,0,0,0,0,6,fulltext_or_xml,f;u;l;l;t;e;x;t;_;s;i;g;n;a;l;;;o;p;e;n;a;l;e;x;_;l;a;n;d;i;n;g
doi__10.1128_aac.02218-12,metadata_only,attempt_external_primary_fulltext_then_inventory_existing_supplementary_assets,/mnt/d/work/抗菌肽/数据库/merged_amp_corpus/landed_assets/papers/doi__10.1128_aac.02218-12,"Rational design of engineered cationic antimicrobial peptides consisting exclusively of arginine and tryptophan, and their activity against multidrug-resistant pathogens.",2013,Antimicrob Agents Chemother,10.1128/aac.02218-12,23507278,PMC3716171,0,0,0,0,0,3,fulltext_or_xml,f;u;l;l;t;e;x;t;_;s;i;g;n;a;l;;;o;p;e;n;a;l;e;x;_;l;a;n;d;i;n;g
doi__10.1128_aac.04830-14,metadata_only,attempt_external_primary_fulltext_pdf_xml_before_review,/mnt/d/work/抗菌肽/数据库/merged_amp_corpus/landed_assets/papers/doi__10.1128_aac.04830-14,Bactericidal efficiency and modes of action of the novel antimicrobial peptide T9W against Pseudomonas aeruginosa.,2015,Antimicrob Agents Chemother,10.1128/aac.04830-14,25753629,PMC4432164,0,0,0,0,0,0,direct_pdf,f;u;l;l;t;e;x;t;_;s;i;g;n;a;l;;;o;p;e;n;a;l;e;x;_;l;a;n;d;i;n;g;;;o;p;e;n;a;l;e;x;_;p;d;f
doi__10.1128_aac.05397-11,metadata_only,attempt_external_primary_fulltext_then_inventory_existing_supplementary_assets,/mnt/d/work/抗菌肽/数据库/merged_amp_corpus/landed_assets/papers/doi__10.1128_aac.05397-11,"Identification, characterization, and recombinant expression of epidermicin NI01, a novel unmodified bacteriocin produced by Staphylococcus epidermidis that displays potent activity against Staphylococci",2011,Antimicrob Agents Chemother.,10.1128/aac.05397-11,22155816,PMC3294953,0,0,0,0,0,1,direct_pdf,f;u;l;l;t;e;x;t;_;s;i;g;n;a;l;;;o;p;e;n;a;l;e;x;_;l;a;n;d;i;n;g;;;o;p;e;n;a;l;e;x;_;p;d;f
doi__10.1128_aac.05637-11,metadata_only,attempt_external_primary_fulltext_then_inventory_existing_supplementary_assets,/mnt/d/work/抗菌肽/数据库/merged_amp_corpus/landed_assets/papers/doi__10.1128_aac.05637-11,Decoding the functional roles of cationic side chains of the major antimicrobial region of human cathelicidin LL-37.,2011,Antimicrob Agents Chemother,10.1128/aac.05637-11,22083479,PMC3264245,0,0,0,0,0,9,fulltext_or_xml,f;u;l;l;t;e;x;t;_;s;i;g;n;a;l;;;o;p;e;n;a;l;e;x;_;l;a;n;d;i;n;g
doi__10.1128_aac.27.5.791,weak_source,recover_or_stage_primary_xml_then_build_material_packet,/mnt/d/work/抗菌肽/数据库/merged_amp_corpus/landed_assets/papers/doi__10.1128_aac.27.5.791,"Structure and mode of action of microcin 7, an antibacterial peptide produced by Escherichia coli.",1985,Antimicrob Agents Chemother,10.1128/aac.27.5.791,2861788,,0,1,0,1,0,1,landing_page,o;p;e;n;a;l;e;x;_;l;a;n;d;i;n;g
doi__10.1128_aac.36.11.2468,metadata_only,attempt_external_primary_fulltext_then_inventory_existing_supplementary_assets,/mnt/d/work/抗菌肽/数据库/merged_amp_corpus/landed_assets/papers/doi__10.1128_aac.36.11.2468,Change of glutamic acid to lysine in a 13-residue antibacterial and hemolytic peptide results in enhanced antibacterial activity without increase in hemolytic activity.,1992,Antimicrob Agents Chemother,10.1128/aac.36.11.2468,1362637,PMC284355,0,0,0,0,0,3,fulltext_or_xml,f;u;l;l;t;e;x;t;_;s;i;g;n;a;l;;;o;p;e;n;a;l;e;x;_;l;a;n;d;i;n;g
doi__10.1128_aac.36.6.1249,metadata_only,attempt_external_primary_fulltext_then_inventory_existing_supplementary_assets,/mnt/d/work/抗菌肽/数据库/merged_amp_corpus/landed_assets/papers/doi__10.1128_aac.36.6.1249,"Anti-human immunodeficiency virus activity of a novel synthetic peptide, T22 ([Tyr-5,12, Lys-7]polyphemusin II): a possible inhibitor of virus-cell fusion.",1992,Antimicrob Agents Chemother,10.1128/aac.36.6.1249,1384424,PMC190327,0,0,0,0,0,2,fulltext_or_xml,f;u;l;l;t;e;x;t;_;s;i;g;n;a;l;;;o;p;e;n;a;l;e;x;_;l;a;n;d;i;n;g
doi__10.1128_aac.37.12.2534,metadata_only,attempt_external_primary_fulltext_then_inventory_existing_supplementary_assets,/mnt/d/work/抗菌肽/数据库/merged_amp_corpus/landed_assets/papers/doi__10.1128_aac.37.12.2534,Antimicrobial activity of rabbit CAP18-derived peptides.,1993,Antimicrob Agents Chemother.,10.1128/aac.37.12.2534,8109914,PMC192730,0,0,0,0,0,1,fulltext_or_xml,f;u;l;l;t;e;x;t;_;s;i;g;n;a;l;;;o;p;e;n;a;l;e;x;_;l;a;n;d;i;n;g
doi__10.1128_aac.44.10.2701-2705.2000,metadata_only,attempt_external_primary_fulltext_then_inventory_existing_supplementary_assets,/mnt/d/work/抗菌肽/数据库/merged_amp_corpus/landed_assets/papers/doi__10.1128_aac.44.10.2701-2705.2000,"In vitro antimicrobial properties of recombinant ASABF, an antimicrobial peptide isolated from the nematode Ascaris suum.",2000,Antimicrob Agents Chemother,10.1128/aac.44.10.2701-2705.2000,10991847,PMC90138,0,0,0,0,0,5,fulltext_or_xml,f;u;l;l;t;e;x;t;_;s;i;g;n;a;l;;;o;p;e;n;a;l;e;x;_;l;a;n;d;i;n;g
doi__10.1128_aac.44.6.1716-1719.2000,metadata_only,attempt_external_primary_fulltext_then_inventory_existing_supplementary_assets,/mnt/d/work/抗菌肽/数据库/merged_amp_corpus/landed_assets/papers/doi__10.1128_aac.44.6.1716-1719.2000,In vitro activities of membrane-active peptides alone and in combination with clinically used antimicrobial agents against Stenotrophomonas maltophilia.,2000,Antimicrob Agents Chemother,10.1128/aac.44.6.1716-1719.2000,10817738,PMC89942,0,0,0,0,0,2,fulltext_or_xml,f;u;l;l;t;e;x;t;_;s;i;g;n;a;l;;;o;p;e;n;a;l;e;x;_;l;a;n;d;i;n;g
doi__10.1128_aac.44.8.2039-2045.2000,metadata_only,attempt_external_primary_fulltext_then_inventory_existing_supplementary_assets,/mnt/d/work/抗菌肽/数据库/merged_amp_corpus/landed_assets/papers/doi__10.1128_aac.44.8.2039-2045.2000,"Characterization of a fish antimicrobial peptide: gene expression, subcellular localization, and spectrum of activity.",2000,Antimicrob Agents Chemother,10.1128/aac.44.8.2039-2045.2000,10898673,PMC90011,0,0,0,0,0,9,fulltext_or_xml,f;u;l;l;t;e;x;t;_;s;i;g;n;a;l;;;o;p;e;n;a;l;e;x;_;l;a;n;d;i;n;g
doi__10.1128_aac.45.10.2695-2702.2001,metadata_only,attempt_external_primary_fulltext_then_inventory_existing_supplementary_assets,/mnt/d/work/抗菌肽/数据库/merged_amp_corpus/landed_assets/papers/doi__10.1128_aac.45.10.2695-2702.2001,"RL-37, an alpha-helical antimicrobial peptide of the rhesus monkey.",2001,Antimicrob Agents Chemother.,10.1128/aac.45.10.2695-2702.2001,11557457,PMC90719,0,0,0,0,0,10,fulltext_or_xml,f;u;l;l;t;e;x;t;_;s;i;g;n;a;l;;;o;p;e;n;a;l;e;x;_;l;a;n;d;i;n;g
doi__10.1128_aac.45.10.2820-2825.2001,metadata_only,attempt_external_primary_fulltext_then_inventory_existing_supplementary_assets,/mnt/d/work/抗菌肽/数据库/merged_amp_corpus/landed_assets/papers/doi__10.1128_aac.45.10.2820-2825.2001,High therapeutic index of factor C Sushi peptides: potent antimicrobials against Pseudomonas aeruginosa.,2001,Antimicrob Agents Chemother,10.1128/aac.45.10.2820-2825.2001,11557475,PMC90737,0,0,0,0,0,10,fulltext_or_xml,f;u;l;l;t;e;x;t;_;s;i;g;n;a;l;;;o;p;e;n;a;l;e;x;_;l;a;n;d;i;n;g
doi__10.1128_aac.45.10.2838-2844.2001,metadata_only,attempt_external_primary_fulltext_then_inventory_existing_supplementary_assets,/mnt/d/work/抗菌肽/数据库/merged_amp_corpus/landed_assets/papers/doi__10.1128_aac.45.10.2838-2844.2001,Cathelicidin peptides inhibit multiply antibiotic-resistant pathogens from patients with cystic fibrosis.,2001,Antimicrob Agents Chemother,10.1128/aac.45.10.2838-2844.2001,11557478,PMC90740,0,0,0,0,0,8,fulltext_or_xml,f;u;l;l;t;e;x;t;_;s;i;g;n;a;l;;;o;p;e;n;a;l;e;x;_;l;a;n;d;i;n;g
doi__10.1128_aac.45.11.3256-3261.2001,metadata_only,attempt_external_primary_fulltext_then_inventory_existing_supplementary_assets,/mnt/d/work/抗菌肽/数据库/merged_amp_corpus/landed_assets/papers/doi__10.1128_aac.45.11.3256-3261.2001,Congeners of SMAP29 kill ovine pathogens and induce ultrastructural damage in bacterial cells.,2001,Antimicrob Agents Chemother,10.1128/aac.45.11.3256-3261.2001,11600395,PMC90821,0,0,0,0,0,8,fulltext_or_xml,f;u;l;l;t;e;x;t;_;s;i;g;n;a;l;;;o;p;e;n;a;l;e;x;_;l;a;n;d;i;n;g
doi__10.1128_aac.45.12.3437-3444.2001,metadata_only,attempt_external_primary_fulltext_then_inventory_existing_supplementary_assets,/mnt/d/work/抗菌肽/数据库/merged_amp_corpus/landed_assets/papers/doi__10.1128_aac.45.12.3437-3444.2001,"P-113D, an antimicrobial peptide active against Pseudomonas aeruginosa, retains activity in the presence of sputum from cystic fibrosis patients.",2001,Antimicrob Agents Chemother,10.1128/aac.45.12.3437-3444.2001,11709321,PMC90850,0,0,0,0,0,10,fulltext_or_xml,f;u;l;l;t;e;x;t;_;s;i;g;n;a;l;;;o;p;e;n;a;l;e;x;_;l;a;n;d;i;n;g
doi__10.1128_aac.45.3.715-722.2001,metadata_only,attempt_external_primary_fulltext_then_inventory_existing_supplementary_assets,/mnt/d/work/抗菌肽/数据库/merged_amp_corpus/landed_assets/papers/doi__10.1128_aac.45.3.715-722.2001,Structural and functional analysis of horse cathelicidin peptides.,2001,Antimicrob Agents Chemother,10.1128/aac.45.3.715-722.2001,11181349,PMC90362,0,0,0,0,0,10,fulltext_or_xml,f;u;l;l;t;e;x;t;_;s;i;g;n;a;l;;;o;p;e;n;a;l;e;x;_;l;a;n;d;i;n;g
doi__10.1128_aac.45.3.905-912.2001,weak_source,recover_or_stage_primary_xml_then_build_material_packet,/mnt/d/work/抗菌肽/数据库/merged_amp_corpus/landed_assets/papers/doi__10.1128_aac.45.3.905-912.2001,Bacteriocin production in vancomycin-resistant and vancomycin-susceptible Enterococcus isolates of different origins,2001,Antimicrob Agents Chemother.,10.1128/aac.45.3.905-912.2001,11181378,PMC90391,0,1,0,1,0,1,fulltext_or_xml,o;p;e;n;a;l;e;x;_;l;a;n;d;i;n;g;;;f;u;l;l;t;e;x;t;_;s;i;g;n;a;l
doi__10.1128_aac.45.3.969-972.2001,metadata_only,attempt_external_primary_fulltext_then_inventory_existing_supplementary_assets,/mnt/d/work/抗菌肽/数据库/merged_amp_corpus/landed_assets/papers/doi__10.1128_aac.45.3.969-972.2001,"The structure, function, and origin of the microcin H47 ATP-binding cassette exporter indicate its relatedness to that of colicin V.",2001,Antimicrob Agents Chemother,10.1128/aac.45.3.969-972.2001,11181394,,0,0,0,0,0,2,landing_page,o;p;e;n;a;l;e;x;_;l;a;n;d;i;n;g
doi__10.1128_aac.45.5.1337-1342.2001,metadata_only,attempt_external_primary_fulltext_then_inventory_existing_supplementary_assets,/mnt/d/work/抗菌肽/数据库/merged_amp_corpus/landed_assets/papers/doi__10.1128_aac.45.5.1337-1342.2001,Synergy of histone-derived peptides of coho salmon with lysozyme and flounder pleurocidin.,2001,Antimicrob Agents Chemother,10.1128/aac.45.5.1337-1342.2001,11302792,PMC90470,0,0,0,0,0,6,fulltext_or_xml,f;u;l;l;t;e;x;t;_;s;i;g;n;a;l;;;o;p;e;n;a;l;e;x;_;l;a;n;d;i;n;g
doi__10.1128_aac.45.5.1367-1373.2001,metadata_only,attempt_external_primary_fulltext_then_inventory_existing_supplementary_assets,/mnt/d/work/抗菌肽/数据库/merged_amp_corpus/landed_assets/papers/doi__10.1128_aac.45.5.1367-1373.2001,"Anticandida activity is retained in P-113, a 12-amino-acid fragment of histatin 5.",2001,Antimicrob Agents Chemother,10.1128/aac.45.5.1367-1373.2001,11302797,PMC90475,0,0,0,0,0,10,fulltext_or_xml,f;u;l;l;t;e;x;t;_;s;i;g;n;a;l;;;o;p;e;n;a;l;e;x;_;l;a;n;d;i;n;g
doi__10.1128_aac.45.9.2441-2449.2001,metadata_only,attempt_external_primary_fulltext_then_inventory_existing_supplementary_assets,/mnt/d/work/抗菌肽/数据库/merged_amp_corpus/landed_assets/papers/doi__10.1128_aac.45.9.2441-2449.2001,"N-terminal fatty acid substitution increases the leishmanicidal activity of CA(1-7)M(2-9), a cecropin-melittin hybrid peptide.",2001,Antimicrob Agents Chemother,10.1128/aac.45.9.2441-2449.2001,11502512,PMC90675,0,0,0,0,0,9,fulltext_or_xml,f;u;l;l;t;e;x;t;_;s;i;g;n;a;l;;;o;p;e;n;a;l;e;x;_;l;a;n;d;i;n;g
doi__10.1128_aac.46.1.34-41.2002,metadata_only,attempt_external_primary_fulltext_then_inventory_existing_supplementary_assets,/mnt/d/work/抗菌肽/数据库/merged_amp_corpus/landed_assets/papers/doi__10.1128_aac.46.1.34-41.2002,In vitro microbicidal activities of cecropin peptides D2A21 and D4E1 and gel formulations containing 0.1 to 2% D2A21 against Chlamydia trachomatis.,2002,Antimicrob Agents Chemother,10.1128/aac.46.1.34-41.2002,11751108,PMC126975,0,0,0,0,0,7,fulltext_or_xml,f;u;l;l;t;e;x;t;_;s;i;g;n;a;l;;;o;p;e;n;a;l;e;x;_;l;a;n;d;i;n;g
doi__10.1128_aac.46.11.3585-3590.2002,weak_source,recover_or_stage_primary_xml_then_build_material_packet,/mnt/d/work/抗菌肽/数据库/merged_amp_corpus/landed_assets/papers/doi__10.1128_aac.46.11.3585-3590.2002,Cationic hydrophobic peptides with antimicrobial activity.,2002,Antimicrob Agents Chemother,10.1128/aac.46.11.3585-3590.2002,12384369,PMC128737,0,1,0,1,0,0,fulltext_or_xml,f;u;l;l;t;e;x;t;_;s;i;g;n;a;l;;;o;p;e;n;a;l;e;x;_;l;a;n;d;i;n;g
doi__10.1128_aac.46.12.3883-3891.2002,metadata_only,attempt_external_primary_fulltext_then_inventory_existing_supplementary_assets,/mnt/d/work/抗菌肽/数据库/merged_amp_corpus/landed_assets/papers/doi__10.1128_aac.46.12.3883-3891.2002,Synthetic peptides that exert antimicrobial activities in whole blood and blood-derived matrices.,2002,Antimicrob Agents Chemother,10.1128/aac.46.12.3883-3891.2002,12435692,PMC132762,0,0,0,0,0,9,fulltext_or_xml,f;u;l;l;t;e;x;t;_;s;i;g;n;a;l;;;o;p;e;n;a;l;e;x;_;l;a;n;d;i;n;g
doi__10.1128_aac.46.3.689-694.2002,metadata_only,attempt_external_primary_fulltext_then_inventory_existing_supplementary_assets,/mnt/d/work/抗菌肽/数据库/merged_amp_corpus/landed_assets/papers/doi__10.1128_aac.46.3.689-694.2002,Antibacterial properties of dermaseptin S4 derivatives with in vivo activity.,2002,Antimicrob Agents Chemother,10.1128/aac.46.3.689-694.2002,11850249,PMC127478,0,0,0,0,0,9,fulltext_or_xml,o;p;e;n;a;l;e;x;_;l;a;n;d;i;n;g;;;f;u;l;l;t;e;x;t;_;s;i;g;n;a;l
doi__10.1128_aac.46.3.875-878.2002,metadata_only,attempt_external_primary_fulltext_then_inventory_existing_supplementary_assets,/mnt/d/work/抗菌肽/数据库/merged_amp_corpus/landed_assets/papers/doi__10.1128_aac.46.3.875-878.2002,"Activities of polymyxin B and cecropin A-,melittin peptide CA(1-8)M(1-18) against a multiresistant strain of Acinetobacter baumannii.",2002,Antimicrob Agents Chemother,10.1128/aac.46.3.875-878.2002,11850277,PMC127505,0,0,0,0,0,7,fulltext_or_xml,f;u;l;l;t;e;x;t;_;s;i;g;n;a;l;;;o;p;e;n;a;l;e;x;_;l;a;n;d;i;n;g
doi__10.1128_aac.46.5.1218-1225.2002,metadata_only,attempt_external_primary_fulltext_then_inventory_existing_supplementary_assets,/mnt/d/work/抗菌肽/数据库/merged_amp_corpus/landed_assets/papers/doi__10.1128_aac.46.5.1218-1225.2002,Susceptibilities of Mycoplasma fermentans and Mycoplasma hyorhinis to membrane-active peptides and enrofloxacin in human tissue cell cultures.,2002,Antimicrob Agents Chemother,10.1128/aac.46.5.1218-1225.2002,11959548,PMC127185,0,0,0,0,0,8,fulltext_or_xml,f;u;l;l;t;e;x;t;_;s;i;g;n;a;l;;;o;p;e;n;a;l;e;x;_;l;a;n;d;i;n;g
doi__10.1128_aac.47.2.588-593.2003,metadata_only,attempt_external_primary_fulltext_then_inventory_existing_supplementary_assets,/mnt/d/work/抗菌肽/数据库/merged_amp_corpus/landed_assets/papers/doi__10.1128_aac.47.2.588-593.2003,The antifungal protein from Aspergillus giganteus causes membrane permeabilization.,2003,Antimicrob Agents Chemother,10.1128/aac.47.2.588-593.2003,12543664,PMC151754,0,0,0,0,0,9,fulltext_or_xml,f;u;l;l;t;e;x;t;_;s;i;g;n;a;l;;;o;p;e;n;a;l;e;x;_;l;a;n;d;i;n;g
doi__10.1128_aac.47.2.643-652.2003,metadata_only,attempt_external_primary_fulltext_then_inventory_existing_supplementary_assets,/mnt/d/work/抗菌肽/数据库/merged_amp_corpus/landed_assets/papers/doi__10.1128_aac.47.2.643-652.2003,"MUC7 20-Mer: investigation of antimicrobial activity, secondary structure, and possible mechanism of antifungal action.",2003,Antimicrob Agents Chemother,10.1128/aac.47.2.643-652.2003,12543672,PMC151741,0,0,0,0,0,6,fulltext_or_xml,f;u;l;l;t;e;x;t;_;s;i;g;n;a;l;;;o;p;e;n;a;l;e;x;_;l;a;n;d;i;n;g
doi__10.1128_aac.47.3.1157-1160.2003,metadata_only,attempt_external_primary_fulltext_then_inventory_existing_supplementary_assets,/mnt/d/work/抗菌肽/数据库/merged_amp_corpus/landed_assets/papers/doi__10.1128_aac.47.3.1157-1160.2003,Activities of temporin family peptides against the chytrid fungus (Batrachochytrium dendrobatidis) associated with global amphibian declines.,2003,Antimicrob Agents Chemother,10.1128/aac.47.3.1157-1160.2003,12604562,PMC149293,0,0,0,0,0,1,fulltext_or_xml,f;u;l;l;t;e;x;t;_;s;i;g;n;a;l;;;o;p;e;n;a;l;e;x;_;l;a;n;d;i;n;g
doi__10.1128_aac.47.8.2464-2470.2003,metadata_only,attempt_external_primary_fulltext_then_inventory_existing_supplementary_assets,/mnt/d/work/抗菌肽/数据库/merged_amp_corpus/landed_assets/papers/doi__10.1128_aac.47.8.2464-2470.2003,Novel antimicrobial peptides derived from flatfish genes.,2003,Antimicrob Agents Chemother,10.1128/aac.47.8.2464-2470.2003,12878506,PMC166104,0,0,0,0,0,8,fulltext_or_xml,f;u;l;l;t;e;x;t;_;s;i;g;n;a;l;;;o;p;e;n;a;l;e;x;_;l;a;n;d;i;n;g
doi__10.1128_aac.47.8.2481-2486.2003,metadata_only,attempt_external_primary_fulltext_then_inventory_existing_supplementary_assets,/mnt/d/work/抗菌肽/数据库/merged_amp_corpus/landed_assets/papers/doi__10.1128_aac.47.8.2481-2486.2003,"Biological activities of synthetic analogs of halocidin, an antimicrobial peptide from the tunicate Halocynthia aurantium.",2003,Antimicrob Agents Chemother,10.1128/aac.47.8.2481-2486.2003,12878508,PMC166113,0,0,0,0,0,8,fulltext_or_xml,f;u;l;l;t;e;x;t;_;s;i;g;n;a;l;;;o;p;e;n;a;l;e;x;_;l;a;n;d;i;n;g
doi__10.1128_aac.47.9.2804-2809.2003,metadata_only,attempt_external_primary_fulltext_then_inventory_existing_supplementary_assets,/mnt/d/work/抗菌肽/数据库/merged_amp_corpus/landed_assets/papers/doi__10.1128_aac.47.9.2804-2809.2003,Antimicrobial characterization of human beta-defensin 3 derivatives.,2003,Antimicrob Agents Chemother,10.1128/aac.47.9.2804-2809.2003,12936977,PMC182640,0,0,0,0,0,5,fulltext_or_xml,f;u;l;l;t;e;x;t;_;s;i;g;n;a;l;;;o;p;e;n;a;l;e;x;_;l;a;n;d;i;n;g
doi__10.1128_aac.48.1.229-235.2004,metadata_only,attempt_external_primary_fulltext_then_inventory_existing_supplementary_assets,/mnt/d/work/抗菌肽/数据库/merged_amp_corpus/landed_assets/papers/doi__10.1128_aac.48.1.229-235.2004,Antimicrobial activity of a chelatable poly(arginyl-histidine) produced by the ergot fungus Verticillium kibiense.,2003,Antimicrob Agents Chemother,10.1128/aac.48.1.229-235.2004,14693544,PMC310180,0,0,0,0,0,6,fulltext_or_xml,f;u;l;l;t;e;x;t;_;s;i;g;n;a;l;;;o;p;e;n;a;l;e;x;_;l;a;n;d;i;n;g
doi__10.1128_aac.48.2.673-676.2004,metadata_only,attempt_external_primary_fulltext_then_inventory_existing_supplementary_assets,/mnt/d/work/抗菌肽/数据库/merged_amp_corpus/landed_assets/papers/doi__10.1128_aac.48.2.673-676.2004,Antimicrobial activity and bacterial-membrane interaction of ovine-derived cathelicidins.,2004,Antimicrob Agents Chemother,10.1128/aac.48.2.673-676.2004,14742236,PMC321555,0,0,0,0,0,5,fulltext_or_xml,f;u;l;l;t;e;x;t;_;s;i;g;n;a;l;;;o;p;e;n;a;l;e;x;_;l;a;n;d;i;n;g
doi__10.1128_aac.48.8.3127-3129.2004,metadata_only,attempt_external_primary_fulltext_then_inventory_existing_supplementary_assets,/mnt/d/work/抗菌肽/数据库/merged_amp_corpus/landed_assets/papers/doi__10.1128_aac.48.8.3127-3129.2004,In vitro activity and potency of an intravenously injected antimicrobial peptide and its DL amino acid analog in mice infected with bacteria.,2004,Antimicrob Agents Chemother,10.1128/aac.48.8.3127-3129.2004,15273131,PMC478488,0,0,0,0,0,4,fulltext_or_xml,f;u;l;l;t;e;x;t;_;s;i;g;n;a;l;;;o;p;e;n;a;l;e;x;_;l;a;n;d;i;n;g
doi__10.1128_aac.48.9.3349-3357.2004,metadata_only,attempt_external_primary_fulltext_then_inventory_existing_supplementary_assets,/mnt/d/work/抗菌肽/数据库/merged_amp_corpus/landed_assets/papers/doi__10.1128_aac.48.9.3349-3357.2004,De novo design of potent antimicrobial peptides.,2004,Antimicrob Agents Chemother,10.1128/aac.48.9.3349-3357.2004,15328096,PMC514781,0,0,0,0,0,5,fulltext_or_xml,f;u;l;l;t;e;x;t;_;s;i;g;n;a;l;;;o;p;e;n;a;l;e;x;_;l;a;n;d;i;n;g
doi__10.1128_aac.49.11.4561-4566.2005,metadata_only,attempt_external_primary_fulltext_then_inventory_existing_supplementary_assets,/mnt/d/work/抗菌肽/数据库/merged_amp_corpus/landed_assets/papers/doi__10.1128_aac.49.11.4561-4566.2005,Antibacterial activity of human neutrophil defensin HNP-1 analogs without cysteines.,2005,Antimicrob Agents Chemother,10.1128/aac.49.11.4561-4566.2005,16251296,PMC1280114,0,0,0,0,0,3,fulltext_or_xml,f;u;l;l;t;e;x;t;_;s;i;g;n;a;l;;;o;p;e;n;a;l;e;x;_;l;a;n;d;i;n;g
doi__10.1128_aac.49.12.4957-4964.2005,metadata_only,attempt_external_primary_fulltext_then_inventory_existing_supplementary_assets,/mnt/d/work/抗菌肽/数据库/merged_amp_corpus/landed_assets/papers/doi__10.1128_aac.49.12.4957-4964.2005,Antimicrobial activities and structures of two linear cationic peptide families with various amphipathic beta-sheet and alpha-helical potentials.,2005,Antimicrob Agents Chemother,10.1128/aac.49.12.4957-4964.2005,16304158,PMC1315945,0,0,0,0,0,4,fulltext_or_xml,f;u;l;l;t;e;x;t;_;s;i;g;n;a;l;;;o;p;e;n;a;l;e;x;_;l;a;n;d;i;n;g
doi__10.1128_aac.49.12.5037-5045.2005,metadata_only,attempt_external_primary_fulltext_then_inventory_existing_supplementary_assets,/mnt/d/work/抗菌肽/数据库/merged_amp_corpus/landed_assets/papers/doi__10.1128_aac.49.12.5037-5045.2005,Novel cyclic lipodepsipeptide from Pseudomonas syringae pv. lachrymans strain 508 and syringopeptin antimicrobial activities.,2005,Antimicrob Agents Chemother,10.1128/aac.49.12.5037-5045.2005,16304170,PMC1315969,0,0,0,0,0,1,fulltext_or_xml,f;u;l;l;t;e;x;t;_;s;i;g;n;a;l;;;o;p;e;n;a;l;e;x;_;l;a;n;d;i;n;g
doi__10.1128_aac.49.6.2438-2444.2005,weak_source,recover_or_stage_primary_xml_then_build_material_packet,/mnt/d/work/抗菌肽/数据库/merged_amp_corpus/landed_assets/papers/doi__10.1128_aac.49.6.2438-2444.2005,Comparable efficacies of the antimicrobial peptide human lactoferrin 1â€“11 and gentamicin in a chronic methicillin-resistantStaphylococcus aureusosteomyelitis model,2005,Antimicrob. Agents Chemother,10.1128/aac.49.6.2438-2444.2005,15917544,,0,2,0,2,0,0,direct_pdf,l;o;c;a;l;_;p;d;f;;;o;p;e;n;a;l;e;x;_;p;d;f;;;o;p;e;n;a;l;e;x;_;l;a;n;d;i;n;g
doi__10.1128_aac.49.7.2845-2850.2005,weak_source,recover_or_stage_primary_xml_then_build_material_packet,/mnt/d/work/抗菌肽/数据库/merged_amp_corpus/landed_assets/papers/doi__10.1128_aac.49.7.2845-2850.2005,"Antimicrobial and chemoattractant activity, lipopolysaccharide neutralization, cytotoxicity, and inhibition by serum of analogs of human cathelicidin LL-37.",2005,Antimicrob Agents Chemother,10.1128/aac.49.7.2845-2850.2005,15980359,PMC1168709,0,1,0,1,0,1,fulltext_or_xml,o;p;e;n;a;l;e;x;_;l;a;n;d;i;n;g;;;f;u;l;l;t;e;x;t;_;s;i;g;n;a;l
doi__10.1128_aac.49.8.3208-3216.2005,metadata_only,attempt_external_primary_fulltext_then_inventory_existing_supplementary_assets,/mnt/d/work/抗菌肽/数据库/merged_amp_corpus/landed_assets/papers/doi__10.1128_aac.49.8.3208-3216.2005,Activity of the de novo engineered antimicrobial peptide WLBU2 against Pseudomonas aeruginosa in human serum and whole blood: implications for systemic applications.,2005,Antimicrob Agents Chemother,10.1128/aac.49.8.3208-3216.2005,16048927,PMC1196285,0,0,0,0,0,10,fulltext_or_xml,f;u;l;l;t;e;x;t;_;s;i;g;n;a;l;;;o;p;e;n;a;l;e;x;_;l;a;n;d;i;n;g
doi__10.1128_aem.00299-15,metadata_only,attempt_external_primary_fulltext_pdf_xml_before_review,/mnt/d/work/抗菌肽/数据库/merged_amp_corpus/landed_assets/papers/doi__10.1128_aem.00299-15,"Pseudomycoicidin, a class II lantibiotic from Bacillus.",2015,Appl Environ Microbiol.,10.1128/aem.00299-15,25769830,PMC4407209,0,0,0,0,0,0,direct_pdf,f;u;l;l;t;e;x;t;_;s;i;g;n;a;l;;;o;p;e;n;a;l;e;x;_;l;a;n;d;i;n;g;;;o;p;e;n;a;l;e;x;_;p;d;f
doi__10.1128_aem.00523-10,metadata_only,attempt_external_primary_fulltext_then_inventory_existing_supplementary_assets,/mnt/d/work/抗菌肽/数据库/merged_amp_corpus/landed_assets/papers/doi__10.1128_aem.00523-10,Synthesis of trypsin-resistant variants of the Listeria-active bacteriocin salivaricin P.,2010,Appl Environ Microbiol,10.1128/aem.00523-10,20581174,PMC2918959,0,0,0,0,0,10,fulltext_or_xml,f;u;l;l;t;e;x;t;_;s;i;g;n;a;l;;;o;p;e;n;a;l;e;x;_;l;a;n;d;i;n;g
doi__10.1128_aem.00548-09,weak_source,recover_or_stage_primary_xml_then_build_material_packet,/mnt/d/work/抗菌肽/数据库/merged_amp_corpus/landed_assets/papers/doi__10.1128_aem.00548-09,High-level biosynthesis of the anteiso-C(17) isoform of the antibiotic mycosubtilin in Bacillus subtilis and characterization of its candidacidal activity.,2009,Appl Environ Microbiol,10.1128/aem.00548-09,19429561,PMC2704807,0,1,0,1,0,5,fulltext_or_xml,o;p;e;n;a;l;e;x;_;l;a;n;d;i;n;g;;;f;u;l;l;t;e;x;t;_;s;i;g;n;a;l
doi__10.1128_aem.00567-21,metadata_only,attempt_external_primary_fulltext_then_inventory_existing_supplementary_assets,/mnt/d/work/抗菌肽/数据库/merged_amp_corpus/landed_assets/papers/doi__10.1128_aem.00567-21,Peptides Affecting the Outer Membrane Lipid Asymmetry System (MlaA-OmpC/F) Reduce Avian Pathogenic Escherichia coli (APEC) Colonization in Chickens.,2021,Appl Environ Microbiol,10.1128/aem.00567-21,34132592,PMC8357279,0,0,0,0,0,10,fulltext_or_xml,f;u;l;l;t;e;x;t;_;s;i;g;n;a;l;;;o;p;e;n;a;l;e;x;_;l;a;n;d;i;n;g
doi__10.1128_aem.00730-09,metadata_only,attempt_external_primary_fulltext_pdf_xml_before_review,/mnt/d/work/抗菌肽/数据库/merged_amp_corpus/landed_assets/papers/doi__10.1128_aem.00730-09,"Identification of a novel two-peptide lantibiotic, lichenicidin, following rational genome mining for LanM proteins.",2009,Appl Environ Microbiol.,10.1128/aem.00730-09,19561184,PMC2737927,0,0,0,0,0,0,fulltext_or_xml,f;u;l;l;t;e;x;t;_;s;i;g;n;a;l;;;o;p;e;n;a;l;e;x;_;l;a;n;d;i;n;g
doi__10.1128_aem.01154-10,metadata_only,attempt_external_primary_fulltext_then_inventory_existing_supplementary_assets,/mnt/d/work/抗菌肽/数据库/merged_amp_corpus/landed_assets/papers/doi__10.1128_aem.01154-10,Insights into the functionality of the putative residues involved in enterocin AS-48 maturation.,2010,Appl Environ Microbiol,10.1128/aem.01154-10,20833793,PMC2976261,0,0,0,0,0,6,fulltext_or_xml,f;u;l;l;t;e;x;t;_;s;i;g;n;a;l;;;o;p;e;n;a;l;e;x;_;l;a;n;d;i;n;g
doi__10.1128_aem.01173-10,metadata_only,attempt_external_primary_fulltext_then_inventory_existing_supplementary_assets,/mnt/d/work/抗菌肽/数据库/merged_amp_corpus/landed_assets/papers/doi__10.1128_aem.01173-10,"Characterization of Garvicin ML, a Novel Circular Bacteriocin Produced by Lactococcus garvieae DCC43, Isolated from Mallard Ducks (Anas platyrhynchos)",2010,Appl Environ Microbiol.,10.1128/aem.01173-10,21057028,PMC3019728,0,0,0,0,0,7,fulltext_or_xml,o;p;e;n;a;l;e;x;_;l;a;n;d;i;n;g;;;f;u;l;l;t;e;x;t;_;s;i;g;n;a;l
doi__10.1128_aem.01597-09,metadata_only,attempt_external_primary_fulltext_then_inventory_existing_supplementary_assets,/mnt/d/work/抗菌肽/数据库/merged_amp_corpus/landed_assets/papers/doi__10.1128_aem.01597-09,Molecular and genetic characterization of a novel bacteriocin locus in Enterococcus avium isolates from infants.,2009,Appl Environ Microbiol,10.1128/aem.01597-09,19933345,,0,0,0,0,0,9,landing_page,o;p;e;n;a;l;e;x;_;l;a;n;d;i;n;g
doi__10.1128_aem.01981-20,weak_source,recover_or_stage_primary_xml_then_build_material_packet,/mnt/d/work/抗菌肽/数据库/merged_amp_corpus/landed_assets/papers/doi__10.1128_aem.01981-20,Novel Modifications of Nonribosomal Peptides from Brevibacillus laterosporus MG64 and Investigation of Their Mode of Action.,2020,Appl Environ Microbiol,10.1128/aem.01981-20,32978140,PMC7688214,0,2,0,2,0,4,direct_pdf,l;o;c;a;l;_;p;d;f;;;o;p;e;n;a;l;e;x;_;p;d;f;;;o;p;e;n;a;l;e;x;_;l;a;n;d;i;n;g;;;f;u;l;l;t;e;x;t;_;s;i;g;n;a;l
doi__10.1128_aem.02030-07,weak_source,recover_or_stage_primary_xml_then_build_material_packet,/mnt/d/work/抗菌肽/数据库/merged_amp_corpus/landed_assets/papers/doi__10.1128_aem.02030-07,"The inhibitory spectrum of thermophilin 9 from Streptococcus thermophilus LMD-9 depends on the production of multiple peptides and the activity of BlpG(St), a thiol-disulfide oxidase.",2007,Appl Environ Microbiol,10.1128/aem.02030-07,18156339,,0,1,0,1,0,0,landing_page,o;p;e;n;a;l;e;x;_;l;a;n;d;i;n;g
doi__10.1128_aem.02062-24,weak_source,recover_or_stage_primary_pdf_then_build_material_packet,/mnt/d/work/抗菌肽/数据库/merged_amp_corpus/landed_assets/papers/doi__10.1128_aem.02062-24,Antimicrobial peptide DiPGLa-H exhibits the most outstanding anti-infective activity among the PGLa variants based on a systematic comparison.,2025,Appl Environ Microbiol.,10.1128/aem.02062-24,39907455,PMC11921344,1,0,2,0,1,1,fulltext_or_xml,l;o;c;a;l;_;x;m;l;;;l;o;c;a;l;_;p;a;c;k;a;g;e;;;l;o;c;a;l;_;s;u;p;p;l;e;m;e;n;t;a;r;y;;;o;p;e;n;a;l;e;x;_;l;a;n;d;i;n;g;;;f;u;l;l;t;e;x;t;_;s;i;g;n;a;l
doi__10.1128_aem.02096-08,metadata_only,attempt_external_primary_fulltext_then_inventory_existing_supplementary_assets,/mnt/d/work/抗菌肽/数据库/merged_amp_corpus/landed_assets/papers/doi__10.1128_aem.02096-08,"Targeted engineering of the antibacterial peptide apidaecin, based on an in vivo monitoring assay system.",2008,Appl Environ Microbiol,10.1128/aem.02096-08,19114518,PMC2648157,0,0,0,0,0,8,fulltext_or_xml,f;u;l;l;t;e;x;t;_;s;i;g;n;a;l;;;o;p;e;n;a;l;e;x;_;l;a;n;d;i;n;g
doi__10.1128_aem.02264-09,metadata_only,attempt_external_primary_fulltext_then_inventory_existing_supplementary_assets,/mnt/d/work/抗菌肽/数据库/merged_amp_corpus/landed_assets/papers/doi__10.1128_aem.02264-09,"Enterocin X, a novel two-peptide bacteriocin from Enterococcus faecium KU-B5, has an antibacterial spectrum entirely different from those of its component peptides.",2010,Appl Environ Microbiol,10.1128/aem.02264-09,20418437,PMC2897431,0,0,0,0,0,3,fulltext_or_xml,o;p;e;n;a;l;e;x;_;l;a;n;d;i;n;g;;;f;u;l;l;t;e;x;t;_;s;i;g;n;a;l
doi__10.1128_aem.02265-06,metadata_only,attempt_external_primary_fulltext_then_inventory_existing_supplementary_assets,/mnt/d/work/抗菌肽/数据库/merged_amp_corpus/landed_assets/papers/doi__10.1128_aem.02265-06,Salivaricin A2 and the novel lantibiotic salivaricin B are encoded at adjacent loci on a 190-kilobase transmissible megaplasmid in the oral probiotic strain Streptococcus salivarius K12,2006,Appl Environ Microbiol.,10.1128/aem.02265-06,17194838,PMC1828679,0,0,0,0,0,10,fulltext_or_xml,o;p;e;n;a;l;e;x;_;l;a;n;d;i;n;g;;;f;u;l;l;t;e;x;t;_;s;i;g;n;a;l
doi__10.1128_aem.02286-06,metadata_only,attempt_external_primary_fulltext_then_inventory_existing_supplementary_assets,/mnt/d/work/抗菌肽/数据库/merged_amp_corpus/landed_assets/papers/doi__10.1128_aem.02286-06,"Structural analysis and characterization of lacticin Q, a novel bacteriocin belonging to a new family of unmodified bacteriocins of gram-positive bacteria.",2007,Appl Environ Microbiol.,10.1128/aem.02286-06,17351096,PMC1892864,0,0,0,0,0,4,fulltext_or_xml,f;u;l;l;t;e;x;t;_;s;i;g;n;a;l;;;o;p;e;n;a;l;e;x;_;l;a;n;d;i;n;g
doi__10.1128_aem.02299-08,metadata_only,attempt_external_primary_fulltext_then_inventory_existing_supplementary_assets,/mnt/d/work/抗菌肽/数据库/merged_amp_corpus/landed_assets/papers/doi__10.1128_aem.02299-08,"Identification and characterization of lactocyclicin Q, a novel cyclic bacteriocin produced by Lactococcus sp. strain QU 12.",2009,Appl Environ Microbiol,10.1128/aem.02299-08,19139222,PMC2655440,0,0,0,0,0,5,fulltext_or_xml,f;u;l;l;t;e;x;t;_;s;i;g;n;a;l;;;o;p;e;n;a;l;e;x;_;l;a;n;d;i;n;g
doi__10.1128_aem.02450-10,metadata_only,attempt_external_primary_fulltext_then_inventory_existing_supplementary_assets,/mnt/d/work/抗菌肽/数据库/merged_amp_corpus/landed_assets/papers/doi__10.1128_aem.02450-10,Altering the composition of caseicins A and B as a means of determining the contribution of specific residues to antimicrobial activity.,2011,Appl Environ Microbiol,10.1128/aem.02450-10,21296933,PMC3067445,0,0,0,0,0,5,fulltext_or_xml,f;u;l;l;t;e;x;t;_;s;i;g;n;a;l;;;o;p;e;n;a;l;e;x;_;l;a;n;d;i;n;g
doi__10.1128_aem.02481-10,metadata_only,attempt_external_primary_fulltext_then_inventory_existing_supplementary_assets,/mnt/d/work/抗菌肽/数据库/merged_amp_corpus/landed_assets/papers/doi__10.1128_aem.02481-10,"Isolation of Lactobacillus salivarius 1077 (NRRL B-50053) and characterization of its bacteriocin, including the antimicrobial activity spectrum.",2011,Appl Environ Microbiol.,10.1128/aem.02481-10,21378051,PMC3126352,0,0,0,0,0,10,fulltext_or_xml,f;u;l;l;t;e;x;t;_;s;i;g;n;a;l;;;o;p;e;n;a;l;e;x;_;l;a;n;d;i;n;g
doi__10.1128_aem.02718-06,metadata_only,attempt_external_primary_fulltext_then_inventory_existing_supplementary_assets,/mnt/d/work/抗菌肽/数据库/merged_amp_corpus/landed_assets/papers/doi__10.1128_aem.02718-06,Analysis of the two-peptide bacteriocins lactococcin G and enterocin 1071 by site-directed mutagenesis.,2007,Appl Environ Microbiol,10.1128/aem.02718-06,17337546,PMC1892869,0,0,0,0,0,6,fulltext_or_xml,f;u;l;l;t;e;x;t;_;s;i;g;n;a;l;;;o;p;e;n;a;l;e;x;_;l;a;n;d;i;n;g
doi__10.1128_aem.02940-05,weak_source,recover_or_stage_primary_xml_then_build_material_packet,/mnt/d/work/抗菌肽/数据库/merged_amp_corpus/landed_assets/papers/doi__10.1128_aem.02940-05,"Characterization of antimicrobial substances produced by Enterococcus faecalis MRR 10-3, isolated from the uropygial gland of the hoopoe (Upupa epops).",2006,Appl Environ Microbiol,10.1128/aem.02940-05,16751538,PMC1489579,0,4,0,4,0,0,direct_pdf,l;o;c;a;l;_;p;d;f;;;o;p;e;n;a;l;e;x;_;p;d;f;;;o;p;e;n;a;l;e;x;_;l;a;n;d;i;n;g;;;f;u;l;l;t;e;x;t;_;s;i;g;n;a;l
doi__10.1128_aem.06348-11,metadata_only,attempt_external_primary_fulltext_then_inventory_existing_supplementary_assets,/mnt/d/work/抗菌肽/数据库/merged_amp_corpus/landed_assets/papers/doi__10.1128_aem.06348-11,"Identification and characterization of leucocyclicin Q, a novel cyclic bacteriocin produced by Leuconostoc mesenteroides TK41401.",2011,Appl Environ Microbiol.,10.1128/aem.06348-11,21948835,PMC3209004,0,0,0,0,0,5,fulltext_or_xml,f;u;l;l;t;e;x;t;_;s;i;g;n;a;l;;;o;p;e;n;a;l;e;x;_;l;a;n;d;i;n;g
doi__10.1128_aem.06497-11,metadata_only,attempt_external_primary_fulltext_then_inventory_existing_supplementary_assets,/mnt/d/work/抗菌肽/数据库/merged_amp_corpus/landed_assets/papers/doi__10.1128_aem.06497-11,"Isolation and characterization of enterocin W, a novel two-peptide lantibiotic produced by Enterococcus faecalis NKR-4-1.",2011,Appl Environ Microbiol,10.1128/aem.06497-11,22138996,PMC3264125,0,0,0,0,0,2,fulltext_or_xml,o;p;e;n;a;l;e;x;_;l;a;n;d;i;n;g;;;f;u;l;l;t;e;x;t;_;s;i;g;n;a;l
doi__10.1128_aem.66.12.5213-5220.2000,metadata_only,attempt_external_primary_fulltext_then_inventory_existing_supplementary_assets,/mnt/d/work/抗菌肽/数据库/merged_amp_corpus/landed_assets/papers/doi__10.1128_aem.66.12.5213-5220.2000,"Biochemical and genetic characterization of coagulin, a new antilisterial bacteriocin in the pediocin family of bacteriocins, produced by Bacillus coagulans I-4",2000,Appl Environ Microbiol,10.1128/aem.66.12.5213-5220.2000,11097892,PMC92446,0,0,0,0,0,10,fulltext_or_xml,f;u;l;l;t;e;x;t;_;s;i;g;n;a;l;;;o;p;e;n;a;l;e;x;_;l;a;n;d;i;n;g
doi__10.1128_aem.66.12.5480-5483.2000,metadata_only,attempt_external_primary_fulltext_then_inventory_existing_supplementary_assets,/mnt/d/work/抗菌肽/数据库/merged_amp_corpus/landed_assets/papers/doi__10.1128_aem.66.12.5480-5483.2000,"Cloning, nucleotide sequence, and expression of the gene encoding the bacteriocin boticin B from Clostridium botulinum strain 213B.",2000,Appl Environ Microbiol,10.1128/aem.66.12.5480-5483.2000,11097932,,0,0,0,0,0,5,landing_page,o;p;e;n;a;l;e;x;_;l;a;n;d;i;n;g
doi__10.1128_aem.66.4.1298-1304.2000,metadata_only,attempt_external_primary_fulltext_then_inventory_existing_supplementary_assets,/mnt/d/work/抗菌肽/数据库/merged_amp_corpus/landed_assets/papers/doi__10.1128_aem.66.4.1298-1304.2000,"Characterization and cloning of the genes encoding enterocin 1071A and enterocin 1071B, two antimicrobial peptides produced by Enterococcus faecalis BFE 1071.",2000,Appl Environ Microbiol.,10.1128/aem.66.4.1298-1304.2000,10742203,PMC91984,0,0,0,0,0,8,fulltext_or_xml,f;u;l;l;t;e;x;t;_;s;i;g;n;a;l;;;o;p;e;n;a;l;e;x;_;l;a;n;d;i;n;g
doi__10.1128_aem.66.5.1928-1932.2000,metadata_only,attempt_external_primary_fulltext_then_inventory_existing_supplementary_assets,/mnt/d/work/抗菌肽/数据库/merged_amp_corpus/landed_assets/papers/doi__10.1128_aem.66.5.1928-1932.2000,Antimicrobial peptides protect coho salmon from Vibrio anguillarum infections.,2000,Appl Environ Microbiol,10.1128/aem.66.5.1928-1932.2000,10788362,PMC101435,0,0,0,0,0,5,direct_pdf,f;u;l;l;t;e;x;t;_;s;i;g;n;a;l;;;o;p;e;n;a;l;e;x;_;l;a;n;d;i;n;g;;;o;p;e;n;a;l;e;x;_;p;d;f
doi__10.1128_aem.67.9.4111-4118.2001,metadata_only,attempt_external_primary_fulltext_then_inventory_existing_supplementary_assets,/mnt/d/work/抗菌肽/数据库/merged_amp_corpus/landed_assets/papers/doi__10.1128_aem.67.9.4111-4118.2001,"Ruminococcin A, a new lantibiotic produced by a Ruminococcus gnavus strain isolated from human feces",2001,Appl Environ Microbiol.,10.1128/aem.67.9.4111-4118.2001,11526013,PMC93137,0,0,0,0,0,9,fulltext_or_xml,f;u;l;l;t;e;x;t;_;s;i;g;n;a;l;;;o;p;e;n;a;l;e;x;_;l;a;n;d;i;n;g
doi__10.1128_aem.68.12.6416-6420.2002,metadata_only,attempt_external_primary_fulltext_then_inventory_existing_supplementary_assets,/mnt/d/work/抗菌肽/数据库/merged_amp_corpus/landed_assets/papers/doi__10.1128_aem.68.12.6416-6420.2002,"Sakacin G, a new type of antilisterial bacteriocin.",2002,Appl Environ Microbiol,10.1128/aem.68.12.6416-6420.2002,12450870,,0,0,0,0,0,4,landing_page,o;p;e;n;a;l;e;x;_;l;a;n;d;i;n;g
doi__10.1128_aem.68.8.3830-3840.2002,metadata_only,attempt_external_primary_fulltext_then_inventory_existing_supplementary_assets,/mnt/d/work/抗菌肽/数据库/merged_amp_corpus/landed_assets/papers/doi__10.1128_aem.68.8.3830-3840.2002,"Biochemical and genetic characterization of munddticin KS, an antilisterial peptide produced by Enterococcus mundtii NFRI 7397",2002,Appl Environ Microbiol,10.1128/aem.68.8.3830-3840.2002,12147478,PMC124038,0,0,0,0,0,6,fulltext_or_xml,f;u;l;l;t;e;x;t;_;s;i;g;n;a;l;;;o;p;e;n;a;l;e;x;_;l;a;n;d;i;n;g
doi__10.1128_aem.69.10.5546-5553.2003,metadata_only,attempt_external_primary_fulltext_then_inventory_existing_supplementary_assets,/mnt/d/work/抗菌肽/数据库/merged_amp_corpus/landed_assets/papers/doi__10.1128_aem.69.10.5546-5553.2003,Purification and characterization of a novel bacteriocin produced by Enterococcus faecalis strain RJ-11.,2003,Appl Environ Microbiol.,10.1128/aem.69.10.5546-5553.2003,14532021,PMC201181,0,0,0,0,0,9,fulltext_or_xml,o;p;e;n;a;l;e;x;_;l;a;n;d;i;n;g;;;f;u;l;l;t;e;x;t;_;s;i;g;n;a;l
doi__10.1128_aem.69.3.1589-1597.2003,metadata_only,attempt_external_primary_fulltext_then_inventory_existing_supplementary_assets,/mnt/d/work/抗菌肽/数据库/merged_amp_corpus/landed_assets/papers/doi__10.1128_aem.69.3.1589-1597.2003,"Identification and characterization of two novel clostridial bacteriocins, circularin A and closticin 574",2003,Appl Environ Microbiol,10.1128/aem.69.3.1589-1597.2003,12620847,PMC150056,0,0,0,0,0,2,fulltext_or_xml,f;u;l;l;t;e;x;t;_;s;i;g;n;a;l;;;o;p;e;n;a;l;e;x;_;l;a;n;d;i;n;g
doi__10.1128_aem.69.5.2737-2747.2003,metadata_only,attempt_external_primary_fulltext_then_inventory_existing_supplementary_assets,/mnt/d/work/抗菌肽/数据库/merged_amp_corpus/landed_assets/papers/doi__10.1128_aem.69.5.2737-2747.2003,"Purification and characterization of streptin, a type A1 lantibiotic produced by Streptococcus pyogenes.",2003,Appl Environ Microbiol,10.1128/aem.69.5.2737-2747.2003,12732544,,0,0,0,0,0,9,landing_page,o;p;e;n;a;l;e;x;_;l;a;n;d;i;n;g
doi__10.1128_aem.71.10.6360-6367.2005,metadata_only,attempt_external_primary_fulltext_then_inventory_existing_supplementary_assets,/mnt/d/work/抗菌肽/数据库/merged_amp_corpus/landed_assets/papers/doi__10.1128_aem.71.10.6360-6367.2005,Production of an engineered killer peptide in Nicotiana benthamiana by using a potato virus X expression system.,2005,Appl Environ Microbiol,10.1128/aem.71.10.6360-6367.2005,16204558,PMC1265961,0,0,0,0,0,3,fulltext_or_xml,f;u;l;l;t;e;x;t;_;s;i;g;n;a;l;;;o;p;e;n;a;l;e;x;_;l;a;n;d;i;n;g
doi__10.1128_aem.71.4.1899-1908.2005,metadata_only,attempt_external_primary_fulltext_then_inventory_existing_supplementary_assets,/mnt/d/work/抗菌肽/数据库/merged_amp_corpus/landed_assets/papers/doi__10.1128_aem.71.4.1899-1908.2005,Genes involved in SkfA killing factor production protect a Bacillus subtilis lipase against proteolysis.,2005,Appl Environ Microbiol,10.1128/aem.71.4.1899-1908.2005,15812018,,0,0,0,0,0,10,direct_pdf,o;p;e;n;a;l;e;x;_;l;a;n;d;i;n;g;;;o;p;e;n;a;l;e;x;_;p;d;f
doi__10.1128_aem.72.2.1459-1466.2006,metadata_only,attempt_external_primary_fulltext_then_inventory_existing_supplementary_assets,/mnt/d/work/抗菌肽/数据库/merged_amp_corpus/landed_assets/papers/doi__10.1128_aem.72.2.1459-1466.2006,Production of the lantibiotic salivaricin A and its variants by oral streptococci and use of a specific induction assay to detect their presence in human saliva.,2006,Appl Environ Microbiol.,10.1128/aem.72.2.1459-1466.2006,16461700,,0,0,0,0,0,10,landing_page,o;p;e;n;a;l;e;x;_;l;a;n;d;i;n;g
doi__10.1128_iai.00131-25,weak_source,recover_or_stage_primary_pdf_then_build_material_packet,/mnt/d/work/抗菌肽/数据库/merged_amp_corpus/landed_assets/papers/doi__10.1128_iai.00131-25,Investigating the immunomodulatory effects of honeybee venom peptide apamin in Drosophila platforms.,2025,Infect Immun.,10.1128/iai.00131-25,40470946,PMC12234437,1,0,2,0,1,8,fulltext_or_xml,l;o;c;a;l;_;x;m;l;;;l;o;c;a;l;_;p;a;c;k;a;g;e;;;l;o;c;a;l;_;s;u;p;p;l;e;m;e;n;t;a;r;y;;;o;p;e;n;a;l;e;x;_;l;a;n;d;i;n;g;;;f;u;l;l;t;e;x;t;_;s;i;g;n;a;l
doi__10.1128_iai.00996-10,metadata_only,attempt_external_primary_fulltext_then_inventory_existing_supplementary_assets,/mnt/d/work/抗菌肽/数据库/merged_amp_corpus/landed_assets/papers/doi__10.1128_iai.00996-10,Strain-specific polymorphisms in Paneth cell alpha-defensins of C57BL/6 mice and evidence of vestigial myeloid alpha-defensin pseudogenes,2010,Infect Immun.,10.1128/iai.00996-10,21041494,,0,0,0,0,0,9,landing_page,o;p;e;n;a;l;e;x;_;l;a;n;d;i;n;g
doi__10.1128_iai.01100-08,metadata_only,attempt_external_primary_fulltext_then_inventory_existing_supplementary_assets,/mnt/d/work/抗菌肽/数据库/merged_amp_corpus/landed_assets/papers/doi__10.1128_iai.01100-08,"Isolation, synthesis, and antimicrobial activities of naturally occurring theta-defensin isoforms from baboon leukocytes.",2008,Infect Immun,10.1128/iai.01100-08,18852242,PMC2583559,0,0,0,0,0,5,fulltext_or_xml,f;u;l;l;t;e;x;t;_;s;i;g;n;a;l;;;o;p;e;n;a;l;e;x;_;l;a;n;d;i;n;g
doi__10.1128_iai.65.2.636-639.1997,metadata_only,attempt_external_primary_fulltext_pdf_xml_before_review,/mnt/d/work/抗菌肽/数据库/merged_amp_corpus/landed_assets/papers/doi__10.1128_iai.65.2.636-639.1997,Protegrin structure and activity against Neisseria gonorrhoeae.,1997,Infect Immun,10.1128/iai.65.2.636-639.1997,9009324,PMC176107,0,0,0,0,0,0,direct_pdf,f;u;l;l;t;e;x;t;_;s;i;g;n;a;l;;;o;p;e;n;a;l;e;x;_;l;a;n;d;i;n;g;;;o;p;e;n;a;l;e;x;_;p;d;f
doi__10.1128_iai.66.6.2486-2493.1998,metadata_only,attempt_external_primary_fulltext_pdf_xml_before_review,/mnt/d/work/抗菌肽/数据库/merged_amp_corpus/landed_assets/papers/doi__10.1128_iai.66.6.2486-2493.1998,Activity of protegrins against yeast-phase Candida albicans.,1998,Infect Immun,10.1128/iai.66.6.2486-2493.1998,9596706,PMC108228,0,0,0,0,0,0,direct_pdf,f;u;l;l;t;e;x;t;_;s;i;g;n;a;l;;;o;p;e;n;a;l;e;x;_;l;a;n;d;i;n;g;;;o;p;e;n;a;l;e;x;_;p;d;f
doi__10.1128_iai.67.7.3542-3547.1999,metadata_only,attempt_external_primary_fulltext_then_inventory_existing_supplementary_assets,/mnt/d/work/抗菌肽/数据库/merged_amp_corpus/landed_assets/papers/doi__10.1128_iai.67.7.3542-3547.1999,Mouse beta-defensin 3 is an inducible antimicrobial peptide expressed in the epithelia of multiple organs.,1999,Infect Immun.,10.1128/iai.67.7.3542-3547.1999,10377137,PMC116542,0,0,0,0,0,7,fulltext_or_xml,f;u;l;l;t;e;x;t;_;s;i;g;n;a;l;;;o;p;e;n;a;l;e;x;_;l;a;n;d;i;n;g
doi__10.1128_iai.68.5.2748-2755.2000,metadata_only,attempt_external_primary_fulltext_then_inventory_existing_supplementary_assets,/mnt/d/work/抗菌肽/数据库/merged_amp_corpus/landed_assets/papers/doi__10.1128_iai.68.5.2748-2755.2000,Bactericidal activity of mammalian cathelicidin-derived peptides.,2000,Infect Immun,10.1128/iai.68.5.2748-2755.2000,10768969,PMC97484,0,0,0,0,0,8,fulltext_or_xml,o;p;e;n;a;l;e;x;_;l;a;n;d;i;n;g;;;f;u;l;l;t;e;x;t;_;s;i;g;n;a;l
doi__10.1128_iai.72.3.1470-1478.2004,metadata_only,attempt_external_primary_fulltext_then_inventory_existing_supplementary_assets,/mnt/d/work/抗菌肽/数据库/merged_amp_corpus/landed_assets/papers/doi__10.1128_iai.72.3.1470-1478.2004,Paneth cell alpha-defensins from rhesus macaque small intestine.,2004,Infect Immun,10.1128/iai.72.3.1470-1478.2004,14977952,,0,0,0,0,0,6,landing_page,o;p;e;n;a;l;e;x;_;l;a;n;d;i;n;g
doi__10.1128_iai.73.8.5053-5064.2005,metadata_only,attempt_external_primary_fulltext_then_inventory_existing_supplementary_assets,/mnt/d/work/抗菌肽/数据库/merged_amp_corpus/landed_assets/papers/doi__10.1128_iai.73.8.5053-5064.2005,"Identification of a novel cathelicidin gene in the rainbow trout, Oncorhynchus mykiss.",2005,Infect Immun,10.1128/iai.73.8.5053-5064.2005,16041021,PMC1201231,0,0,0,0,0,9,fulltext_or_xml,f;u;l;l;t;e;x;t;_;s;i;g;n;a;l;;;o;p;e;n;a;l;e;x;_;l;a;n;d;i;n;g
doi__10.1128_jb.00784-10,metadata_only,attempt_external_primary_fulltext_then_inventory_existing_supplementary_assets,/mnt/d/work/抗菌肽/数据库/merged_amp_corpus/landed_assets/papers/doi__10.1128_jb.00784-10,"Plantazolicin, a novel microcin B17/streptolysin S-like natural product from Bacillus amyloliquefaciens FZB42.",2010,J Bacteriol,10.1128/jb.00784-10,20971906,PMC3019963,0,0,0,0,0,10,fulltext_or_xml,f;u;l;l;t;e;x;t;_;s;i;g;n;a;l;;;o;p;e;n;a;l;e;x;_;l;a;n;d;i;n;g
doi__10.1128_jb.01375-09,metadata_only,attempt_external_primary_fulltext_then_inventory_existing_supplementary_assets,/mnt/d/work/抗菌肽/数据库/merged_amp_corpus/landed_assets/papers/doi__10.1128_jb.01375-09,Production of the Bsa lantibiotic by community-acquired Staphylococcus aureus strains.,2009,J Bacteriol.,10.1128/jb.01375-09,20023032,PMC2812960,0,0,0,0,0,10,fulltext_or_xml,f;u;l;l;t;e;x;t;_;s;i;g;n;a;l;;;o;p;e;n;a;l;e;x;_;l;a;n;d;i;n;g
doi__10.1128_jb.06142-11,metadata_only,attempt_external_primary_fulltext_then_inventory_existing_supplementary_assets,/mnt/d/work/抗菌肽/数据库/merged_amp_corpus/landed_assets/papers/doi__10.1128_jb.06142-11,Validation of the essential ClpP protease in Mycobacterium tuberculosis as a novel drug target.,2011,J Bacteriol,10.1128/jb.06142-11,22123255,PMC3264079,0,0,0,0,0,9,fulltext_or_xml,f;u;l;l;t;e;x;t;_;s;i;g;n;a;l;;;o;p;e;n;a;l;e;x;_;l;a;n;d;i;n;g
doi__10.1128_jb.125.2.435-443.1976,metadata_only,attempt_external_primary_fulltext_pdf_xml_before_review,/mnt/d/work/抗菌肽/数据库/merged_amp_corpus/landed_assets/papers/doi__10.1128_jb.125.2.435-443.1976,Novel Cathelicidin Antimicrobial Peptides from Paa robertingeri,1976,Annual Research & Review in Biology,10.1128/jb.125.2.435-443.1976,1380,PMC236101,0,0,0,0,0,0,direct_pdf,f;u;l;l;t;e;x;t;_;s;i;g;n;a;l;;;o;p;e;n;a;l;e;x;_;l;a;n;d;i;n;g;;;o;p;e;n;a;l;e;x;_;p;d;f
doi__10.1128_jb.173.12.3879-3887.1991,metadata_only,attempt_external_primary_fulltext_then_inventory_existing_supplementary_assets,/mnt/d/work/抗菌肽/数据库/merged_amp_corpus/landed_assets/papers/doi__10.1128_jb.173.12.3879-3887.1991,"Lactococcin A, a new bacteriocin from Lactococcus lactis subsp. cremoris: isolation and characterization of the protein and its gene",1991,J Bacteriol.,10.1128/jb.173.12.3879-3887.1991,1904860,PMC208020,0,0,0,0,0,6,fulltext_or_xml,f;u;l;l;t;e;x;t;_;s;i;g;n;a;l;;;o;p;e;n;a;l;e;x;_;l;a;n;d;i;n;g
doi__10.1128_jb.173.23.7491-7500.1991,metadata_only,attempt_external_primary_fulltext_then_inventory_existing_supplementary_assets,/mnt/d/work/抗菌肽/数据库/merged_amp_corpus/landed_assets/papers/doi__10.1128_jb.173.23.7491-7500.1991,Characterization of leucocin A-UAL 187 and cloning of the bacteriocin gene from Leuconostoc gelidum,1991,J Bacteriol.,10.1128/jb.173.23.7491-7500.1991,1840587,PMC212515,0,0,0,0,0,4,fulltext_or_xml,f;u;l;l;t;e;x;t;_;s;i;g;n;a;l;;;o;p;e;n;a;l;e;x;_;l;a;n;d;i;n;g
doi__10.1128_jb.174.22.7428-7435.1992,metadata_only,attempt_external_primary_fulltext_then_inventory_existing_supplementary_assets,/mnt/d/work/抗菌肽/数据库/merged_amp_corpus/landed_assets/papers/doi__10.1128_jb.174.22.7428-7435.1992,"Microcin 25, a novel antimicrobial peptide produced by Escherichia coli.",1992,J Bacteriol.,10.1128/jb.174.22.7428-7435.1992,1429464,PMC207439,0,0,0,0,0,3,fulltext_or_xml,f;u;l;l;t;e;x;t;_;s;i;g;n;a;l;;;o;p;e;n;a;l;e;x;_;l;a;n;d;i;n;g
doi__10.1128_jb.178.12.3585-3593.1996,metadata_only,attempt_external_primary_fulltext_then_inventory_existing_supplementary_assets,/mnt/d/work/抗菌肽/数据库/merged_amp_corpus/landed_assets/papers/doi__10.1128_jb.178.12.3585-3593.1996,Cloning and genetic organization of the bacteriocin 31 determinant encoded on the Enterococcus faecalis pheromone responsive conjugative plasmid pYI17,1996,J Bacteriol,10.1128/jb.178.12.3585-3593.1996,8655558,PMC178130,0,0,0,0,0,1,fulltext_or_xml,f;u;l;l;t;e;x;t;_;s;i;g;n;a;l;;;o;p;e;n;a;l;e;x;_;l;a;n;d;i;n;g
doi__10.1128_jb.178.8.2232-2237.1996,metadata_only,attempt_external_primary_fulltext_then_inventory_existing_supplementary_assets,/mnt/d/work/抗菌肽/数据库/merged_amp_corpus/landed_assets/papers/doi__10.1128_jb.178.8.2232-2237.1996,Induction of bacteriocin production in Lactobacillus sake by a secreted peptide.,1996,J Bacteriol,10.1128/jb.178.8.2232-2237.1996,8636023,PMC177930,0,0,0,0,0,2,fulltext_or_xml,f;u;l;l;t;e;x;t;_;s;i;g;n;a;l;;;o;p;e;n;a;l;e;x;_;l;a;n;d;i;n;g
doi__10.1128_jb.183.1.287-291.2001,metadata_only,attempt_external_primary_fulltext_then_inventory_existing_supplementary_assets,/mnt/d/work/抗菌肽/数据库/merged_amp_corpus/landed_assets/papers/doi__10.1128_jb.183.1.287-291.2001,Secreted euryarchaeal microhalocins kill hyperthermophilic crenarchaea.,2001,J Bacteriol.,10.1128/jb.183.1.287-291.2001,11114928,PMC94877,0,0,0,0,0,7,fulltext_or_xml,f;u;l;l;t;e;x;t;_;s;i;g;n;a;l;;;o;p;e;n;a;l;e;x;_;l;a;n;d;i;n;g
doi__10.1128_jb.184.13.3649-3656.2002,metadata_only,attempt_external_primary_fulltext_then_inventory_existing_supplementary_assets,/mnt/d/work/抗菌肽/数据库/merged_amp_corpus/landed_assets/papers/doi__10.1128_jb.184.13.3649-3656.2002,An antimicrobial peptide is produced by extracellular processing of a protein from Propionibacterium jensenii.,2002,J Bacteriol,10.1128/jb.184.13.3649-3656.2002,12057960,PMC135130,0,0,0,0,0,6,fulltext_or_xml,f;u;l;l;t;e;x;t;_;s;i;g;n;a;l;;;o;p;e;n;a;l;e;x;_;l;a;n;d;i;n;g
doi__10.1128_jb.186.5.1556-1564.2004,weak_source,recover_or_stage_primary_xml_then_build_material_packet,/mnt/d/work/抗菌肽/数据库/merged_amp_corpus/landed_assets/papers/doi__10.1128_jb.186.5.1556-1564.2004,is mediated by an autoinduction mechanism.,2004,J Bacteriol,10.1128/jb.186.5.1556-1564.2004,14973042,,0,1,0,1,0,2,direct_pdf,o;p;e;n;a;l;e;x;_;p;d;f;;;o;p;e;n;a;l;e;x;_;l;a;n;d;i;n;g
doi__10.1128_jb.188.1.328-334.2006,metadata_only,attempt_external_primary_fulltext_then_inventory_existing_supplementary_assets,/mnt/d/work/抗菌肽/数据库/merged_amp_corpus/landed_assets/papers/doi__10.1128_jb.188.1.328-334.2006,Solution structure of a novel tryptophan-rich peptide with bidirectional antimicrobial activity.,2005,J Bacteriol,10.1128/jb.188.1.328-334.2006,16352849,PMC1317575,0,0,0,0,0,5,fulltext_or_xml,f;u;l;l;t;e;x;t;_;s;i;g;n;a;l;;;o;p;e;n;a;l;e;x;_;l;a;n;d;i;n;g
doi__10.1128_jcm.42.3.1024-1029.2004,metadata_only,attempt_external_primary_fulltext_then_inventory_existing_supplementary_assets,/mnt/d/work/抗菌肽/数据库/merged_amp_corpus/landed_assets/papers/doi__10.1128_jcm.42.3.1024-1029.2004,Human beta-defensins 2 and 3 demonstrate strain-selective activity against oral microorganisms.,2004,J Clin Microbiol,10.1128/jcm.42.3.1024-1029.2004,15004048,PMC356847,0,0,0,0,0,7,fulltext_or_xml,f;u;l;l;t;e;x;t;_;s;i;g;n;a;l;;;o;p;e;n;a;l;e;x;_;l;a;n;d;i;n;g
doi__10.1128_jvi.00736-06,metadata_only,attempt_external_primary_fulltext_then_inventory_existing_supplementary_assets,/mnt/d/work/抗菌肽/数据库/merged_amp_corpus/landed_assets/papers/doi__10.1128_jvi.00736-06,Inhibition of hendra virus fusion.,2006,J Virol,10.1128/jvi.00736-06,16973588,PMC1617219,0,0,0,0,0,10,fulltext_or_xml,f;u;l;l;t;e;x;t;_;s;i;g;n;a;l;;;n;c;b;i;_;d;o;i;;;n;c;b;i;_;p;m;c;i;d;;;o;p;e;n;a;l;e;x;_;l;a;n;d;i;n;g
doi__10.1128_jvi.00796-06,metadata_only,attempt_external_primary_fulltext_then_inventory_existing_supplementary_assets,/mnt/d/work/抗菌肽/数据库/merged_amp_corpus/landed_assets/papers/doi__10.1128_jvi.00796-06,Histatin 5-derived peptide with improved fungicidal properties enhances human immunodeficiency virus type 1 replication by promoting viral entry.,2006,J Virol,10.1128/jvi.00796-06,16940535,PMC1563894,0,0,0,0,0,10,fulltext_or_xml,f;u;l;l;t;e;x;t;_;s;i;g;n;a;l;;;o;p;e;n;a;l;e;x;_;l;a;n;d;i;n;g
doi__10.1128_jvi.01840-06,metadata_only,attempt_external_primary_fulltext_then_inventory_existing_supplementary_assets,/mnt/d/work/抗菌肽/数据库/merged_amp_corpus/landed_assets/papers/doi__10.1128_jvi.01840-06,Antiviral peptides targeting the west nile virus envelope protein.,2006,J Virol,10.1128/jvi.01840-06,17151121,PMC1797586,0,0,0,0,0,9,fulltext_or_xml,f;u;l;l;t;e;x;t;_;s;i;g;n;a;l;;;o;p;e;n;a;l;e;x;_;l;a;n;d;i;n;g
doi__10.1128_jvi.02433-13,metadata_only,attempt_external_primary_fulltext_then_inventory_existing_supplementary_assets,/mnt/d/work/抗菌肽/数据库/merged_amp_corpus/landed_assets/papers/doi__10.1128_jvi.02433-13,Structure of the fusion core and inhibition of fusion by a heptad repeat peptide derived from the S protein of Middle East respiratory syndrome coronavirus.,2013,J Virol,10.1128/jvi.02433-13,24067982,PMC3838252,0,0,0,0,0,10,fulltext_or_xml,f;u;l;l;t;e;x;t;_;s;i;g;n;a;l;;;o;p;e;n;a;l;e;x;_;l;a;n;d;i;n;g
doi__10.1128_jvi.76.19.9952-9961.2002,metadata_only,attempt_external_primary_fulltext_then_inventory_existing_supplementary_assets,/mnt/d/work/抗菌肽/数据库/merged_amp_corpus/landed_assets/papers/doi__10.1128_jvi.76.19.9952-9961.2002,Inhibitory activity of synthetic peptide antibiotics on feline immunodeficiency virus infectivity in vitro.,2002,J Virol,10.1128/jvi.76.19.9952-9961.2002,12208971,PMC136481,0,0,0,0,0,10,fulltext_or_xml,f;u;l;l;t;e;x;t;_;s;i;g;n;a;l;;;o;p;e;n;a;l;e;x;_;l;a;n;d;i;n;g
doi__10.1128_jvi.79.18.11598-11606.2005,metadata_only,attempt_external_primary_fulltext_then_inventory_existing_supplementary_assets,/mnt/d/work/抗菌肽/数据库/merged_amp_corpus/landed_assets/papers/doi__10.1128_jvi.79.18.11598-11606.2005,Antimicrobial peptides from amphibian skin potently inhibit human immunodeficiency virus infection and transfer of virus from dendritic cells to T cells.,2005,J Virol,10.1128/jvi.79.18.11598-11606.2005,16140737,PMC1212620,0,0,0,0,0,10,fulltext_or_xml,f;u;l;l;t;e;x;t;_;s;i;g;n;a;l;;;o;p;e;n;a;l;e;x;_;l;a;n;d;i;n;g
doi__10.1128_jvi.79.22.14318-14329.2005,metadata_only,attempt_external_primary_fulltext_then_inventory_existing_supplementary_assets,/mnt/d/work/抗菌肽/数据库/merged_amp_corpus/landed_assets/papers/doi__10.1128_jvi.79.22.14318-14329.2005,Human beta-defensins suppress human immunodeficiency virus infection: potential role in mucosal protection.,2005,J Virol,10.1128/jvi.79.22.14318-14329.2005,16254366,PMC1280242,0,0,0,0,0,10,fulltext_or_xml,f;u;l;l;t;e;x;t;_;s;i;g;n;a;l;;;o;p;e;n;a;l;e;x;_;l;a;n;d;i;n;g
doi__10.1128_mbio.00570-24,weak_source,recover_or_stage_primary_pdf_then_build_material_packet,/mnt/d/work/抗菌肽/数据库/merged_amp_corpus/landed_assets/papers/doi__10.1128_mbio.00570-24,Optimization of the antifungal properties of the bacterial peptide EntV by variant analysis.,2024,mBio.,10.1128/mbio.00570-24,38587425,PMC11077972,1,0,2,0,1,2,fulltext_or_xml,l;o;c;a;l;_;x;m;l;;;l;o;c;a;l;_;p;a;c;k;a;g;e;;;l;o;c;a;l;_;s;u;p;p;l;e;m;e;n;t;a;r;y;;;o;p;e;n;a;l;e;x;_;l;a;n;d;i;n;g;;;f;u;l;l;t;e;x;t;_;s;i;g;n;a;l
doi__10.1128_spectrum.02578-23,weak_source,recover_or_stage_primary_pdf_then_build_material_packet,/mnt/d/work/抗菌肽/数据库/merged_amp_corpus/landed_assets/papers/doi__10.1128_spectrum.02578-23,"BsR1, a broad-spectrum antibacterial peptide with potential for plant protection.",2023,Microbiol Spectr.,10.1128/spectrum.02578-23,37948344,PMC10714738,1,0,2,0,1,0,fulltext_or_xml,l;o;c;a;l;_;x;m;l;;;l;o;c;a;l;_;p;a;c;k;a;g;e;;;l;o;c;a;l;_;s;u;p;p;l;e;m;e;n;t;a;r;y;;;o;p;e;n;a;l;e;x;_;l;a;n;d;i;n;g;;;f;u;l;l;t;e;x;t;_;s;i;g;n;a;l
doi__10.1128_spectrum.02658-22,weak_source,recover_or_stage_primary_pdf_then_build_material_packet,/mnt/d/work/抗菌肽/数据库/merged_amp_corpus/landed_assets/papers/doi__10.1128_spectrum.02658-22,Rationally Designed Minimal Bioactive Domains of AS-48 Bacteriocin Homologs Possess Potent Antileishmanial Properties.,2022,Microbiol Spectr.,10.1128/spectrum.02658-22,36342284,PMC9769502,1,0,2,0,1,0,fulltext_or_xml,l;o;c;a;l;_;x;m;l;;;l;o;c;a;l;_;p;a;c;k;a;g;e;;;l;o;c;a;l;_;s;u;p;p;l;e;m;e;n;t;a;r;y;;;o;p;e;n;a;l;e;x;_;l;a;n;d;i;n;g;;;f;u;l;l;t;e;x;t;_;s;i;g;n;a;l
doi__10.1134_s0006297906080098,metadata_only,attempt_external_primary_fulltext_then_inventory_existing_supplementary_assets,/mnt/d/work/抗菌肽/数据库/merged_amp_corpus/landed_assets/papers/doi__10.1134_s0006297906080098,alpha-Defensins from blood leukocytes of the monkey Papio hamadryas.,2006,Biochemistry (Mosc),10.1134/s0006297906080098,16978151,,0,0,0,0,0,10,landing_page,o;p;e;n;a;l;e;x;_;l;a;n;d;i;n;g
doi__10.1134_s0006297907040104,metadata_only,attempt_external_primary_fulltext_then_inventory_existing_supplementary_assets,/mnt/d/work/抗菌肽/数据库/merged_amp_corpus/landed_assets/papers/doi__10.1134_s0006297907040104,Purification and primary structure of novel lipid transfer proteins from germinated lentil (Lens culinaris) seeds.,2007,Biochemistry (Mosc),10.1134/s0006297907040104,17511608,,0,0,0,0,0,10,landing_page,o;p;e;n;a;l;e;x;_;l;a;n;d;i;n;g
doi__10.1134_s0006297915040069,metadata_only,attempt_external_primary_fulltext_then_inventory_existing_supplementary_assets,/mnt/d/work/抗菌肽/数据库/merged_amp_corpus/landed_assets/papers/doi__10.1134_s0006297915040069,Identification and Biochemical Characterization of a New Antibacterial and Antifungal Peptide Derived from the Insect Sphodromantis viridis,2015,Biochemistry (Mosc).,10.1134/s0006297915040069,25869360,,0,0,0,0,0,10,landing_page,o;p;e;n;a;l;e;x;_;l;a;n;d;i;n;g
doi__10.1134_s0006297917130065,metadata_only,attempt_external_primary_fulltext_then_inventory_existing_supplementary_assets,/mnt/d/work/抗菌肽/数据库/merged_amp_corpus/landed_assets/papers/doi__10.1134_s0006297917130065,Hevein-Like Antimicrobial Peptides of Plants.,2017,Biochemistry (Mosc),10.1134/s0006297917130065,29523064,,0,0,0,0,0,10,landing_page,o;p;e;n;a;l;e;x;_;l;a;n;d;i;n;g
doi__10.1134_s1022795418100149,metadata_only,attempt_external_primary_fulltext_then_inventory_existing_supplementary_assets,/mnt/d/work/抗菌肽/数据库/merged_amp_corpus/landed_assets/papers/doi__10.1134_s1022795418100149,Genes Encoding Hevein-Like Antimicrobial Peptides from Elytrigia repens (L.) Desv. ex Nevski.,2018,Russian Journal of Genetics,10.1134/s1022795418100149,,,0,0,0,0,0,8,landing_page,o;p;e;n;a;l;e;x;_;l;a;n;d;i;n;g;;;c;r;o;s;s;r;e;f;_;i;d;e;n;t;i;f;i;e;r
doi__10.1134_s1068162009030054,metadata_only,attempt_external_primary_fulltext_then_inventory_existing_supplementary_assets,/mnt/d/work/抗菌肽/数据库/merged_amp_corpus/landed_assets/papers/doi__10.1134_s1068162009030054,Isolation of the lipid-transporting protein Ns-LTP1 from seeds of the garden fennel flower (Nigella sativa).,2009,Bioorg Khim,10.1134/s1068162009030054,19621049,,0,0,0,0,0,9,landing_page,o;p;e;n;a;l;e;x;_;l;a;n;d;i;n;g
doi__10.1134_s1068162024030087,weak_source,recover_or_stage_primary_xml_then_build_material_packet,/mnt/d/work/抗菌肽/数据库/merged_amp_corpus/landed_assets/papers/doi__10.1134_s1068162024030087,Novel BRICHOS-related Defensin-like Antimicrobial Peptide from the Marine Polychaeta Arenicola marina,2024,Russ J Org Chem,10.1134/s1068162024030087,,,0,2,0,2,0,8,direct_pdf,o;p;e;n;a;l;e;x;_;p;d;f;;;o;p;e;n;a;l;e;x;_;l;a;n;d;i;n;g;;;c;r;o;s;s;r;e;f;_;i;d;e;n;t;i;f;i;e;r
doi__10.1152_ajprenal.00592.2020,metadata_only,attempt_external_primary_fulltext_then_inventory_existing_supplementary_assets,/mnt/d/work/抗菌肽/数据库/merged_amp_corpus/landed_assets/papers/doi__10.1152_ajprenal.00592.2020,Expression and function of human ribonuclease 4 in the kidney and urinary tract.,2021,Am J Physiol Renal Physiol.,10.1152/ajprenal.00592.2020,33818125,PMC8174806,0,0,0,0,0,10,fulltext_or_xml,f;u;l;l;t;e;x;t;_;s;i;g;n;a;l;;;o;p;e;n;a;l;e;x;_;l;a;n;d;i;n;g
doi__10.1155_2013_206917,weak_source,recover_or_stage_primary_pdf_then_build_material_packet,/mnt/d/work/抗菌肽/数据库/merged_amp_corpus/landed_assets/papers/doi__10.1155_2013_206917,"Characterization and Application of Enterocin RM6, a Bacteriocin from Enterococcus faecalis.",2013,Biomed Res Int.,10.1155/2013/206917,23844357,PMC3697273,2,0,3,0,1,0,direct_pdf,l;o;c;a;l;_;x;m;l;;;l;o;c;a;l;_;p;a;c;k;a;g;e;;;l;o;c;a;l;_;s;u;p;p;l;e;m;e;n;t;a;r;y;;;o;p;e;n;a;l;e;x;_;p;d;f;;;o;p;e;n;a;l;e;x;_;l;a;n;d;i;n;g;;;f;u;l;l;t;e;x;t;_;s;i;g;n;a;l
doi__10.1155_2013_930216,weak_source,recover_or_stage_primary_pdf_then_build_material_packet,/mnt/d/work/抗菌肽/数据库/merged_amp_corpus/landed_assets/papers/doi__10.1155_2013_930216,"Characterization of Histone H2A Derived Antimicrobial Peptides, Harriottins, from Sicklefin Chimaera Neoharriotta pinnata (Schnakenbeck, 1931) and Its Evolutionary Divergence with respect to CO1 and Histone H2A.",2013,ISRN Mol Biol.,10.1155/2013/930216,27398241,PMC4890863,1,0,2,0,1,0,direct_pdf,l;o;c;a;l;_;x;m;l;;;l;o;c;a;l;_;p;a;c;k;a;g;e;;;l;o;c;a;l;_;s;u;p;p;l;e;m;e;n;t;a;r;y;;;o;p;e;n;a;l;e;x;_;p;d;f;;;o;p;e;n;a;l;e;x;_;l;a;n;d;i;n;g;;;f;u;l;l;t;e;x;t;_;s;i;g;n;a;l
doi__10.1155_2014_968487,weak_source,recover_or_stage_primary_pdf_then_build_material_packet,/mnt/d/work/抗菌肽/数据库/merged_amp_corpus/landed_assets/papers/doi__10.1155_2014_968487,A Broad-Spectrum Antimicrobial Activity of Bacillus subtilis RLID 12.1.,2014,ScientificWorldJournal.,10.1155/2014/968487,25180214,PMC4144302,1,0,2,0,1,0,direct_pdf,l;o;c;a;l;_;x;m;l;;;l;o;c;a;l;_;p;a;c;k;a;g;e;;;l;o;c;a;l;_;s;u;p;p;l;e;m;e;n;t;a;r;y;;;o;p;e;n;a;l;e;x;_;p;d;f;;;o;p;e;n;a;l;e;x;_;l;a;n;d;i;n;g;;;f;u;l;l;t;e;x;t;_;s;i;g;n;a;l
doi__10.1155_2018_8158453,weak_source,recover_or_stage_primary_pdf_then_build_material_packet,/mnt/d/work/抗菌肽/数据库/merged_amp_corpus/landed_assets/papers/doi__10.1155_2018_8158453,"Discovery of Novel Caeridins From the Skin Secretion of the Australian White's Tree Frog, Litoria caerulea",2018,Int J Genomics.,10.1155/2018/8158453,30116731,PMC6079455,1,0,2,0,1,0,direct_pdf,l;o;c;a;l;_;x;m;l;;;l;o;c;a;l;_;p;a;c;k;a;g;e;;;l;o;c;a;l;_;s;u;p;p;l;e;m;e;n;t;a;r;y;;;o;p;e;n;a;l;e;x;_;p;d;f;;;o;p;e;n;a;l;e;x;_;l;a;n;d;i;n;g;;;f;u;l;l;t;e;x;t;_;s;i;g;n;a;l
doi__10.1172_jci112121,weak_source,recover_or_stage_primary_xml_then_build_material_packet,/mnt/d/work/抗菌肽/数据库/merged_amp_corpus/landed_assets/papers/doi__10.1172_jci112121,Primary structures of three human neutrophil defensins,1985,J Clin Invest.,10.1172/jci112121,4056036,PMC424095,0,2,0,2,0,1,direct_pdf,o;p;e;n;a;l;e;x;_;p;d;f;;;o;p;e;n;a;l;e;x;_;l;a;n;d;i;n;g;;;f;u;l;l;t;e;x;t;_;s;i;g;n;a;l
doi__10.1172_jci115880,weak_source,recover_or_stage_primary_xml_then_build_material_packet,/mnt/d/work/抗菌肽/数据库/merged_amp_corpus/landed_assets/papers/doi__10.1172_jci115880,Peptides related to the carboxyl terminus of human platelet factor IV with antibacterial activity.,1992,J Clin Invest,10.1172/jci115880,1644916,PMC443120,0,4,0,4,0,0,direct_pdf,l;o;c;a;l;_;p;d;f;;;o;p;e;n;a;l;e;x;_;p;d;f;;;o;p;e;n;a;l;e;x;_;l;a;n;d;i;n;g;;;f;u;l;l;t;e;x;t;_;s;i;g;n;a;l
doi__10.1172_jci2410,weak_source,recover_or_stage_primary_xml_then_build_material_packet,/mnt/d/work/抗菌肽/数据库/merged_amp_corpus/landed_assets/papers/doi__10.1172_jci2410,Human beta-defensin 2 is a salt-sensitive peptide antibiotic expressed in human lung.,1998,J Clin Invest,10.1172/jci2410,9727055,PMC508952,0,3,0,3,0,0,direct_pdf,l;o;c;a;l;_;p;d;f;;;o;p;e;n;a;l;e;x;_;p;d;f;;;o;p;e;n;a;l;e;x;_;l;a;n;d;i;n;g;;;f;u;l;l;t;e;x;t;_;s;i;g;n;a;l
doi__10.1172_jci3121,weak_source,recover_or_stage_primary_xml_then_build_material_packet,/mnt/d/work/抗菌肽/数据库/merged_amp_corpus/landed_assets/papers/doi__10.1172_jci3121,Mobilization of potent plasma bactericidal activity during systemic bacterial challenge. Role of group IIA phospholipase A2,1998,J Clin Invest.,10.1172/jci3121,9691100,PMC508924,0,2,0,2,0,1,direct_pdf,o;p;e;n;a;l;e;x;_;p;d;f;;;o;p;e;n;a;l;e;x;_;l;a;n;d;i;n;g;;;f;u;l;l;t;e;x;t;_;s;i;g;n;a;l
doi__10.1172_jci64416,weak_source,recover_or_stage_primary_xml_then_build_material_packet,/mnt/d/work/抗菌肽/数据库/merged_amp_corpus/landed_assets/papers/doi__10.1172_jci64416,Cytokeratins mediate epithelial innate defense through their antimicrobial properties,2012,J Clin Invest.,10.1172/jci64416,23006328,PMC3461926,0,2,0,2,0,9,direct_pdf,o;p;e;n;a;l;e;x;_;p;d;f;;;o;p;e;n;a;l;e;x;_;l;a;n;d;i;n;g;;;f;u;l;l;t;e;x;t;_;s;i;g;n;a;l
doi__10.1177_1535370220966963,weak_source,recover_or_stage_primary_xml_then_build_material_packet,/mnt/d/work/抗菌肽/数据库/merged_amp_corpus/landed_assets/papers/doi__10.1177_1535370220966963,Shortened derivatives from native antimicrobial peptide LyeTx I: In vitro and in vivo biological activity assessment.,2020,Exp Biol Med (Maywood),10.1177/1535370220966963,33175610,PMC7885047,0,1,0,1,0,0,fulltext_or_xml,f;u;l;l;t;e;x;t;_;s;i;g;n;a;l;;;o;p;e;n;a;l;e;x;_;l;a;n;d;i;n;g
doi__10.1186_1471-2164-13-312,weak_source,recover_or_stage_primary_xml_then_build_material_packet,/mnt/d/work/抗菌肽/数据库/merged_amp_corpus/landed_assets/papers/doi__10.1186_1471-2164-13-312,The venom-gland transcriptome of the eastern diamondback rattlesnake (Crotalus adamanteus).,2012,BMC Genomics,10.1186/1471-2164-13-312,23025625,,0,2,0,2,0,10,direct_pdf,o;p;e;n;a;l;e;x;_;p;d;f;;;o;p;e;n;a;l;e;x;_;l;a;n;d;i;n;g
doi__10.1186_1471-2407-9-183,weak_source,recover_or_stage_primary_xml_then_build_material_packet,/mnt/d/work/抗菌肽/数据库/merged_amp_corpus/landed_assets/papers/doi__10.1186_1471-2407-9-183,The anticancer activity of lytic peptides is inhibited by heparan sulfate on the surface of the tumor cells,2009,BMC Cancer,10.1186/1471-2407-9-183,19527490,,0,2,0,2,0,10,direct_pdf,o;p;e;n;a;l;e;x;_;p;d;f;;;o;p;e;n;a;l;e;x;_;l;a;n;d;i;n;g
doi__10.1186_1472-6750-12-10,weak_source,recover_or_stage_primary_xml_then_build_material_packet,/mnt/d/work/抗菌肽/数据库/merged_amp_corpus/landed_assets/papers/doi__10.1186_1472-6750-12-10,A novel PCR-based method for high throughput prokaryotic expression of antimicrobial peptide genes,2012,BMC Biotechnol,10.1186/1472-6750-12-10,22439858,,0,2,0,2,0,9,direct_pdf,l;o;c;a;l;_;p;d;f;;;l;o;c;a;l;_;x;m;l;;;l;o;c;a;l;_;p;a;c;k;a;g;e;;;l;o;c;a;l;_;s;u;p;p;l;e;m;e;n;t;a;r;y;;;o;p;e;n;a;l;e;x;_;p;d;f;;;o;p;e;n;a;l;e;x;_;l;a;n;d;i;n;g
doi__10.1186_1742-4690-10-136,weak_source,recover_or_stage_primary_xml_then_build_material_packet,/mnt/d/work/抗菌肽/数据库/merged_amp_corpus/landed_assets/papers/doi__10.1186_1742-4690-10-136,Retrovirology. 2013 Nov 15;10:136,2013,,10.1186/1742-4690-10-136,24237936,,0,2,0,2,0,10,direct_pdf,o;p;e;n;a;l;e;x;_;p;d;f;;;o;p;e;n;a;l;e;x;_;l;a;n;d;i;n;g
doi__10.1186_s13568-021-01226-4,weak_source,recover_or_stage_primary_xml_then_build_material_packet,/mnt/d/work/抗菌肽/数据库/merged_amp_corpus/landed_assets/papers/doi__10.1186_s13568-021-01226-4,Effects of Bacillus subtilis iturin A on HepG2 cells in vitro and vivo,2021,AMB Express,10.1186/s13568-021-01226-4,33970365,,0,2,0,2,0,8,direct_pdf,o;p;e;n;a;l;e;x;_;p;d;f;;;o;p;e;n;a;l;e;x;_;l;a;n;d;i;n;g
doi__10.1186_s40538-025-00751-9,weak_source,recover_or_stage_primary_xml_then_build_material_packet,/mnt/d/work/抗菌肽/数据库/merged_amp_corpus/landed_assets/papers/doi__10.1186_s40538-025-00751-9,Discovery of antimicrobial peptides from Bacillus genomes against phytopathogens with deep learning models.,2025,Chem Biol Technol Agric,10.1186/s40538-025-00751-9,,,0,2,0,2,0,10,direct_pdf,o;p;e;n;a;l;e;x;_;p;d;f;;;o;p;e;n;a;l;e;x;_;l;a;n;d;i;n;g;;;f;u;l;l;t;e;x;t;_;s;i;g;n;a;l;;;c;r;o;s;s;r;e;f;_;i;d;e;n;t;i;f;i;e;r
doi__10.1186_s40543-021-00264-8,weak_source,recover_or_stage_primary_xml_then_build_material_packet,/mnt/d/work/抗菌肽/数据库/merged_amp_corpus/landed_assets/papers/doi__10.1186_s40543-021-00264-8,Dimerization of cell-penetrating buforin II enhances antimicrobial properties.,2021,J Anal Sci Technol,10.1186/s40543-021-00264-8,,,0,2,0,2,0,10,direct_pdf,o;p;e;n;a;l;e;x;_;p;d;f;;;o;p;e;n;a;l;e;x;_;l;a;n;d;i;n;g;;;f;u;l;l;t;e;x;t;_;s;i;g;n;a;l;;;c;r;o;s;s;r;e;f;_;i;d;e;n;t;i;f;i;e;r
doi__10.1242_jcs.113.3.461,weak_source,recover_or_stage_primary_xml_then_build_material_packet,/mnt/d/work/抗菌肽/数据库/merged_amp_corpus/landed_assets/papers/doi__10.1242_jcs.113.3.461,"Penaeidins, antimicrobial peptides with chitin-binding activity, are produced and stored in shrimp granulocytes and released after microbial challenge.",2000,J Cell Sci,10.1242/jcs.113.3.461,10639333,,0,1,0,1,0,0,landing_page,o;p;e;n;a;l;e;x;_;l;a;n;d;i;n;g
doi__10.1245_s10434-008-0147-0,metadata_only,attempt_external_primary_fulltext_then_inventory_existing_supplementary_assets,/mnt/d/work/抗菌肽/数据库/merged_amp_corpus/landed_assets/papers/doi__10.1245_s10434-008-0147-0,The penetratin sequence in the anticancer PNC-28 peptide causes tumor cell necrosis rather than apoptosis of human pancreatic cancer cells,2008,Ann Surg Oncol,10.1245/s10434-008-0147-0,18931881,,0,0,0,0,0,8,landing_page,o;p;e;n;a;l;e;x;_;l;a;n;d;i;n;g
doi__10.1248_bpb.18.1049,weak_source,recover_or_stage_primary_xml_then_build_material_packet,/mnt/d/work/抗菌肽/数据库/merged_amp_corpus/landed_assets/papers/doi__10.1248_bpb.18.1049,Purification and cDNA cloning of an antifungal protein from the hemolymph of Holotrichia diomphalia larvae.,1995,Biol. Pharm. Bull,10.1248/bpb.18.1049,8535393,,0,2,0,2,0,5,direct_pdf,o;p;e;n;a;l;e;x;_;p;d;f;;;o;p;e;n;a;l;e;x;_;l;a;n;d;i;n;g
doi__10.1248_bpb.18.457,weak_source,recover_or_stage_primary_xml_then_build_material_packet,/mnt/d/work/抗菌肽/数据库/merged_amp_corpus/landed_assets/papers/doi__10.1248_bpb.18.457,"A sapecin homologue of Holotrichia diomphalia: purification, sequencing and determination of disulfide pairs.",1995,Biol Pharm Bull,10.1248/bpb.18.457,7550103,,0,2,0,2,0,5,direct_pdf,o;p;e;n;a;l;e;x;_;p;d;f;;;o;p;e;n;a;l;e;x;_;l;a;n;d;i;n;g
doi__10.1248_bpb.21.924,weak_source,recover_or_stage_primary_xml_then_build_material_packet,/mnt/d/work/抗菌肽/数据库/merged_amp_corpus/landed_assets/papers/doi__10.1248_bpb.21.924,Characterization of an apoptosis-inducing factor in Habu snake venom as a glycyrrhizin (GL)-binding protein potently inhibited by GL in vitro.,1998,Biol Pharm Bull,10.1248/bpb.21.924,9781840,,0,2,0,2,0,5,direct_pdf,o;p;e;n;a;l;e;x;_;p;d;f;;;o;p;e;n;a;l;e;x;_;l;a;n;d;i;n;g
doi__10.1248_bpb.30.218,weak_source,recover_or_stage_primary_xml_then_build_material_packet,/mnt/d/work/抗菌肽/数据库/merged_amp_corpus/landed_assets/papers/doi__10.1248_bpb.30.218,Creation of novel cell-penetrating peptides for intracellular drug delivery using systematic phage display technology originated from Tat transduction domain.,2007,Biol Pharm Bull,10.1248/bpb.30.218,17268054,,0,3,0,3,0,5,direct_pdf,l;o;c;a;l;_;p;d;f;;;o;p;e;n;a;l;e;x;_;p;d;f;;;o;p;e;n;a;l;e;x;_;l;a;n;d;i;n;g
doi__10.1248_bpb.31.1906,weak_source,recover_or_stage_primary_xml_then_build_material_packet,/mnt/d/work/抗菌肽/数据库/merged_amp_corpus/landed_assets/papers/doi__10.1248_bpb.31.1906,Fungicidal effect of piscidin on Candida albicans: pore formation in lipid vesicles and activity in fungal membranes.,2008,Biol Pharm Bull,10.1248/bpb.31.1906,18827353,,0,2,0,2,0,5,direct_pdf,o;p;e;n;a;l;e;x;_;p;d;f;;;o;p;e;n;a;l;e;x;_;l;a;n;d;i;n;g
doi__10.1248_bpb.b20-00799,weak_source,recover_or_stage_primary_xml_then_build_material_packet,/mnt/d/work/抗菌肽/数据库/merged_amp_corpus/landed_assets/papers/doi__10.1248_bpb.b20-00799,Examination of the Antimicrobial Peptide Myticalin A6 Active Site.,2021,Biol Pharm Bull,10.1248/bpb.b20-00799,33790103,,0,2,0,2,0,4,direct_pdf,o;p;e;n;a;l;e;x;_;p;d;f;;;o;p;e;n;a;l;e;x;_;l;a;n;d;i;n;g
doi__10.1248_cpb.17.2188,weak_source,recover_or_stage_primary_xml_then_build_material_packet,/mnt/d/work/抗菌肽/数据库/merged_amp_corpus/landed_assets/papers/doi__10.1248_cpb.17.2188,The total amino acid sequence of substance A produced by Streptomyces carzinostaticus.,1969,Chem Pharm Bull (Tokyo),10.1248/cpb.17.2188,5353565,,0,2,0,2,0,5,direct_pdf,o;p;e;n;a;l;e;x;_;p;d;f;;;o;p;e;n;a;l;e;x;_;l;a;n;d;i;n;g
doi__10.1248_cpb.22.1827,weak_source,recover_or_stage_primary_xml_then_build_material_packet,/mnt/d/work/抗菌肽/数据库/merged_amp_corpus/landed_assets/papers/doi__10.1248_cpb.22.1827,Studies on viomycin. VII. Oxidative modifications of viomycin.,1974,Chem Pharm Bull (Tokyo),10.1248/cpb.22.1827,4371987,,0,2,0,2,0,5,direct_pdf,o;p;e;n;a;l;e;x;_;p;d;f;;;o;p;e;n;a;l;e;x;_;l;a;n;d;i;n;g
doi__10.1248_cpb.27.1942,weak_source,recover_or_stage_primary_xml_then_build_material_packet,/mnt/d/work/抗菌肽/数据库/merged_amp_corpus/landed_assets/papers/doi__10.1248_cpb.27.1942,A new mast cell degranulating peptide mastoparan in the venom of Vespula lewisii,1979,Chem Pharm Bull (Tokyo),10.1248/cpb.27.1942,540362,,0,2,0,2,0,5,direct_pdf,o;p;e;n;a;l;e;x;_;p;d;f;;;o;p;e;n;a;l;e;x;_;l;a;n;d;i;n;g
doi__10.1248_cpb.27.492,weak_source,recover_or_stage_primary_xml_then_build_material_packet,/mnt/d/work/抗菌肽/数据库/merged_amp_corpus/landed_assets/papers/doi__10.1248_cpb.27.492,"The studies on the active peptide in the skin of Rana rugosa. II. The structure of ranatensin-R, the new ranatensin analogue, and granuliberin-R, the new mast cell degranulating peptide.",1979,Chem Pharm Bull (Tokyo),10.1248/cpb.27.492,445685,,0,2,0,2,0,5,direct_pdf,o;p;e;n;a;l;e;x;_;p;d;f;;;o;p;e;n;a;l;e;x;_;l;a;n;d;i;n;g
doi__10.1248_cpb.52.1029,weak_source,recover_or_stage_primary_xml_then_build_material_packet,/mnt/d/work/抗菌肽/数据库/merged_amp_corpus/landed_assets/papers/doi__10.1248_cpb.52.1029,Three new cytotoxic cyclic acylpeptides from marine Bacillus sp.,2004,Chem Pharm Bull (Tokyo),10.1248/cpb.52.1029,15305011,,0,2,0,2,0,5,direct_pdf,o;p;e;n;a;l;e;x;_;p;d;f;;;o;p;e;n;a;l;e;x;_;l;a;n;d;i;n;g
doi__10.1248_cpb.57.214,weak_source,recover_or_stage_primary_xml_then_build_material_packet,/mnt/d/work/抗菌肽/数据库/merged_amp_corpus/landed_assets/papers/doi__10.1248_cpb.57.214,"Synthesis, cytotoxic and antimicrobial screening of a proline-rich cyclopolypeptide.",2009,Chem Pharm Bull (Tokyo),10.1248/cpb.57.214,19182416,,0,2,0,2,0,5,direct_pdf,o;p;e;n;a;l;e;x;_;p;d;f;;;o;p;e;n;a;l;e;x;_;l;a;n;d;i;n;g
doi__10.1248_cpb.57.240,weak_source,recover_or_stage_primary_xml_then_build_material_packet,/mnt/d/work/抗菌肽/数据库/merged_amp_corpus/landed_assets/papers/doi__10.1248_cpb.57.240,Contribution of each amino acid residue in polymyxin B(3) to antimicrobial and lipopolysaccharide binding activity.,2009,Chem Pharm Bull (Tokyo),10.1248/cpb.57.240,19252313,,0,2,0,2,0,5,direct_pdf,o;p;e;n;a;l;e;x;_;p;d;f;;;o;p;e;n;a;l;e;x;_;l;a;n;d;i;n;g
doi__10.1248_cpb.59.1481,weak_source,recover_or_stage_primary_xml_then_build_material_packet,/mnt/d/work/抗菌肽/数据库/merged_amp_corpus/landed_assets/papers/doi__10.1248_cpb.59.1481,Novel cycloundecapeptides related to gramicidin S with both high antibiotic activity and low hemolytic activity.,2011,Chem Pharm Bull (Tokyo),10.1248/cpb.59.1481,22130370,,0,2,0,2,0,5,direct_pdf,o;p;e;n;a;l;e;x;_;p;d;f;;;o;p;e;n;a;l;e;x;_;l;a;n;d;i;n;g
doi__10.1248_cpb.c12-00290,weak_source,recover_or_stage_primary_xml_then_build_material_packet,/mnt/d/work/抗菌肽/数据库/merged_amp_corpus/landed_assets/papers/doi__10.1248_cpb.c12-00290,Polycationic gramicidin S analogues with both high antibiotic activity and very low hemolytic activity.,2012,Chem Pharm Bull (Tokyo),10.1248/cpb.c12-00290,22976321,,0,2,0,2,0,5,direct_pdf,o;p;e;n;a;l;e;x;_;p;d;f;;;o;p;e;n;a;l;e;x;_;l;a;n;d;i;n;g
doi__10.1248_cpb.c14-00103,weak_source,recover_or_stage_primary_xml_then_build_material_packet,/mnt/d/work/抗菌肽/数据库/merged_amp_corpus/landed_assets/papers/doi__10.1248_cpb.c14-00103,"Salusin-β, an antimicrobially active peptide against Gram-positive bacteria.",2014,Chem Pharm Bull (Tokyo),10.1248/cpb.c14-00103,24881665,,0,2,0,2,0,6,direct_pdf,o;p;e;n;a;l;e;x;_;p;d;f;;;o;p;e;n;a;l;e;x;_;l;a;n;d;i;n;g
doi__10.1248_cpb.c23-00465,weak_source,recover_or_stage_primary_xml_then_build_material_packet,/mnt/d/work/抗菌肽/数据库/merged_amp_corpus/landed_assets/papers/doi__10.1248_cpb.c23-00465,Rational Design of Amphipathic Antimicrobial Peptides with Alternating L-/D-Amino Acids That Form Helical Structures.,2024,Chem Pharm Bull (Tokyo),10.1248/cpb.c23-00465,38296556,,0,2,0,2,0,6,direct_pdf,o;p;e;n;a;l;e;x;_;p;d;f;;;o;p;e;n;a;l;e;x;_;l;a;n;d;i;n;g
doi__10.1262_jrd.17070,weak_source,recover_or_stage_primary_xml_then_build_material_packet,/mnt/d/work/抗菌肽/数据库/merged_amp_corpus/landed_assets/papers/doi__10.1262_jrd.17070,"Effects of age, egg-laying activity, and Salmonella-inoculation on the expressions of gallinacin mRNA in the vagina of the hen oviduct.",2006,J Reprod Dev,10.1262/jrd.17070,16394622,,0,2,0,2,0,5,direct_pdf,o;p;e;n;a;l;e;x;_;p;d;f;;;o;p;e;n;a;l;e;x;_;l;a;n;d;i;n;g
doi__10.1264_jsme2.me18148,weak_source,recover_or_stage_primary_xml_then_build_material_packet,/mnt/d/work/抗菌肽/数据库/merged_amp_corpus/landed_assets/papers/doi__10.1264_jsme2.me18148,Antimicrobial Activities of Cysteine-rich Peptides Specific to Bacteriocytes of the Pea Aphid Acyrthosiphon pisum.,2019,Microbes Environ.,10.1264/jsme2.me18148,30905896,,0,2,0,2,0,7,direct_pdf,o;p;e;n;a;l;e;x;_;p;d;f;;;o;p;e;n;a;l;e;x;_;l;a;n;d;i;n;g
doi__10.1271_kagakutoseibutsu1962.24.677,weak_source,recover_or_stage_primary_xml_then_build_material_packet,/mnt/d/work/抗菌肽/数据库/merged_amp_corpus/landed_assets/papers/doi__10.1271_kagakutoseibutsu1962.24.677,Amphiphilic peptides in wasp venom.,1986,Biopolymers.,10.1271/kagakutoseibutsu1962.24.677,3779021,,0,2,0,2,0,1,direct_pdf,o;p;e;n;a;l;e;x;_;p;d;f;;;o;p;e;n;a;l;e;x;_;l;a;n;d;i;n;g
doi__10.1292_jvms.09-0167,weak_source,recover_or_stage_primary_xml_then_build_material_packet,/mnt/d/work/抗菌肽/数据库/merged_amp_corpus/landed_assets/papers/doi__10.1292_jvms.09-0167,"Structural characterization and cytolytic activity of a potent antimicrobial motif in longicin, a defensin-like peptide in the tick Haemaphysalis longicornis.",2010,J Vet Med Sci,10.1292/jvms.09-0167,19940394,,0,2,0,2,0,10,direct_pdf,o;p;e;n;a;l;e;x;_;p;d;f;;;o;p;e;n;a;l;e;x;_;l;a;n;d;i;n;g
doi__10.1303_aez.2005.335,weak_source,recover_or_stage_primary_xml_then_build_material_packet,/mnt/d/work/抗菌肽/数据库/merged_amp_corpus/landed_assets/papers/doi__10.1303_aez.2005.335,"Purification and cDNA cloning of an insect defensin from larvae of the longicorn beetle, Acalolepta luxuriosa.",2005,Appl Entomol Zool,10.1303/aez.2005.335,,,0,2,0,2,0,5,direct_pdf,o;p;e;n;a;l;e;x;_;p;d;f;;;o;p;e;n;a;l;e;x;_;l;a;n;d;i;n;g;;;f;u;l;l;t;e;x;t;_;s;i;g;n;a;l;;;c;r;o;s;s;r;e;f;_;i;d;e;n;t;i;f;i;e;r
doi__10.13345_j.cjb.150286,metadata_only,attempt_external_primary_fulltext_then_inventory_existing_supplementary_assets,/mnt/d/work/抗菌肽/数据库/merged_amp_corpus/landed_assets/papers/doi__10.13345_j.cjb.150286,Expression of Pleurocidin from winter flounder in Escherichia coli and optimization of culture conditions,2016,,10.13345/j.cjb.150286,27349119,,0,0,0,0,0,7,landing_page,o;p;e;n;a;l;e;x;_;l;a;n;d;i;n;g
doi__10.13376_j.cbls_2014156,metadata_only,attempt_external_primary_fulltext_then_inventory_existing_supplementary_assets,/mnt/d/work/抗菌肽/数据库/merged_amp_corpus/landed_assets/papers/doi__10.13376_j.cbls_2014156,Advances in spider antimicrobial peptides,2014,,10.13376/j.cbls/2014156,,,0,0,0,0,0,1,landing_page,d;o;i;_;r;e;s;o;l;v;e;r;_;l;a;n;d;i;n;g
doi__10.1351_pac-con-09-01-12,weak_source,recover_or_stage_primary_xml_then_build_material_packet,/mnt/d/work/抗菌肽/数据库/merged_amp_corpus/landed_assets/papers/doi__10.1351_pac-con-09-01-12,Structure-guided de novo design of alpha-helical antimicrobial peptide with enhanced specificity,2010,Pure Appl Chem,10.1351/pac-con-09-01-12,,,0,2,0,2,0,10,direct_pdf,o;p;e;n;a;l;e;x;_;p;d;f;;;o;p;e;n;a;l;e;x;_;l;a;n;d;i;n;g;;;c;r;o;s;s;r;e;f;_;i;d;e;n;t;i;f;i;e;r
doi__10.1351_pac200779040717,weak_source,recover_or_stage_primary_xml_then_build_material_packet,/mnt/d/work/抗菌肽/数据库/merged_amp_corpus/landed_assets/papers/doi__10.1351_pac200779040717,Influence of C-terminal amidation on the antimicrobial and hemolytic activities of cationic a-helical peptides,2007,Pure Appl Chem,10.1351/pac200779040717,,,0,2,0,2,0,10,direct_pdf,o;p;e;n;a;l;e;x;_;p;d;f;;;o;p;e;n;a;l;e;x;_;l;a;n;d;i;n;g;;;c;r;o;s;s;r;e;f;_;i;d;e;n;t;i;f;i;e;r
doi__10.13652_j.issn.1003-5788.2019.07.001,weak_source,recover_or_stage_primary_xml_then_build_material_packet,/mnt/d/work/抗菌肽/数据库/merged_amp_corpus/landed_assets/papers/doi__10.13652_j.issn.1003-5788.2019.07.001,"Isolation, purification and identification of antimicrobial peptides from ovalbumin",2019,,10.13652/j.issn.1003-5788.2019.07.001,,,0,1,0,1,0,0,landing_page,d;o;i;_;r;e;s;o;l;v;e;r;_;l;a;n;d;i;n;g
doi__10.1371_journal.pbio.1000112,weak_source,recover_or_stage_primary_xml_then_build_material_packet,/mnt/d/work/抗菌肽/数据库/merged_amp_corpus/landed_assets/papers/doi__10.1371_journal.pbio.1000112,Lineage-specific biology revealed by a finished genome assembly of the mouse.,2009,PLoS Biol,10.1371/journal.pbio.1000112,19468303,,0,2,0,2,0,10,direct_pdf,o;p;e;n;a;l;e;x;_;p;d;f;;;o;p;e;n;a;l;e;x;_;l;a;n;d;i;n;g
doi__10.1371_journal.pone.0006788,weak_source,recover_or_stage_primary_xml_then_build_material_packet,/mnt/d/work/抗菌肽/数据库/merged_amp_corpus/landed_assets/papers/doi__10.1371_journal.pone.0006788,Production of the novel two-peptide lantibiotic lichenicidin by Bacillus licheniformis DSM 13.,2009,PLoS One,10.1371/journal.pone.0006788,19707558,,0,2,0,2,0,10,direct_pdf,o;p;e;n;a;l;e;x;_;p;d;f;;;o;p;e;n;a;l;e;x;_;l;a;n;d;i;n;g
doi__10.1371_journal.pone.0178943,weak_source,recover_or_stage_primary_xml_then_build_material_packet,/mnt/d/work/抗菌肽/数据库/merged_amp_corpus/landed_assets/papers/doi__10.1371_journal.pone.0178943,"Differential stability of therapeutic peptides with different proteolytic cleavage sites in blood, plasma and serum",2017,PLoS One,10.1371/journal.pone.0178943,28575099,,0,2,0,2,0,9,direct_pdf,l;o;c;a;l;_;p;d;f;;;l;o;c;a;l;_;x;m;l;;;l;o;c;a;l;_;p;a;c;k;a;g;e;;;l;o;c;a;l;_;s;u;p;p;l;e;m;e;n;t;a;r;y;;;o;p;e;n;a;l;e;x;_;p;d;f;;;o;p;e;n;a;l;e;x;_;l;a;n;d;i;n;g
doi__10.1371_journal.pone.0201220,weak_source,recover_or_stage_primary_xml_then_build_material_packet,/mnt/d/work/抗菌肽/数据库/merged_amp_corpus/landed_assets/papers/doi__10.1371_journal.pone.0201220,The anticancer peptide RT53 induces immunogenic cell death,2018,PLoS One,10.1371/journal.pone.0201220,30080874,,0,2,0,2,0,10,direct_pdf,o;p;e;n;a;l;e;x;_;p;d;f;;;o;p;e;n;a;l;e;x;_;l;a;n;d;i;n;g
doi__10.13865_j.cnki.cjbmb.2014.11.11,metadata_only,attempt_external_primary_fulltext_then_inventory_existing_supplementary_assets,/mnt/d/work/抗菌肽/数据库/merged_amp_corpus/landed_assets/papers/doi__10.13865_j.cnki.cjbmb.2014.11.11,Purification and Structure Analysis of an Antibacterial Peptide Brevinin-2GHa1 from Skin Secretion of Hylarana guentheri,2014,,10.13865/j.cnki.cjbmb.2014.11.11,,,0,0,0,0,0,1,landing_page,d;o;i;_;r;e;s;o;l;v;e;r;_;l;a;n;d;i;n;g
doi__10.14233_ajchem.2015.18612,weak_source,recover_or_stage_primary_xml_then_build_material_packet,/mnt/d/work/抗菌肽/数据库/merged_amp_corpus/landed_assets/papers/doi__10.14233_ajchem.2015.18612,"Synthesis, characterization and anticancer screening of psammosilenin B: A cyclic octapeptide.",2015,Asian J Chem,10.14233/ajchem.2015.18612,,,0,1,0,1,0,1,landing_page,o;p;e;n;a;l;e;x;_;l;a;n;d;i;n;g;;;c;r;o;s;s;r;e;f;_;i;d;e;n;t;i;f;i;e;r
doi__10.1515_bc.2009.062,metadata_only,attempt_external_primary_fulltext_then_inventory_existing_supplementary_assets,/mnt/d/work/抗菌肽/数据库/merged_amp_corpus/landed_assets/papers/doi__10.1515_bc.2009.062,Identification and characterization of a bioactive lantibiotic produced by Staphylococcus warneri.,2009,Biol Chem.,10.1515/bc.2009.062,19361283,,0,0,0,0,0,10,landing_page,o;p;e;n;a;l;e;x;_;l;a;n;d;i;n;g
doi__10.1515_bchm.1997.378.9.989,weak_source,recover_or_stage_primary_xml_then_build_material_packet,/mnt/d/work/抗菌肽/数据库/merged_amp_corpus/landed_assets/papers/doi__10.1515_bchm.1997.378.9.989,"Amino acid sequence, S-S bridge arrangement and distribution in plant tissues of thionins from Viscum album.",1997,Biol Chem.,10.1515/bchm.1997.378.9.989,9348108,,0,1,0,1,0,9,landing_page,o;p;e;n;a;l;e;x;_;l;a;n;d;i;n;g
doi__10.1515_bchm3.1990.371.1.111,weak_source,recover_or_stage_primary_xml_then_build_material_packet,/mnt/d/work/抗菌肽/数据库/merged_amp_corpus/landed_assets/papers/doi__10.1515_bchm3.1990.371.1.111,binding to monospecific anti-seminalplasmin immunoglobulins G and calmodulin.,1990,Biol Chem Hoppe Seyler,10.1515/bchm3.1990.371.1.111,2334517,,0,1,0,1,0,9,landing_page,o;p;e;n;a;l;e;x;_;l;a;n;d;i;n;g
doi__10.1515_bchm3.1995.376.8.507,weak_source,recover_or_stage_primary_xml_then_build_material_packet,/mnt/d/work/抗菌肽/数据库/merged_amp_corpus/landed_assets/papers/doi__10.1515_bchm3.1995.376.8.507,Molecular cloning and identification of a novel porcine cathelin-like antibacterial peptide precursor.,1995,Biol Chem Hoppe Seyler,10.1515/bchm3.1995.376.8.507,7576250,,0,1,0,1,0,9,direct_pdf,o;p;e;n;a;l;e;x;_;p;d;f;;;o;p;e;n;a;l;e;x;_;l;a;n;d;i;n;g
doi__10.1515_biolog-2017-0122,metadata_only,attempt_external_primary_fulltext_then_inventory_existing_supplementary_assets,/mnt/d/work/抗菌肽/数据库/merged_amp_corpus/landed_assets/papers/doi__10.1515_biolog-2017-0122,Antimicrobial activity and membrane interaction mechanism of the antimicrobial peptides derived from Rana chensinensis with short sequences,2017,Biologia,10.1515/biolog-2017-0122,,,0,0,0,0,0,10,landing_page,o;p;e;n;a;l;e;x;_;l;a;n;d;i;n;g;;;c;r;o;s;s;r;e;f;_;i;d;e;n;t;i;f;i;e;r
doi__10.1515_hsz-2013-0263,metadata_only,attempt_external_primary_fulltext_then_inventory_existing_supplementary_assets,/mnt/d/work/抗菌肽/数据库/merged_amp_corpus/landed_assets/papers/doi__10.1515_hsz-2013-0263,"Lucimycin, an antifungal peptide from the therapeutic maggot of the common green bottle fly Lucilia sericata.",2014,Biol Chem,10.1515/hsz-2013-0263,24622788,,0,0,0,0,0,9,landing_page,o;p;e;n;a;l;e;x;_;l;a;n;d;i;n;g
doi__10.1515_hsz-2017-0198,metadata_only,attempt_external_primary_fulltext_then_inventory_existing_supplementary_assets,/mnt/d/work/抗菌肽/数据库/merged_amp_corpus/landed_assets/papers/doi__10.1515_hsz-2017-0198,The dinoponeratoxin peptides from the giant ant Dinoponera quadriceps display in vitro antitrypanosomal activity.,2017,Biol Chem,10.1515/hsz-2017-0198,28976889,,0,0,0,0,0,9,landing_page,o;p;e;n;a;l;e;x;_;l;a;n;d;i;n;g
doi__10.1515_hsz-2019-397ja-01,weak_source,recover_or_stage_primary_xml_then_build_material_packet,/mnt/d/work/抗菌肽/数据库/merged_amp_corpus/landed_assets/papers/doi__10.1515_hsz-2019-397ja-01,Comprehensive analysis of peptides and low molecular weight components of the giant ant Dinoponera quadriceps venom,2019,Biol Chem.,10.1515/hsz-2019-397ja-01,32087061,,0,1,0,1,0,6,landing_page,o;p;e;n;a;l;e;x;_;l;a;n;d;i;n;g
doi__10.1515_znc-2003-9-1026,weak_source,recover_or_stage_primary_xml_then_build_material_packet,/mnt/d/work/抗菌肽/数据库/merged_amp_corpus/landed_assets/papers/doi__10.1515_znc-2003-9-1026,A novel cyclopeptide from a bacterium associated with the marine sponge Ircinia muscarum.,2003,Z Naturforsch C J Biosci,10.1515/znc-2003-9-1026,14577642,,0,2,0,2,0,9,direct_pdf,o;p;e;n;a;l;e;x;_;p;d;f;;;o;p;e;n;a;l;e;x;_;l;a;n;d;i;n;g
doi__10.18388_abp.2001_3889,weak_source,recover_or_stage_primary_xml_then_build_material_packet,/mnt/d/work/抗菌肽/数据库/merged_amp_corpus/landed_assets/papers/doi__10.18388_abp.2001_3889,Hematological and antifungal properties of temporin A and a cecropin A-temporin A hybrid.,2001,Acta Biochim Pol,10.18388/abp.2001_3889,11995990,,0,1,0,1,0,0,landing_page,o;p;e;n;a;l;e;x;_;l;a;n;d;i;n;g
doi__10.18388_abp.2001_3890,weak_source,recover_or_stage_primary_xml_then_build_material_packet,/mnt/d/work/抗菌肽/数据库/merged_amp_corpus/landed_assets/papers/doi__10.18388_abp.2001_3890,Antibacterial peptides of the moth Galleria mellonella.,2001,Acta Biochim Pol,10.18388/abp.2001_3890,11995991,,0,1,0,1,0,0,direct_pdf,o;p;e;n;a;l;e;x;_;p;d;f;;;o;p;e;n;a;l;e;x;_;l;a;n;d;i;n;g
doi__10.18388_abp.2009_2518,weak_source,recover_or_stage_primary_xml_then_build_material_packet,/mnt/d/work/抗菌肽/数据库/merged_amp_corpus/landed_assets/papers/doi__10.18388_abp.2009_2518,"Purification and characterization of antibacterial proteins from granular hemocytes of Indian mud crab, Scylla serrata.",2009,Acta Biochim Pol,10.18388/abp.2009_2518,19219229,,0,1,0,1,0,0,direct_pdf,o;p;e;n;a;l;e;x;_;p;d;f;;;o;p;e;n;a;l;e;x;_;l;a;n;d;i;n;g
doi__10.18388_abp.2020_5757,weak_source,recover_or_stage_primary_xml_then_build_material_packet,/mnt/d/work/抗菌肽/数据库/merged_amp_corpus/landed_assets/papers/doi__10.18388_abp.2020_5757,"Evaluating the antibacterial activity of muramyl dipeptide derivatives, retro-tuftsin derivatives, and anthraquinone oligopeptides against a range of pathogenic bacteria.",2021,Acta Biochim Pol,10.18388/abp.2020_5757,34460213,,0,1,0,1,0,0,direct_pdf,o;p;e;n;a;l;e;x;_;p;d;f;;;o;p;e;n;a;l;e;x;_;l;a;n;d;i;n;g
doi__10.20307_nps.2018.24.4.225,weak_source,recover_or_stage_primary_xml_then_build_material_packet,/mnt/d/work/抗菌肽/数据库/merged_amp_corpus/landed_assets/papers/doi__10.20307_nps.2018.24.4.225,Gliotoxin is Antibacterial to Drug-resistant Piscine Pathogens,2018,Nat Prod Sci,10.20307/nps.2018.24.4.225,,,0,1,0,1,0,0,direct_pdf,c;r;o;s;s;r;e;f;_;i;d;e;n;t;i;f;i;e;r;;;o;p;e;n;a;l;e;x;_;l;a;n;d;i;n;g;;;o;p;e;n;a;l;e;x;_;p;d;f
doi__10.2165_00003495-199856060-00011,metadata_only,attempt_external_primary_fulltext_then_inventory_existing_supplementary_assets,/mnt/d/work/抗菌肽/数据库/merged_amp_corpus/landed_assets/papers/doi__10.2165_00003495-199856060-00011,Pexiganan acetate,1998,Drugs,10.2165/00003495-199856060-00011,9878992,,0,0,0,0,0,10,landing_page,o;p;e;n;a;l;e;x;_;l;a;n;d;i;n;g
doi__10.2165_11534440-000000000-00000,metadata_only,attempt_external_primary_fulltext_then_inventory_existing_supplementary_assets,/mnt/d/work/抗菌肽/数据库/merged_amp_corpus/landed_assets/papers/doi__10.2165_11534440-000000000-00000,"a comparative review of dalbavancin, oritavancin and telavancin",2010,,10.2165/11534440-000000000-00000,20426497,,0,0,0,0,0,10,landing_page,o;p;e;n;a;l;e;x;_;l;a;n;d;i;n;g
doi__10.2174_092986611794578288,metadata_only,attempt_external_primary_fulltext_pdf_xml_before_review,/mnt/d/work/抗菌肽/数据库/merged_amp_corpus/landed_assets/papers/doi__10.2174_092986611794578288,Anti-tuberculosis activity of α-helical antimicrobial peptides: de novo designed L- and D-enantiomers versus L- and D-LL-37.,2011,Protein Pept Lett,10.2174/092986611794578288,20858205,PMC3263701,0,0,0,0,0,0,direct_pdf,f;u;l;l;t;e;x;t;_;s;i;g;n;a;l;;;o;p;e;n;a;l;e;x;_;l;a;n;d;i;n;g;;;o;p;e;n;a;l;e;x;_;p;d;f
doi__10.2174_0929866527666200813202918,metadata_only,attempt_external_primary_fulltext_then_inventory_existing_supplementary_assets,/mnt/d/work/抗菌肽/数据库/merged_amp_corpus/landed_assets/papers/doi__10.2174_0929866527666200813202918,Investigation of the Role of Aromatic Residues in the Antimicrobial Peptide BuCATHL4B.,2020,Protein Pept Lett,10.2174/0929866527666200813202918,32798369,PMC8259864,0,0,0,0,0,7,fulltext_or_xml,f;u;l;l;t;e;x;t;_;s;i;g;n;a;l;;;o;p;e;n;a;l;e;x;_;l;a;n;d;i;n;g
doi__10.2210_pdb2n1c_pdb,metadata_only,attempt_external_primary_fulltext_then_inventory_existing_supplementary_assets,/mnt/d/work/抗菌肽/数据库/merged_amp_corpus/landed_assets/papers/doi__10.2210_pdb2n1c_pdb,A hemocyanin-derived antimicrobial peptide from the penaeid shrimp adopts an alpha-helical structure that specifically permeabilizes fungal membranes,2015,Biochim Biophys Acta.,10.2210/pdb2n1c/pdb,26708991,,0,0,0,0,0,1,landing_page,o;p;e;n;a;l;e;x;_;l;a;n;d;i;n;g
doi__10.2210_pdb4z7r_pdb,metadata_only,attempt_external_primary_fulltext_then_inventory_existing_supplementary_assets,/mnt/d/work/抗菌肽/数据库/merged_amp_corpus/landed_assets/papers/doi__10.2210_pdb4z7r_pdb,MB1533 is a Defensin-Like Antimicrobial Peptide from the Intracellular Meristem Endophyte of Scots Pine Methylobacterium extorquens DSM13060,2016,J Microb Biochem Technol,10.2210/pdb4z7r/pdb,1533,,0,0,0,0,0,1,landing_page,d;o;i;_;r;e;s;o;l;v;e;r;_;l;a;n;d;i;n;g
doi__10.2220_biomedres.31.71,weak_source,recover_or_stage_primary_xml_then_build_material_packet,/mnt/d/work/抗菌肽/数据库/merged_amp_corpus/landed_assets/papers/doi__10.2220_biomedres.31.71,Molecular diversity in venom proteins of the Russell's viper (Daboia russellii russellii) and the Indian cobra (Naja naja) in Sri Lanka.,2010,Biomed Res,10.2220/biomedres.31.71,20203422,,0,2,0,2,0,5,direct_pdf,o;p;e;n;a;l;e;x;_;p;d;f;;;o;p;e;n;a;l;e;x;_;l;a;n;d;i;n;g
doi__10.2478_s11535-010-0111-4,weak_source,recover_or_stage_primary_xml_then_build_material_packet,/mnt/d/work/抗菌肽/数据库/merged_amp_corpus/landed_assets/papers/doi__10.2478_s11535-010-0111-4,The antifungal effect of peptides from hymenoptera venom and their analogs,2011,,10.2478/s11535-010-0111-4,,,0,3,0,3,0,10,direct_pdf,c;r;o;s;s;r;e;f;_;i;d;e;n;t;i;f;i;e;r;;;f;u;l;l;t;e;x;t;_;s;i;g;n;a;l;;;o;p;e;n;a;l;e;x;_;l;a;n;d;i;n;g;;;o;p;e;n;a;l;e;x;_;p;d;f
doi__10.2533_chimia.2024.648,weak_source,recover_or_stage_primary_xml_then_build_material_packet,/mnt/d/work/抗菌肽/数据库/merged_amp_corpus/landed_assets/papers/doi__10.2533_chimia.2024.648,Chemical Space for Peptide-based Antimicrobials.,2024,Chimia (Aarau).,10.2533/chimia.2024.648,39488750,,0,2,0,2,0,2,direct_pdf,o;p;e;n;a;l;e;x;_;p;d;f;;;o;p;e;n;a;l;e;x;_;l;a;n;d;i;n;g
doi__10.3103_s0095452708060091,metadata_only,attempt_external_primary_fulltext_then_inventory_existing_supplementary_assets,/mnt/d/work/抗菌肽/数据库/merged_amp_corpus/landed_assets/papers/doi__10.3103_s0095452708060091,Molecular cloning and characterization of Scotch pine Defensin-2.,2008,Tsitol Genet,10.3103/s0095452708060091,19253756,,0,0,0,0,0,10,landing_page,o;p;e;n;a;l;e;x;_;l;a;n;d;i;n;g
doi__10.31083_j.fbl2702064,weak_source,recover_or_stage_primary_xml_then_build_material_packet,/mnt/d/work/抗菌肽/数据库/merged_amp_corpus/landed_assets/papers/doi__10.31083_j.fbl2702064,Novel tetrameric cell penetrating antimicrobial peptoids effective against mycobacteria and drug-resistant Staphylococcus aureus.,2022,Front Biosci (Landmark Ed),10.31083/j.fbl2702064,35227007,,0,2,0,2,0,9,direct_pdf,o;p;e;n;a;l;e;x;_;p;d;f;;;o;p;e;n;a;l;e;x;_;l;a;n;d;i;n;g
doi__10.32592_ari.2023.78.6.2694,metadata_only,attempt_external_primary_fulltext_then_inventory_existing_supplementary_assets,/mnt/d/work/抗菌肽/数据库/merged_amp_corpus/landed_assets/papers/doi__10.32592_ari.2023.78.6.2694,Antibacterial Properties of Bacteriocin Purified from Serratia marcescens and Computerized Assessment of its Interaction with Antigen 43 in Escherichia coli.,2023,Arch Razi Inst.,10.32592/ari.2023.78.6.2694,38828162,,0,0,0,0,0,9,direct_pdf,o;p;e;n;a;l;e;x;_;l;a;n;d;i;n;g;;;o;p;e;n;a;l;e;x;_;p;d;f
doi__10.3389_fchem.2017.00005,weak_source,recover_or_stage_primary_xml_then_build_material_packet,/mnt/d/work/抗菌肽/数据库/merged_amp_corpus/landed_assets/papers/doi__10.3389_fchem.2017.00005,Peptides with Dual Antimicrobial and Anticancer Activities,2017,,10.3389/fchem.2017.00005,28271058,,0,2,0,2,0,8,direct_pdf,o;p;e;n;a;l;e;x;_;p;d;f;;;o;p;e;n;a;l;e;x;_;l;a;n;d;i;n;g
doi__10.3389_ffunb.2021.638595,weak_source,recover_or_stage_primary_xml_then_build_material_packet,/mnt/d/work/抗菌肽/数据库/merged_amp_corpus/landed_assets/papers/doi__10.3389_ffunb.2021.638595,"Design, Dimerization, and Recombinant Production of MCh-AMP1–Derived Peptide in Escherichia coli and Evaluation of Its Antifungal Activity and Cytotoxicity.",2021,Front Fungal Biol,10.3389/ffunb.2021.638595,,,0,2,0,2,0,3,direct_pdf,o;p;e;n;a;l;e;x;_;p;d;f;;;o;p;e;n;a;l;e;x;_;l;a;n;d;i;n;g;;;f;u;l;l;t;e;x;t;_;s;i;g;n;a;l;;;c;r;o;s;s;r;e;f;_;i;d;e;n;t;i;f;i;e;r
doi__10.3389_fmicb.2025.1622282,weak_source,recover_or_stage_primary_xml_then_build_material_packet,/mnt/d/work/抗菌肽/数据库/merged_amp_corpus/landed_assets/papers/doi__10.3389_fmicb.2025.1622282,In vitro and in vivo anti-Pseudomonas aeruginosa activity of a scorpion peptide derivative.,2025,Front Microbiol,10.3389/fmicb.2025.1622282,,,0,2,0,2,0,6,direct_pdf,o;p;e;n;a;l;e;x;_;p;d;f;;;o;p;e;n;a;l;e;x;_;l;a;n;d;i;n;g;;;f;u;l;l;t;e;x;t;_;s;i;g;n;a;l;;;c;r;o;s;s;r;e;f;_;i;d;e;n;t;i;f;i;e;r
doi__10.3390_ani15172590,weak_source,recover_or_stage_primary_pdf_then_build_material_packet,/mnt/d/work/抗菌肽/数据库/merged_amp_corpus/landed_assets/papers/doi__10.3390_ani15172590,Molecular Characterization of the Liver-Expressed Antimicrobial Peptide 2 (LEAP2) from Amphiprion ocellaris and Its Role in Antibacterial Immunity.,2025,Animals (Basel).,10.3390/ani15172590,40941385,PMC12427373,1,0,2,0,1,1,direct_pdf,l;o;c;a;l;_;x;m;l;;;l;o;c;a;l;_;p;a;c;k;a;g;e;;;l;o;c;a;l;_;s;u;p;p;l;e;m;e;n;t;a;r;y;;;o;p;e;n;a;l;e;x;_;p;d;f;;;o;p;e;n;a;l;e;x;_;l;a;n;d;i;n;g;;;f;u;l;l;t;e;x;t;_;s;i;g;n;a;l
doi__10.3390_antibiotics12030472,weak_source,recover_or_stage_primary_pdf_then_build_material_packet,/mnt/d/work/抗菌肽/数据库/merged_amp_corpus/landed_assets/papers/doi__10.3390_antibiotics12030472,Novel Arginine- and Proline-Rich Candidacidal Peptides Obtained through a Bioinformatic Approach.,2023,Antibiotics (Basel).,10.3390/antibiotics12030472,36978339,PMC10044544,1,0,2,0,1,1,direct_pdf,l;o;c;a;l;_;x;m;l;;;l;o;c;a;l;_;p;a;c;k;a;g;e;;;l;o;c;a;l;_;s;u;p;p;l;e;m;e;n;t;a;r;y;;;o;p;e;n;a;l;e;x;_;p;d;f;;;o;p;e;n;a;l;e;x;_;l;a;n;d;i;n;g;;;f;u;l;l;t;e;x;t;_;s;i;g;n;a;l
doi__10.3390_antibiotics13020190,weak_source,recover_or_stage_primary_pdf_then_build_material_packet,/mnt/d/work/抗菌肽/数据库/merged_amp_corpus/landed_assets/papers/doi__10.3390_antibiotics13020190,"Expression of the Antimicrobial Peptide SE-33-A2P, a Modified Analog of Cathelicidin, and an Analysis of Its Properties.",2024,Antibiotics (Basel).,10.3390/antibiotics13020190,38391576,PMC10886013,1,0,2,0,1,0,direct_pdf,l;o;c;a;l;_;x;m;l;;;l;o;c;a;l;_;p;a;c;k;a;g;e;;;l;o;c;a;l;_;s;u;p;p;l;e;m;e;n;t;a;r;y;;;o;p;e;n;a;l;e;x;_;p;d;f;;;o;p;e;n;a;l;e;x;_;l;a;n;d;i;n;g;;;f;u;l;l;t;e;x;t;_;s;i;g;n;a;l
doi__10.3390_antibiotics14070655,weak_source,recover_or_stage_primary_pdf_then_build_material_packet,/mnt/d/work/抗菌肽/数据库/merged_amp_corpus/landed_assets/papers/doi__10.3390_antibiotics14070655,Elephant Cathelicidin-Derived Peptides Inhibit Herpes Simplex Virus 1 Infection,2025,Antibiotics.,10.3390/antibiotics14070655,40723958,PMC12291837,1,0,2,0,1,0,direct_pdf,c;r;o;s;s;r;e;f;_;i;d;e;n;t;i;f;i;e;r;;;f;u;l;l;t;e;x;t;_;s;i;g;n;a;l;;;l;o;c;a;l;_;p;a;c;k;a;g;e;;;l;o;c;a;l;_;s;u;p;p;l;e;m;e;n;t;a;r;y;;;l;o;c;a;l;_;x;m;l;;;o;p;e;n;a;l;e;x;_;l;a;n;d;i;n;g;;;o;p;e;n;a;l;e;x;_;p;d;f
doi__10.3390_antibiotics14111077,weak_source,recover_or_stage_primary_pdf_then_build_material_packet,/mnt/d/work/抗菌肽/数据库/merged_amp_corpus/landed_assets/papers/doi__10.3390_antibiotics14111077,Sequence Permutation Generated Lysine and Tryptophan-Rich Antimicrobial Peptides with Enhanced Therapeutic Index,2025,Antibiotics,10.3390/antibiotics14111077,41301573,PMC12649549,2,0,3,0,1,1,direct_pdf,c;r;o;s;s;r;e;f;_;i;d;e;n;t;i;f;i;e;r;;;f;u;l;l;t;e;x;t;_;s;i;g;n;a;l;;;l;o;c;a;l;_;p;a;c;k;a;g;e;;;l;o;c;a;l;_;s;u;p;p;l;e;m;e;n;t;a;r;y;;;l;o;c;a;l;_;x;m;l;;;o;p;e;n;a;l;e;x;_;l;a;n;d;i;n;g;;;o;p;e;n;a;l;e;x;_;p;d;f
doi__10.3390_antibiotics9020078,weak_source,recover_or_stage_primary_pdf_then_build_material_packet,/mnt/d/work/抗菌肽/数据库/merged_amp_corpus/landed_assets/papers/doi__10.3390_antibiotics9020078,Characterization and Antimicrobial Activity of the Teleost Chemokine CXCL20b,2020,Antibiotics (Basel).,10.3390/antibiotics9020078,32059392,PMC7168194,1,0,2,0,1,0,direct_pdf,l;o;c;a;l;_;x;m;l;;;l;o;c;a;l;_;p;a;c;k;a;g;e;;;l;o;c;a;l;_;s;u;p;p;l;e;m;e;n;t;a;r;y;;;o;p;e;n;a;l;e;x;_;p;d;f;;;o;p;e;n;a;l;e;x;_;l;a;n;d;i;n;g;;;f;u;l;l;t;e;x;t;_;s;i;g;n;a;l
doi__10.3390_biom11040485,weak_source,recover_or_stage_primary_pdf_then_build_material_packet,/mnt/d/work/抗菌肽/数据库/merged_amp_corpus/landed_assets/papers/doi__10.3390_biom11040485,"AP-64, Encoded by C5orf46, Exhibits Antimicrobial Activity against Gram-Negative Bacteria.",2021,Biomolecules.,10.3390/biom11040485,33804835,PMC8063792,1,0,2,0,1,0,direct_pdf,l;o;c;a;l;_;x;m;l;;;l;o;c;a;l;_;p;a;c;k;a;g;e;;;l;o;c;a;l;_;s;u;p;p;l;e;m;e;n;t;a;r;y;;;o;p;e;n;a;l;e;x;_;p;d;f;;;o;p;e;n;a;l;e;x;_;l;a;n;d;i;n;g;;;f;u;l;l;t;e;x;t;_;s;i;g;n;a;l
doi__10.3390_cancers13020191,weak_source,recover_or_stage_primary_pdf_then_build_material_packet,/mnt/d/work/抗菌肽/数据库/merged_amp_corpus/landed_assets/papers/doi__10.3390_cancers13020191,"N-Methylsansalvamide, a cytotoxic cyclic depsipeptide from a marine fungus of the genus fusarium",2021,Cancers (Basel),10.3390/cancers13020191,33430488,,1,0,1,0,0,0,direct_pdf,l;o;c;a;l;_;x;m;l;;;o;p;e;n;a;l;e;x;_;p;d;f;;;o;p;e;n;a;l;e;x;_;l;a;n;d;i;n;g
doi__10.3390_genes16121450,weak_source,recover_or_stage_primary_pdf_then_build_material_packet,/mnt/d/work/抗菌肽/数据库/merged_amp_corpus/landed_assets/papers/doi__10.3390_genes16121450,Hepcidin from the Chinese Spiny Frog (Quasipaa spinosa) Integrates Membrane-Disruptive Antibacterial Activity with Macrophage-Mediated Protection Against Elizabethkingia miricola.,2025,Genes (Basel).,10.3390/genes16121450,41465123,PMC12733104,1,0,2,0,1,0,direct_pdf,l;o;c;a;l;_;x;m;l;;;l;o;c;a;l;_;p;a;c;k;a;g;e;;;l;o;c;a;l;_;s;u;p;p;l;e;m;e;n;t;a;r;y;;;o;p;e;n;a;l;e;x;_;p;d;f;;;o;p;e;n;a;l;e;x;_;l;a;n;d;i;n;g;;;f;u;l;l;t;e;x;t;_;s;i;g;n;a;l
doi__10.3390_ijms14024349,weak_source,recover_or_stage_primary_pdf_then_build_material_packet,/mnt/d/work/抗菌肽/数据库/merged_amp_corpus/landed_assets/papers/doi__10.3390_ijms14024349,"PG-2, a Potent AMP against Pathogenic Microbial Strains, from Potato (Solanum tuberosum L cv. Gogu Valley) Tubers Not Cytotoxic against Human Cells.",2013,Int J Mol Sci.,10.3390/ijms14024349,23429275,PMC3588103,1,0,2,0,1,0,direct_pdf,l;o;c;a;l;_;x;m;l;;;l;o;c;a;l;_;p;a;c;k;a;g;e;;;l;o;c;a;l;_;s;u;p;p;l;e;m;e;n;t;a;r;y;;;o;p;e;n;a;l;e;x;_;p;d;f;;;o;p;e;n;a;l;e;x;_;l;a;n;d;i;n;g;;;f;u;l;l;t;e;x;t;_;s;i;g;n;a;l
doi__10.3390_ijms22115435,weak_source,recover_or_stage_primary_pdf_then_build_material_packet,/mnt/d/work/抗菌肽/数据库/merged_amp_corpus/landed_assets/papers/doi__10.3390_ijms22115435,Design and Pharmacodynamics of Recombinant Fungus Defensin NZL with Improved Activity against Staphylococcus hyicus In Vitro and In Vivo,2021,Int J Mol Sci.,10.3390/ijms22115435,34063982,PMC8196787,1,0,2,0,1,0,direct_pdf,l;o;c;a;l;_;x;m;l;;;l;o;c;a;l;_;p;a;c;k;a;g;e;;;l;o;c;a;l;_;s;u;p;p;l;e;m;e;n;t;a;r;y;;;o;p;e;n;a;l;e;x;_;p;d;f;;;o;p;e;n;a;l;e;x;_;l;a;n;d;i;n;g;;;f;u;l;l;t;e;x;t;_;s;i;g;n;a;l
doi__10.3390_ijms23010015,weak_source,recover_or_stage_primary_pdf_then_build_material_packet,/mnt/d/work/抗菌肽/数据库/merged_amp_corpus/landed_assets/papers/doi__10.3390_ijms23010015,A Novel Antimicrobial Peptide Sparanegtin Identified in Scylla paramamosain Showing Antimicrobial Activity and Immunoprotective Role In Vitro and Vivo.,2021,Int J Mol Sci.,10.3390/ijms23010015,35008449,PMC8744658,1,0,2,0,1,1,direct_pdf,l;o;c;a;l;_;x;m;l;;;l;o;c;a;l;_;p;a;c;k;a;g;e;;;l;o;c;a;l;_;s;u;p;p;l;e;m;e;n;t;a;r;y;;;o;p;e;n;a;l;e;x;_;p;d;f;;;o;p;e;n;a;l;e;x;_;l;a;n;d;i;n;g;;;f;u;l;l;t;e;x;t;_;s;i;g;n;a;l
doi__10.3390_ijms23052789,weak_source,recover_or_stage_primary_pdf_then_build_material_packet,/mnt/d/work/抗菌肽/数据库/merged_amp_corpus/landed_assets/papers/doi__10.3390_ijms23052789,Identification and Functional Analysis of a Defensin CcDef2 from Coridius chinensis.,2022,Int J Mol Sci.,10.3390/ijms23052789,35269935,PMC8911331,1,0,2,0,1,1,direct_pdf,l;o;c;a;l;_;x;m;l;;;l;o;c;a;l;_;p;a;c;k;a;g;e;;;l;o;c;a;l;_;s;u;p;p;l;e;m;e;n;t;a;r;y;;;o;p;e;n;a;l;e;x;_;p;d;f;;;o;p;e;n;a;l;e;x;_;l;a;n;d;i;n;g;;;f;u;l;l;t;e;x;t;_;s;i;g;n;a;l
doi__10.3390_ijms24054800,weak_source,recover_or_stage_primary_pdf_then_build_material_packet,/mnt/d/work/抗菌肽/数据库/merged_amp_corpus/landed_assets/papers/doi__10.3390_ijms24054800,Aptamers as Novel Binding Molecules on an Antimicrobial Peptide-Armored Composite Hydrogel Wound Dressing for Specific Removal and Efficient Eradication of Pseudomonas aeruginosa.,2023,Int J Mol Sci.,10.3390/ijms24054800,36902270,PMC10002764,1,0,2,0,1,1,direct_pdf,l;o;c;a;l;_;x;m;l;;;l;o;c;a;l;_;p;a;c;k;a;g;e;;;l;o;c;a;l;_;s;u;p;p;l;e;m;e;n;t;a;r;y;;;o;p;e;n;a;l;e;x;_;p;d;f;;;o;p;e;n;a;l;e;x;_;l;a;n;d;i;n;g;;;f;u;l;l;t;e;x;t;_;s;i;g;n;a;l
doi__10.3390_ijms24076813,weak_source,recover_or_stage_primary_pdf_then_build_material_packet,/mnt/d/work/抗菌肽/数据库/merged_amp_corpus/landed_assets/papers/doi__10.3390_ijms24076813,"Nisin S, a Novel Nisin Variant Produced by Ligilactobacillus salivarius P1CEA3.",2023,Int J Mol Sci.,10.3390/ijms24076813,37047785,PMC10095417,1,0,2,0,1,1,direct_pdf,l;o;c;a;l;_;x;m;l;;;l;o;c;a;l;_;p;a;c;k;a;g;e;;;l;o;c;a;l;_;s;u;p;p;l;e;m;e;n;t;a;r;y;;;o;p;e;n;a;l;e;x;_;p;d;f;;;o;p;e;n;a;l;e;x;_;l;a;n;d;i;n;g;;;f;u;l;l;t;e;x;t;_;s;i;g;n;a;l
doi__10.3390_ijms25010604,weak_source,recover_or_stage_primary_pdf_then_build_material_packet,/mnt/d/work/抗菌肽/数据库/merged_amp_corpus/landed_assets/papers/doi__10.3390_ijms25010604,A Common Polymorphism in RNASE6 Impacts Its Antimicrobial Activity toward Uropathogenic Escherichia coli.,2024,Int J Mol Sci.,10.3390/ijms25010604,38203775,PMC10779065,1,0,2,0,1,1,direct_pdf,l;o;c;a;l;_;x;m;l;;;l;o;c;a;l;_;p;a;c;k;a;g;e;;;l;o;c;a;l;_;s;u;p;p;l;e;m;e;n;t;a;r;y;;;o;p;e;n;a;l;e;x;_;p;d;f;;;o;p;e;n;a;l;e;x;_;l;a;n;d;i;n;g;;;f;u;l;l;t;e;x;t;_;s;i;g;n;a;l
doi__10.3390_ijms252111776,weak_source,recover_or_stage_primary_pdf_then_build_material_packet,/mnt/d/work/抗菌肽/数据库/merged_amp_corpus/landed_assets/papers/doi__10.3390_ijms252111776,Designing Analogs of SAAP-148 with Enhanced Antimicrobial and Anti-LPS Activities.,2024,Int J Mol Sci.,10.3390/ijms252111776,39519326,PMC11546786,1,0,2,0,1,1,direct_pdf,l;o;c;a;l;_;x;m;l;;;l;o;c;a;l;_;p;a;c;k;a;g;e;;;l;o;c;a;l;_;s;u;p;p;l;e;m;e;n;t;a;r;y;;;o;p;e;n;a;l;e;x;_;p;d;f;;;o;p;e;n;a;l;e;x;_;l;a;n;d;i;n;g;;;f;u;l;l;t;e;x;t;_;s;i;g;n;a;l
doi__10.3390_insects13100958,weak_source,recover_or_stage_primary_pdf_then_build_material_packet,/mnt/d/work/抗菌肽/数据库/merged_amp_corpus/landed_assets/papers/doi__10.3390_insects13100958,Antimicrobial Activity of Apidermin 2 from the Honeybee Apis mellifera.,2022,Insects.,10.3390/insects13100958,36292906,PMC9604307,1,0,2,0,1,0,direct_pdf,l;o;c;a;l;_;x;m;l;;;l;o;c;a;l;_;p;a;c;k;a;g;e;;;l;o;c;a;l;_;s;u;p;p;l;e;m;e;n;t;a;r;y;;;o;p;e;n;a;l;e;x;_;p;d;f;;;o;p;e;n;a;l;e;x;_;l;a;n;d;i;n;g;;;f;u;l;l;t;e;x;t;_;s;i;g;n;a;l
doi__10.3390_jof7020153,weak_source,recover_or_stage_primary_pdf_then_build_material_packet,/mnt/d/work/抗菌肽/数据库/merged_amp_corpus/landed_assets/papers/doi__10.3390_jof7020153,The Emericellipsins A-E from an Alkalophilic Fungus Emericellopsis alkalina Show Potent Activity against Multidrug-Resistant Pathogenic Fungi.,2021,J Fungi (Basel).,10.3390/jof7020153,33669976,PMC7924852,1,0,2,0,1,0,direct_pdf,l;o;c;a;l;_;x;m;l;;;l;o;c;a;l;_;p;a;c;k;a;g;e;;;l;o;c;a;l;_;s;u;p;p;l;e;m;e;n;t;a;r;y;;;o;p;e;n;a;l;e;x;_;p;d;f;;;o;p;e;n;a;l;e;x;_;l;a;n;d;i;n;g;;;f;u;l;l;t;e;x;t;_;s;i;g;n;a;l
doi__10.3390_md16100381,weak_source,recover_or_stage_primary_pdf_then_build_material_packet,/mnt/d/work/抗菌肽/数据库/merged_amp_corpus/landed_assets/papers/doi__10.3390_md16100381,"Massive Gene Expansion and Sequence Diversification Is Associated with Diverse Tissue Distribution, Regulation and Antimicrobial Properties of Anti-Lipopolysaccharide Factors in Shrimp",2018,Mar Drugs.,10.3390/md16100381,30314303,PMC6213531,1,0,2,0,1,1,direct_pdf,l;o;c;a;l;_;x;m;l;;;l;o;c;a;l;_;p;a;c;k;a;g;e;;;l;o;c;a;l;_;s;u;p;p;l;e;m;e;n;t;a;r;y;;;o;p;e;n;a;l;e;x;_;p;d;f;;;o;p;e;n;a;l;e;x;_;l;a;n;d;i;n;g;;;f;u;l;l;t;e;x;t;_;s;i;g;n;a;l
doi__10.3390_md20120745,weak_source,recover_or_stage_primary_pdf_then_build_material_packet,/mnt/d/work/抗菌肽/数据库/merged_amp_corpus/landed_assets/papers/doi__10.3390_md20120745,Functional Diversification of Oyster Big Defensins Generates Antimicrobial Specificity and Synergy against Members of the Microbiota,2022,Mar Drugs.,10.3390/md20120745,36547892,PMC9786018,1,0,2,0,1,1,direct_pdf,l;o;c;a;l;_;x;m;l;;;l;o;c;a;l;_;p;a;c;k;a;g;e;;;l;o;c;a;l;_;s;u;p;p;l;e;m;e;n;t;a;r;y;;;o;p;e;n;a;l;e;x;_;p;d;f;;;o;p;e;n;a;l;e;x;_;l;a;n;d;i;n;g;;;f;u;l;l;t;e;x;t;_;s;i;g;n;a;l
doi__10.3390_md24010045,weak_source,recover_or_stage_primary_pdf_then_build_material_packet,/mnt/d/work/抗菌肽/数据库/merged_amp_corpus/landed_assets/papers/doi__10.3390_md24010045,Recombinant Expression and Antimicrobial Mechanism of Cysteine-Rich Antimicrobial Peptides from Tigriopus japonicus Genome,2026,Marine Drugs.,10.3390/md24010045,41590742,PMC12842719,1,0,2,0,1,1,direct_pdf,l;o;c;a;l;_;x;m;l;;;l;o;c;a;l;_;p;a;c;k;a;g;e;;;l;o;c;a;l;_;s;u;p;p;l;e;m;e;n;t;a;r;y;;;o;p;e;n;a;l;e;x;_;p;d;f;;;o;p;e;n;a;l;e;x;_;l;a;n;d;i;n;g;;;f;u;l;l;t;e;x;t;_;s;i;g;n;a;l
doi__10.3390_membranes13010051,weak_source,recover_or_stage_primary_pdf_then_build_material_packet,/mnt/d/work/抗菌肽/数据库/merged_amp_corpus/landed_assets/papers/doi__10.3390_membranes13010051,gamma-Core Guided Antibiotic Design Based on Human Enteric Defensin 5.,2022,Membranes (Basel).,10.3390/membranes13010051,36676858,PMC9862697,1,0,2,0,1,1,direct_pdf,l;o;c;a;l;_;x;m;l;;;l;o;c;a;l;_;p;a;c;k;a;g;e;;;l;o;c;a;l;_;s;u;p;p;l;e;m;e;n;t;a;r;y;;;o;p;e;n;a;l;e;x;_;p;d;f;;;o;p;e;n;a;l;e;x;_;l;a;n;d;i;n;g;;;f;u;l;l;t;e;x;t;_;s;i;g;n;a;l
doi__10.3390_microorganisms11020427,weak_source,recover_or_stage_primary_pdf_then_build_material_packet,/mnt/d/work/抗菌肽/数据库/merged_amp_corpus/landed_assets/papers/doi__10.3390_microorganisms11020427,Nisin E Is a Novel Nisin Variant Produced by Multiple Streptococcus equinus Strains.,2023,Microorganisms.,10.3390/microorganisms11020427,36838392,PMC9958725,1,0,2,0,1,1,direct_pdf,l;o;c;a;l;_;x;m;l;;;l;o;c;a;l;_;p;a;c;k;a;g;e;;;l;o;c;a;l;_;s;u;p;p;l;e;m;e;n;t;a;r;y;;;o;p;e;n;a;l;e;x;_;p;d;f;;;o;p;e;n;a;l;e;x;_;l;a;n;d;i;n;g;;;f;u;l;l;t;e;x;t;_;s;i;g;n;a;l
doi__10.3390_molecules26195909,weak_source,recover_or_stage_primary_pdf_then_build_material_packet,/mnt/d/work/抗菌肽/数据库/merged_amp_corpus/landed_assets/papers/doi__10.3390_molecules26195909,Anti-Fungal Hevein-like Peptides Biosynthesized from Quinoa Cleavable Hololectins,2021,Molecules.,10.3390/molecules26195909,34641455,PMC8512870,1,0,2,0,1,1,direct_pdf,l;o;c;a;l;_;x;m;l;;;l;o;c;a;l;_;p;a;c;k;a;g;e;;;l;o;c;a;l;_;s;u;p;p;l;e;m;e;n;t;a;r;y;;;o;p;e;n;a;l;e;x;_;p;d;f;;;o;p;e;n;a;l;e;x;_;l;a;n;d;i;n;g;;;f;u;l;l;t;e;x;t;_;s;i;g;n;a;l
doi__10.3390_pharmaceutics16111445,weak_source,recover_or_stage_primary_pdf_then_build_material_packet,/mnt/d/work/抗菌肽/数据库/merged_amp_corpus/landed_assets/papers/doi__10.3390_pharmaceutics16111445,"Antibacterial Activity of AXOTL-13, a Novel Peptide Identified from the Transcriptome of the Salamander Ambystoma mexicanum.",2024,Pharmaceutics.,10.3390/pharmaceutics16111445,39598568,PMC11597150,1,0,2,0,1,1,direct_pdf,l;o;c;a;l;_;x;m;l;;;l;o;c;a;l;_;p;a;c;k;a;g;e;;;l;o;c;a;l;_;s;u;p;p;l;e;m;e;n;t;a;r;y;;;o;p;e;n;a;l;e;x;_;p;d;f;;;o;p;e;n;a;l;e;x;_;l;a;n;d;i;n;g;;;f;u;l;l;t;e;x;t;_;s;i;g;n;a;l
doi__10.3390_toxins10080320,weak_source,recover_or_stage_primary_pdf_then_build_material_packet,/mnt/d/work/抗菌肽/数据库/merged_amp_corpus/landed_assets/papers/doi__10.3390_toxins10080320,"Biological Activities of Cationicity-Enhanced and Hydrophobicity-Optimized Analogues of an Antimicrobial Peptide, Dermaseptin-PS3, from the Skin Secretion of Phyllomedusa sauvagii.",2018,Toxins (Basel).,10.3390/toxins10080320,30087268,PMC6115755,1,0,2,0,1,0,direct_pdf,l;o;c;a;l;_;x;m;l;;;l;o;c;a;l;_;p;a;c;k;a;g;e;;;l;o;c;a;l;_;s;u;p;p;l;e;m;e;n;t;a;r;y;;;o;p;e;n;a;l;e;x;_;p;d;f;;;o;p;e;n;a;l;e;x;_;l;a;n;d;i;n;g;;;f;u;l;l;t;e;x;t;_;s;i;g;n;a;l
doi__10.3390_vaccines10071105,weak_source,recover_or_stage_primary_pdf_then_build_material_packet,/mnt/d/work/抗菌肽/数据库/merged_amp_corpus/landed_assets/papers/doi__10.3390_vaccines10071105,Antimicrobial Activity of Cathelicidin-Derived Peptide from the Iberian Mole Talpa occidentalis,2022,Vaccines (Basel).,10.3390/vaccines10071105,35891269,PMC9323388,1,0,2,0,1,0,direct_pdf,c;r;o;s;s;r;e;f;_;i;d;e;n;t;i;f;i;e;r;;;f;u;l;l;t;e;x;t;_;s;i;g;n;a;l;;;l;o;c;a;l;_;p;a;c;k;a;g;e;;;l;o;c;a;l;_;s;u;p;p;l;e;m;e;n;t;a;r;y;;;l;o;c;a;l;_;x;m;l;;;o;p;e;n;a;l;e;x;_;l;a;n;d;i;n;g;;;o;p;e;n;a;l;e;x;_;p;d;f
doi__10.3858_emm.2008.40.4.370,weak_source,recover_or_stage_primary_xml_then_build_material_packet,/mnt/d/work/抗菌肽/数据库/merged_amp_corpus/landed_assets/papers/doi__10.3858_emm.2008.40.4.370,Structure-antimicrobial activity relationship between pleurocidin and its enantiomer.,2008,Exp Mol Med,10.3858/emm.2008.40.4.370,18779649,PMC2679270,0,3,0,3,0,10,direct_pdf,l;o;c;a;l;_;p;d;f;;;o;p;e;n;a;l;e;x;_;p;d;f;;;o;p;e;n;a;l;e;x;_;l;a;n;d;i;n;g;;;f;u;l;l;t;e;x;t;_;s;i;g;n;a;l
doi__10.3891_acta.chem.scand.25-2048,weak_source,recover_or_stage_primary_xml_then_build_material_packet,/mnt/d/work/抗菌肽/数据库/merged_amp_corpus/landed_assets/papers/doi__10.3891_acta.chem.scand.25-2048,"The disulfide bonds of viscotoxin A3 from the European mistletoe (Viscum album L., Loranthaceae).",1971,Acta Chem Scand,10.3891/acta.chem.scand.25-2048,4941626,,0,1,0,1,0,0,direct_pdf,o;p;e;n;a;l;e;x;_;p;d;f;;;o;p;e;n;a;l;e;x;_;l;a;n;d;i;n;g
doi__10.3892_etm.2016.3578,weak_source,recover_or_stage_primary_xml_then_build_material_packet,/mnt/d/work/抗菌肽/数据库/merged_amp_corpus/landed_assets/papers/doi__10.3892_etm.2016.3578,Recombinant expression and biological characterization of the antimicrobial peptide fowlicidin-2 in Pichia pastoris.,2016,Exp Ther Med,10.3892/etm.2016.3578,27698732,,0,2,0,2,0,9,direct_pdf,o;p;e;n;a;l;e;x;_;p;d;f;;;o;p;e;n;a;l;e;x;_;l;a;n;d;i;n;g
doi__10.3892_ijmm_00000311,weak_source,recover_or_stage_primary_xml_then_build_material_packet,/mnt/d/work/抗菌肽/数据库/merged_amp_corpus/landed_assets/papers/doi__10.3892_ijmm_00000311,Isolation of novel cell-penetrating peptides from a random peptide library using in vitro virus and their modifications.,2009,Int J Mol Med,10.3892/ijmm_00000311,19956900,,0,2,0,2,0,3,direct_pdf,o;p;e;n;a;l;e;x;_;p;d;f;;;o;p;e;n;a;l;e;x;_;l;a;n;d;i;n;g
doi__10.3892_or.2014.3644,weak_source,recover_or_stage_primary_xml_then_build_material_packet,/mnt/d/work/抗菌肽/数据库/merged_amp_corpus/landed_assets/papers/doi__10.3892_or.2014.3644,Efficacy of dual-functional liposomes containing paclitaxel for treatment of lung cancer.,2014,Oncol Rep,10.3892/or.2014.3644,25482610,,0,2,0,2,0,10,direct_pdf,o;p;e;n;a;l;e;x;_;p;d;f;;;o;p;e;n;a;l;e;x;_;l;a;n;d;i;n;g
doi__10.4014_jmb.1503.03091,metadata_only,attempt_external_primary_fulltext_then_inventory_existing_supplementary_assets,/mnt/d/work/抗菌肽/数据库/merged_amp_corpus/landed_assets/papers/doi__10.4014_jmb.1503.03091,"Anticancer activity of the antimicrobial peptide scolopendrasin VII derived from the centipede, Scolopendra subspinipes mutilans.",2015,J Microbiol Biotechnol.,10.4014/jmb.1503.03091,25907065,,0,0,0,0,0,3,direct_pdf,o;p;e;n;a;l;e;x;_;p;d;f;;;o;p;e;n;a;l;e;x;_;l;a;n;d;i;n;g
doi__10.4014_jmb.1609.09004,metadata_only,attempt_external_primary_fulltext_then_inventory_existing_supplementary_assets,/mnt/d/work/抗菌肽/数据库/merged_amp_corpus/landed_assets/papers/doi__10.4014_jmb.1609.09004,"Design, Characterization, and Antimicrobial Activity of a Novel Antimicrobial Peptide Derived from Bovine Lactophoricin.",2017,J Microbiol Biotechnol,10.4014/jmb.1609.09004,28104898,,0,0,0,0,0,2,landing_page,o;p;e;n;a;l;e;x;_;l;a;n;d;i;n;g
doi__10.4014_jmb.1711.11057,metadata_only,attempt_external_primary_fulltext_then_inventory_existing_supplementary_assets,/mnt/d/work/抗菌肽/数据库/merged_amp_corpus/landed_assets/papers/doi__10.4014_jmb.1711.11057,"Design and Engineering of Antimicrobial Peptides Based on LPcin-YK3, an Antimicrobial Peptide Derivative from Bovine Milk.",2018,J Microbiol Biotechnol,10.4014/jmb.1711.11057,29316742,,0,0,0,0,0,6,landing_page,o;p;e;n;a;l;e;x;_;l;a;n;d;i;n;g
doi__10.4014_jmb.1805.05001,metadata_only,attempt_external_primary_fulltext_then_inventory_existing_supplementary_assets,/mnt/d/work/抗菌肽/数据库/merged_amp_corpus/landed_assets/papers/doi__10.4014_jmb.1805.05001,Antimicrobial Activity of Antimicrobial Peptide LPcin-YK3 Derived from Bovine Lactophoricin.,2018,J Microbiol Biotechnol,10.4014/jmb.1805.05001,30021422,,0,0,0,0,0,3,direct_pdf,o;p;e;n;a;l;e;x;_;p;d;f;;;o;p;e;n;a;l;e;x;_;l;a;n;d;i;n;g
doi__10.4014_jmb.1809.09031,metadata_only,attempt_external_primary_fulltext_then_inventory_existing_supplementary_assets,/mnt/d/work/抗菌肽/数据库/merged_amp_corpus/landed_assets/papers/doi__10.4014_jmb.1809.09031,"Anti-Inflammatory Activity of Antimicrobial Peptide Allomyrinasin Derived From the Dynastid Beetle, Allomyrina dichotoma",2019,"J Microbiol Biotechnol 29 (5), 687-695",10.4014/jmb.1809.09031,30955257,,0,0,0,0,0,10,direct_pdf,o;p;e;n;a;l;e;x;_;p;d;f;;;o;p;e;n;a;l;e;x;_;l;a;n;d;i;n;g
doi__10.4172_2155-6113.s2-003,weak_source,recover_or_stage_primary_xml_then_build_material_packet,/mnt/d/work/抗菌肽/数据库/merged_amp_corpus/landed_assets/papers/doi__10.4172_2155-6113.s2-003,De Novo Design of Antiviral and Antibacterial Peptides with Varying Loop Structures,2012,J AIDS Clinic Res S2:003. doi:10.4172/2155-6113.S2-003. Wang HIV screen project,10.4172/2155-6113.s2-003,,,0,1,0,1,0,0,direct_pdf,o;p;e;n;a;l;e;x;_;p;d;f;;;o;p;e;n;a;l;e;x;_;l;a;n;d;i;n;g
doi__10.4172_2327-5073.1000291,weak_source,recover_or_stage_primary_xml_then_build_material_packet,/mnt/d/work/抗菌肽/数据库/merged_amp_corpus/landed_assets/papers/doi__10.4172_2327-5073.1000291,Peptide Antibiotics Developed by Mimicking Natural Antimicrobial Peptides,2017,Clin Microbiol,10.4172/2327-5073.1000291,,,0,1,0,1,0,0,direct_pdf,o;p;e;n;a;l;e;x;_;p;d;f;;;o;p;e;n;a;l;e;x;_;l;a;n;d;i;n;g;;;f;u;l;l;t;e;x;t;_;s;i;g;n;a;l;;;c;r;o;s;s;r;e;f;_;i;d;e;n;t;i;f;i;e;r
doi__10.5012_bkcs.2010.31.01.205,metadata_only,attempt_external_primary_fulltext_then_inventory_existing_supplementary_assets,/mnt/d/work/抗菌肽/数据库/merged_amp_corpus/landed_assets/papers/doi__10.5012_bkcs.2010.31.01.205,A Cytotoxic Lipopeptide from the Sponge-Derived Fungus Aspergillus versicolor,2010,Bull Korean Chem Soc,10.5012/bkcs.2010.31.01.205,,,0,0,0,0,0,3,direct_pdf,o;p;e;n;a;l;e;x;_;l;a;n;d;i;n;g;;;o;p;e;n;a;l;e;x;_;p;d;f
doi__10.5012_bkcs.2011.32.10.3817,metadata_only,attempt_external_primary_fulltext_then_inventory_existing_supplementary_assets,/mnt/d/work/抗菌肽/数据库/merged_amp_corpus/landed_assets/papers/doi__10.5012_bkcs.2011.32.10.3817,A Cytotoxic Fellutamide Analogue from the Sponge-Derived Fungus Aspergillus versicolor,2011,Bull Korean Chem Soc,10.5012/bkcs.2011.32.10.3817,,,0,0,0,0,0,3,direct_pdf,c;r;o;s;s;r;e;f;_;i;d;e;n;t;i;f;i;e;r;;;o;p;e;n;a;l;e;x;_;l;a;n;d;i;n;g;;;o;p;e;n;a;l;e;x;_;p;d;f
doi__10.5012_bkcs.2013.34.3.963,metadata_only,attempt_external_primary_fulltext_then_inventory_existing_supplementary_assets,/mnt/d/work/抗菌肽/数据库/merged_amp_corpus/landed_assets/papers/doi__10.5012_bkcs.2013.34.3.963,Cell Selectivity and Anti-inflammatory Activity of a Novel Tritrpticin Analog Containing Homo-tryptophan Peptoid Residues.,2013,Bull Korean Chem Soc,10.5012/bkcs.2013.34.3.963,,,0,0,0,0,0,1,direct_pdf,c;r;o;s;s;r;e;f;_;i;d;e;n;t;i;f;i;e;r;;;f;u;l;l;t;e;x;t;_;s;i;g;n;a;l;;;o;p;e;n;a;l;e;x;_;l;a;n;d;i;n;g;;;o;p;e;n;a;l;e;x;_;p;d;f
doi__10.5012_bkcs.2013.34.7.2187,metadata_only,attempt_external_primary_fulltext_then_inventory_existing_supplementary_assets,/mnt/d/work/抗菌肽/数据库/merged_amp_corpus/landed_assets/papers/doi__10.5012_bkcs.2013.34.7.2187,"Prokaryotic Selectivity, Bactericidal Mechanism and LPS-neutralizing Activity of Lys-linked Dimeric Peptide of Indolicidin C-terminal Hexapeptide",2013,Bull Korean Chem Soc,10.5012/bkcs.2013.34.7.2187,,,0,0,0,0,0,1,direct_pdf,c;r;o;s;s;r;e;f;_;i;d;e;n;t;i;f;i;e;r;;;f;u;l;l;t;e;x;t;_;s;i;g;n;a;l;;;o;p;e;n;a;l;e;x;_;l;a;n;d;i;n;g;;;o;p;e;n;a;l;e;x;_;p;d;f
doi__10.5012_bkcs.2014.35.9.2818,metadata_only,attempt_external_primary_fulltext_then_inventory_existing_supplementary_assets,/mnt/d/work/抗菌肽/数据库/merged_amp_corpus/landed_assets/papers/doi__10.5012_bkcs.2014.35.9.2818,Enhancement of Antibacterial Activity of Short Tryptophan-rich Antimicrobial Peptide Pac-525 by Replacing Trp with His(chx),2014,Bull Korean Chem Soc,10.5012/bkcs.2014.35.9.2818,,,0,0,0,0,0,1,direct_pdf,c;r;o;s;s;r;e;f;_;i;d;e;n;t;i;f;i;e;r;;;f;u;l;l;t;e;x;t;_;s;i;g;n;a;l;;;o;p;e;n;a;l;e;x;_;l;a;n;d;i;n;g;;;o;p;e;n;a;l;e;x;_;p;d;f
doi__10.5483_bmbrep.2002.35.3.291,weak_source,recover_or_stage_primary_xml_then_build_material_packet,/mnt/d/work/抗菌肽/数据库/merged_amp_corpus/landed_assets/papers/doi__10.5483_bmbrep.2002.35.3.291,"Role of amino acid residues within the disulfide loop of thanatin, a potent antibiotic peptide.",2002,J Biochem Mol Biol.,10.5483/bmbrep.2002.35.3.291,12297012,,0,1,0,1,0,1,direct_pdf,l;o;c;a;l;_;p;d;f;;;o;p;e;n;a;l;e;x;_;p;d;f;;;o;p;e;n;a;l;e;x;_;l;a;n;d;i;n;g
doi__10.5483_bmbrep.2003.36.6.603,weak_source,recover_or_stage_primary_xml_then_build_material_packet,/mnt/d/work/抗菌肽/数据库/merged_amp_corpus/landed_assets/papers/doi__10.5483_bmbrep.2003.36.6.603,Resistance function of rice lipid transfer protein LTP110,2003,J Biochem Mol Biol.,10.5483/bmbrep.2003.36.6.603,14659081,,0,1,0,1,0,7,direct_pdf,l;o;c;a;l;_;p;d;f;;;o;p;e;n;a;l;e;x;_;p;d;f;;;o;p;e;n;a;l;e;x;_;l;a;n;d;i;n;g
doi__10.5483_bmbrep.2007.40.6.1090,metadata_only,attempt_external_primary_fulltext_then_inventory_existing_supplementary_assets,/mnt/d/work/抗菌肽/数据库/merged_amp_corpus/landed_assets/papers/doi__10.5483_bmbrep.2007.40.6.1090,Cell selectivity of an antimicrobial peptide melittin diastereomer with D-amino acid in the leucine zipper sequence.,2007,J Biochem Mol Biol,10.5483/bmbrep.2007.40.6.1090,18047808,,0,0,0,0,0,2,direct_pdf,o;p;e;n;a;l;e;x;_;l;a;n;d;i;n;g;;;o;p;e;n;a;l;e;x;_;p;d;f
doi__10.5603_fhc.a2014.0035,weak_source,recover_or_stage_primary_xml_then_build_material_packet,/mnt/d/work/抗菌肽/数据库/merged_amp_corpus/landed_assets/papers/doi__10.5603_fhc.a2014.0035,Protein and siRNA delivery by transportan and transportan 10 into colorectal cancer cell lines.,2014,Folia Histochem Cytobiol,10.5603/fhc.a2014.0035,25511292,,0,2,0,2,0,4,direct_pdf,o;p;e;n;a;l;e;x;_;p;d;f;;;o;p;e;n;a;l;e;x;_;l;a;n;d;i;n;g
doi__10.5772_25209,weak_source,recover_or_stage_primary_xml_then_build_material_packet,/mnt/d/work/抗菌肽/数据库/merged_amp_corpus/landed_assets/papers/doi__10.5772_25209,Effects of Two Novel Peptides from Skin of Lithobates Catesbeianus on Tumor Cell Morphology and Proliferation,2011,Molecular Cloning – Selected Applications in Medicine and Biology,10.5772/25209,,,0,1,0,1,0,1,direct_pdf,o;p;e;n;a;l;e;x;_;p;d;f;;;o;p;e;n;a;l;e;x;_;l;a;n;d;i;n;g
doi__10.5812_ijpr-141920,metadata_only,attempt_external_primary_fulltext_then_inventory_existing_supplementary_assets,/mnt/d/work/抗菌肽/数据库/merged_amp_corpus/landed_assets/papers/doi__10.5812_ijpr-141920,Design and Evaluation of a Novel Anti-microbial Peptide from Cathelicidin-2: Selectively Active Against Acinetobacter baumannii,2023,Iran J Pharm Res,10.5812/ijpr-141920,,,0,0,0,0,0,5,direct_pdf,c;r;o;s;s;r;e;f;_;i;d;e;n;t;i;f;i;e;r;;;f;u;l;l;t;e;x;t;_;s;i;g;n;a;l;;;o;p;e;n;a;l;e;x;_;l;a;n;d;i;n;g;;;o;p;e;n;a;l;e;x;_;p;d;f
doi__10.5897_ajpp10.384,weak_source,recover_or_stage_primary_xml_then_build_material_packet,/mnt/d/work/抗菌肽/数据库/merged_amp_corpus/landed_assets/papers/doi__10.5897_ajpp10.384,"Synthesis, characterization and biological evaluation of cyclomontanin D",2011,AJPP,10.5897/ajpp10.384,,,0,2,0,2,0,2,direct_pdf,o;p;e;n;a;l;e;x;_;p;d;f;;;o;p;e;n;a;l;e;x;_;l;a;n;d;i;n;g;;;f;u;l;l;t;e;x;t;_;s;i;g;n;a;l;;;c;r;o;s;s;r;e;f;_;i;d;e;n;t;i;f;i;e;r
doi__10.5897_jcreo2013.0102,weak_source,recover_or_stage_primary_xml_then_build_material_packet,/mnt/d/work/抗菌肽/数据库/merged_amp_corpus/landed_assets/papers/doi__10.5897_jcreo2013.0102,"Solid-phase total synthesis of cyclic pentapeptide Longicalycinin A, by using 2-chlorotrityl chloride resin",2013,J Cancer Res Exp Oncol,10.5897/jcreo2013.0102,,,0,2,0,2,0,3,direct_pdf,o;p;e;n;a;l;e;x;_;p;d;f;;;o;p;e;n;a;l;e;x;_;l;a;n;d;i;n;g;;;f;u;l;l;t;e;x;t;_;s;i;g;n;a;l;;;c;r;o;s;s;r;e;f;_;i;d;e;n;t;i;f;i;e;r
doi__10.5943_mycosphere_8_1_10,weak_source,recover_or_stage_primary_xml_then_build_material_packet,/mnt/d/work/抗菌肽/数据库/merged_amp_corpus/landed_assets/papers/doi__10.5943_mycosphere_8_1_10,"Trypanocidal activity, cytotoxicity and histone modifications induced by malformin A1 isolated from the marine-derived fungus Aspergillus tubingensis IFM 63452",2017,Mycosphere,10.5943/mycosphere/8/1/10,,,0,2,0,2,0,0,direct_pdf,o;p;e;n;a;l;e;x;_;p;d;f;;;o;p;e;n;a;l;e;x;_;l;a;n;d;i;n;g;;;f;u;l;l;t;e;x;t;_;s;i;g;n;a;l;;;c;r;o;s;s;r;e;f;_;i;d;e;n;t;i;f;i;e;r
doi__10.7164_antibiotics.29.366,weak_source,recover_or_stage_primary_xml_then_build_material_packet,/mnt/d/work/抗菌肽/数据库/merged_amp_corpus/landed_assets/papers/doi__10.7164_antibiotics.29.366,"Structural studies on thiocillins I, II and III (studies on antibiotics from the genus Bacillus XXIX).",1976,J Antibiot (Tokyo),10.7164/antibiotics.29.366,819410,,0,2,0,2,0,10,direct_pdf,o;p;e;n;a;l;e;x;_;p;d;f;;;o;p;e;n;a;l;e;x;_;l;a;n;d;i;n;g
doi__10.7164_antibiotics.30.917,weak_source,recover_or_stage_primary_xml_then_build_material_packet,/mnt/d/work/抗菌肽/数据库/merged_amp_corpus/landed_assets/papers/doi__10.7164_antibiotics.30.917,"Nocardicin A, a new monocyclic beta-lactam antibiotic III. In vitro evaluation.",1977,J Antibiot (Tokyo),10.7164/antibiotics.30.917,412823,,0,2,0,2,0,10,direct_pdf,o;p;e;n;a;l;e;x;_;p;d;f;;;o;p;e;n;a;l;e;x;_;l;a;n;d;i;n;g;;;n;c;b;i;_;d;o;i
doi__10.7164_antibiotics.32.828,weak_source,recover_or_stage_primary_xml_then_build_material_packet,/mnt/d/work/抗菌肽/数据库/merged_amp_corpus/landed_assets/papers/doi__10.7164_antibiotics.32.828,"Antifungal activity upon Saccharomyces cerevisiae of iturin A, mycosubtilin, bacillomycin L and of their derivatives; inhibition of this antifungal activity by lipid antagonists.",1979,J Antibiot (Tokyo),10.7164/antibiotics.32.828,387691,,0,2,0,2,0,10,direct_pdf,o;p;e;n;a;l;e;x;_;p;d;f;;;o;p;e;n;a;l;e;x;_;l;a;n;d;i;n;g
doi__10.7164_antibiotics.34.1126,weak_source,recover_or_stage_primary_xml_then_build_material_packet,/mnt/d/work/抗菌肽/数据库/merged_amp_corpus/landed_assets/papers/doi__10.7164_antibiotics.34.1126,"Isolation of three new antibiotics, thiocillins I, II and III, related to micrococcin P. Studies on antibiotics from the genus Bacillus. VIII.",1981,J Antibiot (Tokyo),10.7164/antibiotics.34.1126,7328054,,0,2,0,2,0,10,direct_pdf,o;p;e;n;a;l;e;x;_;p;d;f;;;o;p;e;n;a;l;e;x;_;l;a;n;d;i;n;g
doi__10.7164_antibiotics.39.888,weak_source,recover_or_stage_primary_xml_then_build_material_packet,/mnt/d/work/抗菌肽/数据库/merged_amp_corpus/landed_assets/papers/doi__10.7164_antibiotics.39.888,Fengycin--a novel antifungal lipopeptide antibiotic produced by Bacillus subtilis F-29-3.,1986,J Antibiot (Tokyo),10.7164/antibiotics.39.888,3093430,,0,2,0,2,0,10,direct_pdf,o;p;e;n;a;l;e;x;_;p;d;f;;;o;p;e;n;a;l;e;x;_;l;a;n;d;i;n;g
doi__10.7164_antibiotics.40.437,weak_source,recover_or_stage_primary_xml_then_build_material_packet,/mnt/d/work/抗菌肽/数据库/merged_amp_corpus/landed_assets/papers/doi__10.7164_antibiotics.40.437,Isolation and characterization of new iturins: iturin D and iturin E.,1987,J Antibiot (Tokyo),10.7164/antibiotics.40.437,3583913,,0,2,0,2,0,10,direct_pdf,o;p;e;n;a;l;e;x;_;p;d;f;;;o;p;e;n;a;l;e;x;_;l;a;n;d;i;n;g
doi__10.7164_antibiotics.42.837,weak_source,recover_or_stage_primary_xml_then_build_material_packet,/mnt/d/work/抗菌肽/数据库/merged_amp_corpus/landed_assets/papers/doi__10.7164_antibiotics.42.837,"Lanthiopeptin, a new peptide antibiotic. Production, isolation and properties of lanthiopeptin.",1989,J Antibiot (Tokyo),10.7164/antibiotics.42.837,2544544,,0,2,0,2,0,10,direct_pdf,o;p;e;n;a;l;e;x;_;p;d;f;;;o;p;e;n;a;l;e;x;_;l;a;n;d;i;n;g
doi__10.7164_antibiotics.43.1082,weak_source,recover_or_stage_primary_xml_then_build_material_packet,/mnt/d/work/抗菌肽/数据库/merged_amp_corpus/landed_assets/papers/doi__10.7164_antibiotics.43.1082,"Sequence determination of actagardine, a novel lantibiotic, by homonuclear 2D NMR spectroscopy.",1990,J Antibiot (Tokyo),10.7164/antibiotics.43.1082,2211371,,0,2,0,2,0,10,direct_pdf,o;p;e;n;a;l;e;x;_;p;d;f;;;o;p;e;n;a;l;e;x;_;l;a;n;d;i;n;g
doi__10.7164_antibiotics.43.1403,weak_source,recover_or_stage_primary_xml_then_build_material_packet,/mnt/d/work/抗菌肽/数据库/merged_amp_corpus/landed_assets/papers/doi__10.7164_antibiotics.43.1403,"Duramycins B and C, two new lanthionine containing antibiotics as inhibitors of phospholipase A2. Structural revision of duramycin and cinnamycin",1990,J Antibiot (Tokyo).,10.7164/antibiotics.43.1403,2125590,,0,2,0,2,0,10,direct_pdf,f;u;l;l;t;e;x;t;_;s;i;g;n;a;l;;;n;c;b;i;_;d;o;i;;;o;p;e;n;a;l;e;x;_;l;a;n;d;i;n;g;;;o;p;e;n;a;l;e;x;_;p;d;f
doi__10.7164_antibiotics.43.1421,weak_source,recover_or_stage_primary_xml_then_build_material_packet,/mnt/d/work/抗菌肽/数据库/merged_amp_corpus/landed_assets/papers/doi__10.7164_antibiotics.43.1421,The structure of PA48009: the revised structure of duramycin.,1990,J Antibiot (Tokyo),10.7164/antibiotics.43.1421,2272918,,0,1,0,1,0,10,landing_page,o;p;e;n;a;l;e;x;_;l;a;n;d;i;n;g
doi__10.7164_antibiotics.43.267,weak_source,recover_or_stage_primary_xml_then_build_material_packet,/mnt/d/work/抗菌肽/数据库/merged_amp_corpus/landed_assets/papers/doi__10.7164_antibiotics.43.267,"Pumilacidin, a complex of new antiviral antibiotics. Production, isolation, chemical properties, structure and biological activity.",1990,J Antibiot (Tokyo),10.7164/antibiotics.43.267,2157695,,0,2,0,2,0,10,direct_pdf,o;p;e;n;a;l;e;x;_;p;d;f;;;o;p;e;n;a;l;e;x;_;l;a;n;d;i;n;g
doi__10.7164_antibiotics.43.616,weak_source,recover_or_stage_primary_xml_then_build_material_packet,/mnt/d/work/抗菌肽/数据库/merged_amp_corpus/landed_assets/papers/doi__10.7164_antibiotics.43.616,A54145 a new lipopeptide antibiotic complex: microbiological evaluation.,1990,J Antibiot (Tokyo),10.7164/antibiotics.43.616,2380110,,0,2,0,2,0,10,direct_pdf,o;p;e;n;a;l;e;x;_;p;d;f;;;o;p;e;n;a;l;e;x;_;l;a;n;d;i;n;g
doi__10.7164_antibiotics.44.693,weak_source,recover_or_stage_primary_xml_then_build_material_packet,/mnt/d/work/抗菌肽/数据库/merged_amp_corpus/landed_assets/papers/doi__10.7164_antibiotics.44.693,a novel inhibitor of bacterial protein synthesis. I. Isolation and characterization.,1991,J Antibiot (Tokyo),10.7164/antibiotics.44.693,1908853,,0,3,0,3,0,10,direct_pdf,l;o;c;a;l;_;p;d;f;;;o;p;e;n;a;l;e;x;_;p;d;f;;;o;p;e;n;a;l;e;x;_;l;a;n;d;i;n;g
doi__10.7164_antibiotics.45.832,weak_source,recover_or_stage_primary_xml_then_build_material_packet,/mnt/d/work/抗菌肽/数据库/merged_amp_corpus/landed_assets/papers/doi__10.7164_antibiotics.45.832,"Mersacidin, a new antibiotic from Bacillus. Fermentation, isolation, purification and chemical characterization.",1992,J Antibiot (Tokyo),10.7164/antibiotics.45.832,1500347,,0,2,0,2,0,10,direct_pdf,o;p;e;n;a;l;e;x;_;p;d;f;;;o;p;e;n;a;l;e;x;_;l;a;n;d;i;n;g
doi__10.7164_antibiotics.46.1666,weak_source,recover_or_stage_primary_xml_then_build_material_packet,/mnt/d/work/抗菌肽/数据库/merged_amp_corpus/landed_assets/papers/doi__10.7164_antibiotics.46.1666,"A new antibiotic, cypemycin. Taxonomy, fermentation, isolation and biological characteristics.",1993,J Antibiot (Tokyo),10.7164/antibiotics.46.1666,7802859,,0,3,0,3,0,10,direct_pdf,l;o;c;a;l;_;p;d;f;;;o;p;e;n;a;l;e;x;_;p;d;f;;;o;p;e;n;a;l;e;x;_;l;a;n;d;i;n;g
doi__10.7164_antibiotics.46.1756,weak_source,recover_or_stage_primary_xml_then_build_material_packet,/mnt/d/work/抗菌肽/数据库/merged_amp_corpus/landed_assets/papers/doi__10.7164_antibiotics.46.1756,"Isolation of RP 71955, a new anti-HIV-1 peptide secondary metabolite.",1993,J Antibiot (Tokyo),10.7164/antibiotics.46.1756,8270499,,0,2,0,2,0,10,direct_pdf,o;p;e;n;a;l;e;x;_;p;d;f;;;o;p;e;n;a;l;e;x;_;l;a;n;d;i;n;g
doi__10.7164_antibiotics.47.1153,weak_source,recover_or_stage_primary_xml_then_build_material_packet,/mnt/d/work/抗菌肽/数据库/merged_amp_corpus/landed_assets/papers/doi__10.7164_antibiotics.47.1153,"Novel antibiotics, amythiamicins. III. Structure elucidations of amythiamicins A, B and C.",1994,J Antibiot (Tokyo),10.7164/antibiotics.47.1153,7961166,,0,3,0,3,0,10,direct_pdf,l;o;c;a;l;_;p;d;f;;;o;p;e;n;a;l;e;x;_;p;d;f;;;o;p;e;n;a;l;e;x;_;l;a;n;d;i;n;g
doi__10.7164_antibiotics.47.301,weak_source,recover_or_stage_primary_xml_then_build_material_packet,/mnt/d/work/抗菌肽/数据库/merged_amp_corpus/landed_assets/papers/doi__10.7164_antibiotics.47.301,"FR901228, a novel antitumor bicyclic depsipeptide produced by Chromobacterium violaceum No. 968. I. Taxonomy, fermentation, isolation, physico-chemical and biological properties, and antitumor activity.",1994,J Antibiot (Tokyo),10.7164/antibiotics.47.301,7513682,,0,2,0,2,0,10,direct_pdf,o;p;e;n;a;l;e;x;_;p;d;f;;;o;p;e;n;a;l;e;x;_;l;a;n;d;i;n;g
doi__10.7164_antibiotics.47.668,weak_source,recover_or_stage_primary_xml_then_build_material_packet,/mnt/d/work/抗菌肽/数据库/merged_amp_corpus/landed_assets/papers/doi__10.7164_antibiotics.47.668,"Novel antibiotics, amythiamicins. I. Taxonomy, fermentation, isolation, physico-chemical properties, and antimicrobial activity.",1994,J Antibiot (Tokyo),10.7164/antibiotics.47.668,8040071,,0,2,0,2,0,10,direct_pdf,o;p;e;n;a;l;e;x;_;p;d;f;;;o;p;e;n;a;l;e;x;_;l;a;n;d;i;n;g
doi__10.7164_antibiotics.48.1515,weak_source,recover_or_stage_primary_xml_then_build_material_packet,/mnt/d/work/抗菌肽/数据库/merged_amp_corpus/landed_assets/papers/doi__10.7164_antibiotics.48.1515,II. Sequence analysis and structure determination of siamycin I.,1995,J Antibiot (Tokyo),10.7164/antibiotics.48.1515,8557614,,0,2,0,2,0,10,direct_pdf,o;p;e;n;a;l;e;x;_;p;d;f;;;o;p;e;n;a;l;e;x;_;l;a;n;d;i;n;g
doi__10.7164_antibiotics.48.233,weak_source,recover_or_stage_primary_xml_then_build_material_packet,/mnt/d/work/抗菌肽/数据库/merged_amp_corpus/landed_assets/papers/doi__10.7164_antibiotics.48.233,Total structures and antimicrobial activity of bacitracin minor components.,1995,J Antibiot (Tokyo),10.7164/antibiotics.48.233,7730158,,0,2,0,2,0,10,direct_pdf,o;p;e;n;a;l;e;x;_;p;d;f;;;o;p;e;n;a;l;e;x;_;l;a;n;d;i;n;g
doi__10.7164_antibiotics.48.433,weak_source,recover_or_stage_primary_xml_then_build_material_packet,/mnt/d/work/抗菌肽/数据库/merged_amp_corpus/landed_assets/papers/doi__10.7164_antibiotics.48.433,"Siamycins I and II, new anti-HIV peptides: I. Fermentation, isolation, biological activity and initial characterization.",1995,J Antibiot (Tokyo),10.7164/antibiotics.48.433,7797448,,0,2,0,2,0,10,direct_pdf,o;p;e;n;a;l;e;x;_;p;d;f;;;o;p;e;n;a;l;e;x;_;l;a;n;d;i;n;g
doi__10.7164_antibiotics.49.129,weak_source,recover_or_stage_primary_xml_then_build_material_packet,/mnt/d/work/抗菌肽/数据库/merged_amp_corpus/landed_assets/papers/doi__10.7164_antibiotics.49.129,"Fusaricidin A, a new depsipeptide antibiotic produced by Bacillus polymyxa KT-8. Taxonomy, fermentation, isolation, structure elucidation and biological activity",1996,J Antibiot (Tokyo).,10.7164/antibiotics.49.129,8621351,,0,2,0,2,0,10,direct_pdf,o;p;e;n;a;l;e;x;_;p;d;f;;;o;p;e;n;a;l;e;x;_;l;a;n;d;i;n;g
doi__10.7164_antibiotics.50.220,weak_source,recover_or_stage_primary_xml_then_build_material_packet,/mnt/d/work/抗菌肽/数据库/merged_amp_corpus/landed_assets/papers/doi__10.7164_antibiotics.50.220,"Fusaricidins B, C and D, new depsipeptide antibiotics produced by Bacillus polymyxa KT-8: isolation, structure elucidation and biological activity.",1997,J Antibiot (Tokyo).,10.7164/antibiotics.50.220,9127193,,0,2,0,2,0,10,direct_pdf,o;p;e;n;a;l;e;x;_;p;d;f;;;o;p;e;n;a;l;e;x;_;l;a;n;d;i;n;g
doi__10.7164_antibiotics.50.373,weak_source,recover_or_stage_primary_xml_then_build_material_packet,/mnt/d/work/抗菌肽/数据库/merged_amp_corpus/landed_assets/papers/doi__10.7164_antibiotics.50.373,"Propeptin, a new inhibitor of prolyl endopeptidase produced by Microbispora. I. Fermentation, isolation and biological properties",1997,J Antibiot (Tokyo).,10.7164/antibiotics.50.373,9207905,,0,2,0,2,0,10,direct_pdf,o;p;e;n;a;l;e;x;_;p;d;f;;;o;p;e;n;a;l;e;x;_;l;a;n;d;i;n;g
doi__10.7164_antibiotics.52.374,weak_source,recover_or_stage_primary_xml_then_build_material_packet,/mnt/d/work/抗菌肽/数据库/merged_amp_corpus/landed_assets/papers/doi__10.7164_antibiotics.52.374,"Feglymycin, a novel inhibitor of the replication of the human immunodeficiency virus. Fermentation, isolation and structure elucidation.",1999,J Antibiot (Tokyo),10.7164/antibiotics.52.374,10395273,,0,2,0,2,0,10,direct_pdf,o;p;e;n;a;l;e;x;_;p;d;f;;;o;p;e;n;a;l;e;x;_;l;a;n;d;i;n;g
doi__10.7164_antibiotics.52.695,weak_source,recover_or_stage_primary_xml_then_build_material_packet,/mnt/d/work/抗菌肽/数据库/merged_amp_corpus/landed_assets/papers/doi__10.7164_antibiotics.52.695,"Rhodopeptins (Mer-N1033), novel cyclic tetrapeptides with antifungal activity from Rhodococcus sp. I. Taxonomy, fermentation, isolation, physico-chemical properties and biological activities.",1999,J Antibiot (Tokyo),10.7164/antibiotics.52.695,10580382,,0,1,0,1,0,10,landing_page,o;p;e;n;a;l;e;x;_;l;a;n;d;i;n;g
doi__10.7164_antibiotics.52.730,weak_source,recover_or_stage_primary_xml_then_build_material_packet,/mnt/d/work/抗菌肽/数据库/merged_amp_corpus/landed_assets/papers/doi__10.7164_antibiotics.52.730,"Ala(0)-actagardine, a new lantibiotic from cultures of Actinoplanes liguriae ATCC 31048.",1999,J Antibiot (Tokyo).,10.7164/antibiotics.52.730,10580386,,0,3,0,3,0,10,direct_pdf,l;o;c;a;l;_;p;d;f;;;o;p;e;n;a;l;e;x;_;p;d;f;;;o;p;e;n;a;l;e;x;_;l;a;n;d;i;n;g
doi__10.7164_antibiotics.52.998,weak_source,recover_or_stage_primary_xml_then_build_material_packet,/mnt/d/work/抗菌肽/数据库/merged_amp_corpus/landed_assets/papers/doi__10.7164_antibiotics.52.998,"Tylopeptins A and B, new antibiotic peptides from Tylopilus neofelleus.",1999,J Antibiot (Tokyo),10.7164/antibiotics.52.998,10656572,,0,2,0,2,0,10,direct_pdf,o;p;e;n;a;l;e;x;_;p;d;f;;;o;p;e;n;a;l;e;x;_;l;a;n;d;i;n;g
doi__10.7164_antibiotics.53.728,weak_source,recover_or_stage_primary_xml_then_build_material_packet,/mnt/d/work/抗菌肽/数据库/merged_amp_corpus/landed_assets/papers/doi__10.7164_antibiotics.53.728,"Heptaibin, a novel antifungal peptaibol antibiotic from Emericellopsis sp. BAUA8289.",2000,J Antibiot (Tokyo),10.7164/antibiotics.53.728,10994817,,0,2,0,2,0,10,direct_pdf,o;p;e;n;a;l;e;x;_;p;d;f;;;o;p;e;n;a;l;e;x;_;l;a;n;d;i;n;g
doi__10.7164_antibiotics.54.1036,weak_source,recover_or_stage_primary_xml_then_build_material_packet,/mnt/d/work/抗菌肽/数据库/merged_amp_corpus/landed_assets/papers/doi__10.7164_antibiotics.54.1036,"Goadsporin, a chemical substance which promotes secondary metabolism and morphogenesis in streptomycetes. I. Purification and characterization.",2001,J Antibiot (Tokyo),10.7164/antibiotics.54.1036,11858658,,0,2,0,2,0,10,direct_pdf,o;p;e;n;a;l;e;x;_;p;d;f;;;o;p;e;n;a;l;e;x;_;l;a;n;d;i;n;g
doi__10.7164_antibiotics.54.1054,weak_source,recover_or_stage_primary_xml_then_build_material_packet,/mnt/d/work/抗菌肽/数据库/merged_amp_corpus/landed_assets/papers/doi__10.7164_antibiotics.54.1054,"Tripropeptins, novel antimicrobial agents produced by Lysobacter sp. I. Taxonomy, isolation and biological activities.",2001,J Antibiot (Tokyo),10.7164/antibiotics.54.1054,11858660,,0,2,0,2,0,10,direct_pdf,o;p;e;n;a;l;e;x;_;p;d;f;;;o;p;e;n;a;l;e;x;_;l;a;n;d;i;n;g
doi__10.7164_antibiotics.54.220,weak_source,recover_or_stage_primary_xml_then_build_material_packet,/mnt/d/work/抗菌肽/数据库/merged_amp_corpus/landed_assets/papers/doi__10.7164_antibiotics.54.220,"Cephaibols, new peptaibol antibiotics with anthelmintic properties from Acremonium tubakii DSM 12774.",2001,J Antibiot (Tokyo),10.7164/antibiotics.54.220,11372779,,0,2,0,2,0,10,direct_pdf,o;p;e;n;a;l;e;x;_;p;d;f;;;o;p;e;n;a;l;e;x;_;l;a;n;d;i;n;g
doi__10.7164_antibiotics.55.565,weak_source,recover_or_stage_primary_xml_then_build_material_packet,/mnt/d/work/抗菌肽/数据库/merged_amp_corpus/landed_assets/papers/doi__10.7164_antibiotics.55.565,"Arylomycins A and B, new biaryl-bridged lipopeptide antibiotics produced by Streptomyces sp. Tü 6075. I. Taxonomy, fermentation, isolation and biological activities.",2002,J Antibiot (Tokyo),10.7164/antibiotics.55.565,12195962,,0,1,0,1,0,10,landing_page,o;p;e;n;a;l;e;x;_;l;a;n;d;i;n;g
doi__10.7324_japs.2016.60211,weak_source,recover_or_stage_primary_xml_then_build_material_packet,/mnt/d/work/抗菌肽/数据库/merged_amp_corpus/landed_assets/papers/doi__10.7324_japs.2016.60211,Hepcidin TH1-5 Induces Apoptosis and Activate Caspase-9 in MCF-7 Cells,2016,,10.7324/japs.2016.60211,,,0,2,0,2,0,5,direct_pdf,o;p;e;n;a;l;e;x;_;p;d;f;;;o;p;e;n;a;l;e;x;_;l;a;n;d;i;n;g
doi__10.7324_japs.2018.8204,weak_source,recover_or_stage_primary_xml_then_build_material_packet,/mnt/d/work/抗菌肽/数据库/merged_amp_corpus/landed_assets/papers/doi__10.7324_japs.2018.8204,"M-Brucin, an antibacterial peptide against Staphylococcus epidermidis and Streptococcus pyogenes",2018,J Appl Pharm Sci,10.7324/japs.2018.8204,,,0,2,0,2,0,4,direct_pdf,o;p;e;n;a;l;e;x;_;p;d;f;;;o;p;e;n;a;l;e;x;_;l;a;n;d;i;n;g;;;f;u;l;l;t;e;x;t;_;s;i;g;n;a;l;;;c;r;o;s;s;r;e;f;_;i;d;e;n;t;i;f;i;e;r
doi__10.7717_peerj.1987,weak_source,recover_or_stage_primary_pdf_then_build_material_packet,/mnt/d/work/抗菌肽/数据库/merged_amp_corpus/landed_assets/papers/doi__10.7717_peerj.1987,Mode of action and membrane specificity of the antimicrobial peptide snakin-2.,2016,PeerJ,10.7717/peerj.1987,27190708,,1,0,1,0,0,9,fulltext_or_xml,l;o;c;a;l;_;x;m;l;;;o;p;e;n;a;l;e;x;_;l;a;n;d;i;n;g
doi__10.7748_ns.5.46.34.s40,metadata_only,attempt_external_primary_fulltext_then_inventory_existing_supplementary_assets,/mnt/d/work/抗菌肽/数据库/merged_amp_corpus/landed_assets/papers/doi__10.7748_ns.5.46.34.s40,The Belongs to the class IId bacteriocin thuricin-17 increases plant growth.,1991,Planta,10.7748/ns.5.46.34.s40,1908301,,0,0,0,0,0,1,landing_page,o;p;e;n;a;l;e;x;_;l;a;n;d;i;n;g
pmcid__PMC4443144,metadata_only,attempt_external_primary_fulltext_then_inventory_existing_supplementary_assets,/mnt/d/work/抗菌肽/数据库/merged_amp_corpus/landed_assets/papers/pmcid__PMC4443144,Novel cyclotides from Hedyotis diffusa induce apoptosis and inhibit proliferation and migration of prostate cancer cells,2015,Int J Clin Exp Med.,,26064310,PMC4443144,0,0,0,0,0,8,fulltext_or_xml,o;p;e;n;a;l;e;x;_;l;a;n;d;i;n;g;;;f;u;l;l;t;e;x;t;_;s;i;g;n;a;l
pmid__11118031,metadata_only,attempt_external_primary_fulltext_then_inventory_existing_supplementary_assets,/mnt/d/work/抗菌肽/数据库/merged_amp_corpus/landed_assets/papers/pmid__11118031,Isolation of a peptide for targeted drug delivery into human head and neck solid tumors.,2000,Cancer Res,,11118031,,0,0,0,0,0,10,landing_page,o;p;e;n;a;l;e;x;_;l;a;n;d;i;n;g
pmid__1152799,metadata_only,attempt_external_primary_fulltext_then_inventory_existing_supplementary_assets,/mnt/d/work/抗菌肽/数据库/merged_amp_corpus/landed_assets/papers/pmid__1152799,Circular minidefensins and posttranslational generation of molecular diversity.,1975,J Leukoc Biol,,1152799,,0,0,0,0,0,8,landing_page,o;p;e;n;a;l;e;x;_;l;a;n;d;i;n;g
pmid__12005415,metadata_only,attempt_external_primary_fulltext_then_inventory_existing_supplementary_assets,/mnt/d/work/抗菌肽/数据库/merged_amp_corpus/landed_assets/papers/pmid__12005415,"Clavaspirin, an antibacterial and haemolytic peptide from Styela clava.",2001,J Pept Res,,12005415,,0,0,0,0,0,7,landing_page,o;p;e;n;a;l;e;x;_;l;a;n;d;i;n;g
pmid__1319823,metadata_only,attempt_external_primary_fulltext_then_inventory_existing_supplementary_assets,/mnt/d/work/抗菌肽/数据库/merged_amp_corpus/landed_assets/papers/pmid__1319823,Antitumor activity of magainin analogues against human lung cancer cell lines,1992,Cancer Res,,1319823,,0,0,0,0,0,6,landing_page,o;p;e;n;a;l;e;x;_;l;a;n;d;i;n;g
pmid__14673509,metadata_only,attempt_external_primary_fulltext_then_inventory_existing_supplementary_assets,/mnt/d/work/抗菌肽/数据库/merged_amp_corpus/landed_assets/papers/pmid__14673509,Purification of a big defensin from Ruditapes philippinesis and its antibacterial activity.,2003,Sheng Wu Hua Xue Yu Sheng Wu Wu Li Xue Bao (Shanghai),,14673509,,0,0,0,0,0,6,landing_page,o;p;e;n;a;l;e;x;_;l;a;n;d;i;n;g
pmid__14769216,metadata_only,attempt_external_primary_fulltext_then_inventory_existing_supplementary_assets,/mnt/d/work/抗菌肽/数据库/merged_amp_corpus/landed_assets/papers/pmid__14769216,PCR-based site-specific mutagenesis of peptide antibiotics FALL-39 and its biologic activities.,2004,Acta Pharmacol Sin,,14769216,,0,0,0,0,0,7,landing_page,o;p;e;n;a;l;e;x;_;l;a;n;d;i;n;g
pmid__15875779,metadata_only,attempt_external_primary_fulltext_then_inventory_existing_supplementary_assets,/mnt/d/work/抗菌肽/数据库/merged_amp_corpus/landed_assets/papers/pmid__15875779,Cytotoxic effect of Laxaphycins A and B on human lymphoblastic cells (CCRF-CEM) using digitised videomicrofluorometry,2005,In Vivo,,15875779,,0,0,0,0,0,6,landing_page,o;p;e;n;a;l;e;x;_;l;a;n;d;i;n;g
pmid__18323244,weak_source,recover_or_stage_primary_xml_then_build_material_packet,/mnt/d/work/抗菌肽/数据库/merged_amp_corpus/landed_assets/papers/pmid__18323244,Synthesis of a phenylalanine-rich peptide as potential anthelmintic and cytotoxic agent.,2008,Acta Pol Pharm,,18323244,,0,1,0,1,0,3,landing_page,o;p;e;n;a;l;e;x;_;l;a;n;d;i;n;g
pmid__21193822,metadata_only,attempt_external_primary_fulltext_then_inventory_existing_supplementary_assets,/mnt/d/work/抗菌肽/数据库/merged_amp_corpus/landed_assets/papers/pmid__21193822,"Identification of Streptomyces sp. KH29, which produces an antibiotic substance processing an inhibitory activity against multidrug-resistant Acinetobacter baumannii.",2010,J Microbiol Biotechnol,,21193822,,0,0,0,0,0,10,landing_page,o;p;e;n;a;l;e;x;_;l;a;n;d;i;n;g
pmid__23732481,weak_source,recover_or_stage_primary_xml_then_build_material_packet,/mnt/d/work/抗菌肽/数据库/merged_amp_corpus/landed_assets/papers/pmid__23732481,"Anticancer activity of a Synthetic peptide peptide derived from harmoniasin, an antibacterial peptide from the ladybug Harmonia axyridis",2013,Int J Oncol,,23732481,,0,1,0,1,0,0,direct_pdf,l;o;c;a;l;_;p;d;f
pmid__24779193,weak_source,recover_or_stage_primary_xml_then_build_material_packet,/mnt/d/work/抗菌肽/数据库/merged_amp_corpus/landed_assets/papers/pmid__24779193,Antimicrobial peptides as potential tool to fight bacterial biofilm.,2014,Acta Pol Pharm,,24779193,,0,1,0,1,0,6,landing_page,o;p;e;n;a;l;e;x;_;l;a;n;d;i;n;g
pmid__25035794,metadata_only,attempt_external_primary_fulltext_then_inventory_existing_supplementary_assets,/mnt/d/work/抗菌肽/数据库/merged_amp_corpus/landed_assets/papers/pmid__25035794,"Peptides with in vitro anti-tumor activity from the venom of the Eastern green mamba, Dendroaspis angusticeps (Elapidae)",2014,J Venom Res,,25035794,,0,0,0,0,0,10,landing_page,o;p;e;n;a;l;e;x;_;l;a;n;d;i;n;g
pmid__25380626,metadata_only,attempt_external_primary_fulltext_then_inventory_existing_supplementary_assets,/mnt/d/work/抗菌肽/数据库/merged_amp_corpus/landed_assets/papers/pmid__25380626,Antimicrobial peptide GW-H1-induced apoptosis of human gastric cancer AGS cell line is enhanced by suppression of autophagy,2015,Mol Cell Biochem,,25380626,,0,0,0,0,0,1,package_or_supplementary,l;o;c;a;l;_;s;u;p;p;l;e;m;e;n;t;a;r;y
pmid__2619759,metadata_only,attempt_external_primary_fulltext_then_inventory_existing_supplementary_assets,/mnt/d/work/抗菌肽/数据库/merged_amp_corpus/landed_assets/papers/pmid__2619759,Isolation and characterization of an unusual form of L-amino acid oxidase from King cobra (Ophiophagus hannah) venom.,1989,Biochem Int,,2619759,,0,0,0,0,0,6,landing_page,o;p;e;n;a;l;e;x;_;l;a;n;d;i;n;g
pmid__7136736,metadata_only,attempt_external_primary_fulltext_then_inventory_existing_supplementary_assets,/mnt/d/work/抗菌肽/数据库/merged_amp_corpus/landed_assets/papers/pmid__7136736,"Isolation and properties of ligatoxin A, a toxic protein from the mistletoe Phoradendron liga.",1982,Acta Pharm Suec,,7136736,,0,0,0,0,0,6,landing_page,o;p;e;n;a;l;e;x;_;l;a;n;d;i;n;g
pmid__8714745,metadata_only,attempt_external_primary_fulltext_then_inventory_existing_supplementary_assets,/mnt/d/work/抗菌肽/数据库/merged_amp_corpus/landed_assets/papers/pmid__8714745,"The morphological effects of two antimicrobial peptides, hecate-1 and melittin, on Escherichia coli.",1995,Scanning Microsc,,8714745,,0,0,0,0,0,4,direct_pdf,o;p;e;n;a;l;e;x;_;l;a;n;d;i;n;g;;;o;p;e;n;a;l;e;x;_;p;d;f
title_evaluation-of-the-antitumor-and-antiproliferative-effects-of-the-inkki-peptide-o-2020,weak_source,recover_or_stage_primary_xml_then_build_material_packet,/mnt/d/work/抗菌肽/数据库/merged_amp_corpus/landed_assets/papers/title_evaluation-of-the-antitumor-and-antiproliferative-effects-of-the-inkki-peptide-o-2020,Evaluation of the antitumor and antiproliferative effects of the INKKI peptide on MCF-7 breast adenocarcinoma cells,2020,,,,,0,1,0,1,0,0,landing_page,o;p;e;n;a;l;e;x;_;l;a;n;d;i;n;g
