paper_id,category,recommended_action,source_path,title,year,journal,doi,pmid,pmcid,primary_xml_count,primary_pdf_count,any_xml_count,any_pdf_count,package_file_count,supplementary_file_count,availability_level,availability_reasons
doi__10.1002_adfm.201606623,weak_source,recover_or_stage_primary_xml_then_build_material_packet,/mnt/d/work/抗菌肽/数据库/merged_amp_corpus/landed_assets/papers/doi__10.1002_adfm.201606623,Controlled Release of LL-37-Derived Synthetic Antimicrobial and Anti-Biofilm Peptides SAAP-145 and SAAP-276 Prevents Experimental Biomaterial-Associated Staphylococcus aureus Infection,2017,Adv Funct Mater,10.1002/adfm.201606623,,,0,1,0,1,0,0,direct_pdf,o;p;e;n;a;l;e;x;_;p;d;f;;;o;p;e;n;a;l;e;x;_;l;a;n;d;i;n;g;;;f;u;l;l;t;e;x;t;_;s;i;g;n;a;l;;;c;r;o;s;s;r;e;f;_;i;d;e;n;t;i;f;i;e;r
doi__10.1002_bip.22925,weak_source,recover_or_stage_primary_xml_then_build_material_packet,/mnt/d/work/抗菌肽/数据库/merged_amp_corpus/landed_assets/papers/doi__10.1002_bip.22925,Ocellatin-PT antimicrobial peptides: High-resolution microscopy studies in antileishmania models and interactions with mimetic membrane systems.,2016,Biopolymers,10.1002/bip.22925,27463422,,0,1,0,1,0,0,landing_page,o;p;e;n;a;l;e;x;_;l;a;n;d;i;n;g
doi__10.1002_cbic.202400586,weak_source,recover_or_stage_primary_xml_then_build_material_packet,/mnt/d/work/抗菌肽/数据库/merged_amp_corpus/landed_assets/papers/doi__10.1002_cbic.202400586,"Discovery and Heterologous Expression of Trilenodin, an Antimicrobial Lasso Peptide with a Unique Tri-isoleucine Motif.",2024,Chembiochem.,10.1002/cbic.202400586,39225753,PMC11664905,0,2,1,2,2,0,direct_pdf,l;o;c;a;l;_;p;d;f;;;l;o;c;a;l;_;x;m;l;;;l;o;c;a;l;_;p;a;c;k;a;g;e;;;l;o;c;a;l;_;s;u;p;p;l;e;m;e;n;t;a;r;y;;;o;p;e;n;a;l;e;x;_;p;d;f;;;o;p;e;n;a;l;e;x;_;l;a;n;d;i;n;g;;;f;u;l;l;t;e;x;t;_;s;i;g;n;a;l
doi__10.1002_chem.201801423,weak_source,recover_or_stage_primary_xml_then_build_material_packet,/mnt/d/work/抗菌肽/数据库/merged_amp_corpus/landed_assets/papers/doi__10.1002_chem.201801423,"Rational Design and Synthesis of Modified Teixobactin Analogues: In Vitro Antibacterial Activity against Staphylococcus aureus, Propionibacterium acnes and Pseudomonas aeruginosa.",2018,Chemistry,10.1002/chem.201801423,29741277,,0,1,0,1,0,0,direct_pdf,o;p;e;n;a;l;e;x;_;p;d;f;;;o;p;e;n;a;l;e;x;_;l;a;n;d;i;n;g
doi__10.1002_cmdc.201800289,weak_source,recover_or_stage_primary_xml_then_build_material_packet,/mnt/d/work/抗菌肽/数据库/merged_amp_corpus/landed_assets/papers/doi__10.1002_cmdc.201800289,Effect of Acylation on the Antimicrobial Activity of Temporin B Analogues.,2018,ChemMedChem,10.1002/cmdc.201800289,29920962,,0,1,0,1,0,0,landing_page,o;p;e;n;a;l;e;x;_;l;a;n;d;i;n;g
doi__10.1002_hep.25665,weak_source,recover_or_stage_primary_xml_then_build_material_packet,/mnt/d/work/抗菌肽/数据库/merged_amp_corpus/landed_assets/papers/doi__10.1002_hep.25665,Human apolipoprotein E peptides inhibit hepatitis C virus entry by blocking virus binding.,2012,Hepatology,10.1002/hep.25665,22334503,PMC3362681,0,1,0,1,0,10,fulltext_or_xml,f;u;l;l;t;e;x;t;_;s;i;g;n;a;l;;;o;p;e;n;a;l;e;x;_;l;a;n;d;i;n;g
doi__10.1002_hep.25685,weak_source,recover_or_stage_primary_xml_then_build_material_packet,/mnt/d/work/抗菌肽/数据库/merged_amp_corpus/landed_assets/papers/doi__10.1002_hep.25685,A human claudin-1-derived peptide inhibits hepatitis C virus entry.,2012,Hepatology,10.1002/hep.25685,22378192,PMC3406249,0,1,0,1,0,3,direct_pdf,o;p;e;n;a;l;e;x;_;p;d;f;;;o;p;e;n;a;l;e;x;_;l;a;n;d;i;n;g;;;f;u;l;l;t;e;x;t;_;s;i;g;n;a;l
doi__10.1002_j.1460-2075.1983.tb01465.x,weak_source,recover_or_stage_primary_xml_then_build_material_packet,/mnt/d/work/抗菌肽/数据库/merged_amp_corpus/landed_assets/papers/doi__10.1002_j.1460-2075.1983.tb01465.x,"Attacins, a family of antibacterial proteins from Hyalophora cecropia.",1983,EMBO J.,10.1002/j.1460-2075.1983.tb01465.x,6628360,PMC555063,0,1,0,1,0,10,direct_pdf,o;p;e;n;a;l;e;x;_;p;d;f;;;o;p;e;n;a;l;e;x;_;l;a;n;d;i;n;g;;;f;u;l;l;t;e;x;t;_;s;i;g;n;a;l
doi__10.1002_j.1460-2075.1983.tb01561.x,weak_source,recover_or_stage_primary_xml_then_build_material_packet,/mnt/d/work/抗菌肽/数据库/merged_amp_corpus/landed_assets/papers/doi__10.1002_j.1460-2075.1983.tb01561.x,"Amino acid sequence of seminalplasmin, an antimicrobial protein from bull semen.",1983,EMBO J,10.1002/j.1460-2075.1983.tb01561.x,16453469,,0,1,0,1,0,9,direct_pdf,o;p;e;n;a;l;e;x;_;p;d;f;;;o;p;e;n;a;l;e;x;_;l;a;n;d;i;n;g
doi__10.1002_j.1460-2075.1988.tb02980.x,weak_source,recover_or_stage_primary_xml_then_build_material_packet,/mnt/d/work/抗菌肽/数据库/merged_amp_corpus/landed_assets/papers/doi__10.1002_j.1460-2075.1988.tb02980.x,Leaf-specific thionins of barley-a novel class of cell wall proteins toxic to plant-pathogenic fungi and possibly involved in the defence mechanism of plants.,1988,EMBO J,10.1002/j.1460-2075.1988.tb02980.x,16453847,,0,1,0,1,0,3,landing_page,o;p;e;n;a;l;e;x;_;l;a;n;d;i;n;g
doi__10.1002_j.1460-2075.1989.tb08368.x,weak_source,recover_or_stage_primary_xml_then_build_material_packet,/mnt/d/work/抗菌肽/数据库/merged_amp_corpus/landed_assets/papers/doi__10.1002_j.1460-2075.1989.tb08368.x,Apidaecins: antibacterial peptides from honeybees.,1989,EMBO J,10.1002/j.1460-2075.1989.tb08368.x,2676519,PMC401180,0,1,0,1,0,10,direct_pdf,o;p;e;n;a;l;e;x;_;p;d;f;;;o;p;e;n;a;l;e;x;_;l;a;n;d;i;n;g;;;f;u;l;l;t;e;x;t;_;s;i;g;n;a;l
doi__10.1002_j.1460-2075.1990.tb07489.x,weak_source,recover_or_stage_primary_xml_then_build_material_packet,/mnt/d/work/抗菌肽/数据库/merged_amp_corpus/landed_assets/papers/doi__10.1002_j.1460-2075.1990.tb07489.x,The immune response in Drosophila: pattern of cecropin expression and biological activity.,1990,EMBO J,10.1002/j.1460-2075.1990.tb07489.x,2390977,PMC552014,0,1,0,1,0,2,fulltext_or_xml,f;u;l;l;t;e;x;t;_;s;i;g;n;a;l;;;o;p;e;n;a;l;e;x;_;l;a;n;d;i;n;g
doi__10.1002_j.1460-2075.1990.tb07606.x,weak_source,recover_or_stage_primary_xml_then_build_material_packet,/mnt/d/work/抗菌肽/数据库/merged_amp_corpus/landed_assets/papers/doi__10.1002_j.1460-2075.1990.tb07606.x,the secretion of colicin V.,1990,EMBO J,10.1002/j.1460-2075.1990.tb07606.x,2249654,,0,1,0,1,0,2,landing_page,o;p;e;n;a;l;e;x;_;l;a;n;d;i;n;g
doi__10.1002_j.1460-2075.1990.tb08098.x,weak_source,recover_or_stage_primary_xml_then_build_material_packet,/mnt/d/work/抗菌肽/数据库/merged_amp_corpus/landed_assets/papers/doi__10.1002_j.1460-2075.1990.tb08098.x,a compact gene cluster involved in the response to infection.,1990,EMBO J,10.1002/j.1460-2075.1990.tb08098.x,2104802,,0,1,0,1,0,6,landing_page,o;p;e;n;a;l;e;x;_;l;a;n;d;i;n;g
doi__10.1002_j.1460-2075.1991.tb07932.x,weak_source,recover_or_stage_primary_xml_then_build_material_packet,/mnt/d/work/抗菌肽/数据库/merged_amp_corpus/landed_assets/papers/doi__10.1002_j.1460-2075.1991.tb07932.x,"The andropin gene and its product, a male-specific antibacterial peptide in Drosophila melanogaster.",1991,EMBO J.,10.1002/j.1460-2075.1991.tb07932.x,1899226,PMC452624,0,1,0,1,0,10,direct_pdf,o;p;e;n;a;l;e;x;_;p;d;f;;;o;p;e;n;a;l;e;x;_;l;a;n;d;i;n;g;;;f;u;l;l;t;e;x;t;_;s;i;g;n;a;l
doi__10.1002_j.1460-2075.1991.tb07969.x,weak_source,recover_or_stage_primary_xml_then_build_material_packet,/mnt/d/work/抗菌肽/数据库/merged_amp_corpus/landed_assets/papers/doi__10.1002_j.1460-2075.1991.tb07969.x,The peptide antibiotic microcin B17 induces double-strand cleavage of DNA mediated by Escherichia coli DNA gyrase.,1991,EMBO J,10.1002/j.1460-2075.1991.tb07969.x,1846808,,0,1,0,1,0,10,direct_pdf,o;p;e;n;a;l;e;x;_;p;d;f;;;o;p;e;n;a;l;e;x;_;l;a;n;d;i;n;g
doi__10.1002_j.1460-2075.1993.tb06172.x,weak_source,recover_or_stage_primary_xml_then_build_material_packet,/mnt/d/work/抗菌肽/数据库/merged_amp_corpus/landed_assets/papers/doi__10.1002_j.1460-2075.1993.tb06172.x,Antibacterial and haemolytic peptides containing D-alloisoleucine from the skin of Bombina variegata.,1993,EMBO J,10.1002/j.1460-2075.1993.tb06172.x,8223491,PMC413935,0,1,0,1,0,10,direct_pdf,o;p;e;n;a;l;e;x;_;p;d;f;;;o;p;e;n;a;l;e;x;_;l;a;n;d;i;n;g;;;f;u;l;l;t;e;x;t;_;s;i;g;n;a;l
doi__10.1002_j.1460-2075.1995.tb07150.x,weak_source,recover_or_stage_primary_xml_then_build_material_packet,/mnt/d/work/抗菌肽/数据库/merged_amp_corpus/landed_assets/papers/doi__10.1002_j.1460-2075.1995.tb07150.x,"NK-lysin, a novel effector peptide of cytotoxic T and NK cells. Structure and cDNA cloning of the porcine form, induction by interleukin 2, antibacterial and antitumour activity.",1995,EMBO J.,10.1002/j.1460-2075.1995.tb07150.x,7737114,PMC398254,0,1,0,1,0,0,fulltext_or_xml,f;u;l;l;t;e;x;t;_;s;i;g;n;a;l;;;o;p;e;n;a;l;e;x;_;l;a;n;d;i;n;g
doi__10.1002_mnfr.200900122,weak_source,recover_or_stage_primary_xml_then_build_material_packet,/mnt/d/work/抗菌肽/数据库/merged_amp_corpus/landed_assets/papers/doi__10.1002_mnfr.200900122,"The cytotoxic effect of Bowman-Birk isoinhibitors, IBB1 and IBBD2, from soybean (Glycine max) on HT29 human colorectal cancer cells is related to their intrinsic ability to inhibit serine proteases.",2009,Mol Nutr Food Res,10.1002/mnfr.200900122,19885848,,0,1,0,1,0,2,landing_page,o;p;e;n;a;l;e;x;_;l;a;n;d;i;n;g
doi__10.1002_pro.70083,weak_source,recover_or_stage_primary_pdf_then_build_material_packet,/mnt/d/work/抗菌肽/数据库/merged_amp_corpus/landed_assets/papers/doi__10.1002_pro.70083,Mining the UniProtKB/Swiss-Prot database for antimicrobial peptides.,2025,Protein Sci.,10.1002/pro.70083,40100125,PMC11917140,1,0,2,0,1,0,direct_pdf,l;o;c;a;l;_;x;m;l;;;l;o;c;a;l;_;p;a;c;k;a;g;e;;;l;o;c;a;l;_;s;u;p;p;l;e;m;e;n;t;a;r;y;;;o;p;e;n;a;l;e;x;_;p;d;f;;;o;p;e;n;a;l;e;x;_;l;a;n;d;i;n;g;;;f;u;l;l;t;e;x;t;_;s;i;g;n;a;l
doi__10.1007_978-94-009-0775-1_6,weak_source,recover_or_stage_primary_xml_then_build_material_packet,/mnt/d/work/抗菌肽/数据库/merged_amp_corpus/landed_assets/papers/doi__10.1007_978-94-009-0775-1_6,Characterization of an anti-rice bacterial blight polypeptide LCI,1990,"Rice Genet. Newsl., 7 (",10.1007/978-94-009-0775-1_6,7,,0,1,0,1,0,10,landing_page,o;p;e;n;a;l;e;x;_;l;a;n;d;i;n;g
doi__10.1007_bf02173216,weak_source,recover_or_stage_primary_xml_then_build_material_packet,/mnt/d/work/抗菌肽/数据库/merged_amp_corpus/landed_assets/papers/doi__10.1007_bf02173216,Two cold-inducible genes encoding lipid transfer protein LTP4 from barley show differential responses to bacterial pathogens.,1996,Mol Gen Genet,10.1007/bf02173216,8804389,,0,1,0,1,0,1,direct_pdf,o;p;e;n;a;l;e;x;_;l;a;n;d;i;n;g;;;o;p;e;n;a;l;e;x;_;p;d;f
doi__10.1007_pl00000764,weak_source,recover_or_stage_primary_xml_then_build_material_packet,/mnt/d/work/抗菌肽/数据库/merged_amp_corpus/landed_assets/papers/doi__10.1007_pl00000764,"Penaeidins, a family of antimicrobial peptides from penaeid shrimp (Crustacea, Decapoda).",2000,Cell Mol Life Sci,10.1007/pl00000764,11028917,,0,1,0,1,0,0,landing_page,o;p;e;n;a;l;e;x;_;l;a;n;d;i;n;g
doi__10.1007_s00018-008-8573-5,weak_source,recover_or_stage_primary_xml_and_primary_pdf_then_build_material_packet,/mnt/d/work/抗菌肽/数据库/merged_amp_corpus/landed_assets/papers/doi__10.1007_s00018-008-8573-5,Common evolution of waprin and Kunitz-like toxin families in Australian venomous snakes.,2008,Cell Mol Life Sci,10.1007/s00018-008-8573-5,18979207,,0,0,0,1,0,3,package_or_supplementary,l;o;c;a;l;_;s;u;p;p;l;e;m;e;n;t;a;r;y;;;o;p;e;n;a;l;e;x;_;l;a;n;d;i;n;g
doi__10.1007_s00018-013-1517-8,weak_source,recover_or_stage_primary_xml_then_build_material_packet,/mnt/d/work/抗菌肽/数据库/merged_amp_corpus/landed_assets/papers/doi__10.1007_s00018-013-1517-8,The stoichiometry of peptide-heparan sulfate binding as a determinant of uptake efficiency of cell-penetrating peptides.,2013,Cell Mol Life Sci,10.1007/s00018-013-1517-8,24270856,,0,1,0,1,0,10,landing_page,o;p;e;n;a;l;e;x;_;l;a;n;d;i;n;g
doi__10.1007_s00018-021-04041-z,weak_source,recover_or_stage_primary_xml_then_build_material_packet,/mnt/d/work/抗菌肽/数据库/merged_amp_corpus/landed_assets/papers/doi__10.1007_s00018-021-04041-z,Modified horseshoe crab peptides target and kill bacteria inside host cells.,2021,Cell Mol Life Sci.,10.1007/s00018-021-04041-z,34971427,PMC11071844,0,1,0,1,0,3,fulltext_or_xml,o;p;e;n;a;l;e;x;_;l;a;n;d;i;n;g;;;f;u;l;l;t;e;x;t;_;s;i;g;n;a;l
doi__10.1007_s00253-003-1424-2,weak_source,recover_or_stage_primary_xml_then_build_material_packet,/mnt/d/work/抗菌肽/数据库/merged_amp_corpus/landed_assets/papers/doi__10.1007_s00253-003-1424-2,"DNA analysis of the genes encoding acidocin LF221 A and acidocin LF221 B, two bacteriocins produced by Lactobacillus gasseri LF221.",2003,Appl Microbiol Biotechnol,10.1007/s00253-003-1424-2,14504837,,0,2,0,2,0,0,direct_pdf,o;p;e;n;a;l;e;x;_;p;d;f;;;o;p;e;n;a;l;e;x;_;l;a;n;d;i;n;g
doi__10.1007_s00253-012-4148-3,weak_source,recover_or_stage_primary_xml_then_build_material_packet,/mnt/d/work/抗菌肽/数据库/merged_amp_corpus/landed_assets/papers/doi__10.1007_s00253-012-4148-3,"Membrane interaction and antibacterial properties of chensinin-1, an antimicrobial peptide with atypical structural features from the skin of Rana chensinensis.",2012,Appl Microbiol Biotechnol,10.1007/s00253-012-4148-3,22581068,,0,1,0,1,0,10,landing_page,o;p;e;n;a;l;e;x;_;l;a;n;d;i;n;g
doi__10.1007_s00253-012-4149-2,weak_source,recover_or_stage_primary_xml_then_build_material_packet,/mnt/d/work/抗菌肽/数据库/merged_amp_corpus/landed_assets/papers/doi__10.1007_s00253-012-4149-2,Characterization of putative class II bacteriocins identified from a non-bacteriocin-producing strain Lactobacillus casei ATCC 334.,2012,Appl Microbiol Biotechnol,10.1007/s00253-012-4149-2,22688903,,0,1,0,1,0,10,landing_page,o;p;e;n;a;l;e;x;_;l;a;n;d;i;n;g
doi__10.1007_s00253-012-4588-9,weak_source,recover_or_stage_primary_xml_then_build_material_packet,/mnt/d/work/抗菌肽/数据库/merged_amp_corpus/landed_assets/papers/doi__10.1007_s00253-012-4588-9,Human beta-defensin DEFB126 is capable of inhibiting LPS-mediated inflammation.,2012,Appl Microbiol Biotechnol.,10.1007/s00253-012-4588-9,23229569,,0,1,0,1,0,10,landing_page,o;p;e;n;a;l;e;x;_;l;a;n;d;i;n;g
doi__10.1007_s00253-014-5927-9,weak_source,recover_or_stage_primary_xml_then_build_material_packet,/mnt/d/work/抗菌肽/数据库/merged_amp_corpus/landed_assets/papers/doi__10.1007_s00253-014-5927-9,"Effects of antimicrobial peptide L-K6, a temporin-1CEb analog on oral pathogen growth, Streptococcus mutans biofilm formation, and anti-inflammatory activity.",2014,Appl Microbiol Biotechnol,10.1007/s00253-014-5927-9,25056289,,0,1,0,1,0,10,landing_page,o;p;e;n;a;l;e;x;_;l;a;n;d;i;n;g
doi__10.1007_s00253-017-8466-3,weak_source,recover_or_stage_primary_xml_then_build_material_packet,/mnt/d/work/抗菌肽/数据库/merged_amp_corpus/landed_assets/papers/doi__10.1007_s00253-017-8466-3,Activity of human beta defensin-1 and its motif against active and dormant Mycobacterium tuberculosis.,2017,Appl Microbiol Biotechnol,10.1007/s00253-017-8466-3,28856417,,0,1,0,1,0,10,landing_page,o;p;e;n;a;l;e;x;_;l;a;n;d;i;n;g
doi__10.1007_s00253-017-8696-4,weak_source,recover_or_stage_primary_xml_then_build_material_packet,/mnt/d/work/抗菌肽/数据库/merged_amp_corpus/landed_assets/papers/doi__10.1007_s00253-017-8696-4,"Novel actinomycin group compound from newly isolated Streptomyces sp. RAB12: isolation, characterization, and evaluation of antimicrobial potential.",2017,Appl Microbiol Biotechnol,10.1007/s00253-017-8696-4,29270734,,0,1,0,1,0,10,landing_page,o;p;e;n;a;l;e;x;_;l;a;n;d;i;n;g
doi__10.1007_s00253-018-09592-z,weak_source,recover_or_stage_primary_xml_then_build_material_packet,/mnt/d/work/抗菌肽/数据库/merged_amp_corpus/landed_assets/papers/doi__10.1007_s00253-018-09592-z,"Design, expression, and characterization of a novel cecropin A-derived peptide with high antibacterial activity.",2019,Appl Microbiol Biotechnol,10.1007/s00253-018-09592-z,30607494,,0,1,0,1,0,10,landing_page,o;p;e;n;a;l;e;x;_;l;a;n;d;i;n;g
doi__10.1007_s00253-018-09593-y,weak_source,recover_or_stage_primary_xml_then_build_material_packet,/mnt/d/work/抗菌肽/数据库/merged_amp_corpus/landed_assets/papers/doi__10.1007_s00253-018-09593-y,Discovery and identification of antimicrobial peptides in Sichuan pepper (Zanthoxylum bungeanum Maxim) seeds by peptidomics and bioinformatics.,2019,Appl Microbiol Biotechnol,10.1007/s00253-018-09593-y,30623204,,0,1,0,1,0,10,landing_page,o;p;e;n;a;l;e;x;_;l;a;n;d;i;n;g
doi__10.1007_s00253-018-9561-9,weak_source,recover_or_stage_primary_xml_then_build_material_packet,/mnt/d/work/抗菌肽/数据库/merged_amp_corpus/landed_assets/papers/doi__10.1007_s00253-018-9561-9,Induction of apoptosis-like death by periplanetasin-2 in Escherichia coli and contribution of SOS genes.,2018,Appl Microbiol Biotechnol,10.1007/s00253-018-9561-9,30554389,,0,1,0,1,0,10,landing_page,o;p;e;n;a;l;e;x;_;l;a;n;d;i;n;g
doi__10.1007_s00253-019-09785-0,weak_source,recover_or_stage_primary_xml_then_build_material_packet,/mnt/d/work/抗菌肽/数据库/merged_amp_corpus/landed_assets/papers/doi__10.1007_s00253-019-09785-0,A recombinant fungal defensin-like peptide-P2 combats multidrug-resistant Staphylococcus aureus and biofilms.,2019,Appl Microbiol Biotechnol,10.1007/s00253-019-09785-0,31025073,,0,1,0,1,0,10,landing_page,o;p;e;n;a;l;e;x;_;l;a;n;d;i;n;g;;;n;c;b;i;_;d;o;i
doi__10.1007_s00253-021-11226-w,weak_source,recover_or_stage_primary_xml_then_build_material_packet,/mnt/d/work/抗菌肽/数据库/merged_amp_corpus/landed_assets/papers/doi__10.1007_s00253-021-11226-w,Antibacterial polyene-polyol macrolides and cyclic peptides from the marine-derived Streptomyces sp. MS110128.,2021,Appl Microbiol Biotechnol,10.1007/s00253-021-11226-w,34146138,,0,1,0,1,0,10,landing_page,o;p;e;n;a;l;e;x;_;l;a;n;d;i;n;g
doi__10.1007_s00253-021-11500-x,weak_source,recover_or_stage_primary_xml_then_build_material_packet,/mnt/d/work/抗菌肽/数据库/merged_amp_corpus/landed_assets/papers/doi__10.1007_s00253-021-11500-x,A study on fungal defensin against multidrug-resistant Clostridium perfringens and its treatment on infected poultry.,2021,Appl Microbiol Biotechnol,10.1007/s00253-021-11500-x,34491399,,0,1,0,1,0,10,landing_page,o;p;e;n;a;l;e;x;_;l;a;n;d;i;n;g
doi__10.1007_s00253-021-11503-8,weak_source,recover_or_stage_primary_xml_then_build_material_packet,/mnt/d/work/抗菌肽/数据库/merged_amp_corpus/landed_assets/papers/doi__10.1007_s00253-021-11503-8,"Purification, molecular characterization of Lactocin 63 produced by Lactobacillus coryniformis FZU63 and its antimicrobial mode of action against Shewanella putrefaciens.",2021,Appl Microbiol Biotechnol.,10.1007/s00253-021-11503-8,34476515,,0,1,0,1,0,10,landing_page,o;p;e;n;a;l;e;x;_;l;a;n;d;i;n;g
doi__10.1007_s00262-011-1113-4,weak_source,recover_or_stage_primary_xml_then_build_material_packet,/mnt/d/work/抗菌肽/数据库/merged_amp_corpus/landed_assets/papers/doi__10.1007_s00262-011-1113-4,Ontak reduces the immunosuppressive tumor environment and enhances successful therapeutic vaccination in HER-2/neu-tolerant mice,2011,Cancer Immunol Immunother,10.1007/s00262-011-1113-4,21928125,,0,1,0,1,0,10,landing_page,o;p;e;n;a;l;e;x;_;l;a;n;d;i;n;g
doi__10.1007_s00284-025-04407-7,weak_source,recover_or_stage_primary_xml_then_build_material_packet,/mnt/d/work/抗菌肽/数据库/merged_amp_corpus/landed_assets/papers/doi__10.1007_s00284-025-04407-7,Purification and Characterization of Antimicrobial Peptide from an Epilithic Bacterium Streptomyces sp. AL50 with Activity Against Biofilm Forming Coagulase-Negative Staphylococci,2025,Curr Microbiol.,10.1007/s00284-025-04407-7,40705114,,0,1,0,1,0,10,landing_page,o;p;e;n;a;l;e;x;_;l;a;n;d;i;n;g
doi__10.1007_s00425-008-0796-z,weak_source,recover_or_stage_primary_xml_then_build_material_packet,/mnt/d/work/抗菌肽/数据库/merged_amp_corpus/landed_assets/papers/doi__10.1007_s00425-008-0796-z,"differential seasonal and age expression, and cellular localization.",2008,Planta,10.1007/s00425-008-0796-z,18704492,,0,1,0,1,0,9,landing_page,o;p;e;n;a;l;e;x;_;l;a;n;d;i;n;g
doi__10.1007_s00430-019-00624-7,weak_source,recover_or_stage_primary_xml_then_build_material_packet,/mnt/d/work/抗菌肽/数据库/merged_amp_corpus/landed_assets/papers/doi__10.1007_s00430-019-00624-7,"In vitro activity of Protegrin-1, alone and in combination with clinically useful antibiotics, against Acinetobacter baumannii strains isolated from surgical wounds.",2019,Med Microbiol Immunol,10.1007/s00430-019-00624-7,31214759,,0,1,0,1,0,10,landing_page,o;p;e;n;a;l;e;x;_;l;a;n;d;i;n;g
doi__10.1007_s00726-009-0385-x,weak_source,recover_or_stage_primary_xml_then_build_material_packet,/mnt/d/work/抗菌肽/数据库/merged_amp_corpus/landed_assets/papers/doi__10.1007_s00726-009-0385-x,"LyeTx I, a potent antimicrobial peptide from the venom of the spider Lycosa erythrognatha.",2009,Amino Acids.,10.1007/s00726-009-0385-x,19946788,,0,1,0,1,0,0,landing_page,o;p;e;n;a;l;e;x;_;l;a;n;d;i;n;g
doi__10.1007_s00726-010-0648-6,weak_source,recover_or_stage_primary_xml_then_build_material_packet,/mnt/d/work/抗菌肽/数据库/merged_amp_corpus/landed_assets/papers/doi__10.1007_s00726-010-0648-6,preliminary toxicological studies and structural changes in water and lipid membrane environment.,2010,Amino Acids,10.1007/s00726-010-0648-6,20563613,,0,1,0,1,0,10,landing_page,o;p;e;n;a;l;e;x;_;l;a;n;d;i;n;g
doi__10.1007_s00726-011-1125-6,weak_source,recover_or_stage_primary_xml_then_build_material_packet,/mnt/d/work/抗菌肽/数据库/merged_amp_corpus/landed_assets/papers/doi__10.1007_s00726-011-1125-6,"Lasiocepsin, a novel cyclic antimicrobial peptide from the venom of eusocial bee Lasioglossum laticeps (Hymenoptera: Halictidae).",2011,Amino Acids,10.1007/s00726-011-1125-6,22038181,,0,1,0,1,0,10,landing_page,o;p;e;n;a;l;e;x;_;l;a;n;d;i;n;g
doi__10.1007_s00726-012-1283-1,weak_source,recover_or_stage_primary_xml_then_build_material_packet,/mnt/d/work/抗菌肽/数据库/merged_amp_corpus/landed_assets/papers/doi__10.1007_s00726-012-1283-1,Effect of hydrocarbon stapling on the properties of,2012,Amino Acids,10.1007/s00726-012-1283-1,22526241,,0,1,0,1,0,10,landing_page,o;p;e;n;a;l;e;x;_;l;a;n;d;i;n;g
doi__10.1007_s00726-013-1482-4,weak_source,recover_or_stage_primary_xml_then_build_material_packet,/mnt/d/work/抗菌肽/数据库/merged_amp_corpus/landed_assets/papers/doi__10.1007_s00726-013-1482-4,"Panurgines, novel antimicrobial peptides from the venom of communal bee Panurgus calcaratus (Hymenoptera: Andrenidae).",2013,Amino Acids,10.1007/s00726-013-1482-4,23483218,,0,1,0,1,0,11,package_or_supplementary,l;o;c;a;l;_;s;u;p;p;l;e;m;e;n;t;a;r;y;;;o;p;e;n;a;l;e;x;_;l;a;n;d;i;n;g
doi__10.1007_s00726-014-1801-4,weak_source,recover_or_stage_primary_xml_then_build_material_packet,/mnt/d/work/抗菌肽/数据库/merged_amp_corpus/landed_assets/papers/doi__10.1007_s00726-014-1801-4,Vipericidins: a novel family of cathelicidin-related peptides from the venom gland of South American pit vipers.,2014,Amino Acids,10.1007/s00726-014-1801-4,25100358,,0,1,0,1,0,4,package_or_supplementary,l;o;c;a;l;_;s;u;p;p;l;e;m;e;n;t;a;r;y;;;o;p;e;n;a;l;e;x;_;l;a;n;d;i;n;g
doi__10.1007_s00726-015-2041-y,weak_source,recover_or_stage_primary_xml_then_build_material_packet,/mnt/d/work/抗菌肽/数据库/merged_amp_corpus/landed_assets/papers/doi__10.1007_s00726-015-2041-y,D-Amino acids incorporation in the frog skin-derived peptide esculentin-1a(1-21)NH2 is beneficial for its multiple functions.,2015,Amino Acids,10.1007/s00726-015-2041-y,26162435,,0,1,0,1,0,10,landing_page,o;p;e;n;a;l;e;x;_;l;a;n;d;i;n;g;;;n;c;b;i;_;d;o;i
doi__10.1007_s00726-015-2136-5,weak_source,recover_or_stage_primary_xml_then_build_material_packet,/mnt/d/work/抗菌肽/数据库/merged_amp_corpus/landed_assets/papers/doi__10.1007_s00726-015-2136-5,Rational modification of a dendrimeric peptide with antimicrobial activity: consequences on membrane-binding and biological properties.,2015,Amino Acids,10.1007/s00726-015-2136-5,26614437,,0,1,0,1,0,2,landing_page,o;p;e;n;a;l;e;x;_;l;a;n;d;i;n;g
doi__10.1007_s00726-016-2196-1,weak_source,recover_or_stage_primary_xml_then_build_material_packet,/mnt/d/work/抗菌肽/数据库/merged_amp_corpus/landed_assets/papers/doi__10.1007_s00726-016-2196-1,Effects of N-terminus modifications on the conformation and permeation activities of the synthetic peptide L1A.,2016,Amino Acids,10.1007/s00726-016-2196-1,26920749,,0,1,0,1,0,0,landing_page,o;p;e;n;a;l;e;x;_;l;a;n;d;i;n;g
doi__10.1007_s00726-018-2607-6,weak_source,recover_or_stage_primary_xml_then_build_material_packet,/mnt/d/work/抗菌肽/数据库/merged_amp_corpus/landed_assets/papers/doi__10.1007_s00726-018-2607-6,"Design and synthesis of oligo-lipidated arginyl peptide (OLAP) dimers with enhanced physicochemical activity, peptide stability and their antimicrobial actions against MRSA infections.",2018,Amino Acids,10.1007/s00726-018-2607-6,30066172,,0,1,0,1,0,10,landing_page,o;p;e;n;a;l;e;x;_;l;a;n;d;i;n;g
doi__10.1007_s00726-018-2673-9,weak_source,recover_or_stage_primary_xml_then_build_material_packet,/mnt/d/work/抗菌肽/数据库/merged_amp_corpus/landed_assets/papers/doi__10.1007_s00726-018-2673-9,Dilipid ultrashort cationic lipopeptides as adjuvants for chloramphenicol and other conventional antibiotics against Gram-negative bacteria.,2018,Amino Acids,10.1007/s00726-018-2673-9,30392097,,0,1,0,1,0,10,landing_page,o;p;e;n;a;l;e;x;_;l;a;n;d;i;n;g
doi__10.1007_s00894-019-4007-6,weak_source,recover_or_stage_primary_xml_then_build_material_packet,/mnt/d/work/抗菌肽/数据库/merged_amp_corpus/landed_assets/papers/doi__10.1007_s00894-019-4007-6,De novo design of anticancer peptides by ensemble artificial neural networks.,2019,J Mol Model,10.1007/s00894-019-4007-6,30953170,,0,1,0,1,0,10,direct_pdf,o;p;e;n;a;l;e;x;_;p;d;f;;;o;p;e;n;a;l;e;x;_;l;a;n;d;i;n;g
doi__10.1007_s10096-008-0553-z,weak_source,recover_or_stage_primary_xml_then_build_material_packet,/mnt/d/work/抗菌肽/数据库/merged_amp_corpus/landed_assets/papers/doi__10.1007_s10096-008-0553-z,Human antimicrobial peptides' antifungal activity against Aspergillus fumigatus.,2008,Eur J Clin Microbiol Infect Dis,10.1007/s10096-008-0553-z,18566844,,0,2,0,2,0,9,direct_pdf,o;p;e;n;a;l;e;x;_;p;d;f;;;o;p;e;n;a;l;e;x;_;l;a;n;d;i;n;g
doi__10.1007_s10096-011-1188-z,weak_source,recover_or_stage_primary_xml_then_build_material_packet,/mnt/d/work/抗菌肽/数据库/merged_amp_corpus/landed_assets/papers/doi__10.1007_s10096-011-1188-z,Bactericidal synergy of lysostaphin in combination with antimicrobial peptides.,2011,Eur J Clin Microbiol Infect Dis,10.1007/s10096-011-1188-z,21311938,,0,1,0,1,0,6,landing_page,o;p;e;n;a;l;e;x;_;l;a;n;d;i;n;g
doi__10.1007_s10989-009-9170-7,weak_source,recover_or_stage_primary_xml_then_build_material_packet,/mnt/d/work/抗菌肽/数据库/merged_amp_corpus/landed_assets/papers/doi__10.1007_s10989-009-9170-7,ChBac3.4: a novel proline-rich antimicrobial peptide from goat leukocytes,2009,Int J Pept Res Ther,10.1007/s10989-009-9170-7,,,0,2,0,2,0,9,direct_pdf,o;p;e;n;a;l;e;x;_;p;d;f;;;o;p;e;n;a;l;e;x;_;l;a;n;d;i;n;g;;;f;u;l;l;t;e;x;t;_;s;i;g;n;a;l;;;c;r;o;s;s;r;e;f;_;i;d;e;n;t;i;f;i;e;r
doi__10.1007_s10989-017-9618-0,weak_source,recover_or_stage_primary_xml_then_build_material_packet,/mnt/d/work/抗菌肽/数据库/merged_amp_corpus/landed_assets/papers/doi__10.1007_s10989-017-9618-0,"Characterization of a Gloverin-Like Antimicrobial Peptide Isolated from Muga Silkworm, Antheraea assamensis",2017,"Int J Pept Res Ther. online July 27,",10.1007/s10989-017-9618-0,10,,0,1,0,1,0,8,landing_page,o;p;e;n;a;l;e;x;_;l;a;n;d;i;n;g
doi__10.1007_s10989-019-09964-7,weak_source,recover_or_stage_primary_xml_then_build_material_packet,/mnt/d/work/抗菌肽/数据库/merged_amp_corpus/landed_assets/papers/doi__10.1007_s10989-019-09964-7,Isolation and structural resolution of a haemolytically active polypeptide from the immune secretion of a European toad.,2019,Monatsh. Chem,10.1007/s10989-019-09964-7,,,0,1,0,1,0,8,landing_page,o;p;e;n;a;l;e;x;_;l;a;n;d;i;n;g
doi__10.1007_s10989-021-10183-2,weak_source,recover_or_stage_primary_xml_then_build_material_packet,/mnt/d/work/抗菌肽/数据库/merged_amp_corpus/landed_assets/papers/doi__10.1007_s10989-021-10183-2,"Design, Synthesis and Evaluation of Antimicrobial Database‑Derived Peptides Against Drug‑Resistant Gram‑Positive and Gram‑Negative Pathogens",2021,Int J Pept Res Ther,10.1007/s10989-021-10183-2,,,0,1,0,1,0,8,landing_page,o;p;e;n;a;l;e;x;_;l;a;n;d;i;n;g;;;c;r;o;s;s;r;e;f;_;i;d;e;n;t;i;f;i;e;r
doi__10.1007_s11010-015-2407-1,weak_source,recover_or_stage_primary_xml_then_build_material_packet,/mnt/d/work/抗菌肽/数据库/merged_amp_corpus/landed_assets/papers/doi__10.1007_s11010-015-2407-1,Effect of amino acid substitution in the staphylococcal peptides warnericin RK and PSMα on their anti-Legionella and hemolytic activities.,2015,Mol Cell Biochem,10.1007/s11010-015-2407-1,25869678,,0,1,0,1,0,9,landing_page,o;p;e;n;a;l;e;x;_;l;a;n;d;i;n;g
doi__10.1007_s11274-016-2096-2,weak_source,recover_or_stage_primary_xml_then_build_material_packet,/mnt/d/work/抗菌肽/数据库/merged_amp_corpus/landed_assets/papers/doi__10.1007_s11274-016-2096-2,A peptide from human β thymosin as a platform for the development of new anti-biofilm agents for Staphylococcus spp. and Pseudomonas aeruginosa.,2016,World J Microbiol Biotechnol,10.1007/s11274-016-2096-2,27339305,,0,1,0,1,0,4,landing_page,o;p;e;n;a;l;e;x;_;l;a;n;d;i;n;g
doi__10.1007_s12250-018-0068-4,weak_source,recover_or_stage_primary_xml_then_build_material_packet,/mnt/d/work/抗菌肽/数据库/merged_amp_corpus/landed_assets/papers/doi__10.1007_s12250-018-0068-4,The Scorpion Venom Peptide Smp76 Inhibits Viral Infection by Regulating Type-I Interferon Response,2018,Virol Sin.,10.1007/s12250-018-0068-4,30569290,PMC6335219,0,1,0,1,0,8,direct_pdf,o;p;e;n;a;l;e;x;_;p;d;f;;;o;p;e;n;a;l;e;x;_;l;a;n;d;i;n;g;;;f;u;l;l;t;e;x;t;_;s;i;g;n;a;l
doi__10.1007_s12539-014-0250-9,weak_source,recover_or_stage_primary_xml_then_build_material_packet,/mnt/d/work/抗菌肽/数据库/merged_amp_corpus/landed_assets/papers/doi__10.1007_s12539-014-0250-9,Optimization of the expression conditions of CGA-N46 in Bacillus subtilis DB1342(p-3N46) by response surface methodology,2015,Interdiscip Sci.,10.1007/s12539-014-0250-9,25682381,,0,1,0,1,0,9,landing_page,o;p;e;n;a;l;e;x;_;l;a;n;d;i;n;g
doi__10.1007_s12602-014-9183-1,weak_source,recover_or_stage_primary_xml_then_build_material_packet,/mnt/d/work/抗菌肽/数据库/merged_amp_corpus/landed_assets/papers/doi__10.1007_s12602-014-9183-1,"The Natural Antimicrobial Subtilosin A Synergizes with Lauramide Arginine Ethyl Ester (LAE), ε-Poly-L-lysine (Polylysine), Clindamycin Phosphate and Metronidazole, Against the Vaginal Pathogen Gardnerella vaginalis.",2015,Probiotics Antimicrob Proteins,10.1007/s12602-014-9183-1,25588687,,0,1,0,1,0,8,landing_page,o;p;e;n;a;l;e;x;_;l;a;n;d;i;n;g
doi__10.1007_s12602-021-09796-2,weak_source,recover_or_stage_primary_xml_then_build_material_packet,/mnt/d/work/抗菌肽/数据库/merged_amp_corpus/landed_assets/papers/doi__10.1007_s12602-021-09796-2,"Characterization of Iturin V, a Novel Antimicrobial Lipopeptide from a Potential Probiotic Strain Lactobacillus sp. M31.",2021,Probiotics Antimicrob Proteins,10.1007/s12602-021-09796-2,33987819,,0,1,0,1,0,8,landing_page,o;p;e;n;a;l;e;x;_;l;a;n;d;i;n;g
doi__10.1007_s12602-022-09907-7,weak_source,recover_or_stage_primary_xml_then_build_material_packet,/mnt/d/work/抗菌肽/数据库/merged_amp_corpus/landed_assets/papers/doi__10.1007_s12602-022-09907-7,"Isolation and Chemical Characterization of an Alpha-Helical Peptide, Dendrocin-ZM1, Derived from Zataria multiflora Boiss with Potent Antibacterial Activity.",2022,Probiotics Antimicrob Proteins.,10.1007/s12602-022-09907-7,35050481,,0,1,0,1,0,8,landing_page,o;p;e;n;a;l;e;x;_;l;a;n;d;i;n;g
doi__10.1007_s12602-023-10112-3,weak_source,recover_or_stage_primary_xml_then_build_material_packet,/mnt/d/work/抗菌肽/数据库/merged_amp_corpus/landed_assets/papers/doi__10.1007_s12602-023-10112-3,Structural and Biochemical Characterization of Three Antimicrobial Peptides from Capsicum annuum L. var. annuum Leaves for Anti-Candida Use.,2023,Probiotics Antimicrob Proteins.,10.1007/s12602-023-10112-3,37365421,,0,1,0,1,0,8,landing_page,o;p;e;n;a;l;e;x;_;l;a;n;d;i;n;g
doi__10.1007_s12602-025-10865-z,weak_source,recover_or_stage_primary_xml_then_build_material_packet,/mnt/d/work/抗菌肽/数据库/merged_amp_corpus/landed_assets/papers/doi__10.1007_s12602-025-10865-z,"Characterization and Biofungicide Potential of a Novel Antifungal defensin, K4CBP6, from Solanum lycopersicum L. Probiotics Antimicrob Proteins",2025,Probiotics Antimicrob Proteins.,10.1007/s12602-025-10865-z,41354719,,0,2,0,2,0,8,direct_pdf,o;p;e;n;a;l;e;x;_;p;d;f;;;o;p;e;n;a;l;e;x;_;l;a;n;d;i;n;g
doi__10.1007_s12602-025-10870-2,weak_source,recover_or_stage_primary_xml_then_build_material_packet,/mnt/d/work/抗菌肽/数据库/merged_amp_corpus/landed_assets/papers/doi__10.1007_s12602-025-10870-2,Total Chemical Synthesis and Evaluation of the Antimicrobial Properties of Porcine beta-Defensin 5 Against Gram-Positive and Gram-Negative Bacteria.,2026,Probiotics Antimicrob Proteins.,10.1007/s12602-025-10870-2,41779113,,0,2,0,2,0,8,direct_pdf,o;p;e;n;a;l;e;x;_;p;d;f;;;o;p;e;n;a;l;e;x;_;l;a;n;d;i;n;g
doi__10.1007_s13369-020-05024-1,weak_source,recover_or_stage_primary_xml_then_build_material_packet,/mnt/d/work/抗菌肽/数据库/merged_amp_corpus/landed_assets/papers/doi__10.1007_s13369-020-05024-1,"Purification, De Novo Characterization and Antibacterial Properties of a Novel, Narrow-Spectrum Bacteriostatic Tripeptide from Geotrichum candidum OMON-1",2020,Arabian Journal for Science and Engineering,10.1007/s13369-020-05024-1,,,0,1,0,1,0,8,landing_page,o;p;e;n;a;l;e;x;_;l;a;n;d;i;n;g;;;c;r;o;s;s;r;e;f;_;i;d;e;n;t;i;f;i;e;r
doi__10.1007_s13659-012-0016-1,weak_source,recover_or_stage_primary_xml_then_build_material_packet,/mnt/d/work/抗菌肽/数据库/merged_amp_corpus/landed_assets/papers/doi__10.1007_s13659-012-0016-1,Structure-function relationship of antimicrobial peptide cathelicidin Pc-CATH1,2012,Nat Prod Bioprospect,10.1007/s13659-012-0016-1,,,0,2,0,2,0,9,direct_pdf,o;p;e;n;a;l;e;x;_;p;d;f;;;o;p;e;n;a;l;e;x;_;l;a;n;d;i;n;g;;;f;u;l;l;t;e;x;t;_;s;i;g;n;a;l;;;c;r;o;s;s;r;e;f;_;i;d;e;n;t;i;f;i;e;r
doi__10.1016_0014-5793(93)80096-d,weak_source,recover_or_stage_primary_xml_then_build_material_packet,/mnt/d/work/抗菌肽/数据库/merged_amp_corpus/landed_assets/papers/doi__10.1016_0014-5793(93)80096-d,Microcin E492 forms ion channels in phospholipid bilayer membrane.,1993,FEBS Lett,10.1016/0014-5793(93)80096-d,7682973,,0,1,0,1,0,0,landing_page,o;p;e;n;a;l;e;x;_;l;a;n;d;i;n;g
doi__10.1016_0022-2836(92)90465-v,weak_source,recover_or_stage_primary_xml_then_build_material_packet,/mnt/d/work/抗菌肽/数据库/merged_amp_corpus/landed_assets/papers/doi__10.1016_0022-2836(92)90465-v,Extreme divergence of a novel wheat thionin generated by a mutational burst specifically affecting the mature protein domain of the precursor.,1992,J Mol Biol,10.1016/0022-2836(92)90465-v,1569564,,0,2,0,2,0,0,landing_page,o;p;e;n;a;l;e;x;_;l;a;n;d;i;n;g
doi__10.1016_0378-1119(88)90199-0,weak_source,recover_or_stage_primary_xml_then_build_material_packet,/mnt/d/work/抗菌肽/数据库/merged_amp_corpus/landed_assets/papers/doi__10.1016_0378-1119(88)90199-0,Nucleotide sequence and endosperm-specific expression of the structural gene for the toxin alpha-hordothionin in barley (Hordeum vulgare L.).,1988,Gene,10.1016/0378-1119(88)90199-0,2850969,,0,1,0,1,0,1,direct_pdf,o;p;e;n;a;l;e;x;_;l;a;n;d;i;n;g;;;o;p;e;n;a;l;e;x;_;p;d;f
doi__10.1016_j.bbagen.2010.12.002,weak_source,recover_or_stage_primary_xml_then_build_material_packet,/mnt/d/work/抗菌肽/数据库/merged_amp_corpus/landed_assets/papers/doi__10.1016_j.bbagen.2010.12.002,"Purification, biochemical characterization and antifungal activity of a new lipid transfer protein (LTP) from Coffea canephora seeds with ?-amylase inhibitor properties",2010,Biochim Biophys Acta.,10.1016/j.bbagen.2010.12.002,21167915,,0,1,0,1,0,0,landing_page,o;p;e;n;a;l;e;x;_;l;a;n;d;i;n;g
doi__10.1016_j.bbagen.2013.01.026,weak_source,recover_or_stage_primary_xml_then_build_material_packet,/mnt/d/work/抗菌肽/数据库/merged_amp_corpus/landed_assets/papers/doi__10.1016_j.bbagen.2013.01.026,"Design, structural and functional characterization of a Temporin-1b analog active against Gram-negative bacteria.",2013,Biochim Biophys Acta,10.1016/j.bbagen.2013.01.026,23403136,,0,1,0,1,0,0,landing_page,o;p;e;n;a;l;e;x;_;l;a;n;d;i;n;g
doi__10.1016_j.bbagen.2019.02.013,weak_source,recover_or_stage_primary_xml_then_build_material_packet,/mnt/d/work/抗菌肽/数据库/merged_amp_corpus/landed_assets/papers/doi__10.1016_j.bbagen.2019.02.013,A novel membrane-disruptive antimicrobial peptide from frog skin secretion against cystic fibrosis isolates and evaluation of anti-MRSA effect using Galleria mellonella model,2019,Biochim Biophys Acta Gen Subj,10.1016/j.bbagen.2019.02.013,30802593,,0,2,0,2,0,1,direct_pdf,l;o;c;a;l;_;p;d;f;;;o;p;e;n;a;l;e;x;_;p;d;f;;;o;p;e;n;a;l;e;x;_;l;a;n;d;i;n;g
doi__10.1016_j.bbagen.2020.129633,weak_source,recover_or_stage_primary_xml_then_build_material_packet,/mnt/d/work/抗菌肽/数据库/merged_amp_corpus/landed_assets/papers/doi__10.1016_j.bbagen.2020.129633,EcDBS1R6: A novel cationic antimicrobial peptide derived from a signal peptide sequence.,2020,Biochim Biophys Acta Gen Subj,10.1016/j.bbagen.2020.129633,32416198,,0,1,0,1,0,5,landing_page,o;p;e;n;a;l;e;x;_;l;a;n;d;i;n;g
doi__10.1016_j.bbamem.2016.12.013,weak_source,recover_or_stage_primary_xml_then_build_material_packet,/mnt/d/work/抗菌肽/数据库/merged_amp_corpus/landed_assets/papers/doi__10.1016_j.bbamem.2016.12.013,Membrane Interactions of Natural Cyclic Lipodepsipeptides of the Viscosin Group.,2016,Biochim Biophys Acta Biomembr,10.1016/j.bbamem.2016.12.013,28007479,,0,1,0,1,0,0,direct_pdf,o;p;e;n;a;l;e;x;_;l;a;n;d;i;n;g;;;o;p;e;n;a;l;e;x;_;p;d;f
doi__10.1016_j.bbamem.2025.184439,weak_source,recover_or_stage_primary_xml_then_build_material_packet,/mnt/d/work/抗菌肽/数据库/merged_amp_corpus/landed_assets/papers/doi__10.1016_j.bbamem.2025.184439,Development of amyloid-cationic peptides with antimicrobial activities: Relation to their membranotropic activities.,2025,Biochim Biophys Acta Biomembr,10.1016/j.bbamem.2025.184439,40783177,,0,1,0,1,0,6,landing_page,o;p;e;n;a;l;e;x;_;l;a;n;d;i;n;g
doi__10.1016_j.bbrc.2006.06.168,weak_source,recover_or_stage_primary_xml_then_build_material_packet,/mnt/d/work/抗菌肽/数据库/merged_amp_corpus/landed_assets/papers/doi__10.1016_j.bbrc.2006.06.168,Novel dermaseptins from Phyllomedusa hypochondrialis (Amphibia).,2006,Biochem Biophys Res Commun.,10.1016/j.bbrc.2006.06.168,16844081,,0,1,0,1,0,2,landing_page,o;p;e;n;a;l;e;x;_;l;a;n;d;i;n;g
doi__10.1016_j.bbrc.2006.12.173,weak_source,recover_or_stage_primary_xml_then_build_material_packet,/mnt/d/work/抗菌肽/数据库/merged_amp_corpus/landed_assets/papers/doi__10.1016_j.bbrc.2006.12.173,Antimicrobial properties of derivatives of the cationic tryptophan-rich hexapeptide PAF26.,2007,Biochem Biophys Res Commun,10.1016/j.bbrc.2006.12.173,17222805,,0,1,0,1,0,1,landing_page,o;p;e;n;a;l;e;x;_;l;a;n;d;i;n;g
doi__10.1016_j.bbrc.2010.07.028,weak_source,recover_or_stage_primary_xml_then_build_material_packet,/mnt/d/work/抗菌肽/数据库/merged_amp_corpus/landed_assets/papers/doi__10.1016_j.bbrc.2010.07.028,Functional analysis of an alpha-helical antimicrobial peptide derived from a novel mouse defensin-like gene.,2010,Biochem Biophys Res Commun,10.1016/j.bbrc.2010.07.028,20637182,,0,1,0,1,0,0,landing_page,o;p;e;n;a;l;e;x;_;l;a;n;d;i;n;g
doi__10.1016_j.bbrep.2022.101208,weak_source,recover_or_stage_primary_pdf_then_build_material_packet,/mnt/d/work/抗菌肽/数据库/merged_amp_corpus/landed_assets/papers/doi__10.1016_j.bbrep.2022.101208,Isolation of the mustard Napin protein Allergen Sin a 1 and characterisation of its antifungal activity.,2022,Biochem Biophys Rep.,10.1016/j.bbrep.2022.101208,35079640,PMC8777239,1,0,2,0,1,0,fulltext_or_xml,l;o;c;a;l;_;x;m;l;;;l;o;c;a;l;_;p;a;c;k;a;g;e;;;l;o;c;a;l;_;s;u;p;p;l;e;m;e;n;t;a;r;y;;;o;p;e;n;a;l;e;x;_;l;a;n;d;i;n;g;;;f;u;l;l;t;e;x;t;_;s;i;g;n;a;l
doi__10.1016_j.bmc.2009.11.009,weak_source,recover_or_stage_primary_xml_then_build_material_packet,/mnt/d/work/抗菌肽/数据库/merged_amp_corpus/landed_assets/papers/doi__10.1016_j.bmc.2009.11.009,New small-size peptides possessing antifungal activity.,2009,Bioorg Med Chem,10.1016/j.bmc.2009.11.009,19959366,,0,1,0,1,0,2,direct_pdf,o;p;e;n;a;l;e;x;_;p;d;f;;;o;p;e;n;a;l;e;x;_;l;a;n;d;i;n;g
doi__10.1016_j.bmc.2012.08.017,weak_source,recover_or_stage_primary_xml_then_build_material_packet,/mnt/d/work/抗菌肽/数据库/merged_amp_corpus/landed_assets/papers/doi__10.1016_j.bmc.2012.08.017,"Minutissamides E-L, antiproliferative cyclic lipodecapeptides from the cultured freshwater cyanobacterium cf. Anabaena sp.",2012,Bioorg Med Chem,10.1016/j.bmc.2012.08.017,22980217,PMC3471652,0,2,0,2,0,0,fulltext_or_xml,f;u;l;l;t;e;x;t;_;s;i;g;n;a;l;;;o;p;e;n;a;l;e;x;_;l;a;n;d;i;n;g
doi__10.1016_j.bmcl.2012.12.020,weak_source,recover_or_stage_primary_xml_then_build_material_packet,/mnt/d/work/抗菌肽/数据库/merged_amp_corpus/landed_assets/papers/doi__10.1016_j.bmcl.2012.12.020,Dipeptide cis-cyclo(Leucyl-Tyrosyl) produced by sponge associated Penicillium sp. F37 inhibits biofilm formation of the pathogenic Staphylococcus epidermidis.,2012,Bioorg Med Chem Lett,10.1016/j.bmcl.2012.12.020,23290053,,0,2,0,2,0,0,direct_pdf,o;p;e;n;a;l;e;x;_;p;d;f;;;o;p;e;n;a;l;e;x;_;l;a;n;d;i;n;g
doi__10.1016_j.bpc.2015.06.002,weak_source,recover_or_stage_primary_xml_then_build_material_packet,/mnt/d/work/抗菌肽/数据库/merged_amp_corpus/landed_assets/papers/doi__10.1016_j.bpc.2015.06.002,Investigations of the synergistic enhancement of antimicrobial activity in mixtures of magainin 2 and PGLa.,2015,Biophys Chem,10.1016/j.bpc.2015.06.002,26099623,,0,1,0,1,0,7,landing_page,o;p;e;n;a;l;e;x;_;l;a;n;d;i;n;g
doi__10.1016_j.cbpa.2007.03.016,weak_source,recover_or_stage_primary_xml_then_build_material_packet,/mnt/d/work/抗菌肽/数据库/merged_amp_corpus/landed_assets/papers/doi__10.1016_j.cbpa.2007.03.016,"Dermaseptins from Phyllomedusa oreades and Phyllomedusa distincta: Secondary structure, antimicrobial activity, and mammalian cell toxicity.",2007,Comp Biochem Physiol A Mol Integr Physiol,10.1016/j.cbpa.2007.03.016,17442605,,0,1,0,1,0,0,landing_page,o;p;e;n;a;l;e;x;_;l;a;n;d;i;n;g
doi__10.1016_j.cbpa.2017.02.006,weak_source,recover_or_stage_primary_xml_then_build_material_packet,/mnt/d/work/抗菌肽/数据库/merged_amp_corpus/landed_assets/papers/doi__10.1016_j.cbpa.2017.02.006,"past, present and future",2017,,10.1016/j.cbpa.2017.02.006,28249193,,0,1,0,1,0,0,landing_page,o;p;e;n;a;l;e;x;_;l;a;n;d;i;n;g
doi__10.1016_j.colsurfb.2016.02.003,weak_source,recover_or_stage_primary_xml_then_build_material_packet,/mnt/d/work/抗菌肽/数据库/merged_amp_corpus/landed_assets/papers/doi__10.1016_j.colsurfb.2016.02.003,Role of amphipathicity and hydrophobicity in the balance between hemolysis and peptide-membrane interactions of three related antimicrobial peptides.,2016,Colloids Surf B Biointerfaces,10.1016/j.colsurfb.2016.02.003,26896660,,0,1,0,1,0,0,landing_page,o;p;e;n;a;l;e;x;_;l;a;n;d;i;n;g
doi__10.1016_j.dci.2006.07.006,weak_source,recover_or_stage_primary_xml_then_build_material_packet,/mnt/d/work/抗菌肽/数据库/merged_amp_corpus/landed_assets/papers/doi__10.1016_j.dci.2006.07.006,Molecular characterization of two isoforms of defensin from hemocytes of the oyster Crassostrea gigas.,2006,Dev Comp Immunol.,10.1016/j.dci.2006.07.006,16962661,,0,2,0,2,0,2,direct_pdf,o;p;e;n;a;l;e;x;_;p;d;f;;;o;p;e;n;a;l;e;x;_;l;a;n;d;i;n;g
doi__10.1016_j.dci.2007.05.006,weak_source,recover_or_stage_primary_xml_then_build_material_packet,/mnt/d/work/抗菌肽/数据库/merged_amp_corpus/landed_assets/papers/doi__10.1016_j.dci.2007.05.006,"NMR structure of mussel mytilin, and antiviral-antibacterial activities of derived synthetic peptides.",2007,Dev Comp Immunol,10.1016/j.dci.2007.05.006,17628674,,0,2,0,2,0,2,direct_pdf,o;p;e;n;a;l;e;x;_;p;d;f;;;o;p;e;n;a;l;e;x;_;l;a;n;d;i;n;g
doi__10.1016_j.dci.2019.02.012,weak_source,recover_or_stage_primary_xml_then_build_material_packet,/mnt/d/work/抗菌肽/数据库/merged_amp_corpus/landed_assets/papers/doi__10.1016_j.dci.2019.02.012,Fish-derived antimicrobial peptides: Activity of a chionodracine mutant against bacterial models and human bacterial pathogens.,2019,Dev Comp Immunol.,10.1016/j.dci.2019.02.012,30790604,,0,1,0,1,0,3,landing_page,o;p;e;n;a;l;e;x;_;l;a;n;d;i;n;g
doi__10.1016_j.dci.2019.103574,weak_source,recover_or_stage_primary_xml_then_build_material_packet,/mnt/d/work/抗菌肽/数据库/merged_amp_corpus/landed_assets/papers/doi__10.1016_j.dci.2019.103574,"Identification and Functional Characterization of the Astacidin Family of Proline-Rich Host Defence Peptides (PcAst) From the Red Swamp Crayfish (Procambarus Clarkii, Girard 1852)",2019,Dev Comp Immunol.,10.1016/j.dci.2019.103574,31884202,,0,1,0,1,0,1,landing_page,o;p;e;n;a;l;e;x;_;l;a;n;d;i;n;g
doi__10.1016_j.ejmech.2022.114278,weak_source,recover_or_stage_primary_xml_then_build_material_packet,/mnt/d/work/抗菌肽/数据库/merged_amp_corpus/landed_assets/papers/doi__10.1016_j.ejmech.2022.114278,Amphiphilic cyclic peptide [W(4)KR(5)]-Antibiotics combinations as broad-spectrum antimicrobial agents.,2022,Eur J Med Chem,10.1016/j.ejmech.2022.114278,35339840,,0,1,0,1,0,0,landing_page,o;p;e;n;a;l;e;x;_;l;a;n;d;i;n;g
doi__10.1016_j.fsi.2016.11.004,weak_source,recover_or_stage_primary_xml_then_build_material_packet,/mnt/d/work/抗菌肽/数据库/merged_amp_corpus/landed_assets/papers/doi__10.1016_j.fsi.2016.11.004,Antimicrobial and host cell-directed activities of Gly/Ser-rich peptides from salmonid cathelicidins.,2016,Fish Shellfish Immunol,10.1016/j.fsi.2016.11.004,27818338,,0,1,0,1,0,2,landing_page,o;p;e;n;a;l;e;x;_;l;a;n;d;i;n;g
doi__10.1016_j.fsi.2019.08.054,weak_source,recover_or_stage_primary_xml_then_build_material_packet,/mnt/d/work/抗菌肽/数据库/merged_amp_corpus/landed_assets/papers/doi__10.1016_j.fsi.2019.08.054,Antimicrobial activity and mechanisms of multiple antimicrobial peptides isolated from rockfish Sebastiscus marmoratus,2019,Fish Shellfish Immunol.,10.1016/j.fsi.2019.08.054,31449978,,0,2,0,2,0,1,direct_pdf,o;p;e;n;a;l;e;x;_;p;d;f;;;o;p;e;n;a;l;e;x;_;l;a;n;d;i;n;g
doi__10.1016_j.ijantimicag.2009.11.017,weak_source,recover_or_stage_primary_xml_then_build_material_packet,/mnt/d/work/抗菌肽/数据库/merged_amp_corpus/landed_assets/papers/doi__10.1016_j.ijantimicag.2009.11.017,"Purification, characterisation and identification of acidocin LCHV, an antimicrobial peptide produced by Lactobacillus acidophilus n.v. Er 317/402 strain Narine",2010,Int J Antimicrob Agents.,10.1016/j.ijantimicag.2009.11.017,20045288,,0,1,0,1,0,5,landing_page,o;p;e;n;a;l;e;x;_;l;a;n;d;i;n;g
doi__10.1016_j.ijantimicag.2010.08.020,weak_source,recover_or_stage_primary_xml_then_build_material_packet,/mnt/d/work/抗菌肽/数据库/merged_amp_corpus/landed_assets/papers/doi__10.1016_j.ijantimicag.2010.08.020,Fungicidal activity of human lactoferrin-derived peptides based on the antimicrobial αβ region.,2010,Int J Antimicrob Agents,10.1016/j.ijantimicag.2010.08.020,21075607,,0,1,0,1,0,5,landing_page,o;p;e;n;a;l;e;x;_;l;a;n;d;i;n;g
doi__10.1016_j.ijantimicag.2010.10.028,weak_source,recover_or_stage_primary_xml_then_build_material_packet,/mnt/d/work/抗菌肽/数据库/merged_amp_corpus/landed_assets/papers/doi__10.1016_j.ijantimicag.2010.10.028,Bactericidal oncocin derivatives with superior serum stabilities.,2010,Int J Antimicrob Agents,10.1016/j.ijantimicag.2010.10.028,21185160,,0,1,0,1,0,4,landing_page,o;p;e;n;a;l;e;x;_;l;a;n;d;i;n;g
doi__10.1016_j.ijantimicag.2019.05.019,weak_source,recover_or_stage_primary_xml_then_build_material_packet,/mnt/d/work/抗菌肽/数据库/merged_amp_corpus/landed_assets/papers/doi__10.1016_j.ijantimicag.2019.05.019,Antimicrobial activity of two novel antimicrobial peptides AA139 and SET-M33 against clinically and genotypically diverse Klebsiella pneumoniae isolates with differing antibiotic resistance profiles.,2019,Int J Antimicrob Agents.,10.1016/j.ijantimicag.2019.05.019,31173867,,0,1,0,1,0,2,landing_page,o;p;e;n;a;l;e;x;_;l;a;n;d;i;n;g
doi__10.1016_j.jasms.2005.11.017,weak_source,recover_or_stage_primary_xml_then_build_material_packet,/mnt/d/work/抗菌肽/数据库/merged_amp_corpus/landed_assets/papers/doi__10.1016_j.jasms.2005.11.017,"Dominulin A and B: two new antibacterial peptides identified on the cuticle and in the venom of the social paper wasp Polistes dominulus using MALDI-TOF, MALDI-TOF/TOF, and ESI-ion trap.",2006,J Am Soc Mass Spectrom,10.1016/j.jasms.2005.11.017,16446098,,0,1,0,1,0,0,direct_pdf,o;p;e;n;a;l;e;x;_;p;d;f;;;o;p;e;n;a;l;e;x;_;l;a;n;d;i;n;g
doi__10.1016_j.jmb.2021.167225,weak_source,recover_or_stage_primary_xml_then_build_material_packet,/mnt/d/work/抗菌肽/数据库/merged_amp_corpus/landed_assets/papers/doi__10.1016_j.jmb.2021.167225,Inhibition of SARS-CoV-2 Infection by Human Defensin HNP1 and Retrocyclin RC-101.,2021,J Mol Biol,10.1016/j.jmb.2021.167225,34487793,PMC8413479,0,1,0,1,1,10,direct_pdf,l;o;c;a;l;_;p;d;f;;;l;o;c;a;l;_;p;a;c;k;a;g;e;;;o;p;e;n;a;l;e;x;_;l;a;n;d;i;n;g;;;f;u;l;l;t;e;x;t;_;s;i;g;n;a;l
doi__10.1016_j.molimm.2008.07.021,weak_source,recover_or_stage_primary_xml_then_build_material_packet,/mnt/d/work/抗菌肽/数据库/merged_amp_corpus/landed_assets/papers/doi__10.1016_j.molimm.2008.07.021,Oyster hemocytes express a proline-rich peptide displaying synergistic antimicrobial activity with a defensin.,2008,Mol Immunol,10.1016/j.molimm.2008.07.021,18962895,,0,2,0,2,0,1,direct_pdf,o;p;e;n;a;l;e;x;_;p;d;f;;;o;p;e;n;a;l;e;x;_;l;a;n;d;i;n;g
doi__10.1016_j.peptides.2008.06.022,weak_source,recover_or_stage_primary_xml_then_build_material_packet,/mnt/d/work/抗菌肽/数据库/merged_amp_corpus/landed_assets/papers/doi__10.1016_j.peptides.2008.06.022,"Solution NMR structures of the antimicrobial peptides phylloseptin-1, -2, and -3 and biological activity: the role of charges and hydrogen bonding interactions in stabilizing helix conformations.",2008,Peptides,10.1016/j.peptides.2008.06.022,18656510,,0,1,0,1,0,0,landing_page,o;p;e;n;a;l;e;x;_;l;a;n;d;i;n;g
doi__10.1016_j.peptides.2016.03.006,weak_source,recover_or_stage_primary_xml_then_build_material_packet,/mnt/d/work/抗菌肽/数据库/merged_amp_corpus/landed_assets/papers/doi__10.1016_j.peptides.2016.03.006,Antimicrobial properties of two novel peptides derived from Theobroma cacao osmotin.,2016,Peptides,10.1016/j.peptides.2016.03.006,26996966,,0,1,0,1,0,0,landing_page,o;p;e;n;a;l;e;x;_;l;a;n;d;i;n;g
doi__10.1016_j.peptides.2018.01.007,weak_source,recover_or_stage_primary_xml_then_build_material_packet,/mnt/d/work/抗菌肽/数据库/merged_amp_corpus/landed_assets/papers/doi__10.1016_j.peptides.2018.01.007,The cationic tetradecapeptide mastoparan as a privileged structure for drug discovery: Enhanced antimicrobial properties of mitoparan analogues modified at position-14.,2018,Peptides,10.1016/j.peptides.2018.01.007,29337270,,0,1,0,1,0,0,landing_page,o;p;e;n;a;l;e;x;_;l;a;n;d;i;n;g
doi__10.1016_j.peptides.2018.12.007,weak_source,recover_or_stage_primary_xml_then_build_material_packet,/mnt/d/work/抗菌肽/数据库/merged_amp_corpus/landed_assets/papers/doi__10.1016_j.peptides.2018.12.007,"Host-defense peptides AC12, DK16 and RC11 with immunomodulatory activity isolated from Hypsiboas raniceps skin secretion.",2019,Peptides,10.1016/j.peptides.2018.12.007,30610885,,0,1,0,1,0,0,landing_page,o;p;e;n;a;l;e;x;_;l;a;n;d;i;n;g
doi__10.1016_j.tet.2009.03.045,weak_source,recover_or_stage_primary_xml_then_build_material_packet,/mnt/d/work/抗菌肽/数据库/merged_amp_corpus/landed_assets/papers/doi__10.1016_j.tet.2009.03.045,"Structure and X-ray conformation of pseudodesmins A and B, two new cyclic lipodepsipeptides from Pseudomonas bacteria",2009,Tetrahedron,10.1016/j.tet.2009.03.045,,,0,1,0,1,0,5,fulltext_or_xml,o;p;e;n;a;l;e;x;_;l;a;n;d;i;n;g;;;f;u;l;l;t;e;x;t;_;s;i;g;n;a;l;;;c;r;o;s;s;r;e;f;_;i;d;e;n;t;i;f;i;e;r
doi__10.1016_j.toxicon.2007.04.027,weak_source,recover_or_stage_primary_xml_then_build_material_packet,/mnt/d/work/抗菌肽/数据库/merged_amp_corpus/landed_assets/papers/doi__10.1016_j.toxicon.2007.04.027,Antimicrobial peptide from the skin secretion of the frog Leptodactylus syphax.,2007,Toxicon,10.1016/j.toxicon.2007.04.027,17628627,,0,1,0,1,0,0,landing_page,o;p;e;n;a;l;e;x;_;l;a;n;d;i;n;g
doi__10.1016_j.toxicon.2010.09.010,weak_source,recover_or_stage_primary_xml_then_build_material_packet,/mnt/d/work/抗菌肽/数据库/merged_amp_corpus/landed_assets/papers/doi__10.1016_j.toxicon.2010.09.010,"Peptidomic dissection of the skin secretion of Phasmahyla jandaia (Bokermann and Sazima, 1978) (Anura, Hylidae, Phyllomedusinae).",2010,Toxicon,10.1016/j.toxicon.2010.09.010,20932854,,0,1,0,1,0,0,landing_page,o;p;e;n;a;l;e;x;_;l;a;n;d;i;n;g
doi__10.1016_j.tube.2018.10.008,weak_source,recover_or_stage_primary_pdf_then_build_material_packet,/mnt/d/work/抗菌肽/数据库/merged_amp_corpus/landed_assets/papers/doi__10.1016_j.tube.2018.10.008,A novel derivative of the fungal antimicrobial peptide plectasin is active against Mycobacterium tuberculosis.,2018,Tuberculosis (Edinb),10.1016/j.tube.2018.10.008,30514507,PMC6289163,2,0,2,0,1,0,fulltext_or_xml,l;o;c;a;l;_;x;m;l;;;l;o;c;a;l;_;p;a;c;k;a;g;e;;;o;p;e;n;a;l;e;x;_;l;a;n;d;i;n;g;;;f;u;l;l;t;e;x;t;_;s;i;g;n;a;l
doi__10.1016_j.virusres.2014.03.010,weak_source,recover_or_stage_primary_pdf_then_build_material_packet,/mnt/d/work/抗菌肽/数据库/merged_amp_corpus/landed_assets/papers/doi__10.1016_j.virusres.2014.03.010,[A cyclotide against influenza A H1N1 virus from Viola yedoensis],2014,Yao Xue Xue Bao.,10.1016/j.virusres.2014.03.010,24662240,PMC7114376,1,0,1,0,0,0,fulltext_or_xml,o;p;e;n;a;l;e;x;_;l;a;n;d;i;n;g;;;f;u;l;l;t;e;x;t;_;s;i;g;n;a;l
doi__10.1016_s0041-0101(98)00226-8,weak_source,recover_or_stage_primary_xml_then_build_material_packet,/mnt/d/work/抗菌肽/数据库/merged_amp_corpus/landed_assets/papers/doi__10.1016_s0041-0101(98)00226-8,Nucleotide sequence of crotamine isoform precursors from a single South American rattlesnake (Crotalus durissus terrificus).,1999,Toxicon,10.1016/s0041-0101(98)00226-8,10484745,,0,1,0,1,0,0,landing_page,o;p;e;n;a;l;e;x;_;l;a;n;d;i;n;g
doi__10.1017_s0031182017001846,weak_source,recover_or_stage_primary_xml_then_build_material_packet,/mnt/d/work/抗菌肽/数据库/merged_amp_corpus/landed_assets/papers/doi__10.1017_s0031182017001846,"Antichagasic effect of crotalicidin, a cathelicidin-like vipericidin, found in Crotalus durissus terrificus rattlesnake's venom gland.",2017,Parasitology,10.1017/s0031182017001846,29208061,,0,2,0,2,0,9,landing_page,o;p;e;n;a;l;e;x;_;l;a;n;d;i;n;g
doi__10.1021_acs.biomac.3c00218,weak_source,recover_or_stage_primary_pdf_then_build_material_packet,/mnt/d/work/抗菌肽/数据库/merged_amp_corpus/landed_assets/papers/doi__10.1021_acs.biomac.3c00218,Lung SPLUNC1 Peptide Derivatives in the Lipid Membrane Headgroup Kill Gram-Negative Planktonic and Biofilm Bacteria,2023,Biomacromolecules.,10.1021/acs.biomac.3c00218,37223955,PMC10265666,1,0,2,0,1,0,direct_pdf,l;o;c;a;l;_;x;m;l;;;l;o;c;a;l;_;p;a;c;k;a;g;e;;;l;o;c;a;l;_;s;u;p;p;l;e;m;e;n;t;a;r;y;;;o;p;e;n;a;l;e;x;_;p;d;f;;;o;p;e;n;a;l;e;x;_;l;a;n;d;i;n;g;;;f;u;l;l;t;e;x;t;_;s;i;g;n;a;l
doi__10.1021_acs.jmedchem.0c00665,weak_source,recover_or_stage_primary_xml_then_build_material_packet,/mnt/d/work/抗菌肽/数据库/merged_amp_corpus/landed_assets/papers/doi__10.1021_acs.jmedchem.0c00665,Peptide Inhibitors of Bacterial Protein Synthesis with Broad Spectrum and SbmA-Independent Bactericidal Activity against Clinical Pathogens.,2020,J Med Chem.,10.1021/acs.jmedchem.0c00665,32787108,,0,1,0,1,0,0,direct_pdf,f;u;l;l;t;e;x;t;_;s;i;g;n;a;l;;;n;c;b;i;_;d;o;i;;;o;p;e;n;a;l;e;x;_;l;a;n;d;i;n;g;;;o;p;e;n;a;l;e;x;_;p;d;f
doi__10.1021_acs.jmedchem.7b01831,weak_source,recover_or_stage_primary_xml_then_build_material_packet,/mnt/d/work/抗菌肽/数据库/merged_amp_corpus/landed_assets/papers/doi__10.1021_acs.jmedchem.7b01831,Antibacterial Activity Affected by the Conformational Flexibility in Glycine-Lysine Based α-Helical Antimicrobial Peptides.,2018,J Med Chem,10.1021/acs.jmedchem.7b01831,29553266,,0,1,0,1,0,0,fulltext_or_xml,o;p;e;n;a;l;e;x;_;l;a;n;d;i;n;g;;;f;u;l;l;t;e;x;t;_;s;i;g;n;a;l;;;n;c;b;i;_;d;o;i
doi__10.1021_acs.jnatprod.4c00170,weak_source,recover_or_stage_primary_pdf_then_build_material_packet,/mnt/d/work/抗菌肽/数据库/merged_amp_corpus/landed_assets/papers/doi__10.1021_acs.jnatprod.4c00170,"Discovery, Biosynthesis, and Characterization of Rodencin, a Two-Component Lanthipeptide, Harboring d-Amino Acids Introduced by the Unusual Dehydrogenase RodJA",2024,J Nat Prod.,10.1021/acs.jnatprod.4c00170,39302883,PMC11519912,1,0,2,0,1,0,fulltext_or_xml,l;o;c;a;l;_;x;m;l;;;l;o;c;a;l;_;p;a;c;k;a;g;e;;;l;o;c;a;l;_;s;u;p;p;l;e;m;e;n;t;a;r;y;;;o;p;e;n;a;l;e;x;_;l;a;n;d;i;n;g;;;f;u;l;l;t;e;x;t;_;s;i;g;n;a;l
doi__10.1021_acs.jnatprod.5c01216,weak_source,recover_or_stage_primary_pdf_then_build_material_packet,/mnt/d/work/抗菌肽/数据库/merged_amp_corpus/landed_assets/papers/doi__10.1021_acs.jnatprod.5c01216,"Discovery, Isolation, and Bactericidal Activity of a Cyclotide from Spigelia anthelmia L. (Loganiaceae).",2026,J Nat Prod.,10.1021/acs.jnatprod.5c01216,41524414,PMC12836362,1,0,2,0,1,0,fulltext_or_xml,l;o;c;a;l;_;x;m;l;;;l;o;c;a;l;_;p;a;c;k;a;g;e;;;l;o;c;a;l;_;s;u;p;p;l;e;m;e;n;t;a;r;y;;;o;p;e;n;a;l;e;x;_;l;a;n;d;i;n;g;;;f;u;l;l;t;e;x;t;_;s;i;g;n;a;l
doi__10.1021_acs.jnatprod.7b00780,weak_source,recover_or_stage_primary_xml_then_build_material_packet,/mnt/d/work/抗菌肽/数据库/merged_amp_corpus/landed_assets/papers/doi__10.1021_acs.jnatprod.7b00780,"Paralithocins, Antimicrobial Peptides with Unusual Disulfide Connectivity from the Red King Crab, Paralithodes camtschaticus",2018,J Nat Prod.,10.1021/acs.jnatprod.7b00780,29338238,,0,1,0,1,0,0,landing_page,o;p;e;n;a;l;e;x;_;l;a;n;d;i;n;g
doi__10.1021_acs.joc.5b01878,weak_source,recover_or_stage_primary_xml_then_build_material_packet,/mnt/d/work/抗菌肽/数据库/merged_amp_corpus/landed_assets/papers/doi__10.1021_acs.joc.5b01878,"Chaxapeptin, a Lasso Peptide from Extremotolerant Streptomyces leeuwenhoekii Strain C58 from the Hyperarid Atacama Desert",2015,J Org Chem,10.1021/acs.joc.5b01878,26402731,,0,5,0,5,0,0,landing_page,o;p;e;n;a;l;e;x;_;l;a;n;d;i;n;g
doi__10.1021_acs.langmuir.6b03477,weak_source,recover_or_stage_primary_xml_then_build_material_packet,/mnt/d/work/抗菌肽/数据库/merged_amp_corpus/landed_assets/papers/doi__10.1021_acs.langmuir.6b03477,Cyclization Improves Membrane Permeation by Antimicrobial Peptoids.,2016,Langmuir,10.1021/acs.langmuir.6b03477,27793068,PMC9647730,0,3,0,3,0,0,direct_pdf,l;o;c;a;l;_;p;d;f;;;o;p;e;n;a;l;e;x;_;p;d;f;;;o;p;e;n;a;l;e;x;_;l;a;n;d;i;n;g;;;f;u;l;l;t;e;x;t;_;s;i;g;n;a;l
doi__10.1021_acs.molpharmaceut.5b00113,weak_source,recover_or_stage_primary_xml_then_build_material_packet,/mnt/d/work/抗菌肽/数据库/merged_amp_corpus/landed_assets/papers/doi__10.1021_acs.molpharmaceut.5b00113,A 17-mer Membrane-Active MSI-78 Derivative with Improved Selectivity toward Bacterial Cells.,2015,Mol Pharm,10.1021/acs.molpharmaceut.5b00113,26066462,,0,1,0,1,0,1,landing_page,o;p;e;n;a;l;e;x;_;l;a;n;d;i;n;g
doi__10.1021_acschembio.9b00593,weak_source,recover_or_stage_primary_xml_then_build_material_packet,/mnt/d/work/抗菌肽/数据库/merged_amp_corpus/landed_assets/papers/doi__10.1021_acschembio.9b00593,Cell Membrane Composition Drives Selectivity and Toxicity of Designed Cyclic Helix-Loop-Helix Peptides with Cell Penetrating and Tumor Suppressor Properties.,2019,ACS Chem Biol,10.1021/acschembio.9b00593,31390185,,0,1,0,1,0,0,direct_pdf,o;p;e;n;a;l;e;x;_;p;d;f;;;o;p;e;n;a;l;e;x;_;l;a;n;d;i;n;g
doi__10.1021_acsomega.4c09593,weak_source,recover_or_stage_primary_pdf_then_build_material_packet,/mnt/d/work/抗菌肽/数据库/merged_amp_corpus/landed_assets/papers/doi__10.1021_acsomega.4c09593,"Improving the Activity and Selectivity of a Scorpion-Derived Peptide, A3a, against Acinetobacter baumannii through Rational Design.",2025,ACS Omega.,10.1021/acsomega.4c09593,39959037,PMC11822712,1,0,2,0,1,0,fulltext_or_xml,l;o;c;a;l;_;x;m;l;;;l;o;c;a;l;_;p;a;c;k;a;g;e;;;l;o;c;a;l;_;s;u;p;p;l;e;m;e;n;t;a;r;y;;;o;p;e;n;a;l;e;x;_;l;a;n;d;i;n;g;;;f;u;l;l;t;e;x;t;_;s;i;g;n;a;l
doi__10.1021_acsomega.6b00354,weak_source,recover_or_stage_primary_pdf_then_build_material_packet,/mnt/d/work/抗菌肽/数据库/merged_amp_corpus/landed_assets/papers/doi__10.1021_acsomega.6b00354,Lysine Scanning of Arg10-Teixobactin: Deciphering the Role of Hydrophobic and Hydrophilic Residues.,2016,ACS Omega.,10.1021/acsomega.6b00354,30023506,PMC6044708,1,0,2,0,1,0,fulltext_or_xml,l;o;c;a;l;_;x;m;l;;;l;o;c;a;l;_;p;a;c;k;a;g;e;;;l;o;c;a;l;_;s;u;p;p;l;e;m;e;n;t;a;r;y;;;o;p;e;n;a;l;e;x;_;l;a;n;d;i;n;g;;;f;u;l;l;t;e;x;t;_;s;i;g;n;a;l
doi__10.1021_bi035400o,weak_source,recover_or_stage_primary_xml_then_build_material_packet,/mnt/d/work/抗菌肽/数据库/merged_amp_corpus/landed_assets/papers/doi__10.1021_bi035400o,Solution structure of Alo-3: a new knottin-type antifungal peptide from the insect Acrocinus longimanus,2003,Biochemistry,10.1021/bi035400o,14661954,,0,1,0,1,0,4,landing_page,o;p;e;n;a;l;e;x;_;l;a;n;d;i;n;g
doi__10.1021_bi047608v,weak_source,recover_or_stage_primary_xml_then_build_material_packet,/mnt/d/work/抗菌肽/数据库/merged_amp_corpus/landed_assets/papers/doi__10.1021_bi047608v,Characterization and structural analyses of nonspecific lipid transfer protein 1 from mung bean.,2005,Biochemistry,10.1021/bi047608v,15823028,,0,1,0,1,0,0,landing_page,o;p;e;n;a;l;e;x;_;l;a;n;d;i;n;g
doi__10.1021_jacs.2c12971,weak_source,recover_or_stage_primary_xml_then_build_material_packet,/mnt/d/work/抗菌肽/数据库/merged_amp_corpus/landed_assets/papers/doi__10.1021_jacs.2c12971,Discovery of Biologically Optimized Polymyxin Derivatives Facilitated by Peptide Scanning and In Situ Screening Chemistry.,2023,J Am Chem Soc,10.1021/jacs.2c12971,36708325,,0,1,0,1,0,0,direct_pdf,o;p;e;n;a;l;e;x;_;l;a;n;d;i;n;g;;;o;p;e;n;a;l;e;x;_;p;d;f
doi__10.1021_jacs.8b11939,weak_source,recover_or_stage_primary_xml_then_build_material_packet,/mnt/d/work/抗菌肽/数据库/merged_amp_corpus/landed_assets/papers/doi__10.1021_jacs.8b11939,Simulation-Guided Rational De Novo Design of a Small Pore-Forming Antimicrobial Peptide,2019,J Am Chem Soc.,10.1021/jacs.8b11939,30839209,,0,1,0,1,0,0,direct_pdf,o;p;e;n;a;l;e;x;_;l;a;n;d;i;n;g;;;o;p;e;n;a;l;e;x;_;p;d;f
doi__10.1021_jm501367p,weak_source,recover_or_stage_primary_xml_then_build_material_packet,/mnt/d/work/抗菌肽/数据库/merged_amp_corpus/landed_assets/papers/doi__10.1021_jm501367p,Effect of size and N-terminal residue characteristics on bacterial cell penetration and antibacterial activity of the proline-rich peptide Bac7.,2014,J Med Chem,10.1021/jm501367p,25525837,,0,1,0,1,0,0,landing_page,o;p;e;n;a;l;e;x;_;l;a;n;d;i;n;g
doi__10.1021_mp3007117,weak_source,recover_or_stage_primary_xml_then_build_material_packet,/mnt/d/work/抗菌肽/数据库/merged_amp_corpus/landed_assets/papers/doi__10.1021_mp3007117,Polyarginine molecular weight determines transfection efficiency of calcium condensed complexes.,2013,Mol Pharm,10.1021/mp3007117,23534410,,0,1,0,1,0,0,direct_pdf,o;p;e;n;a;l;e;x;_;p;d;f;;;o;p;e;n;a;l;e;x;_;l;a;n;d;i;n;g
doi__10.1021_np100613p,weak_source,recover_or_stage_primary_xml_then_build_material_packet,/mnt/d/work/抗菌肽/数据库/merged_amp_corpus/landed_assets/papers/doi__10.1021_np100613p,"Mirabamides E-H, HIV-inhibitory depsipeptides from the sponge Stelletta clavosa.",2011,J Nat Prod,10.1021/np100613p,21280591,PMC3072293,0,1,0,1,0,10,fulltext_or_xml,o;p;e;n;a;l;e;x;_;l;a;n;d;i;n;g;;;f;u;l;l;t;e;x;t;_;s;i;g;n;a;l
doi__10.1021_np4009317,weak_source,recover_or_stage_primary_xml_then_build_material_packet,/mnt/d/work/抗菌肽/数据库/merged_amp_corpus/landed_assets/papers/doi__10.1021_np4009317,Antimicrobial Peptides from Skin Secretions of Hypsiboas pulchellus (Anura: Hylidae).,2014,J Nat Prod.,10.1021/np4009317,24717080,,0,1,0,1,0,0,landing_page,o;p;e;n;a;l;e;x;_;l;a;n;d;i;n;g
doi__10.1021_np500907t,weak_source,recover_or_stage_primary_xml_then_build_material_packet,/mnt/d/work/抗菌肽/数据库/merged_amp_corpus/landed_assets/papers/doi__10.1021_np500907t,Characterization and Biological Activities of Ocellatin Peptides from the Skin Secretion of the Frog Leptodactylus pustulatus.,2015,J Nat Prod,10.1021/np500907t,26107622,,0,1,0,1,0,0,landing_page,o;p;e;n;a;l;e;x;_;l;a;n;d;i;n;g
doi__10.1021_np501061t,weak_source,recover_or_stage_primary_pdf_then_build_material_packet,/mnt/d/work/抗菌肽/数据库/merged_amp_corpus/landed_assets/papers/doi__10.1021_np501061t,Inhibition of Human Prolyl Oligopeptidase Activity by the Cyclotide Psysol 2 Isolated from Psychotria solitudinum,2015,J Nat Prod.,10.1021/np501061t,25894999,PMC4444998,1,0,2,0,1,0,fulltext_or_xml,l;o;c;a;l;_;x;m;l;;;l;o;c;a;l;_;p;a;c;k;a;g;e;;;l;o;c;a;l;_;s;u;p;p;l;e;m;e;n;t;a;r;y;;;o;p;e;n;a;l;e;x;_;l;a;n;d;i;n;g;;;f;u;l;l;t;e;x;t;_;s;i;g;n;a;l
doi__10.1023_a_1010664704926,weak_source,recover_or_stage_primary_xml_then_build_material_packet,/mnt/d/work/抗菌肽/数据库/merged_amp_corpus/landed_assets/papers/doi__10.1023_a_1010664704926,Two large Arabidopsis thaliana gene families are homologous to the Brassica gene superfamily that encodes pollen coat proteins and the male component of the self-incompatibility response.,2001,Plant Mol Biol,10.1023/a:1010664704926,11437247,,0,1,0,1,0,5,landing_page,o;p;e;n;a;l;e;x;_;l;a;n;d;i;n;g
doi__10.1038_35086601,weak_source,recover_or_stage_primary_pdf_then_build_material_packet,/mnt/d/work/抗菌肽/数据库/merged_amp_corpus/landed_assets/papers/doi__10.1038_35086601,"Antibacterial agents based on the cyclic D,L-alpha-peptide architecture",2001,Nature,10.1038/35086601,11473322,,1,0,1,0,0,10,landing_page,n;c;b;i;_;d;o;i;;;o;p;e;n;a;l;e;x;_;l;a;n;d;i;n;g
doi__10.1038_37052,weak_source,recover_or_stage_primary_xml_then_build_material_packet,/mnt/d/work/抗菌肽/数据库/merged_amp_corpus/landed_assets/papers/doi__10.1038_37052,"The complete genome sequence of the hyperthermophilic, sulphate-reducing archaeon Archaeoglobus fulgidus.",1997,Nature,10.1038/37052,9389475,,0,2,0,2,0,10,direct_pdf,o;p;e;n;a;l;e;x;_;p;d;f;;;o;p;e;n;a;l;e;x;_;l;a;n;d;i;n;g
doi__10.1038_414865a,weak_source,recover_or_stage_primary_xml_then_build_material_packet,/mnt/d/work/抗菌肽/数据库/merged_amp_corpus/landed_assets/papers/doi__10.1038_414865a,The DNA sequence and comparative analysis of human chromosome 20.,2001,Nature,10.1038/414865a,11780052,,0,2,0,2,0,10,direct_pdf,o;p;e;n;a;l;e;x;_;p;d;f;;;o;p;e;n;a;l;e;x;_;l;a;n;d;i;n;g
doi__10.1038_45471,weak_source,recover_or_stage_primary_xml_then_build_material_packet,/mnt/d/work/抗菌肽/数据库/merged_amp_corpus/landed_assets/papers/doi__10.1038_45471,Sequence and analysis of chromosome 2 of the plant Arabidopsis thaliana.,1999,Nature,10.1038/45471,10617197,,0,1,0,1,0,10,landing_page,o;p;e;n;a;l;e;x;_;l;a;n;d;i;n;g
doi__10.1038_aja.2010.93,weak_source,recover_or_stage_primary_xml_then_build_material_packet,/mnt/d/work/抗菌肽/数据库/merged_amp_corpus/landed_assets/papers/doi__10.1038_aja.2010.93,Rat recombinant beta-defensin 22 is a heparin-binding protein with antimicrobial activity.,2010,Asian J Androl.,10.1038/aja.2010.93,21151152,PMC3739218,0,1,0,1,0,1,direct_pdf,o;p;e;n;a;l;e;x;_;p;d;f;;;o;p;e;n;a;l;e;x;_;l;a;n;d;i;n;g;;;f;u;l;l;t;e;x;t;_;s;i;g;n;a;l
doi__10.1038_emboj.2009.146,weak_source,recover_or_stage_primary_xml_then_build_material_packet,/mnt/d/work/抗菌肽/数据库/merged_amp_corpus/landed_assets/papers/doi__10.1038_emboj.2009.146,How the MccB bacterial ancestor of ubiquitin E1 initiates biosynthesis of the microcin C7 antibiotic.,2009,EMBO J,10.1038/emboj.2009.146,19494832,,0,2,0,2,0,10,landing_page,o;p;e;n;a;l;e;x;_;l;a;n;d;i;n;g
doi__10.1038_ja.2012.19,weak_source,recover_or_stage_primary_xml_then_build_material_packet,/mnt/d/work/抗菌肽/数据库/merged_amp_corpus/landed_assets/papers/doi__10.1038_ja.2012.19,"Isolation and characterization of a new iturinic lipopeptide, mojavensin A produced by a marine-derived bacterium Bacillus mojavensis B0621A.",2012,J Antibiot (Tokyo),10.1038/ja.2012.19,22491138,,0,1,0,1,0,10,direct_pdf,o;p;e;n;a;l;e;x;_;p;d;f;;;o;p;e;n;a;l;e;x;_;l;a;n;d;i;n;g;;;f;u;l;l;t;e;x;t;_;s;i;g;n;a;l;;;n;c;b;i;_;d;o;i
doi__10.1038_ja.2014.58,weak_source,recover_or_stage_primary_xml_then_build_material_packet,/mnt/d/work/抗菌肽/数据库/merged_amp_corpus/landed_assets/papers/doi__10.1038_ja.2014.58,Anticancer activity of new depsipeptide compound isolated from an endophytic fungus.,2014,J Antibiot (Tokyo),10.1038/ja.2014.58,24824817,,0,1,0,1,0,10,direct_pdf,o;p;e;n;a;l;e;x;_;p;d;f;;;o;p;e;n;a;l;e;x;_;l;a;n;d;i;n;g
doi__10.1038_ja.2016.101,weak_source,recover_or_stage_primary_xml_then_build_material_packet,/mnt/d/work/抗菌肽/数据库/merged_amp_corpus/landed_assets/papers/doi__10.1038_ja.2016.101,Activity of tick antimicrobial peptide from Ixodes persulcatus (persulcatusin) against cell membranes of drug-resistant Staphylococcus aureus.,2016,J Antibiot (Tokyo),10.1038/ja.2016.101,27531221,,0,2,0,2,0,10,direct_pdf,o;p;e;n;a;l;e;x;_;p;d;f;;;o;p;e;n;a;l;e;x;_;l;a;n;d;i;n;g
doi__10.1038_ja.2017.146,weak_source,recover_or_stage_primary_xml_then_build_material_packet,/mnt/d/work/抗菌肽/数据库/merged_amp_corpus/landed_assets/papers/doi__10.1038_ja.2017.146,Isolation and structure elucidation of lipopeptide antibiotic taromycin B from the activated taromycin biosynthetic gene cluster.,2017,J Antibiot (Tokyo),10.1038/ja.2017.146,29184121,PMC5960985,0,1,0,1,0,10,direct_pdf,o;p;e;n;a;l;e;x;_;p;d;f;;;o;p;e;n;a;l;e;x;_;l;a;n;d;i;n;g;;;f;u;l;l;t;e;x;t;_;s;i;g;n;a;l
doi__10.1038_ja.2017.23,weak_source,recover_or_stage_primary_xml_then_build_material_packet,/mnt/d/work/抗菌肽/数据库/merged_amp_corpus/landed_assets/papers/doi__10.1038_ja.2017.23,Anti-Mycobacterium activity of microbial peptides in a silkworm infection model with Mycobacterium smegmatis.,2017,J Antibiot (Tokyo),10.1038/ja.2017.23,28446822,,0,2,0,2,0,10,direct_pdf,o;p;e;n;a;l;e;x;_;p;d;f;;;o;p;e;n;a;l;e;x;_;l;a;n;d;i;n;g
doi__10.1038_ja.2017.34,weak_source,recover_or_stage_primary_xml_then_build_material_packet,/mnt/d/work/抗菌肽/数据库/merged_amp_corpus/landed_assets/papers/doi__10.1038_ja.2017.34,"Structure and antibacterial activities of new cyclic peptide antibiotics, pargamicins B, C and D, from Amycolatopsis sp. ML1-hF4.",2017,J Antibiot (Tokyo),10.1038/ja.2017.34,28293037,,0,2,0,2,0,10,direct_pdf,o;p;e;n;a;l;e;x;_;p;d;f;;;o;p;e;n;a;l;e;x;_;l;a;n;d;i;n;g
doi__10.1038_jid.2012.254,weak_source,recover_or_stage_primary_pdf_then_build_material_packet,/mnt/d/work/抗菌肽/数据库/merged_amp_corpus/landed_assets/papers/doi__10.1038_jid.2012.254,A Peptide Derived from the Highly Conserved Protein GAPDH Is Involved in Tissue Protection by Different Antifungal Strategies and Epithelial Immunomodulation,2012,J Invest Dermatol.,10.1038/jid.2012.254,22832495,PMC3488162,1,0,2,0,1,0,direct_pdf,l;o;c;a;l;_;x;m;l;;;l;o;c;a;l;_;p;a;c;k;a;g;e;;;l;o;c;a;l;_;s;u;p;p;l;e;m;e;n;t;a;r;y;;;o;p;e;n;a;l;e;x;_;p;d;f;;;o;p;e;n;a;l;e;x;_;l;a;n;d;i;n;g;;;f;u;l;l;t;e;x;t;_;s;i;g;n;a;l
doi__10.1038_ki.2014.268,weak_source,recover_or_stage_primary_pdf_then_build_material_packet,/mnt/d/work/抗菌肽/数据库/merged_amp_corpus/landed_assets/papers/doi__10.1038_ki.2014.268,Ribonucleases 6 and 7 have antimicrobial function in the human and murine urinary tract.,2014,Kidney Int.,10.1038/ki.2014.268,25075772,PMC4281292,1,0,2,0,1,6,fulltext_or_xml,l;o;c;a;l;_;x;m;l;;;l;o;c;a;l;_;p;a;c;k;a;g;e;;;l;o;c;a;l;_;s;u;p;p;l;e;m;e;n;t;a;r;y;;;o;p;e;n;a;l;e;x;_;l;a;n;d;i;n;g;;;f;u;l;l;t;e;x;t;_;s;i;g;n;a;l
doi__10.1038_mi.2014.41,weak_source,recover_or_stage_primary_xml_then_build_material_packet,/mnt/d/work/抗菌肽/数据库/merged_amp_corpus/landed_assets/papers/doi__10.1038_mi.2014.41,The short form of TSLP is constitutively translated in human keratinocytes and has characteristics of an antimicrobial peptide,2014,Mucosal Immunol.,10.1038/mi.2014.41,24850429,,0,1,0,1,0,0,direct_pdf,o;p;e;n;a;l;e;x;_;p;d;f;;;o;p;e;n;a;l;e;x;_;l;a;n;d;i;n;g
doi__10.1038_nature01597,weak_source,recover_or_stage_primary_xml_then_build_material_packet,/mnt/d/work/抗菌肽/数据库/merged_amp_corpus/landed_assets/papers/doi__10.1038_nature01597,Unique physiological and pathogenic features of Leptospira interrogans revealed by whole-genome sequencing.,2003,Nature,10.1038/nature01597,12712204,,0,2,0,2,0,10,direct_pdf,o;p;e;n;a;l;e;x;_;p;d;f;;;o;p;e;n;a;l;e;x;_;l;a;n;d;i;n;g
doi__10.1038_nature02426,weak_source,recover_or_stage_primary_xml_then_build_material_packet,/mnt/d/work/抗菌肽/数据库/merged_amp_corpus/landed_assets/papers/doi__10.1038_nature02426,Genome sequence of the Brown Norway rat yields insights into mammalian evolution.,2004,,10.1038/nature02426,15057822,,0,2,0,2,0,9,direct_pdf,o;p;e;n;a;l;e;x;_;p;d;f;;;o;p;e;n;a;l;e;x;_;l;a;n;d;i;n;g
doi__10.1038_nature03466,weak_source,recover_or_stage_primary_xml_then_build_material_packet,/mnt/d/work/抗菌肽/数据库/merged_amp_corpus/landed_assets/papers/doi__10.1038_nature03466,Generation and annotation of the DNA sequences of human chromosomes 2 and 4.,2005,Nature,10.1038/nature03466,15815621,,0,2,0,2,0,10,direct_pdf,o;p;e;n;a;l;e;x;_;p;d;f;;;o;p;e;n;a;l;e;x;_;l;a;n;d;i;n;g
doi__10.1038_nature04332,weak_source,recover_or_stage_primary_xml_then_build_material_packet,/mnt/d/work/抗菌肽/数据库/merged_amp_corpus/landed_assets/papers/doi__10.1038_nature04332,Genomic sequence of the pathogenic and allergenic filamentous fungus Aspergillus fumigatus.,2005,Nature,10.1038/nature04332,16372009,,0,2,0,2,0,10,direct_pdf,o;p;e;n;a;l;e;x;_;p;d;f;;;o;p;e;n;a;l;e;x;_;l;a;n;d;i;n;g
doi__10.1038_nature04406,weak_source,recover_or_stage_primary_xml_then_build_material_packet,/mnt/d/work/抗菌肽/数据库/merged_amp_corpus/landed_assets/papers/doi__10.1038_nature04406,DNA sequence and analysis of human chromosome 8.,2006,Nature,10.1038/nature04406,16421571,,0,2,0,2,0,10,direct_pdf,o;p;e;n;a;l;e;x;_;p;d;f;;;o;p;e;n;a;l;e;x;_;l;a;n;d;i;n;g;;;f;u;l;l;t;e;x;t;_;s;i;g;n;a;l;;;n;c;b;i;_;d;o;i
doi__10.1038_nature05233,weak_source,recover_or_stage_primary_xml_then_build_material_packet,/mnt/d/work/抗菌肽/数据库/merged_amp_corpus/landed_assets/papers/doi__10.1038_nature05233,A linguistic model for the rational design of antimicrobial peptides.,2006,Nature,10.1038/nature05233,17051220,,0,1,0,1,0,11,package_or_supplementary,l;o;c;a;l;_;s;u;p;p;l;e;m;e;n;t;a;r;y;;;o;p;e;n;a;l;e;x;_;l;a;n;d;i;n;g
doi__10.1038_nature06341,weak_source,recover_or_stage_primary_xml_then_build_material_packet,/mnt/d/work/抗菌肽/数据库/merged_amp_corpus/landed_assets/papers/doi__10.1038_nature06341,Evolution of genes and genomes on the Drosophila phylogeny.,2007,Nature,10.1038/nature06341,17994087,,0,1,0,1,0,0,landing_page,o;p;e;n;a;l;e;x;_;l;a;n;d;i;n;g
doi__10.1038_nature10093,weak_source,recover_or_stage_primary_xml_then_build_material_packet,/mnt/d/work/抗菌肽/数据库/merged_amp_corpus/landed_assets/papers/doi__10.1038_nature10093,Royalactin induces queen differentiation in honeybees.,2011,Nature,10.1038/nature10093,21516106,,0,1,0,1,0,10,landing_page,o;p;e;n;a;l;e;x;_;l;a;n;d;i;n;g
doi__10.1038_nature14098,weak_source,recover_or_stage_primary_xml_then_build_material_packet,/mnt/d/work/抗菌肽/数据库/merged_amp_corpus/landed_assets/papers/doi__10.1038_nature14098,A new antibiotic kills pathogens without detectable resistance.,2015,Nature.,10.1038/nature14098,25561178,PMC7414797,0,1,0,1,0,10,fulltext_or_xml,f;u;l;l;t;e;x;t;_;s;i;g;n;a;l;;;o;p;e;n;a;l;e;x;_;l;a;n;d;i;n;g
doi__10.1038_nature18634,weak_source,recover_or_stage_primary_xml_then_build_material_packet,/mnt/d/work/抗菌肽/数据库/merged_amp_corpus/landed_assets/papers/doi__10.1038_nature18634,Human commensals producing a novel antibiotic impair pathogen colonization,2016,Nature.,10.1038/nature18634,27466123,,0,1,0,1,0,10,landing_page,o;p;e;n;a;l;e;x;_;l;a;n;d;i;n;g
doi__10.1038_nbt1224,weak_source,recover_or_stage_primary_xml_then_build_material_packet,/mnt/d/work/抗菌肽/数据库/merged_amp_corpus/landed_assets/papers/doi__10.1038_nbt1224,Ordered surface carbons distinguish antifreeze proteins and their ice-binding regions.,2006,Nat Biotechnol,10.1038/nbt1224,16823370,,0,1,0,1,0,10,landing_page,o;p;e;n;a;l;e;x;_;l;a;n;d;i;n;g
doi__10.1038_nbt1288,weak_source,recover_or_stage_primary_xml_then_build_material_packet,/mnt/d/work/抗菌肽/数据库/merged_amp_corpus/landed_assets/papers/doi__10.1038_nbt1288,An anti-infective peptide that selectively modulates the innate immune response,2007,Nat Biotechnol,10.1038/nbt1288,17384586,,0,1,0,1,0,19,package_or_supplementary,l;o;c;a;l;_;s;u;p;p;l;e;m;e;n;t;a;r;y;;;o;p;e;n;a;l;e;x;_;l;a;n;d;i;n;g
doi__10.1038_nchembio.1116,weak_source,recover_or_stage_primary_xml_then_build_material_packet,/mnt/d/work/抗菌肽/数据库/merged_amp_corpus/landed_assets/papers/doi__10.1038_nchembio.1116,Structure and function of a unique pore-forming protein from a pathogenic acanthamoeba.,2012,Nat Chem Biol,10.1038/nchembio.1116,23143413,,0,1,0,1,0,10,landing_page,o;p;e;n;a;l;e;x;_;l;a;n;d;i;n;g
doi__10.1038_nchembio.1710,weak_source,recover_or_stage_primary_xml_then_build_material_packet,/mnt/d/work/抗菌肽/数据库/merged_amp_corpus/landed_assets/papers/doi__10.1038_nchembio.1710,Lysocin E is a new antibiotic that targets menaquinone in the bacterial membrane,2014,Nat Chem Biol.,10.1038/nchembio.1710,25485686,,0,1,0,1,0,10,landing_page,o;p;e;n;a;l;e;x;_;l;a;n;d;i;n;g
doi__10.1038_nchembio.2018,weak_source,recover_or_stage_primary_xml_then_build_material_packet,/mnt/d/work/抗菌肽/数据库/merged_amp_corpus/landed_assets/papers/doi__10.1038_nchembio.2018,Assembly and clustering of natural antibiotics guides target identification.,2016,Nat Chem Biol,10.1038/nchembio.2018,26829473,,0,1,0,1,0,10,landing_page,o;p;e;n;a;l;e;x;_;l;a;n;d;i;n;g
doi__10.1038_nchembio.2207,weak_source,recover_or_stage_primary_xml_then_build_material_packet,/mnt/d/work/抗菌肽/数据库/merged_amp_corpus/landed_assets/papers/doi__10.1038_nchembio.2207,Discovery of MRSA active antibiotics using primary sequence from the human microbiome.,2016,Nat Chem Biol,10.1038/nchembio.2207,27748750,PMC5117632,0,2,1,2,2,10,direct_pdf,l;o;c;a;l;_;p;d;f;;;l;o;c;a;l;_;x;m;l;;;l;o;c;a;l;_;p;a;c;k;a;g;e;;;l;o;c;a;l;_;s;u;p;p;l;e;m;e;n;t;a;r;y;;;o;p;e;n;a;l;e;x;_;l;a;n;d;i;n;g;;;f;u;l;l;t;e;x;t;_;s;i;g;n;a;l
doi__10.1038_nchembio.2319,weak_source,recover_or_stage_primary_xml_then_build_material_packet,/mnt/d/work/抗菌肽/数据库/merged_amp_corpus/landed_assets/papers/doi__10.1038_nchembio.2319,A new genome-mining tool redefines the lasso peptide biosynthetic landscape.,2017,Nat Chem Biol,10.1038/nchembio.2319,28244986,PMC5391289,0,2,0,2,1,10,direct_pdf,l;o;c;a;l;_;p;d;f;;;l;o;c;a;l;_;p;a;c;k;a;g;e;;;o;p;e;n;a;l;e;x;_;l;a;n;d;i;n;g;;;f;u;l;l;t;e;x;t;_;s;i;g;n;a;l
doi__10.1038_ncomms1952,weak_source,recover_or_stage_primary_xml_then_build_material_packet,/mnt/d/work/抗菌肽/数据库/merged_amp_corpus/landed_assets/papers/doi__10.1038_ncomms1952,Tumour lineage-homing cell-penetrating peptides as anticancer molecular delivery systems.,2012,Nat Commun,10.1038/ncomms1952,22805558,,0,2,0,2,0,9,direct_pdf,o;p;e;n;a;l;e;x;_;p;d;f;;;o;p;e;n;a;l;e;x;_;l;a;n;d;i;n;g
doi__10.1038_ncomms4154,weak_source,recover_or_stage_primary_xml_then_build_material_packet,/mnt/d/work/抗菌肽/数据库/merged_amp_corpus/landed_assets/papers/doi__10.1038_ncomms4154,Nematode-derived drosomycin-type antifungal peptides provide evidence for plant-to-ecdysozoan horizontal transfer of a disease resistance gene,2014,Nat Commun.,10.1038/ncomms4154,24434635,,0,2,0,2,0,10,direct_pdf,o;p;e;n;a;l;e;x;_;p;d;f;;;o;p;e;n;a;l;e;x;_;l;a;n;d;i;n;g
doi__10.1038_ni1060,weak_source,recover_or_stage_primary_xml_then_build_material_packet,/mnt/d/work/抗菌肽/数据库/merged_amp_corpus/landed_assets/papers/doi__10.1038_ni1060,"TLR-independent control of innate immunity in Caenorhabditis elegans by the TIR domain adaptor protein TIR-1, an ortholog of human SARM.",2004,Nat Immunol.,10.1038/ni1060,15048112,,0,1,0,1,0,10,landing_page,o;p;e;n;a;l;e;x;_;l;a;n;d;i;n;g
doi__10.1038_ni1094,weak_source,recover_or_stage_primary_xml_then_build_material_packet,/mnt/d/work/抗菌肽/数据库/merged_amp_corpus/landed_assets/papers/doi__10.1038_ni1094,Increased diversity of intestinal antimicrobial peptides by covalent dimer formation.,2004,Nat Immunol,10.1038/ni1094,15235601,,0,1,0,1,0,10,landing_page,o;p;e;n;a;l;e;x;_;l;a;n;d;i;n;g
doi__10.1038_ni888,weak_source,recover_or_stage_primary_xml_then_build_material_packet,/mnt/d/work/抗菌肽/数据库/merged_amp_corpus/landed_assets/papers/doi__10.1038_ni888,Angiogenins: a new class of microbicidal proteins involved in innate immunity.,2003,Nat Immunol.,10.1038/ni888,12548285,,0,1,0,1,0,10,landing_page,o;p;e;n;a;l;e;x;_;l;a;n;d;i;n;g
doi__10.1038_nm1306,weak_source,recover_or_stage_primary_xml_then_build_material_packet,/mnt/d/work/抗菌肽/数据库/merged_amp_corpus/landed_assets/papers/doi__10.1038_nm1306,Dysregulation of bacterial proteolytic machinery by a new class of antibiotics.,2005,Nat Med,10.1038/nm1306,16200071,,0,1,0,1,0,10,landing_page,o;p;e;n;a;l;e;x;_;l;a;n;d;i;n;g
doi__10.1038_nm1638,weak_source,recover_or_stage_primary_xml_then_build_material_packet,/mnt/d/work/抗菌肽/数据库/merged_amp_corpus/landed_assets/papers/doi__10.1038_nm1638,"Mrp8 and Mrp14 are endogenous activators of Toll-like receptor 4, promoting lethal, endotoxin-induced shock.",2007,Nat Med,10.1038/nm1638,17767165,,0,1,0,1,0,10,landing_page,o;p;e;n;a;l;e;x;_;l;a;n;d;i;n;g
doi__10.1038_nrd4510,weak_source,recover_or_stage_primary_xml_then_build_material_packet,/mnt/d/work/抗菌肽/数据库/merged_amp_corpus/landed_assets/papers/doi__10.1038_nrd4510,The re-emergence of natural products for drug discovery in the genomics era,2015,,10.1038/nrd4510,25614221,,0,1,0,1,0,0,direct_pdf,o;p;e;n;a;l;e;x;_;p;d;f;;;o;p;e;n;a;l;e;x;_;l;a;n;d;i;n;g
doi__10.1038_nsmb830,weak_source,recover_or_stage_primary_xml_then_build_material_packet,/mnt/d/work/抗菌肽/数据库/merged_amp_corpus/landed_assets/papers/doi__10.1038_nsmb830,The nisin-lipid II complex reveals a pyrophosphate cage that provides a blueprint for novel antibiotics.,2004,Nat Struct Mol Biol,10.1038/nsmb830,15361862,,0,1,0,1,0,0,landing_page,o;p;e;n;a;l;e;x;_;l;a;n;d;i;n;g
doi__10.1038_onc.2011.300,weak_source,recover_or_stage_primary_xml_then_build_material_packet,/mnt/d/work/抗菌肽/数据库/merged_amp_corpus/landed_assets/papers/doi__10.1038_onc.2011.300,Inhibition of p53 expression by peptide-conjugated phosphorodiamidate morpholino oligomers sensitizes human cancer cells to chemotherapeutic drugs.,2011,Oncogene,10.1038/onc.2011.300,21765469,,0,1,0,1,0,10,landing_page,o;p;e;n;a;l;e;x;_;l;a;n;d;i;n;g
doi__10.1038_s41429-018-0032-4,weak_source,recover_or_stage_primary_xml_then_build_material_packet,/mnt/d/work/抗菌肽/数据库/merged_amp_corpus/landed_assets/papers/doi__10.1038_s41429-018-0032-4,"Rational design of syn-safencin, a novel linear antimicrobial peptide derived from the circular bacteriocin safencin AS-48.",2018,J Antibiot (Tokyo),10.1038/s41429-018-0032-4,29463889,PMC8887552,0,1,0,1,0,8,fulltext_or_xml,f;u;l;l;t;e;x;t;_;s;i;g;n;a;l;;;o;p;e;n;a;l;e;x;_;l;a;n;d;i;n;g
doi__10.1038_s41429-018-0044-0,weak_source,recover_or_stage_primary_xml_then_build_material_packet,/mnt/d/work/抗菌肽/数据库/merged_amp_corpus/landed_assets/papers/doi__10.1038_s41429-018-0044-0,"Cystargamide B, a cyclic lipodepsipeptide with protease inhibitory activity from Streptomyces sp.",2018,J Antibiot (Tokyo),10.1038/s41429-018-0044-0,29567952,,0,1,0,1,0,10,landing_page,o;p;e;n;a;l;e;x;_;l;a;n;d;i;n;g
doi__10.1038_s41429-018-0086-3,weak_source,recover_or_stage_primary_xml_then_build_material_packet,/mnt/d/work/抗菌肽/数据库/merged_amp_corpus/landed_assets/papers/doi__10.1038_s41429-018-0086-3,"Acremotins A-D, peptaibiotics produced by the soil-derived fungus Acremonium persicinum SC0105.",2018,J Antibiot (Tokyo),10.1038/s41429-018-0086-3,30089870,,0,1,0,1,0,10,direct_pdf,o;p;e;n;a;l;e;x;_;p;d;f;;;o;p;e;n;a;l;e;x;_;l;a;n;d;i;n;g
doi__10.1038_s41429-018-0090-7,weak_source,recover_or_stage_primary_xml_then_build_material_packet,/mnt/d/work/抗菌肽/数据库/merged_amp_corpus/landed_assets/papers/doi__10.1038_s41429-018-0090-7,Evaluation of LL-37 antimicrobial peptide derivatives alone and in combination with vancomycin against S. aureus.,2018,J Antibiot (Tokyo),10.1038/s41429-018-0090-7,30120393,,0,2,0,2,0,10,direct_pdf,o;p;e;n;a;l;e;x;_;p;d;f;;;o;p;e;n;a;l;e;x;_;l;a;n;d;i;n;g
doi__10.1038_s41429-019-0201-0,weak_source,recover_or_stage_primary_xml_then_build_material_packet,/mnt/d/work/抗菌肽/数据库/merged_amp_corpus/landed_assets/papers/doi__10.1038_s41429-019-0201-0,Cyclic tetrapeptides from the marine strain Streptomyces sp. PNM-161a with activity against rice and yam phytopathogens.,2019,J Antibiot (Tokyo),10.1038/s41429-019-0201-0,31243345,,0,1,0,1,0,12,package_or_supplementary,l;o;c;a;l;_;s;u;p;p;l;e;m;e;n;t;a;r;y;;;o;p;e;n;a;l;e;x;_;l;a;n;d;i;n;g
doi__10.1038_s41429-019-0272-y,weak_source,recover_or_stage_primary_xml_then_build_material_packet,/mnt/d/work/抗菌肽/数据库/merged_amp_corpus/landed_assets/papers/doi__10.1038_s41429-019-0272-y,Isolation and structure determination of a new antibacterial peptide pentaminomycin C from Streptomyces cacaoi subsp. cacaoi.,2020,J Antibiot (Tokyo),10.1038/s41429-019-0272-y,31919422,,0,1,0,1,0,0,landing_page,o;p;e;n;a;l;e;x;_;l;a;n;d;i;n;g
doi__10.1038_s41429-023-00597-z,weak_source,recover_or_stage_primary_xml_then_build_material_packet,/mnt/d/work/抗菌肽/数据库/merged_amp_corpus/landed_assets/papers/doi__10.1038_s41429-023-00597-z,Genome mining and chemical characterization of a new cyclic lipopeptide associated with MDN-0066 from Pseudomonas moraviensis HN2 cultured in a valine-rich medium,2023,J Antibiot (Tokyo).,10.1038/s41429-023-00597-z,36702935,,0,1,0,1,0,10,landing_page,o;p;e;n;a;l;e;x;_;l;a;n;d;i;n;g
doi__10.1038_s41551-021-00689-x,weak_source,recover_or_stage_primary_xml_then_build_material_packet,/mnt/d/work/抗菌肽/数据库/merged_amp_corpus/landed_assets/papers/doi__10.1038_s41551-021-00689-x,Accelerated antimicrobial discovery via deep generative models and molecular dynamics simulations.,2021,Nat Biomed Eng,10.1038/s41551-021-00689-x,33707779,,0,1,0,1,0,10,direct_pdf,o;p;e;n;a;l;e;x;_;p;d;f;;;o;p;e;n;a;l;e;x;_;l;a;n;d;i;n;g
doi__10.1038_s41551-021-00801-1,weak_source,recover_or_stage_primary_xml_then_build_material_packet,/mnt/d/work/抗菌肽/数据库/merged_amp_corpus/landed_assets/papers/doi__10.1038_s41551-021-00801-1,Mining for encrypted peptide antibiotics in the human proteome.,2021,Nat Biomed Eng.,10.1038/s41551-021-00801-1,34737399,,0,1,0,1,0,10,landing_page,o;p;e;n;a;l;e;x;_;l;a;n;d;i;n;g
doi__10.1038_s41551-022-00991-2,weak_source,recover_or_stage_primary_xml_then_build_material_packet,/mnt/d/work/抗菌肽/数据库/merged_amp_corpus/landed_assets/papers/doi__10.1038_s41551-022-00991-2,Identification of potent antimicrobial peptides via a machine-learning pipeline that mines the entire space of peptide sequences.,2023,Nat Biomed Eng,10.1038/s41551-022-00991-2,36635418,,0,1,0,1,0,10,landing_page,o;p;e;n;a;l;e;x;_;l;a;n;d;i;n;g
doi__10.1038_s41557-020-0508-2,weak_source,recover_or_stage_primary_xml_then_build_material_packet,/mnt/d/work/抗菌肽/数据库/merged_amp_corpus/landed_assets/papers/doi__10.1038_s41557-020-0508-2,Acyltransferase that catalyses the condensation of polyketide and peptide moieties of goadvionin hybrid lipopeptides.,2020,Nat Chem,10.1038/s41557-020-0508-2,32719482,,0,1,0,1,0,10,landing_page,o;p;e;n;a;l;e;x;_;l;a;n;d;i;n;g
doi__10.1038_s41564-018-0110-1,weak_source,recover_or_stage_primary_xml_then_build_material_packet,/mnt/d/work/抗菌肽/数据库/merged_amp_corpus/landed_assets/papers/doi__10.1038_s41564-018-0110-1,Culture-independent discovery of the malacidins as calcium-dependent antibiotics with activity against multidrug-resistant Gram-positive pathogens.,2018,Nat Microbiol,10.1038/s41564-018-0110-1,29434326,PMC5874163,0,3,0,3,1,10,direct_pdf,l;o;c;a;l;_;p;d;f;;;l;o;c;a;l;_;p;a;c;k;a;g;e;;;o;p;e;n;a;l;e;x;_;p;d;f;;;o;p;e;n;a;l;e;x;_;l;a;n;d;i;n;g;;;f;u;l;l;t;e;x;t;_;s;i;g;n;a;l
doi__10.1038_s41564-022-01227-4,weak_source,recover_or_stage_primary_xml_then_build_material_packet,/mnt/d/work/抗菌肽/数据库/merged_amp_corpus/landed_assets/papers/doi__10.1038_s41564-022-01227-4,Computational identification of a systemic antibiotic for gram-negative bacteria.,2022,Nat Microbiol,10.1038/s41564-022-01227-4,36163500,PMC10155127,0,3,0,3,0,0,direct_pdf,f;u;l;l;t;e;x;t;_;s;i;g;n;a;l;;;o;p;e;n;a;l;e;x;_;l;a;n;d;i;n;g;;;o;p;e;n;a;l;e;x;_;p;d;f
doi__10.1038_s41586-018-0483-6,weak_source,recover_or_stage_primary_xml_then_build_material_packet,/mnt/d/work/抗菌肽/数据库/merged_amp_corpus/landed_assets/papers/doi__10.1038_s41586-018-0483-6,Optimized arylomycins are a new class of Gram-negative antibiotics.,2018,Nature,10.1038/s41586-018-0483-6,30209367,,0,1,0,1,0,10,landing_page,o;p;e;n;a;l;e;x;_;l;a;n;d;i;n;g
doi__10.1038_s41586-019-1665-6,weak_source,recover_or_stage_primary_xml_then_build_material_packet,/mnt/d/work/抗菌肽/数据库/merged_amp_corpus/landed_assets/papers/doi__10.1038_s41586-019-1665-6,Chimeric peptidomimetic antibiotics against Gram-negative bacteria.,2019,Nature,10.1038/s41586-019-1665-6,31645764,,0,1,0,1,0,18,package_or_supplementary,l;o;c;a;l;_;s;u;p;p;l;e;m;e;n;t;a;r;y;;;o;p;e;n;a;l;e;x;_;l;a;n;d;i;n;g
doi__10.1038_s41586-021-04264-x,weak_source,recover_or_stage_primary_xml_then_build_material_packet,/mnt/d/work/抗菌肽/数据库/merged_amp_corpus/landed_assets/papers/doi__10.1038_s41586-021-04264-x,A naturally inspired antibiotic to target multidrug-resistant pathogens.,2022,Nature,10.1038/s41586-021-04264-x,34987225,PMC10321319,0,1,0,1,0,10,direct_pdf,o;p;e;n;a;l;e;x;_;p;d;f;;;o;p;e;n;a;l;e;x;_;l;a;n;d;i;n;g;;;f;u;l;l;t;e;x;t;_;s;i;g;n;a;l
doi__10.1038_s41586-025-08723-7,weak_source,recover_or_stage_primary_xml_then_build_material_packet,/mnt/d/work/抗菌肽/数据库/merged_amp_corpus/landed_assets/papers/doi__10.1038_s41586-025-08723-7,A broad-spectrum lasso peptide antibiotic targeting the bacterial ribosome.,2025,Nature,10.1038/s41586-025-08723-7,40140562,PMC12497486,0,1,0,1,0,10,fulltext_or_xml,f;u;l;l;t;e;x;t;_;s;i;g;n;a;l;;;o;p;e;n;a;l;e;x;_;l;a;n;d;i;n;g
doi__10.1038_s41587-019-0222-z,weak_source,recover_or_stage_primary_xml_then_build_material_packet,/mnt/d/work/抗菌肽/数据库/merged_amp_corpus/landed_assets/papers/doi__10.1038_s41587-019-0222-z,"Design of stapled antimicrobial peptides that are stable, nontoxic and kill antibiotic-resistant bacteria in mice.",2019,Nat Biotechnol,10.1038/s41587-019-0222-z,31427820,PMC7437984,0,1,0,1,1,10,direct_pdf,l;o;c;a;l;_;p;d;f;;;l;o;c;a;l;_;p;a;c;k;a;g;e;;;l;o;c;a;l;_;s;u;p;p;l;e;m;e;n;t;a;r;y;;;o;p;e;n;a;l;e;x;_;l;a;n;d;i;n;g;;;f;u;l;l;t;e;x;t;_;s;i;g;n;a;l
doi__10.1038_s41587-022-01226-0,weak_source,recover_or_stage_primary_xml_then_build_material_packet,/mnt/d/work/抗菌肽/数据库/merged_amp_corpus/landed_assets/papers/doi__10.1038_s41587-022-01226-0,Identification of antimicrobial peptides from the human gut microbiome using deep learning.,2022,Nat Biotechnol.,10.1038/s41587-022-01226-0,35241840,,0,2,0,2,0,10,landing_page,o;p;e;n;a;l;e;x;_;l;a;n;d;i;n;g
doi__10.1038_s41589-018-0068-6,weak_source,recover_or_stage_primary_xml_then_build_material_packet,/mnt/d/work/抗菌肽/数据库/merged_amp_corpus/landed_assets/papers/doi__10.1038_s41589-018-0068-6,The anti-staphylococcal lipolanthines are ribosomally synthesized lipopeptides.,2018,Nat Chem Biol,10.1038/s41589-018-0068-6,29915235,,0,1,0,1,0,10,landing_page,o;p;e;n;a;l;e;x;_;l;a;n;d;i;n;g
doi__10.1039_c2cc36336d,weak_source,recover_or_stage_primary_xml_then_build_material_packet,/mnt/d/work/抗菌肽/数据库/merged_amp_corpus/landed_assets/papers/doi__10.1039_c2cc36336d,Heterologous production of the lantibiotic Ala(0)actagardine in Escherichia coli.,2012,Chem Commun (Camb).,10.1039/c2cc36336d,23034674,PMC3485686,0,2,0,2,0,1,direct_pdf,o;p;e;n;a;l;e;x;_;p;d;f;;;o;p;e;n;a;l;e;x;_;l;a;n;d;i;n;g;;;f;u;l;l;t;e;x;t;_;s;i;g;n;a;l
doi__10.1039_c3cc38977d,weak_source,recover_or_stage_primary_xml_then_build_material_packet,/mnt/d/work/抗菌肽/数据库/merged_amp_corpus/landed_assets/papers/doi__10.1039_c3cc38977d,Antimicrobial metallopeptides with broad nuclease and ribonuclease activity.,2013,Chem Commun (Camb),10.1039/c3cc38977d,23380915,PMC3632407,0,1,0,1,0,6,fulltext_or_xml,f;u;l;l;t;e;x;t;_;s;i;g;n;a;l;;;o;p;e;n;a;l;e;x;_;l;a;n;d;i;n;g
doi__10.1039_c3ob41659c,weak_source,recover_or_stage_primary_xml_then_build_material_packet,/mnt/d/work/抗菌肽/数据库/merged_amp_corpus/landed_assets/papers/doi__10.1039_c3ob41659c,Parallel synthesis and splicing redirection activity of cell-penetrating peptide conjugate libraries of a PNA cargo.,2013,Org Biomol Chem,10.1039/c3ob41659c,24105028,,0,2,0,2,0,1,direct_pdf,o;p;e;n;a;l;e;x;_;p;d;f;;;o;p;e;n;a;l;e;x;_;l;a;n;d;i;n;g
doi__10.1039_c3ra42599a,weak_source,recover_or_stage_primary_xml_then_build_material_packet,/mnt/d/work/抗菌肽/数据库/merged_amp_corpus/landed_assets/papers/doi__10.1039_c3ra42599a,"Structural location determines functional roles of the basic amino acids of KR-12, the smallest antimicrobial peptide from human cathelicidin LL-37.",2013,RSC Adv,10.1039/c3ra42599a,24307932,PMC3844289,0,1,0,1,0,1,fulltext_or_xml,f;u;l;l;t;e;x;t;_;s;i;g;n;a;l;;;o;p;e;n;a;l;e;x;_;l;a;n;d;i;n;g
doi__10.1039_c4cc02780a,weak_source,recover_or_stage_primary_xml_then_build_material_packet,/mnt/d/work/抗菌肽/数据库/merged_amp_corpus/landed_assets/papers/doi__10.1039_c4cc02780a,Designed cell penetrating peptide dendrimers efficiently internalize cargo into cells.,2014,Chem Commun (Camb),10.1039/c4cc02780a,24870379,,0,2,0,2,0,1,direct_pdf,o;p;e;n;a;l;e;x;_;p;d;f;;;o;p;e;n;a;l;e;x;_;l;a;n;d;i;n;g
doi__10.1039_c4ob00673a,weak_source,recover_or_stage_primary_xml_then_build_material_packet,/mnt/d/work/抗菌肽/数据库/merged_amp_corpus/landed_assets/papers/doi__10.1039_c4ob00673a,Interaction of amphiphilic α-helical cell-penetrating peptides with heparan sulfate.,2014,Org Biomol Chem,10.1039/c4ob00673a,24867193,,0,2,0,2,0,1,direct_pdf,o;p;e;n;a;l;e;x;_;p;d;f;;;o;p;e;n;a;l;e;x;_;l;a;n;d;i;n;g
doi__10.1039_c4ra00132j,weak_source,recover_or_stage_primary_xml_then_build_material_packet,/mnt/d/work/抗菌肽/数据库/merged_amp_corpus/landed_assets/papers/doi__10.1039_c4ra00132j,"Kurahyne, an acetylene-containing lipopeptide from a marine cyanobacterial assemblage of Lyngbya sp.",2014,RSC Adv,10.1039/c4ra00132j,,,0,2,0,2,0,1,direct_pdf,o;p;e;n;a;l;e;x;_;p;d;f;;;o;p;e;n;a;l;e;x;_;l;a;n;d;i;n;g;;;f;u;l;l;t;e;x;t;_;s;i;g;n;a;l;;;c;r;o;s;s;r;e;f;_;i;d;e;n;t;i;f;i;e;r
doi__10.1039_c5ob01269d,weak_source,recover_or_stage_primary_xml_then_build_material_packet,/mnt/d/work/抗菌肽/数据库/merged_amp_corpus/landed_assets/papers/doi__10.1039_c5ob01269d,"Legonaridin, a new member of linaridin RiPP from a Ghanaian Streptomyces isolate.",2015,Org Biomol Chem,10.1039/c5ob01269d,26256511,,0,1,0,1,0,1,direct_pdf,o;p;e;n;a;l;e;x;_;l;a;n;d;i;n;g;;;o;p;e;n;a;l;e;x;_;p;d;f
doi__10.1039_c5ra07896b,weak_source,recover_or_stage_primary_xml_then_build_material_packet,/mnt/d/work/抗菌肽/数据库/merged_amp_corpus/landed_assets/papers/doi__10.1039_c5ra07896b,Small lipopeptides possess anti-biofilm capability comparable to daptomycin and vancomycin.,2015,RSC Adv,10.1039/c5ra07896b,26257894,PMC4524557,0,1,0,1,0,7,fulltext_or_xml,f;u;l;l;t;e;x;t;_;s;i;g;n;a;l;;;o;p;e;n;a;l;e;x;_;l;a;n;d;i;n;g
doi__10.1039_c6ra10905e,weak_source,recover_or_stage_primary_xml_then_build_material_packet,/mnt/d/work/抗菌肽/数据库/merged_amp_corpus/landed_assets/papers/doi__10.1039_c6ra10905e,Three cyclic pentapeptides and a cyclic lipopeptide produced by endophytic Fusarium decemcellulare LG53,2016,RSC Adv,10.1039/c6ra10905e,,,0,2,0,2,0,1,direct_pdf,o;p;e;n;a;l;e;x;_;p;d;f;;;o;p;e;n;a;l;e;x;_;l;a;n;d;i;n;g;;;f;u;l;l;t;e;x;t;_;s;i;g;n;a;l;;;c;r;o;s;s;r;e;f;_;i;d;e;n;t;i;f;i;e;r
doi__10.1039_c7nr05872a,weak_source,recover_or_stage_primary_xml_then_build_material_packet,/mnt/d/work/抗菌肽/数据库/merged_amp_corpus/landed_assets/papers/doi__10.1039_c7nr05872a,Challenging metastatic breast cancer with the natural defensin PvD(1).,2017,Nanoscale,10.1039/c7nr05872a,29076508,,0,2,0,2,0,1,direct_pdf,o;p;e;n;a;l;e;x;_;p;d;f;;;o;p;e;n;a;l;e;x;_;l;a;n;d;i;n;g
doi__10.1039_c8me00051d,weak_source,recover_or_stage_primary_xml_then_build_material_packet,/mnt/d/work/抗菌肽/数据库/merged_amp_corpus/landed_assets/papers/doi__10.1039_c8me00051d,Systematic Mutagenesis of Oncocin Reveals Enhanced Activity and Insights into the Mechanisms of Antimicrobial Activity.,2018,Mol Syst Des Eng,10.1039/c8me00051d,31105969,PMC6519479,0,1,0,1,0,1,fulltext_or_xml,f;u;l;l;t;e;x;t;_;s;i;g;n;a;l;;;o;p;e;n;a;l;e;x;_;l;a;n;d;i;n;g
doi__10.1039_c9cc02864a,weak_source,recover_or_stage_primary_xml_then_build_material_packet,/mnt/d/work/抗菌肽/数据库/merged_amp_corpus/landed_assets/papers/doi__10.1039_c9cc02864a,Total synthesis and antimalarial activity of mortiamides A-D.,2019,Chem Commun (Camb),10.1039/c9cc02864a,31155628,,0,1,0,1,0,1,landing_page,o;p;e;n;a;l;e;x;_;l;a;n;d;i;n;g
doi__10.1039_c9dt04545g,weak_source,recover_or_stage_primary_xml_then_build_material_packet,/mnt/d/work/抗菌肽/数据库/merged_amp_corpus/landed_assets/papers/doi__10.1039_c9dt04545g,Metal self-assembly mimosine peptides with enhanced antimicrobial activity: towards a new generation of multitasking chelating agents.,2020,Dalton Trans,10.1039/c9dt04545g,32067003,,0,2,0,2,0,1,direct_pdf,o;p;e;n;a;l;e;x;_;p;d;f;;;o;p;e;n;a;l;e;x;_;l;a;n;d;i;n;g
doi__10.1039_c9md00166b,weak_source,recover_or_stage_primary_xml_then_build_material_packet,/mnt/d/work/抗菌肽/数据库/merged_amp_corpus/landed_assets/papers/doi__10.1039_c9md00166b,Rational design of novel amphipathic antimicrobial peptides focused on the distribution of cationic amino acid residues.,2019,Medchemcomm,10.1039/c9md00166b,31303986,PMC6590335,0,1,0,1,0,1,direct_pdf,f;u;l;l;t;e;x;t;_;s;i;g;n;a;l;;;o;p;e;n;a;l;e;x;_;l;a;n;d;i;n;g;;;o;p;e;n;a;l;e;x;_;p;d;f
doi__10.1039_d0cc08387a,weak_source,recover_or_stage_primary_xml_then_build_material_packet,/mnt/d/work/抗菌肽/数据库/merged_amp_corpus/landed_assets/papers/doi__10.1039_d0cc08387a,Targeting SARS-CoV-2 spike protein by stapled hACE2 peptides.,2021,Chem Commun (Camb),10.1039/d0cc08387a,33651072,,0,2,0,2,0,1,direct_pdf,o;p;e;n;a;l;e;x;_;p;d;f;;;o;p;e;n;a;l;e;x;_;l;a;n;d;i;n;g
doi__10.1039_d1md00091h,weak_source,recover_or_stage_primary_xml_then_build_material_packet,/mnt/d/work/抗菌肽/数据库/merged_amp_corpus/landed_assets/papers/doi__10.1039_d1md00091h,Sulfonium-based liposome-encapsulated antibiotics deliver a synergistic antibacterial activity.,2021,RSC Med Chem,10.1039/d1md00091h,34223166,PMC8221259,0,1,0,1,0,9,fulltext_or_xml,f;u;l;l;t;e;x;t;_;s;i;g;n;a;l;;;o;p;e;n;a;l;e;x;_;l;a;n;d;i;n;g
doi__10.1039_d3nr05174a,weak_source,recover_or_stage_primary_xml_then_build_material_packet,/mnt/d/work/抗菌肽/数据库/merged_amp_corpus/landed_assets/papers/doi__10.1039_d3nr05174a,Turning cationic antimicrobial peptide KR-12 into self-assembled nanobiotics with potent bacterial killing and LPS neutralizing activities.,2023,Nanoscale,10.1039/d3nr05174a,38105768,,0,2,0,2,0,1,direct_pdf,o;p;e;n;a;l;e;x;_;p;d;f;;;o;p;e;n;a;l;e;x;_;l;a;n;d;i;n;g
doi__10.1039_d5dt00562k,weak_source,recover_or_stage_primary_xml_then_build_material_packet,/mnt/d/work/抗菌肽/数据库/merged_amp_corpus/landed_assets/papers/doi__10.1039_d5dt00562k,Exploring zinc(II) ion binding and antimicrobial activity viaD-amino acid substitution and retro-inverso modifications in MUC7 peptide from human saliva.,2025,Dalton Trans,10.1039/d5dt00562k,40709366,,0,1,0,1,0,1,landing_page,o;p;e;n;a;l;e;x;_;l;a;n;d;i;n;g
doi__10.1046_j.1432-1327.1998.2530452.x,weak_source,recover_or_stage_primary_xml_then_build_material_packet,/mnt/d/work/抗菌肽/数据库/merged_amp_corpus/landed_assets/papers/doi__10.1046_j.1432-1327.1998.2530452.x,Bactericidal activity of Lys49 and Asp49 myotoxic phospholipases A2 from Bothrops asper snake venom--synthetic Lys49 myotoxin II-(115-129)-peptide identifies its bactericidal region,1998,Eur J Biochem.,10.1046/j.1432-1327.1998.2530452.x,9654096,,0,1,0,1,0,0,landing_page,o;p;e;n;a;l;e;x;_;l;a;n;d;i;n;g
doi__10.1055_s-2000-9776,weak_source,recover_or_stage_primary_pdf_then_build_material_packet,/mnt/d/work/抗菌肽/数据库/merged_amp_corpus/landed_assets/papers/doi__10.1055_s-2000-9776,Antimycobacterial and antiplasmodial cyclodepsipeptides from the insect pathogenic fungus Paecilomyces tenuipes BCC 1614.,2000,Planta Med,10.1055/s-2000-9776,11199137,,1,0,1,0,0,0,landing_page,o;p;e;n;a;l;e;x;_;l;a;n;d;i;n;g
doi__10.1073_pnas.0607117103,weak_source,recover_or_stage_primary_xml_then_build_material_packet,/mnt/d/work/抗菌肽/数据库/merged_amp_corpus/landed_assets/papers/doi__10.1073_pnas.0607117103,Comparative genomics of the lactic acid bacteria.,2006,Proc Natl Acad Sci U S A,10.1073/pnas.0607117103,17030793,,0,1,0,1,0,1,landing_page,o;p;e;n;a;l;e;x;_;l;a;n;d;i;n;g
doi__10.1073_pnas.2005540117,weak_source,recover_or_stage_primary_xml_then_build_material_packet,/mnt/d/work/抗菌肽/数据库/merged_amp_corpus/landed_assets/papers/doi__10.1073_pnas.2005540117,Two distinct amphipathic peptide antibiotics with systemic efficacy.,2020,Proc Natl Acad Sci U S A,10.1073/pnas.2005540117,32723829,PMC7431008,0,1,0,1,0,5,fulltext_or_xml,o;p;e;n;a;l;e;x;_;l;a;n;d;i;n;g;;;f;u;l;l;t;e;x;t;_;s;i;g;n;a;l
doi__10.1074_jbc.m112.359067,weak_source,recover_or_stage_primary_xml_then_build_material_packet,/mnt/d/work/抗菌肽/数据库/merged_amp_corpus/landed_assets/papers/doi__10.1074_jbc.m112.359067,"Conformational flexibility determines selectivity and antibacterial, antiplasmodial, and anticancer potency of cationic α-helical peptides.",2012,J Biol Chem,10.1074/jbc.m112.359067,22869378,PMC3464521,0,2,0,2,2,0,direct_pdf,l;o;c;a;l;_;p;d;f;;;l;o;c;a;l;_;p;a;c;k;a;g;e;;;o;p;e;n;a;l;e;x;_;p;d;f;;;o;p;e;n;a;l;e;x;_;l;a;n;d;i;n;g;;;f;u;l;l;t;e;x;t;_;s;i;g;n;a;l
doi__10.1074_jbc.ra120.012627,weak_source,recover_or_stage_primary_xml_then_build_material_packet,/mnt/d/work/抗菌肽/数据库/merged_amp_corpus/landed_assets/papers/doi__10.1074_jbc.ra120.012627,Discovery and mechanistic studies of cytotoxic cyclotides from the medicinal herb Hybanthus enneaspermus.,2020,J Biol Chem,10.1074/jbc.ra120.012627,32414842,PMC7415973,0,1,0,1,0,0,direct_pdf,l;o;c;a;l;_;p;d;f;;;o;p;e;n;a;l;e;x;_;l;a;n;d;i;n;g;;;f;u;l;l;t;e;x;t;_;s;i;g;n;a;l
doi__10.1080_08927014.2017.1370087,weak_source,recover_or_stage_primary_xml_then_build_material_packet,/mnt/d/work/抗菌肽/数据库/merged_amp_corpus/landed_assets/papers/doi__10.1080_08927014.2017.1370087,KR-12-a5 is a non-cytotoxic agent with potent antimicrobial effects against oral pathogens.,2017,Biofouling,10.1080/08927014.2017.1370087,29022391,,0,1,0,1,0,0,direct_pdf,o;p;e;n;a;l;e;x;_;l;a;n;d;i;n;g;;;o;p;e;n;a;l;e;x;_;p;d;f
doi__10.1080_14786419.2019.1644636,weak_source,recover_or_stage_primary_xml_then_build_material_packet,/mnt/d/work/抗菌肽/数据库/merged_amp_corpus/landed_assets/papers/doi__10.1080_14786419.2019.1644636,Identification and functional characterisation of Esculentin-2 HYba peptides and their C-terminally amidated analogs from the skin secretion of an endemic frog.,2019,Nat Prod Res,10.1080/14786419.2019.1644636,31328553,,0,3,0,3,0,0,direct_pdf,o;p;e;n;a;l;e;x;_;l;a;n;d;i;n;g;;;o;p;e;n;a;l;e;x;_;p;d;f
doi__10.1080_22221751.2020.1770631,weak_source,recover_or_stage_primary_pdf_then_build_material_packet,/mnt/d/work/抗菌肽/数据库/merged_amp_corpus/landed_assets/papers/doi__10.1080_22221751.2020.1770631,Structural basis of HCoV-19 fusion core and an effective inhibition peptide against virus entry.,2020,Emerg Microbes Infect,10.1080/22221751.2020.1770631,32482145,,1,0,1,0,0,0,direct_pdf,l;o;c;a;l;_;x;m;l;;;o;p;e;n;a;l;e;x;_;p;d;f;;;o;p;e;n;a;l;e;x;_;l;a;n;d;i;n;g
doi__10.1084_jem.166.4.1186,weak_source,recover_or_stage_primary_pdf_then_build_material_packet,/mnt/d/work/抗菌肽/数据库/merged_amp_corpus/landed_assets/papers/doi__10.1084_jem.166.4.1186,cDNA cloning of gamma-thionin from Nicotiana excelsior (Accession No. AB005266) (PGR97-131),1987,Plant Physiol,10.1084/jem.166.4.1186,3655657,PMC2188717,1,0,1,0,0,0,direct_pdf,o;p;e;n;a;l;e;x;_;p;d;f;;;o;p;e;n;a;l;e;x;_;l;a;n;d;i;n;g;;;f;u;l;l;t;e;x;t;_;s;i;g;n;a;l
doi__10.1089_vim.2009.0005,weak_source,recover_or_stage_primary_xml_then_build_material_packet,/mnt/d/work/抗菌肽/数据库/merged_amp_corpus/landed_assets/papers/doi__10.1089_vim.2009.0005,Antimicrobial host defense peptides in an arteriviral infection: differential peptide expression and virus inactivation.,2009,Viral Immunol.,10.1089/vim.2009.0005,19594394,,0,2,0,2,0,2,direct_pdf,o;p;e;n;a;l;e;x;_;p;d;f;;;o;p;e;n;a;l;e;x;_;l;a;n;d;i;n;g
doi__10.1093_abbs_36.4.297,weak_source,recover_or_stage_primary_xml_then_build_material_packet,/mnt/d/work/抗菌肽/数据库/merged_amp_corpus/landed_assets/papers/doi__10.1093_abbs_36.4.297,Purification of a novel antibacterial short peptide in earthworm Eisenia foetida.,2004,Acta Biochim Biophys Sin (Shanghai),10.1093/abbs/36.4.297,15253156,,0,1,0,1,0,2,landing_page,o;p;e;n;a;l;e;x;_;l;a;n;d;i;n;g
doi__10.1093_abbs_gmaa043,weak_source,recover_or_stage_primary_xml_then_build_material_packet,/mnt/d/work/抗菌肽/数据库/merged_amp_corpus/landed_assets/papers/doi__10.1093_abbs_gmaa043,Cu2+ reduces hemolytic activity of the antimicrobial peptide HMPI and enhances its trypsin resistance.,2020,Acta Biochim Biophys Sin (Shanghai),10.1093/abbs/gmaa043,32369105,,0,1,0,1,0,2,direct_pdf,o;p;e;n;a;l;e;x;_;p;d;f;;;o;p;e;n;a;l;e;x;_;l;a;n;d;i;n;g
doi__10.1093_abbs_gmx023,weak_source,recover_or_stage_primary_xml_then_build_material_packet,/mnt/d/work/抗菌肽/数据库/merged_amp_corpus/landed_assets/papers/doi__10.1093_abbs_gmx023,Molecular cloning and characterization of antimicrobial peptides from skin of Hylarana guentheri.,2017,Acta Biochim Biophys Sin (Shanghai).,10.1093/abbs/gmx023,28338958,,0,1,0,1,0,2,direct_pdf,o;p;e;n;a;l;e;x;_;p;d;f;;;o;p;e;n;a;l;e;x;_;l;a;n;d;i;n;g
doi__10.1093_abbs_gmx032,weak_source,recover_or_stage_primary_xml_then_build_material_packet,/mnt/d/work/抗菌肽/数据库/merged_amp_corpus/landed_assets/papers/doi__10.1093_abbs_gmx032,Identification and functional analyses of novel antioxidant peptides and antimicrobial peptides from skin secretions of four East Asian frog species.,2017,Acta Biochim Biophys Sin (Shanghai),10.1093/abbs/gmx032,28402481,,0,1,0,1,0,2,direct_pdf,o;p;e;n;a;l;e;x;_;p;d;f;;;o;p;e;n;a;l;e;x;_;l;a;n;d;i;n;g
doi__10.1093_abbs_gmx091,weak_source,recover_or_stage_primary_xml_then_build_material_packet,/mnt/d/work/抗菌肽/数据库/merged_amp_corpus/landed_assets/papers/doi__10.1093_abbs_gmx091,D-amino acid substitution enhances the stability of antimicrobial peptide polybia-CP.,2017,Acta Biochim Biophys Sin (Shanghai),10.1093/abbs/gmx091,28981608,,0,1,0,1,0,2,direct_pdf,o;p;e;n;a;l;e;x;_;p;d;f;;;o;p;e;n;a;l;e;x;_;l;a;n;d;i;n;g
doi__10.1093_abbs_gmz128,weak_source,recover_or_stage_primary_xml_then_build_material_packet,/mnt/d/work/抗菌肽/数据库/merged_amp_corpus/landed_assets/papers/doi__10.1093_abbs_gmz128,In vitro leishmanicidal activity of antimicrobial peptide KDEL against Leishmania tarentolae.,2019,Acta Biochim Biophys Sin (Shanghai),10.1093/abbs/gmz128,31761925,,0,1,0,1,0,2,landing_page,o;p;e;n;a;l;e;x;_;l;a;n;d;i;n;g
doi__10.1093_embo-reports_kvd073,weak_source,recover_or_stage_primary_xml_then_build_material_packet,/mnt/d/work/抗菌肽/数据库/merged_amp_corpus/landed_assets/papers/doi__10.1093_embo-reports_kvd073,The Drosophila caspase Dredd is required to resist Gram-negative bacterial infection.,2000,,10.1093/embo-reports/kvd073,11269502,,0,1,0,1,0,0,direct_pdf,o;p;e;n;a;l;e;x;_;l;a;n;d;i;n;g;;;o;p;e;n;a;l;e;x;_;p;d;f
doi__10.1093_jimb_kuaf028,weak_source,recover_or_stage_primary_pdf_then_build_material_packet,/mnt/d/work/抗菌肽/数据库/merged_amp_corpus/landed_assets/papers/doi__10.1093_jimb_kuaf028,Characterization of S-glycosylated glycocins containing three disulfides.,2024,J Ind Microbiol Biotechnol.,10.1093/jimb/kuaf028,40920454,PMC12457901,1,0,1,0,0,0,direct_pdf,o;p;e;n;a;l;e;x;_;p;d;f;;;o;p;e;n;a;l;e;x;_;l;a;n;d;i;n;g;;;f;u;l;l;t;e;x;t;_;s;i;g;n;a;l
doi__10.1094_mpmi-4-324,weak_source,recover_or_stage_primary_xml_then_build_material_packet,/mnt/d/work/抗菌肽/数据库/merged_amp_corpus/landed_assets/papers/doi__10.1094_mpmi-4-324,The Fusarium solani-induced expression of a pea gene family encoding high cysteine content proteins.,1991,Mol Plant Microbe Interact,10.1094/mpmi-4-324,1799696,,0,1,0,1,0,0,landing_page,o;p;e;n;a;l;e;x;_;l;a;n;d;i;n;g
doi__10.1094_mpmi-8-0424,weak_source,recover_or_stage_primary_xml_then_build_material_packet,/mnt/d/work/抗菌肽/数据库/merged_amp_corpus/landed_assets/papers/doi__10.1094_mpmi-8-0424,Characterization and localization of new antifungal cysteine-rich proteins from Beta vulgaris.,1995,Mol Plant Microbe Interact,10.1094/mpmi-8-0424,7655063,,0,1,0,1,0,0,landing_page,o;p;e;n;a;l;e;x;_;l;a;n;d;i;n;g
doi__10.1094_mpmi-8-0792,weak_source,recover_or_stage_primary_xml_then_build_material_packet,/mnt/d/work/抗菌肽/数据库/merged_amp_corpus/landed_assets/papers/doi__10.1094_mpmi-8-0792,Synthetic antimicrobial peptide design,1995,Mol Plant Microbe Interact.,10.1094/mpmi-8-0792,7579625,,0,1,0,1,0,0,landing_page,o;p;e;n;a;l;e;x;_;l;a;n;d;i;n;g
doi__10.1096_fj.01-0736fje,weak_source,recover_or_stage_primary_xml_then_build_material_packet,/mnt/d/work/抗菌肽/数据库/merged_amp_corpus/landed_assets/papers/doi__10.1096_fj.01-0736fje,Cathepsin D produces antimicrobial peptide parasin I from histone H2A in the skin mucosa of fish.,2002,FASEB J,10.1096/fj.01-0736fje,11821259,,0,1,0,1,0,0,direct_pdf,o;p;e;n;a;l;e;x;_;p;d;f;;;o;p;e;n;a;l;e;x;_;l;a;n;d;i;n;g
doi__10.1097_00002030-199302000-00010,weak_source,recover_or_stage_primary_xml_then_build_material_packet,/mnt/d/work/抗菌肽/数据库/merged_amp_corpus/landed_assets/papers/doi__10.1097_00002030-199302000-00010,ELEVATED PLASMA-LEVELS OFÂ VASOACTIVE-INTESTINAL-PEPTIDEÂ IN AIDS PATIENTS WITH REFRACTORY IDIOPATHIC DIARRHEA - EFFECTS OF TREATMENT WITH OCTREOTIDE,1993,,10.1097/00002030-199302000-00010,8466684,,0,1,0,1,0,3,landing_page,o;p;e;n;a;l;e;x;_;l;a;n;d;i;n;g
doi__10.1097_00005373-199904000-00018,weak_source,recover_or_stage_primary_xml_then_build_material_packet,/mnt/d/work/抗菌肽/数据库/merged_amp_corpus/landed_assets/papers/doi__10.1097_00005373-199904000-00018,results of a multicenter phase II clinical trial,1999,Bactericidal/permeability increasing protein(rBPI-21) in patients with hemorrhage due to trauma: results of a multicenter phase II clinical trial. Trauma,10.1097/00005373-199904000-00018,10217232,,0,1,0,1,0,5,landing_page,o;p;e;n;a;l;e;x;_;l;a;n;d;i;n;g
doi__10.1097_01.ta.0000047047.79701.6d,weak_source,recover_or_stage_primary_xml_then_build_material_packet,/mnt/d/work/抗菌肽/数据库/merged_amp_corpus/landed_assets/papers/doi__10.1097_01.ta.0000047047.79701.6d,Treatment of infected wounds with the antimicrobial peptide D2A21,2003,JOURNAL OF TRAUMA-INJURY INFECTION AND CRITICAL CARE,10.1097/01.ta.0000047047.79701.6d,12707542,,0,1,0,1,0,4,landing_page,o;p;e;n;a;l;e;x;_;l;a;n;d;i;n;g
doi__10.1097_cad.0000000000000111,weak_source,recover_or_stage_primary_xml_then_build_material_packet,/mnt/d/work/抗菌肽/数据库/merged_amp_corpus/landed_assets/papers/doi__10.1097_cad.0000000000000111,Anticancer activity of tuftsin-derived T peptide in postoperative residual tumors,2014,Anticancer Drugs,10.1097/cad.0000000000000111,24714081,,0,1,0,1,0,5,landing_page,o;p;e;n;a;l;e;x;_;l;a;n;d;i;n;g
doi__10.1097_shk.0b013e31817fd62a,weak_source,recover_or_stage_primary_xml_then_build_material_packet,/mnt/d/work/抗菌肽/数据库/merged_amp_corpus/landed_assets/papers/doi__10.1097_shk.0b013e31817fd62a,Synthetic oligopeptides related to the b-subunit of human chorionic gonadotropin attenuate inflammation and liver damage after (trauma) hemorrhagic shock and resuscitation,2009,Shock,10.1097/shk.0b013e31817fd62a,18654091,,0,1,0,1,0,3,landing_page,o;p;e;n;a;l;e;x;_;l;a;n;d;i;n;g
doi__10.1097_ta.0000000000003183,weak_source,recover_or_stage_primary_xml_then_build_material_packet,/mnt/d/work/抗菌肽/数据库/merged_amp_corpus/landed_assets/papers/doi__10.1097_ta.0000000000003183,Analysis of the AB103 Clinical Composite Endpoint Study in Necrotizing Soft Tissue Infections trial and a retrospective claims database-linked chart study,2021,,10.1097/ta.0000000000003183,33797490,,0,1,0,1,0,5,landing_page,o;p;e;n;a;l;e;x;_;l;a;n;d;i;n;g
doi__10.1098_rspb.2012.2113,weak_source,recover_or_stage_primary_pdf_then_build_material_packet,/mnt/d/work/抗菌肽/数据库/merged_amp_corpus/landed_assets/papers/doi__10.1098_rspb.2012.2113,Expansion of the antimicrobial peptide repertoire in the invasive ladybird Harmonia axyridis.,2012,Proc Biol Sci.,10.1098/rspb.2012.2113,23173204,PMC3574431,1,0,2,0,1,0,direct_pdf,l;o;c;a;l;_;x;m;l;;;l;o;c;a;l;_;p;a;c;k;a;g;e;;;l;o;c;a;l;_;s;u;p;p;l;e;m;e;n;t;a;r;y;;;o;p;e;n;a;l;e;x;_;p;d;f;;;o;p;e;n;a;l;e;x;_;l;a;n;d;i;n;g;;;f;u;l;l;t;e;x;t;_;s;i;g;n;a;l
doi__10.1099_mgen.0.000134,weak_source,recover_or_stage_primary_pdf_then_build_material_packet,/mnt/d/work/抗菌肽/数据库/merged_amp_corpus/landed_assets/papers/doi__10.1099_mgen.0.000134,"Genome-guided identification of novel head-to-tail cyclized antimicrobial peptides, exemplified by the discovery of pumilarin.",2017,Microb Genom.,10.1099/mgen.0.000134,29177092,PMC5695211,1,0,2,0,1,9,fulltext_or_xml,l;o;c;a;l;_;x;m;l;;;l;o;c;a;l;_;p;a;c;k;a;g;e;;;l;o;c;a;l;_;s;u;p;p;l;e;m;e;n;t;a;r;y;;;o;p;e;n;a;l;e;x;_;l;a;n;d;i;n;g;;;f;u;l;l;t;e;x;t;_;s;i;g;n;a;l
doi__10.1099_vir.0.80051-0,weak_source,recover_or_stage_primary_xml_then_build_material_packet,/mnt/d/work/抗菌肽/数据库/merged_amp_corpus/landed_assets/papers/doi__10.1099_vir.0.80051-0,A synthetic peptide from a heptad repeat region of herpesvirus glycoprotein B inhibits virus replication.,2004,J Gen Virol,10.1099/vir.0.80051-0,15269351,,0,1,0,1,0,0,direct_pdf,o;p;e;n;a;l;e;x;_;l;a;n;d;i;n;g;;;o;p;e;n;a;l;e;x;_;p;d;f
doi__10.1101_gr.1293003,weak_source,recover_or_stage_primary_xml_then_build_material_packet,/mnt/d/work/抗菌肽/数据库/merged_amp_corpus/landed_assets/papers/doi__10.1101_gr.1293003,a bioinformatics assessment.,2003,Genome Res,10.1101/gr.1293003,12975309,,0,3,0,3,0,2,direct_pdf,l;o;c;a;l;_;p;d;f;;;o;p;e;n;a;l;e;x;_;p;d;f;;;o;p;e;n;a;l;e;x;_;l;a;n;d;i;n;g
doi__10.1101_gr.1515604,weak_source,recover_or_stage_primary_xml_then_build_material_packet,/mnt/d/work/抗菌肽/数据库/merged_amp_corpus/landed_assets/papers/doi__10.1101_gr.1515604,a combined approach to evaluate and improve Arabidopsis genome annotation.,2004,Genome Res,10.1101/gr.1515604,14993207,,0,3,0,3,0,2,direct_pdf,l;o;c;a;l;_;p;d;f;;;o;p;e;n;a;l;e;x;_;p;d;f;;;o;p;e;n;a;l;e;x;_;l;a;n;d;i;n;g
doi__10.1101_gr.1946304,weak_source,recover_or_stage_primary_xml_then_build_material_packet,/mnt/d/work/抗菌肽/数据库/merged_amp_corpus/landed_assets/papers/doi__10.1101_gr.1946304,A genomic analysis of rat proteases and protease inhibitors.,2004,Genome Res,10.1101/gr.1946304,15060002,,0,3,0,3,0,2,direct_pdf,l;o;c;a;l;_;p;d;f;;;o;p;e;n;a;l;e;x;_;p;d;f;;;o;p;e;n;a;l;e;x;_;l;a;n;d;i;n;g
doi__10.1101_gr.223902,weak_source,recover_or_stage_primary_xml_then_build_material_packet,/mnt/d/work/抗菌肽/数据库/merged_amp_corpus/landed_assets/papers/doi__10.1101_gr.223902,The genome of M. acetivorans reveals extensive metabolic and physiological diversity.,2002,Genome Res,10.1101/gr.223902,11932238,,0,2,0,2,0,0,direct_pdf,o;p;e;n;a;l;e;x;_;p;d;f;;;o;p;e;n;a;l;e;x;_;l;a;n;d;i;n;g
doi__10.1101_gr.2596504,weak_source,recover_or_stage_primary_xml_then_build_material_packet,/mnt/d/work/抗菌肽/数据库/merged_amp_corpus/landed_assets/papers/doi__10.1101_gr.2596504,the Mammalian Gene Collection (MGC).,2004,Genome Res,10.1101/gr.2596504,15489334,,0,2,0,2,0,2,direct_pdf,o;p;e;n;a;l;e;x;_;p;d;f;;;o;p;e;n;a;l;e;x;_;l;a;n;d;i;n;g
doi__10.1101_gr.3003105,weak_source,recover_or_stage_primary_xml_then_build_material_packet,/mnt/d/work/抗菌肽/数据库/merged_amp_corpus/landed_assets/papers/doi__10.1101_gr.3003105,Complete genome sequence of the hyperthermophilic archaeon Thermococcus kodakaraensis KOD1 and comparison with Pyrococcus genomes.,2005,Genome Res,10.1101/gr.3003105,15710748,,0,3,0,3,0,2,direct_pdf,l;o;c;a;l;_;p;d;f;;;o;p;e;n;a;l;e;x;_;p;d;f;;;o;p;e;n;a;l;e;x;_;l;a;n;d;i;n;g
doi__10.1101_gr.3869505,weak_source,recover_or_stage_primary_xml_then_build_material_packet,/mnt/d/work/抗菌肽/数据库/merged_amp_corpus/landed_assets/papers/doi__10.1101_gr.3869505,"Sequence, annotation, and analysis of synteny between rice chromosome 3 and diverged grass species.",2005,Genome Res,10.1101/gr.3869505,16109971,,0,2,0,2,0,2,direct_pdf,o;p;e;n;a;l;e;x;_;p;d;f;;;o;p;e;n;a;l;e;x;_;l;a;n;d;i;n;g
doi__10.1101_gr.5798407,weak_source,recover_or_stage_primary_xml_then_build_material_packet,/mnt/d/work/抗菌肽/数据库/merged_amp_corpus/landed_assets/papers/doi__10.1101_gr.5798407,Genome characteristics of facultatively symbiotic Frankia sp. strains reflect host range and host plant biogeography.,2006,Genome Res,10.1101/gr.5798407,17151343,,0,2,0,2,0,1,direct_pdf,o;p;e;n;a;l;e;x;_;p;d;f;;;o;p;e;n;a;l;e;x;_;l;a;n;d;i;n;g
doi__10.1101_gr.6004607,weak_source,recover_or_stage_primary_xml_then_build_material_packet,/mnt/d/work/抗菌肽/数据库/merged_amp_corpus/landed_assets/papers/doi__10.1101_gr.6004607,Comparative sequence analyses reveal rapid and divergent evolutionary changes of the WFDC locus in the primate lineage.,2007,Genome Res,10.1101/gr.6004607,17267810,,0,3,0,3,0,2,direct_pdf,l;o;c;a;l;_;p;d;f;;;o;p;e;n;a;l;e;x;_;p;d;f;;;o;p;e;n;a;l;e;x;_;l;a;n;d;i;n;g
doi__10.1101_gr.7149808,weak_source,recover_or_stage_primary_xml_then_build_material_packet,/mnt/d/work/抗菌肽/数据库/merged_amp_corpus/landed_assets/papers/doi__10.1101_gr.7149808,Defensins and the convergent evolution of platypus and reptile venom genes.,2008,Genome Res,10.1101/gr.7149808,18463304,,0,2,0,2,0,5,direct_pdf,o;p;e;n;a;l;e;x;_;p;d;f;;;o;p;e;n;a;l;e;x;_;l;a;n;d;i;n;g
doi__10.1107_s1744309106005963,weak_source,recover_or_stage_primary_xml_then_build_material_packet,/mnt/d/work/抗菌肽/数据库/merged_amp_corpus/landed_assets/papers/doi__10.1107_s1744309106005963,"Purification, crystallization and preliminary X-ray structuralstudies of a 7.2 kDa cytotoxin isolated from the venom of Daboiarusselli russelli of the Viperidae family.",2006,Acta Crystallogr. F 62:292-294,10.1107/s1744309106005963,16511326,,0,1,0,1,0,3,direct_pdf,o;p;e;n;a;l;e;x;_;p;d;f;;;o;p;e;n;a;l;e;x;_;l;a;n;d;i;n;g
doi__10.1107_s1744309110052607,weak_source,recover_or_stage_primary_xml_then_build_material_packet,/mnt/d/work/抗菌肽/数据库/merged_amp_corpus/landed_assets/papers/doi__10.1107_s1744309110052607,Crystal structure of small protein crambin at 0.48Å resolution.,2011,Acta Crystallogr Sect F Struct Biol Cryst Commun,10.1107/s1744309110052607,21505232,,0,1,0,1,0,3,direct_pdf,o;p;e;n;a;l;e;x;_;p;d;f;;;o;p;e;n;a;l;e;x;_;l;a;n;d;i;n;g
doi__10.1111_j.1432-1033.1995.tb20600.x,weak_source,recover_or_stage_primary_xml_then_build_material_packet,/mnt/d/work/抗菌肽/数据库/merged_amp_corpus/landed_assets/papers/doi__10.1111_j.1432-1033.1995.tb20600.x,Elucidation of the primary structure of the lantibiotic epilancin K7 from Staphylococcus epidermidis K7. Cloning and characterisation of the epilancin-K7-encoding gene and NMR analysis of mature epilancin K7.,1995,Eur J Biochem,10.1111/j.1432-1033.1995.tb20600.x,7607233,,0,1,0,1,0,2,direct_pdf,o;p;e;n;a;l;e;x;_;p;d;f;;;o;p;e;n;a;l;e;x;_;l;a;n;d;i;n;g
doi__10.1128_aac.00765-09,weak_source,recover_or_stage_primary_xml_then_build_material_packet,/mnt/d/work/抗菌肽/数据库/merged_amp_corpus/landed_assets/papers/doi__10.1128_aac.00765-09,In vivo activities of recombinant divercin V41 and its structural variants against Listeria monocytogenes.,2009,Antimicrob Agents Chemother,10.1128/aac.00765-09,19841145,PMC2798489,0,1,0,1,0,4,fulltext_or_xml,o;p;e;n;a;l;e;x;_;l;a;n;d;i;n;g;;;f;u;l;l;t;e;x;t;_;s;i;g;n;a;l
doi__10.1128_aac.01515-10,weak_source,recover_or_stage_primary_xml_then_build_material_packet,/mnt/d/work/抗菌肽/数据库/merged_amp_corpus/landed_assets/papers/doi__10.1128_aac.01515-10,Structure-activity studies and therapeutic potential of host defense peptides of human thrombin.,2011,Antimicrob Agents Chemother.,10.1128/aac.01515-10,21402837,,0,1,0,1,0,1,landing_page,o;p;e;n;a;l;e;x;_;l;a;n;d;i;n;g
doi__10.1128_aac.27.5.791,weak_source,recover_or_stage_primary_xml_then_build_material_packet,/mnt/d/work/抗菌肽/数据库/merged_amp_corpus/landed_assets/papers/doi__10.1128_aac.27.5.791,"Structure and mode of action of microcin 7, an antibacterial peptide produced by Escherichia coli.",1985,Antimicrob Agents Chemother,10.1128/aac.27.5.791,2861788,,0,1,0,1,0,1,landing_page,o;p;e;n;a;l;e;x;_;l;a;n;d;i;n;g
doi__10.1128_aac.45.3.905-912.2001,weak_source,recover_or_stage_primary_xml_then_build_material_packet,/mnt/d/work/抗菌肽/数据库/merged_amp_corpus/landed_assets/papers/doi__10.1128_aac.45.3.905-912.2001,Bacteriocin production in vancomycin-resistant and vancomycin-susceptible Enterococcus isolates of different origins,2001,Antimicrob Agents Chemother.,10.1128/aac.45.3.905-912.2001,11181378,PMC90391,0,1,0,1,0,1,fulltext_or_xml,o;p;e;n;a;l;e;x;_;l;a;n;d;i;n;g;;;f;u;l;l;t;e;x;t;_;s;i;g;n;a;l
doi__10.1128_aac.46.11.3585-3590.2002,weak_source,recover_or_stage_primary_xml_then_build_material_packet,/mnt/d/work/抗菌肽/数据库/merged_amp_corpus/landed_assets/papers/doi__10.1128_aac.46.11.3585-3590.2002,Cationic hydrophobic peptides with antimicrobial activity.,2002,Antimicrob Agents Chemother,10.1128/aac.46.11.3585-3590.2002,12384369,PMC128737,0,1,0,1,0,0,fulltext_or_xml,f;u;l;l;t;e;x;t;_;s;i;g;n;a;l;;;o;p;e;n;a;l;e;x;_;l;a;n;d;i;n;g
doi__10.1128_aac.49.6.2438-2444.2005,weak_source,recover_or_stage_primary_xml_then_build_material_packet,/mnt/d/work/抗菌肽/数据库/merged_amp_corpus/landed_assets/papers/doi__10.1128_aac.49.6.2438-2444.2005,Comparable efficacies of the antimicrobial peptide human lactoferrin 1â€“11 and gentamicin in a chronic methicillin-resistantStaphylococcus aureusosteomyelitis model,2005,Antimicrob. Agents Chemother,10.1128/aac.49.6.2438-2444.2005,15917544,,0,2,0,2,0,0,direct_pdf,l;o;c;a;l;_;p;d;f;;;o;p;e;n;a;l;e;x;_;p;d;f;;;o;p;e;n;a;l;e;x;_;l;a;n;d;i;n;g
doi__10.1128_aac.49.7.2845-2850.2005,weak_source,recover_or_stage_primary_xml_then_build_material_packet,/mnt/d/work/抗菌肽/数据库/merged_amp_corpus/landed_assets/papers/doi__10.1128_aac.49.7.2845-2850.2005,"Antimicrobial and chemoattractant activity, lipopolysaccharide neutralization, cytotoxicity, and inhibition by serum of analogs of human cathelicidin LL-37.",2005,Antimicrob Agents Chemother,10.1128/aac.49.7.2845-2850.2005,15980359,PMC1168709,0,1,0,1,0,1,fulltext_or_xml,o;p;e;n;a;l;e;x;_;l;a;n;d;i;n;g;;;f;u;l;l;t;e;x;t;_;s;i;g;n;a;l
doi__10.1128_aem.00548-09,weak_source,recover_or_stage_primary_xml_then_build_material_packet,/mnt/d/work/抗菌肽/数据库/merged_amp_corpus/landed_assets/papers/doi__10.1128_aem.00548-09,High-level biosynthesis of the anteiso-C(17) isoform of the antibiotic mycosubtilin in Bacillus subtilis and characterization of its candidacidal activity.,2009,Appl Environ Microbiol,10.1128/aem.00548-09,19429561,PMC2704807,0,1,0,1,0,5,fulltext_or_xml,o;p;e;n;a;l;e;x;_;l;a;n;d;i;n;g;;;f;u;l;l;t;e;x;t;_;s;i;g;n;a;l
doi__10.1128_aem.01981-20,weak_source,recover_or_stage_primary_xml_then_build_material_packet,/mnt/d/work/抗菌肽/数据库/merged_amp_corpus/landed_assets/papers/doi__10.1128_aem.01981-20,Novel Modifications of Nonribosomal Peptides from Brevibacillus laterosporus MG64 and Investigation of Their Mode of Action.,2020,Appl Environ Microbiol,10.1128/aem.01981-20,32978140,PMC7688214,0,2,0,2,0,4,direct_pdf,l;o;c;a;l;_;p;d;f;;;o;p;e;n;a;l;e;x;_;p;d;f;;;o;p;e;n;a;l;e;x;_;l;a;n;d;i;n;g;;;f;u;l;l;t;e;x;t;_;s;i;g;n;a;l
doi__10.1128_aem.02030-07,weak_source,recover_or_stage_primary_xml_then_build_material_packet,/mnt/d/work/抗菌肽/数据库/merged_amp_corpus/landed_assets/papers/doi__10.1128_aem.02030-07,"The inhibitory spectrum of thermophilin 9 from Streptococcus thermophilus LMD-9 depends on the production of multiple peptides and the activity of BlpG(St), a thiol-disulfide oxidase.",2007,Appl Environ Microbiol,10.1128/aem.02030-07,18156339,,0,1,0,1,0,0,landing_page,o;p;e;n;a;l;e;x;_;l;a;n;d;i;n;g
doi__10.1128_aem.02062-24,weak_source,recover_or_stage_primary_pdf_then_build_material_packet,/mnt/d/work/抗菌肽/数据库/merged_amp_corpus/landed_assets/papers/doi__10.1128_aem.02062-24,Antimicrobial peptide DiPGLa-H exhibits the most outstanding anti-infective activity among the PGLa variants based on a systematic comparison.,2025,Appl Environ Microbiol.,10.1128/aem.02062-24,39907455,PMC11921344,1,0,2,0,1,1,fulltext_or_xml,l;o;c;a;l;_;x;m;l;;;l;o;c;a;l;_;p;a;c;k;a;g;e;;;l;o;c;a;l;_;s;u;p;p;l;e;m;e;n;t;a;r;y;;;o;p;e;n;a;l;e;x;_;l;a;n;d;i;n;g;;;f;u;l;l;t;e;x;t;_;s;i;g;n;a;l
doi__10.1128_aem.02940-05,weak_source,recover_or_stage_primary_xml_then_build_material_packet,/mnt/d/work/抗菌肽/数据库/merged_amp_corpus/landed_assets/papers/doi__10.1128_aem.02940-05,"Characterization of antimicrobial substances produced by Enterococcus faecalis MRR 10-3, isolated from the uropygial gland of the hoopoe (Upupa epops).",2006,Appl Environ Microbiol,10.1128/aem.02940-05,16751538,PMC1489579,0,4,0,4,0,0,direct_pdf,l;o;c;a;l;_;p;d;f;;;o;p;e;n;a;l;e;x;_;p;d;f;;;o;p;e;n;a;l;e;x;_;l;a;n;d;i;n;g;;;f;u;l;l;t;e;x;t;_;s;i;g;n;a;l
doi__10.1128_iai.00131-25,weak_source,recover_or_stage_primary_pdf_then_build_material_packet,/mnt/d/work/抗菌肽/数据库/merged_amp_corpus/landed_assets/papers/doi__10.1128_iai.00131-25,Investigating the immunomodulatory effects of honeybee venom peptide apamin in Drosophila platforms.,2025,Infect Immun.,10.1128/iai.00131-25,40470946,PMC12234437,1,0,2,0,1,8,fulltext_or_xml,l;o;c;a;l;_;x;m;l;;;l;o;c;a;l;_;p;a;c;k;a;g;e;;;l;o;c;a;l;_;s;u;p;p;l;e;m;e;n;t;a;r;y;;;o;p;e;n;a;l;e;x;_;l;a;n;d;i;n;g;;;f;u;l;l;t;e;x;t;_;s;i;g;n;a;l
doi__10.1128_jb.186.5.1556-1564.2004,weak_source,recover_or_stage_primary_xml_then_build_material_packet,/mnt/d/work/抗菌肽/数据库/merged_amp_corpus/landed_assets/papers/doi__10.1128_jb.186.5.1556-1564.2004,is mediated by an autoinduction mechanism.,2004,J Bacteriol,10.1128/jb.186.5.1556-1564.2004,14973042,,0,1,0,1,0,2,direct_pdf,o;p;e;n;a;l;e;x;_;p;d;f;;;o;p;e;n;a;l;e;x;_;l;a;n;d;i;n;g
doi__10.1128_mbio.00570-24,weak_source,recover_or_stage_primary_pdf_then_build_material_packet,/mnt/d/work/抗菌肽/数据库/merged_amp_corpus/landed_assets/papers/doi__10.1128_mbio.00570-24,Optimization of the antifungal properties of the bacterial peptide EntV by variant analysis.,2024,mBio.,10.1128/mbio.00570-24,38587425,PMC11077972,1,0,2,0,1,2,fulltext_or_xml,l;o;c;a;l;_;x;m;l;;;l;o;c;a;l;_;p;a;c;k;a;g;e;;;l;o;c;a;l;_;s;u;p;p;l;e;m;e;n;t;a;r;y;;;o;p;e;n;a;l;e;x;_;l;a;n;d;i;n;g;;;f;u;l;l;t;e;x;t;_;s;i;g;n;a;l
doi__10.1128_spectrum.02578-23,weak_source,recover_or_stage_primary_pdf_then_build_material_packet,/mnt/d/work/抗菌肽/数据库/merged_amp_corpus/landed_assets/papers/doi__10.1128_spectrum.02578-23,"BsR1, a broad-spectrum antibacterial peptide with potential for plant protection.",2023,Microbiol Spectr.,10.1128/spectrum.02578-23,37948344,PMC10714738,1,0,2,0,1,0,fulltext_or_xml,l;o;c;a;l;_;x;m;l;;;l;o;c;a;l;_;p;a;c;k;a;g;e;;;l;o;c;a;l;_;s;u;p;p;l;e;m;e;n;t;a;r;y;;;o;p;e;n;a;l;e;x;_;l;a;n;d;i;n;g;;;f;u;l;l;t;e;x;t;_;s;i;g;n;a;l
doi__10.1128_spectrum.02658-22,weak_source,recover_or_stage_primary_pdf_then_build_material_packet,/mnt/d/work/抗菌肽/数据库/merged_amp_corpus/landed_assets/papers/doi__10.1128_spectrum.02658-22,Rationally Designed Minimal Bioactive Domains of AS-48 Bacteriocin Homologs Possess Potent Antileishmanial Properties.,2022,Microbiol Spectr.,10.1128/spectrum.02658-22,36342284,PMC9769502,1,0,2,0,1,0,fulltext_or_xml,l;o;c;a;l;_;x;m;l;;;l;o;c;a;l;_;p;a;c;k;a;g;e;;;l;o;c;a;l;_;s;u;p;p;l;e;m;e;n;t;a;r;y;;;o;p;e;n;a;l;e;x;_;l;a;n;d;i;n;g;;;f;u;l;l;t;e;x;t;_;s;i;g;n;a;l
doi__10.1134_s1068162024030087,weak_source,recover_or_stage_primary_xml_then_build_material_packet,/mnt/d/work/抗菌肽/数据库/merged_amp_corpus/landed_assets/papers/doi__10.1134_s1068162024030087,Novel BRICHOS-related Defensin-like Antimicrobial Peptide from the Marine Polychaeta Arenicola marina,2024,Russ J Org Chem,10.1134/s1068162024030087,,,0,2,0,2,0,8,direct_pdf,o;p;e;n;a;l;e;x;_;p;d;f;;;o;p;e;n;a;l;e;x;_;l;a;n;d;i;n;g;;;c;r;o;s;s;r;e;f;_;i;d;e;n;t;i;f;i;e;r
doi__10.1155_2013_206917,weak_source,recover_or_stage_primary_pdf_then_build_material_packet,/mnt/d/work/抗菌肽/数据库/merged_amp_corpus/landed_assets/papers/doi__10.1155_2013_206917,"Characterization and Application of Enterocin RM6, a Bacteriocin from Enterococcus faecalis.",2013,Biomed Res Int.,10.1155/2013/206917,23844357,PMC3697273,2,0,3,0,1,0,direct_pdf,l;o;c;a;l;_;x;m;l;;;l;o;c;a;l;_;p;a;c;k;a;g;e;;;l;o;c;a;l;_;s;u;p;p;l;e;m;e;n;t;a;r;y;;;o;p;e;n;a;l;e;x;_;p;d;f;;;o;p;e;n;a;l;e;x;_;l;a;n;d;i;n;g;;;f;u;l;l;t;e;x;t;_;s;i;g;n;a;l
doi__10.1155_2013_930216,weak_source,recover_or_stage_primary_pdf_then_build_material_packet,/mnt/d/work/抗菌肽/数据库/merged_amp_corpus/landed_assets/papers/doi__10.1155_2013_930216,"Characterization of Histone H2A Derived Antimicrobial Peptides, Harriottins, from Sicklefin Chimaera Neoharriotta pinnata (Schnakenbeck, 1931) and Its Evolutionary Divergence with respect to CO1 and Histone H2A.",2013,ISRN Mol Biol.,10.1155/2013/930216,27398241,PMC4890863,1,0,2,0,1,0,direct_pdf,l;o;c;a;l;_;x;m;l;;;l;o;c;a;l;_;p;a;c;k;a;g;e;;;l;o;c;a;l;_;s;u;p;p;l;e;m;e;n;t;a;r;y;;;o;p;e;n;a;l;e;x;_;p;d;f;;;o;p;e;n;a;l;e;x;_;l;a;n;d;i;n;g;;;f;u;l;l;t;e;x;t;_;s;i;g;n;a;l
doi__10.1155_2014_968487,weak_source,recover_or_stage_primary_pdf_then_build_material_packet,/mnt/d/work/抗菌肽/数据库/merged_amp_corpus/landed_assets/papers/doi__10.1155_2014_968487,A Broad-Spectrum Antimicrobial Activity of Bacillus subtilis RLID 12.1.,2014,ScientificWorldJournal.,10.1155/2014/968487,25180214,PMC4144302,1,0,2,0,1,0,direct_pdf,l;o;c;a;l;_;x;m;l;;;l;o;c;a;l;_;p;a;c;k;a;g;e;;;l;o;c;a;l;_;s;u;p;p;l;e;m;e;n;t;a;r;y;;;o;p;e;n;a;l;e;x;_;p;d;f;;;o;p;e;n;a;l;e;x;_;l;a;n;d;i;n;g;;;f;u;l;l;t;e;x;t;_;s;i;g;n;a;l
doi__10.1155_2018_8158453,weak_source,recover_or_stage_primary_pdf_then_build_material_packet,/mnt/d/work/抗菌肽/数据库/merged_amp_corpus/landed_assets/papers/doi__10.1155_2018_8158453,"Discovery of Novel Caeridins From the Skin Secretion of the Australian White's Tree Frog, Litoria caerulea",2018,Int J Genomics.,10.1155/2018/8158453,30116731,PMC6079455,1,0,2,0,1,0,direct_pdf,l;o;c;a;l;_;x;m;l;;;l;o;c;a;l;_;p;a;c;k;a;g;e;;;l;o;c;a;l;_;s;u;p;p;l;e;m;e;n;t;a;r;y;;;o;p;e;n;a;l;e;x;_;p;d;f;;;o;p;e;n;a;l;e;x;_;l;a;n;d;i;n;g;;;f;u;l;l;t;e;x;t;_;s;i;g;n;a;l
doi__10.1172_jci112121,weak_source,recover_or_stage_primary_xml_then_build_material_packet,/mnt/d/work/抗菌肽/数据库/merged_amp_corpus/landed_assets/papers/doi__10.1172_jci112121,Primary structures of three human neutrophil defensins,1985,J Clin Invest.,10.1172/jci112121,4056036,PMC424095,0,2,0,2,0,1,direct_pdf,o;p;e;n;a;l;e;x;_;p;d;f;;;o;p;e;n;a;l;e;x;_;l;a;n;d;i;n;g;;;f;u;l;l;t;e;x;t;_;s;i;g;n;a;l
doi__10.1172_jci115880,weak_source,recover_or_stage_primary_xml_then_build_material_packet,/mnt/d/work/抗菌肽/数据库/merged_amp_corpus/landed_assets/papers/doi__10.1172_jci115880,Peptides related to the carboxyl terminus of human platelet factor IV with antibacterial activity.,1992,J Clin Invest,10.1172/jci115880,1644916,PMC443120,0,4,0,4,0,0,direct_pdf,l;o;c;a;l;_;p;d;f;;;o;p;e;n;a;l;e;x;_;p;d;f;;;o;p;e;n;a;l;e;x;_;l;a;n;d;i;n;g;;;f;u;l;l;t;e;x;t;_;s;i;g;n;a;l
doi__10.1172_jci2410,weak_source,recover_or_stage_primary_xml_then_build_material_packet,/mnt/d/work/抗菌肽/数据库/merged_amp_corpus/landed_assets/papers/doi__10.1172_jci2410,Human beta-defensin 2 is a salt-sensitive peptide antibiotic expressed in human lung.,1998,J Clin Invest,10.1172/jci2410,9727055,PMC508952,0,3,0,3,0,0,direct_pdf,l;o;c;a;l;_;p;d;f;;;o;p;e;n;a;l;e;x;_;p;d;f;;;o;p;e;n;a;l;e;x;_;l;a;n;d;i;n;g;;;f;u;l;l;t;e;x;t;_;s;i;g;n;a;l
doi__10.1172_jci3121,weak_source,recover_or_stage_primary_xml_then_build_material_packet,/mnt/d/work/抗菌肽/数据库/merged_amp_corpus/landed_assets/papers/doi__10.1172_jci3121,Mobilization of potent plasma bactericidal activity during systemic bacterial challenge. Role of group IIA phospholipase A2,1998,J Clin Invest.,10.1172/jci3121,9691100,PMC508924,0,2,0,2,0,1,direct_pdf,o;p;e;n;a;l;e;x;_;p;d;f;;;o;p;e;n;a;l;e;x;_;l;a;n;d;i;n;g;;;f;u;l;l;t;e;x;t;_;s;i;g;n;a;l
doi__10.1172_jci64416,weak_source,recover_or_stage_primary_xml_then_build_material_packet,/mnt/d/work/抗菌肽/数据库/merged_amp_corpus/landed_assets/papers/doi__10.1172_jci64416,Cytokeratins mediate epithelial innate defense through their antimicrobial properties,2012,J Clin Invest.,10.1172/jci64416,23006328,PMC3461926,0,2,0,2,0,9,direct_pdf,o;p;e;n;a;l;e;x;_;p;d;f;;;o;p;e;n;a;l;e;x;_;l;a;n;d;i;n;g;;;f;u;l;l;t;e;x;t;_;s;i;g;n;a;l
doi__10.1177_1535370220966963,weak_source,recover_or_stage_primary_xml_then_build_material_packet,/mnt/d/work/抗菌肽/数据库/merged_amp_corpus/landed_assets/papers/doi__10.1177_1535370220966963,Shortened derivatives from native antimicrobial peptide LyeTx I: In vitro and in vivo biological activity assessment.,2020,Exp Biol Med (Maywood),10.1177/1535370220966963,33175610,PMC7885047,0,1,0,1,0,0,fulltext_or_xml,f;u;l;l;t;e;x;t;_;s;i;g;n;a;l;;;o;p;e;n;a;l;e;x;_;l;a;n;d;i;n;g
doi__10.1186_1471-2164-13-312,weak_source,recover_or_stage_primary_xml_then_build_material_packet,/mnt/d/work/抗菌肽/数据库/merged_amp_corpus/landed_assets/papers/doi__10.1186_1471-2164-13-312,The venom-gland transcriptome of the eastern diamondback rattlesnake (Crotalus adamanteus).,2012,BMC Genomics,10.1186/1471-2164-13-312,23025625,,0,2,0,2,0,10,direct_pdf,o;p;e;n;a;l;e;x;_;p;d;f;;;o;p;e;n;a;l;e;x;_;l;a;n;d;i;n;g
doi__10.1186_1471-2407-9-183,weak_source,recover_or_stage_primary_xml_then_build_material_packet,/mnt/d/work/抗菌肽/数据库/merged_amp_corpus/landed_assets/papers/doi__10.1186_1471-2407-9-183,The anticancer activity of lytic peptides is inhibited by heparan sulfate on the surface of the tumor cells,2009,BMC Cancer,10.1186/1471-2407-9-183,19527490,,0,2,0,2,0,10,direct_pdf,o;p;e;n;a;l;e;x;_;p;d;f;;;o;p;e;n;a;l;e;x;_;l;a;n;d;i;n;g
doi__10.1186_1472-6750-12-10,weak_source,recover_or_stage_primary_xml_then_build_material_packet,/mnt/d/work/抗菌肽/数据库/merged_amp_corpus/landed_assets/papers/doi__10.1186_1472-6750-12-10,A novel PCR-based method for high throughput prokaryotic expression of antimicrobial peptide genes,2012,BMC Biotechnol,10.1186/1472-6750-12-10,22439858,,0,2,0,2,0,9,direct_pdf,l;o;c;a;l;_;p;d;f;;;l;o;c;a;l;_;x;m;l;;;l;o;c;a;l;_;p;a;c;k;a;g;e;;;l;o;c;a;l;_;s;u;p;p;l;e;m;e;n;t;a;r;y;;;o;p;e;n;a;l;e;x;_;p;d;f;;;o;p;e;n;a;l;e;x;_;l;a;n;d;i;n;g
doi__10.1186_1742-4690-10-136,weak_source,recover_or_stage_primary_xml_then_build_material_packet,/mnt/d/work/抗菌肽/数据库/merged_amp_corpus/landed_assets/papers/doi__10.1186_1742-4690-10-136,Retrovirology. 2013 Nov 15;10:136,2013,,10.1186/1742-4690-10-136,24237936,,0,2,0,2,0,10,direct_pdf,o;p;e;n;a;l;e;x;_;p;d;f;;;o;p;e;n;a;l;e;x;_;l;a;n;d;i;n;g
doi__10.1186_s13568-021-01226-4,weak_source,recover_or_stage_primary_xml_then_build_material_packet,/mnt/d/work/抗菌肽/数据库/merged_amp_corpus/landed_assets/papers/doi__10.1186_s13568-021-01226-4,Effects of Bacillus subtilis iturin A on HepG2 cells in vitro and vivo,2021,AMB Express,10.1186/s13568-021-01226-4,33970365,,0,2,0,2,0,8,direct_pdf,o;p;e;n;a;l;e;x;_;p;d;f;;;o;p;e;n;a;l;e;x;_;l;a;n;d;i;n;g
doi__10.1186_s40538-025-00751-9,weak_source,recover_or_stage_primary_xml_then_build_material_packet,/mnt/d/work/抗菌肽/数据库/merged_amp_corpus/landed_assets/papers/doi__10.1186_s40538-025-00751-9,Discovery of antimicrobial peptides from Bacillus genomes against phytopathogens with deep learning models.,2025,Chem Biol Technol Agric,10.1186/s40538-025-00751-9,,,0,2,0,2,0,10,direct_pdf,o;p;e;n;a;l;e;x;_;p;d;f;;;o;p;e;n;a;l;e;x;_;l;a;n;d;i;n;g;;;f;u;l;l;t;e;x;t;_;s;i;g;n;a;l;;;c;r;o;s;s;r;e;f;_;i;d;e;n;t;i;f;i;e;r
doi__10.1186_s40543-021-00264-8,weak_source,recover_or_stage_primary_xml_then_build_material_packet,/mnt/d/work/抗菌肽/数据库/merged_amp_corpus/landed_assets/papers/doi__10.1186_s40543-021-00264-8,Dimerization of cell-penetrating buforin II enhances antimicrobial properties.,2021,J Anal Sci Technol,10.1186/s40543-021-00264-8,,,0,2,0,2,0,10,direct_pdf,o;p;e;n;a;l;e;x;_;p;d;f;;;o;p;e;n;a;l;e;x;_;l;a;n;d;i;n;g;;;f;u;l;l;t;e;x;t;_;s;i;g;n;a;l;;;c;r;o;s;s;r;e;f;_;i;d;e;n;t;i;f;i;e;r
doi__10.1242_jcs.113.3.461,weak_source,recover_or_stage_primary_xml_then_build_material_packet,/mnt/d/work/抗菌肽/数据库/merged_amp_corpus/landed_assets/papers/doi__10.1242_jcs.113.3.461,"Penaeidins, antimicrobial peptides with chitin-binding activity, are produced and stored in shrimp granulocytes and released after microbial challenge.",2000,J Cell Sci,10.1242/jcs.113.3.461,10639333,,0,1,0,1,0,0,landing_page,o;p;e;n;a;l;e;x;_;l;a;n;d;i;n;g
doi__10.1248_bpb.18.1049,weak_source,recover_or_stage_primary_xml_then_build_material_packet,/mnt/d/work/抗菌肽/数据库/merged_amp_corpus/landed_assets/papers/doi__10.1248_bpb.18.1049,Purification and cDNA cloning of an antifungal protein from the hemolymph of Holotrichia diomphalia larvae.,1995,Biol. Pharm. Bull,10.1248/bpb.18.1049,8535393,,0,2,0,2,0,5,direct_pdf,o;p;e;n;a;l;e;x;_;p;d;f;;;o;p;e;n;a;l;e;x;_;l;a;n;d;i;n;g
doi__10.1248_bpb.18.457,weak_source,recover_or_stage_primary_xml_then_build_material_packet,/mnt/d/work/抗菌肽/数据库/merged_amp_corpus/landed_assets/papers/doi__10.1248_bpb.18.457,"A sapecin homologue of Holotrichia diomphalia: purification, sequencing and determination of disulfide pairs.",1995,Biol Pharm Bull,10.1248/bpb.18.457,7550103,,0,2,0,2,0,5,direct_pdf,o;p;e;n;a;l;e;x;_;p;d;f;;;o;p;e;n;a;l;e;x;_;l;a;n;d;i;n;g
doi__10.1248_bpb.21.924,weak_source,recover_or_stage_primary_xml_then_build_material_packet,/mnt/d/work/抗菌肽/数据库/merged_amp_corpus/landed_assets/papers/doi__10.1248_bpb.21.924,Characterization of an apoptosis-inducing factor in Habu snake venom as a glycyrrhizin (GL)-binding protein potently inhibited by GL in vitro.,1998,Biol Pharm Bull,10.1248/bpb.21.924,9781840,,0,2,0,2,0,5,direct_pdf,o;p;e;n;a;l;e;x;_;p;d;f;;;o;p;e;n;a;l;e;x;_;l;a;n;d;i;n;g
doi__10.1248_bpb.30.218,weak_source,recover_or_stage_primary_xml_then_build_material_packet,/mnt/d/work/抗菌肽/数据库/merged_amp_corpus/landed_assets/papers/doi__10.1248_bpb.30.218,Creation of novel cell-penetrating peptides for intracellular drug delivery using systematic phage display technology originated from Tat transduction domain.,2007,Biol Pharm Bull,10.1248/bpb.30.218,17268054,,0,3,0,3,0,5,direct_pdf,l;o;c;a;l;_;p;d;f;;;o;p;e;n;a;l;e;x;_;p;d;f;;;o;p;e;n;a;l;e;x;_;l;a;n;d;i;n;g
doi__10.1248_bpb.31.1906,weak_source,recover_or_stage_primary_xml_then_build_material_packet,/mnt/d/work/抗菌肽/数据库/merged_amp_corpus/landed_assets/papers/doi__10.1248_bpb.31.1906,Fungicidal effect of piscidin on Candida albicans: pore formation in lipid vesicles and activity in fungal membranes.,2008,Biol Pharm Bull,10.1248/bpb.31.1906,18827353,,0,2,0,2,0,5,direct_pdf,o;p;e;n;a;l;e;x;_;p;d;f;;;o;p;e;n;a;l;e;x;_;l;a;n;d;i;n;g
doi__10.1248_bpb.b20-00799,weak_source,recover_or_stage_primary_xml_then_build_material_packet,/mnt/d/work/抗菌肽/数据库/merged_amp_corpus/landed_assets/papers/doi__10.1248_bpb.b20-00799,Examination of the Antimicrobial Peptide Myticalin A6 Active Site.,2021,Biol Pharm Bull,10.1248/bpb.b20-00799,33790103,,0,2,0,2,0,4,direct_pdf,o;p;e;n;a;l;e;x;_;p;d;f;;;o;p;e;n;a;l;e;x;_;l;a;n;d;i;n;g
doi__10.1248_cpb.17.2188,weak_source,recover_or_stage_primary_xml_then_build_material_packet,/mnt/d/work/抗菌肽/数据库/merged_amp_corpus/landed_assets/papers/doi__10.1248_cpb.17.2188,The total amino acid sequence of substance A produced by Streptomyces carzinostaticus.,1969,Chem Pharm Bull (Tokyo),10.1248/cpb.17.2188,5353565,,0,2,0,2,0,5,direct_pdf,o;p;e;n;a;l;e;x;_;p;d;f;;;o;p;e;n;a;l;e;x;_;l;a;n;d;i;n;g
doi__10.1248_cpb.22.1827,weak_source,recover_or_stage_primary_xml_then_build_material_packet,/mnt/d/work/抗菌肽/数据库/merged_amp_corpus/landed_assets/papers/doi__10.1248_cpb.22.1827,Studies on viomycin. VII. Oxidative modifications of viomycin.,1974,Chem Pharm Bull (Tokyo),10.1248/cpb.22.1827,4371987,,0,2,0,2,0,5,direct_pdf,o;p;e;n;a;l;e;x;_;p;d;f;;;o;p;e;n;a;l;e;x;_;l;a;n;d;i;n;g
doi__10.1248_cpb.27.1942,weak_source,recover_or_stage_primary_xml_then_build_material_packet,/mnt/d/work/抗菌肽/数据库/merged_amp_corpus/landed_assets/papers/doi__10.1248_cpb.27.1942,A new mast cell degranulating peptide mastoparan in the venom of Vespula lewisii,1979,Chem Pharm Bull (Tokyo),10.1248/cpb.27.1942,540362,,0,2,0,2,0,5,direct_pdf,o;p;e;n;a;l;e;x;_;p;d;f;;;o;p;e;n;a;l;e;x;_;l;a;n;d;i;n;g
doi__10.1248_cpb.27.492,weak_source,recover_or_stage_primary_xml_then_build_material_packet,/mnt/d/work/抗菌肽/数据库/merged_amp_corpus/landed_assets/papers/doi__10.1248_cpb.27.492,"The studies on the active peptide in the skin of Rana rugosa. II. The structure of ranatensin-R, the new ranatensin analogue, and granuliberin-R, the new mast cell degranulating peptide.",1979,Chem Pharm Bull (Tokyo),10.1248/cpb.27.492,445685,,0,2,0,2,0,5,direct_pdf,o;p;e;n;a;l;e;x;_;p;d;f;;;o;p;e;n;a;l;e;x;_;l;a;n;d;i;n;g
doi__10.1248_cpb.52.1029,weak_source,recover_or_stage_primary_xml_then_build_material_packet,/mnt/d/work/抗菌肽/数据库/merged_amp_corpus/landed_assets/papers/doi__10.1248_cpb.52.1029,Three new cytotoxic cyclic acylpeptides from marine Bacillus sp.,2004,Chem Pharm Bull (Tokyo),10.1248/cpb.52.1029,15305011,,0,2,0,2,0,5,direct_pdf,o;p;e;n;a;l;e;x;_;p;d;f;;;o;p;e;n;a;l;e;x;_;l;a;n;d;i;n;g
doi__10.1248_cpb.57.214,weak_source,recover_or_stage_primary_xml_then_build_material_packet,/mnt/d/work/抗菌肽/数据库/merged_amp_corpus/landed_assets/papers/doi__10.1248_cpb.57.214,"Synthesis, cytotoxic and antimicrobial screening of a proline-rich cyclopolypeptide.",2009,Chem Pharm Bull (Tokyo),10.1248/cpb.57.214,19182416,,0,2,0,2,0,5,direct_pdf,o;p;e;n;a;l;e;x;_;p;d;f;;;o;p;e;n;a;l;e;x;_;l;a;n;d;i;n;g
doi__10.1248_cpb.57.240,weak_source,recover_or_stage_primary_xml_then_build_material_packet,/mnt/d/work/抗菌肽/数据库/merged_amp_corpus/landed_assets/papers/doi__10.1248_cpb.57.240,Contribution of each amino acid residue in polymyxin B(3) to antimicrobial and lipopolysaccharide binding activity.,2009,Chem Pharm Bull (Tokyo),10.1248/cpb.57.240,19252313,,0,2,0,2,0,5,direct_pdf,o;p;e;n;a;l;e;x;_;p;d;f;;;o;p;e;n;a;l;e;x;_;l;a;n;d;i;n;g
doi__10.1248_cpb.59.1481,weak_source,recover_or_stage_primary_xml_then_build_material_packet,/mnt/d/work/抗菌肽/数据库/merged_amp_corpus/landed_assets/papers/doi__10.1248_cpb.59.1481,Novel cycloundecapeptides related to gramicidin S with both high antibiotic activity and low hemolytic activity.,2011,Chem Pharm Bull (Tokyo),10.1248/cpb.59.1481,22130370,,0,2,0,2,0,5,direct_pdf,o;p;e;n;a;l;e;x;_;p;d;f;;;o;p;e;n;a;l;e;x;_;l;a;n;d;i;n;g
doi__10.1248_cpb.c12-00290,weak_source,recover_or_stage_primary_xml_then_build_material_packet,/mnt/d/work/抗菌肽/数据库/merged_amp_corpus/landed_assets/papers/doi__10.1248_cpb.c12-00290,Polycationic gramicidin S analogues with both high antibiotic activity and very low hemolytic activity.,2012,Chem Pharm Bull (Tokyo),10.1248/cpb.c12-00290,22976321,,0,2,0,2,0,5,direct_pdf,o;p;e;n;a;l;e;x;_;p;d;f;;;o;p;e;n;a;l;e;x;_;l;a;n;d;i;n;g
doi__10.1248_cpb.c14-00103,weak_source,recover_or_stage_primary_xml_then_build_material_packet,/mnt/d/work/抗菌肽/数据库/merged_amp_corpus/landed_assets/papers/doi__10.1248_cpb.c14-00103,"Salusin-β, an antimicrobially active peptide against Gram-positive bacteria.",2014,Chem Pharm Bull (Tokyo),10.1248/cpb.c14-00103,24881665,,0,2,0,2,0,6,direct_pdf,o;p;e;n;a;l;e;x;_;p;d;f;;;o;p;e;n;a;l;e;x;_;l;a;n;d;i;n;g
doi__10.1248_cpb.c23-00465,weak_source,recover_or_stage_primary_xml_then_build_material_packet,/mnt/d/work/抗菌肽/数据库/merged_amp_corpus/landed_assets/papers/doi__10.1248_cpb.c23-00465,Rational Design of Amphipathic Antimicrobial Peptides with Alternating L-/D-Amino Acids That Form Helical Structures.,2024,Chem Pharm Bull (Tokyo),10.1248/cpb.c23-00465,38296556,,0,2,0,2,0,6,direct_pdf,o;p;e;n;a;l;e;x;_;p;d;f;;;o;p;e;n;a;l;e;x;_;l;a;n;d;i;n;g
doi__10.1262_jrd.17070,weak_source,recover_or_stage_primary_xml_then_build_material_packet,/mnt/d/work/抗菌肽/数据库/merged_amp_corpus/landed_assets/papers/doi__10.1262_jrd.17070,"Effects of age, egg-laying activity, and Salmonella-inoculation on the expressions of gallinacin mRNA in the vagina of the hen oviduct.",2006,J Reprod Dev,10.1262/jrd.17070,16394622,,0,2,0,2,0,5,direct_pdf,o;p;e;n;a;l;e;x;_;p;d;f;;;o;p;e;n;a;l;e;x;_;l;a;n;d;i;n;g
doi__10.1264_jsme2.me18148,weak_source,recover_or_stage_primary_xml_then_build_material_packet,/mnt/d/work/抗菌肽/数据库/merged_amp_corpus/landed_assets/papers/doi__10.1264_jsme2.me18148,Antimicrobial Activities of Cysteine-rich Peptides Specific to Bacteriocytes of the Pea Aphid Acyrthosiphon pisum.,2019,Microbes Environ.,10.1264/jsme2.me18148,30905896,,0,2,0,2,0,7,direct_pdf,o;p;e;n;a;l;e;x;_;p;d;f;;;o;p;e;n;a;l;e;x;_;l;a;n;d;i;n;g
doi__10.1271_kagakutoseibutsu1962.24.677,weak_source,recover_or_stage_primary_xml_then_build_material_packet,/mnt/d/work/抗菌肽/数据库/merged_amp_corpus/landed_assets/papers/doi__10.1271_kagakutoseibutsu1962.24.677,Amphiphilic peptides in wasp venom.,1986,Biopolymers.,10.1271/kagakutoseibutsu1962.24.677,3779021,,0,2,0,2,0,1,direct_pdf,o;p;e;n;a;l;e;x;_;p;d;f;;;o;p;e;n;a;l;e;x;_;l;a;n;d;i;n;g
doi__10.1292_jvms.09-0167,weak_source,recover_or_stage_primary_xml_then_build_material_packet,/mnt/d/work/抗菌肽/数据库/merged_amp_corpus/landed_assets/papers/doi__10.1292_jvms.09-0167,"Structural characterization and cytolytic activity of a potent antimicrobial motif in longicin, a defensin-like peptide in the tick Haemaphysalis longicornis.",2010,J Vet Med Sci,10.1292/jvms.09-0167,19940394,,0,2,0,2,0,10,direct_pdf,o;p;e;n;a;l;e;x;_;p;d;f;;;o;p;e;n;a;l;e;x;_;l;a;n;d;i;n;g
doi__10.1303_aez.2005.335,weak_source,recover_or_stage_primary_xml_then_build_material_packet,/mnt/d/work/抗菌肽/数据库/merged_amp_corpus/landed_assets/papers/doi__10.1303_aez.2005.335,"Purification and cDNA cloning of an insect defensin from larvae of the longicorn beetle, Acalolepta luxuriosa.",2005,Appl Entomol Zool,10.1303/aez.2005.335,,,0,2,0,2,0,5,direct_pdf,o;p;e;n;a;l;e;x;_;p;d;f;;;o;p;e;n;a;l;e;x;_;l;a;n;d;i;n;g;;;f;u;l;l;t;e;x;t;_;s;i;g;n;a;l;;;c;r;o;s;s;r;e;f;_;i;d;e;n;t;i;f;i;e;r
doi__10.1351_pac-con-09-01-12,weak_source,recover_or_stage_primary_xml_then_build_material_packet,/mnt/d/work/抗菌肽/数据库/merged_amp_corpus/landed_assets/papers/doi__10.1351_pac-con-09-01-12,Structure-guided de novo design of alpha-helical antimicrobial peptide with enhanced specificity,2010,Pure Appl Chem,10.1351/pac-con-09-01-12,,,0,2,0,2,0,10,direct_pdf,o;p;e;n;a;l;e;x;_;p;d;f;;;o;p;e;n;a;l;e;x;_;l;a;n;d;i;n;g;;;c;r;o;s;s;r;e;f;_;i;d;e;n;t;i;f;i;e;r
doi__10.1351_pac200779040717,weak_source,recover_or_stage_primary_xml_then_build_material_packet,/mnt/d/work/抗菌肽/数据库/merged_amp_corpus/landed_assets/papers/doi__10.1351_pac200779040717,Influence of C-terminal amidation on the antimicrobial and hemolytic activities of cationic a-helical peptides,2007,Pure Appl Chem,10.1351/pac200779040717,,,0,2,0,2,0,10,direct_pdf,o;p;e;n;a;l;e;x;_;p;d;f;;;o;p;e;n;a;l;e;x;_;l;a;n;d;i;n;g;;;c;r;o;s;s;r;e;f;_;i;d;e;n;t;i;f;i;e;r
doi__10.13652_j.issn.1003-5788.2019.07.001,weak_source,recover_or_stage_primary_xml_then_build_material_packet,/mnt/d/work/抗菌肽/数据库/merged_amp_corpus/landed_assets/papers/doi__10.13652_j.issn.1003-5788.2019.07.001,"Isolation, purification and identification of antimicrobial peptides from ovalbumin",2019,,10.13652/j.issn.1003-5788.2019.07.001,,,0,1,0,1,0,0,landing_page,d;o;i;_;r;e;s;o;l;v;e;r;_;l;a;n;d;i;n;g
doi__10.1371_journal.pbio.1000112,weak_source,recover_or_stage_primary_xml_then_build_material_packet,/mnt/d/work/抗菌肽/数据库/merged_amp_corpus/landed_assets/papers/doi__10.1371_journal.pbio.1000112,Lineage-specific biology revealed by a finished genome assembly of the mouse.,2009,PLoS Biol,10.1371/journal.pbio.1000112,19468303,,0,2,0,2,0,10,direct_pdf,o;p;e;n;a;l;e;x;_;p;d;f;;;o;p;e;n;a;l;e;x;_;l;a;n;d;i;n;g
doi__10.1371_journal.pone.0006788,weak_source,recover_or_stage_primary_xml_then_build_material_packet,/mnt/d/work/抗菌肽/数据库/merged_amp_corpus/landed_assets/papers/doi__10.1371_journal.pone.0006788,Production of the novel two-peptide lantibiotic lichenicidin by Bacillus licheniformis DSM 13.,2009,PLoS One,10.1371/journal.pone.0006788,19707558,,0,2,0,2,0,10,direct_pdf,o;p;e;n;a;l;e;x;_;p;d;f;;;o;p;e;n;a;l;e;x;_;l;a;n;d;i;n;g
doi__10.1371_journal.pone.0178943,weak_source,recover_or_stage_primary_xml_then_build_material_packet,/mnt/d/work/抗菌肽/数据库/merged_amp_corpus/landed_assets/papers/doi__10.1371_journal.pone.0178943,"Differential stability of therapeutic peptides with different proteolytic cleavage sites in blood, plasma and serum",2017,PLoS One,10.1371/journal.pone.0178943,28575099,,0,2,0,2,0,9,direct_pdf,l;o;c;a;l;_;p;d;f;;;l;o;c;a;l;_;x;m;l;;;l;o;c;a;l;_;p;a;c;k;a;g;e;;;l;o;c;a;l;_;s;u;p;p;l;e;m;e;n;t;a;r;y;;;o;p;e;n;a;l;e;x;_;p;d;f;;;o;p;e;n;a;l;e;x;_;l;a;n;d;i;n;g
doi__10.1371_journal.pone.0201220,weak_source,recover_or_stage_primary_xml_then_build_material_packet,/mnt/d/work/抗菌肽/数据库/merged_amp_corpus/landed_assets/papers/doi__10.1371_journal.pone.0201220,The anticancer peptide RT53 induces immunogenic cell death,2018,PLoS One,10.1371/journal.pone.0201220,30080874,,0,2,0,2,0,10,direct_pdf,o;p;e;n;a;l;e;x;_;p;d;f;;;o;p;e;n;a;l;e;x;_;l;a;n;d;i;n;g
doi__10.14233_ajchem.2015.18612,weak_source,recover_or_stage_primary_xml_then_build_material_packet,/mnt/d/work/抗菌肽/数据库/merged_amp_corpus/landed_assets/papers/doi__10.14233_ajchem.2015.18612,"Synthesis, characterization and anticancer screening of psammosilenin B: A cyclic octapeptide.",2015,Asian J Chem,10.14233/ajchem.2015.18612,,,0,1,0,1,0,1,landing_page,o;p;e;n;a;l;e;x;_;l;a;n;d;i;n;g;;;c;r;o;s;s;r;e;f;_;i;d;e;n;t;i;f;i;e;r
doi__10.1515_bchm.1997.378.9.989,weak_source,recover_or_stage_primary_xml_then_build_material_packet,/mnt/d/work/抗菌肽/数据库/merged_amp_corpus/landed_assets/papers/doi__10.1515_bchm.1997.378.9.989,"Amino acid sequence, S-S bridge arrangement and distribution in plant tissues of thionins from Viscum album.",1997,Biol Chem.,10.1515/bchm.1997.378.9.989,9348108,,0,1,0,1,0,9,landing_page,o;p;e;n;a;l;e;x;_;l;a;n;d;i;n;g
doi__10.1515_bchm3.1990.371.1.111,weak_source,recover_or_stage_primary_xml_then_build_material_packet,/mnt/d/work/抗菌肽/数据库/merged_amp_corpus/landed_assets/papers/doi__10.1515_bchm3.1990.371.1.111,binding to monospecific anti-seminalplasmin immunoglobulins G and calmodulin.,1990,Biol Chem Hoppe Seyler,10.1515/bchm3.1990.371.1.111,2334517,,0,1,0,1,0,9,landing_page,o;p;e;n;a;l;e;x;_;l;a;n;d;i;n;g
doi__10.1515_bchm3.1995.376.8.507,weak_source,recover_or_stage_primary_xml_then_build_material_packet,/mnt/d/work/抗菌肽/数据库/merged_amp_corpus/landed_assets/papers/doi__10.1515_bchm3.1995.376.8.507,Molecular cloning and identification of a novel porcine cathelin-like antibacterial peptide precursor.,1995,Biol Chem Hoppe Seyler,10.1515/bchm3.1995.376.8.507,7576250,,0,1,0,1,0,9,direct_pdf,o;p;e;n;a;l;e;x;_;p;d;f;;;o;p;e;n;a;l;e;x;_;l;a;n;d;i;n;g
doi__10.1515_hsz-2019-397ja-01,weak_source,recover_or_stage_primary_xml_then_build_material_packet,/mnt/d/work/抗菌肽/数据库/merged_amp_corpus/landed_assets/papers/doi__10.1515_hsz-2019-397ja-01,Comprehensive analysis of peptides and low molecular weight components of the giant ant Dinoponera quadriceps venom,2019,Biol Chem.,10.1515/hsz-2019-397ja-01,32087061,,0,1,0,1,0,6,landing_page,o;p;e;n;a;l;e;x;_;l;a;n;d;i;n;g
doi__10.1515_znc-2003-9-1026,weak_source,recover_or_stage_primary_xml_then_build_material_packet,/mnt/d/work/抗菌肽/数据库/merged_amp_corpus/landed_assets/papers/doi__10.1515_znc-2003-9-1026,A novel cyclopeptide from a bacterium associated with the marine sponge Ircinia muscarum.,2003,Z Naturforsch C J Biosci,10.1515/znc-2003-9-1026,14577642,,0,2,0,2,0,9,direct_pdf,o;p;e;n;a;l;e;x;_;p;d;f;;;o;p;e;n;a;l;e;x;_;l;a;n;d;i;n;g
doi__10.18388_abp.2001_3889,weak_source,recover_or_stage_primary_xml_then_build_material_packet,/mnt/d/work/抗菌肽/数据库/merged_amp_corpus/landed_assets/papers/doi__10.18388_abp.2001_3889,Hematological and antifungal properties of temporin A and a cecropin A-temporin A hybrid.,2001,Acta Biochim Pol,10.18388/abp.2001_3889,11995990,,0,1,0,1,0,0,landing_page,o;p;e;n;a;l;e;x;_;l;a;n;d;i;n;g
doi__10.18388_abp.2001_3890,weak_source,recover_or_stage_primary_xml_then_build_material_packet,/mnt/d/work/抗菌肽/数据库/merged_amp_corpus/landed_assets/papers/doi__10.18388_abp.2001_3890,Antibacterial peptides of the moth Galleria mellonella.,2001,Acta Biochim Pol,10.18388/abp.2001_3890,11995991,,0,1,0,1,0,0,direct_pdf,o;p;e;n;a;l;e;x;_;p;d;f;;;o;p;e;n;a;l;e;x;_;l;a;n;d;i;n;g
doi__10.18388_abp.2009_2518,weak_source,recover_or_stage_primary_xml_then_build_material_packet,/mnt/d/work/抗菌肽/数据库/merged_amp_corpus/landed_assets/papers/doi__10.18388_abp.2009_2518,"Purification and characterization of antibacterial proteins from granular hemocytes of Indian mud crab, Scylla serrata.",2009,Acta Biochim Pol,10.18388/abp.2009_2518,19219229,,0,1,0,1,0,0,direct_pdf,o;p;e;n;a;l;e;x;_;p;d;f;;;o;p;e;n;a;l;e;x;_;l;a;n;d;i;n;g
doi__10.18388_abp.2020_5757,weak_source,recover_or_stage_primary_xml_then_build_material_packet,/mnt/d/work/抗菌肽/数据库/merged_amp_corpus/landed_assets/papers/doi__10.18388_abp.2020_5757,"Evaluating the antibacterial activity of muramyl dipeptide derivatives, retro-tuftsin derivatives, and anthraquinone oligopeptides against a range of pathogenic bacteria.",2021,Acta Biochim Pol,10.18388/abp.2020_5757,34460213,,0,1,0,1,0,0,direct_pdf,o;p;e;n;a;l;e;x;_;p;d;f;;;o;p;e;n;a;l;e;x;_;l;a;n;d;i;n;g
doi__10.20307_nps.2018.24.4.225,weak_source,recover_or_stage_primary_xml_then_build_material_packet,/mnt/d/work/抗菌肽/数据库/merged_amp_corpus/landed_assets/papers/doi__10.20307_nps.2018.24.4.225,Gliotoxin is Antibacterial to Drug-resistant Piscine Pathogens,2018,Nat Prod Sci,10.20307/nps.2018.24.4.225,,,0,1,0,1,0,0,direct_pdf,c;r;o;s;s;r;e;f;_;i;d;e;n;t;i;f;i;e;r;;;o;p;e;n;a;l;e;x;_;l;a;n;d;i;n;g;;;o;p;e;n;a;l;e;x;_;p;d;f
doi__10.2220_biomedres.31.71,weak_source,recover_or_stage_primary_xml_then_build_material_packet,/mnt/d/work/抗菌肽/数据库/merged_amp_corpus/landed_assets/papers/doi__10.2220_biomedres.31.71,Molecular diversity in venom proteins of the Russell's viper (Daboia russellii russellii) and the Indian cobra (Naja naja) in Sri Lanka.,2010,Biomed Res,10.2220/biomedres.31.71,20203422,,0,2,0,2,0,5,direct_pdf,o;p;e;n;a;l;e;x;_;p;d;f;;;o;p;e;n;a;l;e;x;_;l;a;n;d;i;n;g
doi__10.2478_s11535-010-0111-4,weak_source,recover_or_stage_primary_xml_then_build_material_packet,/mnt/d/work/抗菌肽/数据库/merged_amp_corpus/landed_assets/papers/doi__10.2478_s11535-010-0111-4,The antifungal effect of peptides from hymenoptera venom and their analogs,2011,,10.2478/s11535-010-0111-4,,,0,3,0,3,0,10,direct_pdf,c;r;o;s;s;r;e;f;_;i;d;e;n;t;i;f;i;e;r;;;f;u;l;l;t;e;x;t;_;s;i;g;n;a;l;;;o;p;e;n;a;l;e;x;_;l;a;n;d;i;n;g;;;o;p;e;n;a;l;e;x;_;p;d;f
doi__10.2533_chimia.2024.648,weak_source,recover_or_stage_primary_xml_then_build_material_packet,/mnt/d/work/抗菌肽/数据库/merged_amp_corpus/landed_assets/papers/doi__10.2533_chimia.2024.648,Chemical Space for Peptide-based Antimicrobials.,2024,Chimia (Aarau).,10.2533/chimia.2024.648,39488750,,0,2,0,2,0,2,direct_pdf,o;p;e;n;a;l;e;x;_;p;d;f;;;o;p;e;n;a;l;e;x;_;l;a;n;d;i;n;g
doi__10.31083_j.fbl2702064,weak_source,recover_or_stage_primary_xml_then_build_material_packet,/mnt/d/work/抗菌肽/数据库/merged_amp_corpus/landed_assets/papers/doi__10.31083_j.fbl2702064,Novel tetrameric cell penetrating antimicrobial peptoids effective against mycobacteria and drug-resistant Staphylococcus aureus.,2022,Front Biosci (Landmark Ed),10.31083/j.fbl2702064,35227007,,0,2,0,2,0,9,direct_pdf,o;p;e;n;a;l;e;x;_;p;d;f;;;o;p;e;n;a;l;e;x;_;l;a;n;d;i;n;g
doi__10.3389_fchem.2017.00005,weak_source,recover_or_stage_primary_xml_then_build_material_packet,/mnt/d/work/抗菌肽/数据库/merged_amp_corpus/landed_assets/papers/doi__10.3389_fchem.2017.00005,Peptides with Dual Antimicrobial and Anticancer Activities,2017,,10.3389/fchem.2017.00005,28271058,,0,2,0,2,0,8,direct_pdf,o;p;e;n;a;l;e;x;_;p;d;f;;;o;p;e;n;a;l;e;x;_;l;a;n;d;i;n;g
doi__10.3389_ffunb.2021.638595,weak_source,recover_or_stage_primary_xml_then_build_material_packet,/mnt/d/work/抗菌肽/数据库/merged_amp_corpus/landed_assets/papers/doi__10.3389_ffunb.2021.638595,"Design, Dimerization, and Recombinant Production of MCh-AMP1–Derived Peptide in Escherichia coli and Evaluation of Its Antifungal Activity and Cytotoxicity.",2021,Front Fungal Biol,10.3389/ffunb.2021.638595,,,0,2,0,2,0,3,direct_pdf,o;p;e;n;a;l;e;x;_;p;d;f;;;o;p;e;n;a;l;e;x;_;l;a;n;d;i;n;g;;;f;u;l;l;t;e;x;t;_;s;i;g;n;a;l;;;c;r;o;s;s;r;e;f;_;i;d;e;n;t;i;f;i;e;r
doi__10.3389_fmicb.2025.1622282,weak_source,recover_or_stage_primary_xml_then_build_material_packet,/mnt/d/work/抗菌肽/数据库/merged_amp_corpus/landed_assets/papers/doi__10.3389_fmicb.2025.1622282,In vitro and in vivo anti-Pseudomonas aeruginosa activity of a scorpion peptide derivative.,2025,Front Microbiol,10.3389/fmicb.2025.1622282,,,0,2,0,2,0,6,direct_pdf,o;p;e;n;a;l;e;x;_;p;d;f;;;o;p;e;n;a;l;e;x;_;l;a;n;d;i;n;g;;;f;u;l;l;t;e;x;t;_;s;i;g;n;a;l;;;c;r;o;s;s;r;e;f;_;i;d;e;n;t;i;f;i;e;r
doi__10.3390_ani15172590,weak_source,recover_or_stage_primary_pdf_then_build_material_packet,/mnt/d/work/抗菌肽/数据库/merged_amp_corpus/landed_assets/papers/doi__10.3390_ani15172590,Molecular Characterization of the Liver-Expressed Antimicrobial Peptide 2 (LEAP2) from Amphiprion ocellaris and Its Role in Antibacterial Immunity.,2025,Animals (Basel).,10.3390/ani15172590,40941385,PMC12427373,1,0,2,0,1,1,direct_pdf,l;o;c;a;l;_;x;m;l;;;l;o;c;a;l;_;p;a;c;k;a;g;e;;;l;o;c;a;l;_;s;u;p;p;l;e;m;e;n;t;a;r;y;;;o;p;e;n;a;l;e;x;_;p;d;f;;;o;p;e;n;a;l;e;x;_;l;a;n;d;i;n;g;;;f;u;l;l;t;e;x;t;_;s;i;g;n;a;l
doi__10.3390_antibiotics12030472,weak_source,recover_or_stage_primary_pdf_then_build_material_packet,/mnt/d/work/抗菌肽/数据库/merged_amp_corpus/landed_assets/papers/doi__10.3390_antibiotics12030472,Novel Arginine- and Proline-Rich Candidacidal Peptides Obtained through a Bioinformatic Approach.,2023,Antibiotics (Basel).,10.3390/antibiotics12030472,36978339,PMC10044544,1,0,2,0,1,1,direct_pdf,l;o;c;a;l;_;x;m;l;;;l;o;c;a;l;_;p;a;c;k;a;g;e;;;l;o;c;a;l;_;s;u;p;p;l;e;m;e;n;t;a;r;y;;;o;p;e;n;a;l;e;x;_;p;d;f;;;o;p;e;n;a;l;e;x;_;l;a;n;d;i;n;g;;;f;u;l;l;t;e;x;t;_;s;i;g;n;a;l
doi__10.3390_antibiotics13020190,weak_source,recover_or_stage_primary_pdf_then_build_material_packet,/mnt/d/work/抗菌肽/数据库/merged_amp_corpus/landed_assets/papers/doi__10.3390_antibiotics13020190,"Expression of the Antimicrobial Peptide SE-33-A2P, a Modified Analog of Cathelicidin, and an Analysis of Its Properties.",2024,Antibiotics (Basel).,10.3390/antibiotics13020190,38391576,PMC10886013,1,0,2,0,1,0,direct_pdf,l;o;c;a;l;_;x;m;l;;;l;o;c;a;l;_;p;a;c;k;a;g;e;;;l;o;c;a;l;_;s;u;p;p;l;e;m;e;n;t;a;r;y;;;o;p;e;n;a;l;e;x;_;p;d;f;;;o;p;e;n;a;l;e;x;_;l;a;n;d;i;n;g;;;f;u;l;l;t;e;x;t;_;s;i;g;n;a;l
doi__10.3390_antibiotics14070655,weak_source,recover_or_stage_primary_pdf_then_build_material_packet,/mnt/d/work/抗菌肽/数据库/merged_amp_corpus/landed_assets/papers/doi__10.3390_antibiotics14070655,Elephant Cathelicidin-Derived Peptides Inhibit Herpes Simplex Virus 1 Infection,2025,Antibiotics.,10.3390/antibiotics14070655,40723958,PMC12291837,1,0,2,0,1,0,direct_pdf,c;r;o;s;s;r;e;f;_;i;d;e;n;t;i;f;i;e;r;;;f;u;l;l;t;e;x;t;_;s;i;g;n;a;l;;;l;o;c;a;l;_;p;a;c;k;a;g;e;;;l;o;c;a;l;_;s;u;p;p;l;e;m;e;n;t;a;r;y;;;l;o;c;a;l;_;x;m;l;;;o;p;e;n;a;l;e;x;_;l;a;n;d;i;n;g;;;o;p;e;n;a;l;e;x;_;p;d;f
doi__10.3390_antibiotics14111077,weak_source,recover_or_stage_primary_pdf_then_build_material_packet,/mnt/d/work/抗菌肽/数据库/merged_amp_corpus/landed_assets/papers/doi__10.3390_antibiotics14111077,Sequence Permutation Generated Lysine and Tryptophan-Rich Antimicrobial Peptides with Enhanced Therapeutic Index,2025,Antibiotics,10.3390/antibiotics14111077,41301573,PMC12649549,2,0,3,0,1,1,direct_pdf,c;r;o;s;s;r;e;f;_;i;d;e;n;t;i;f;i;e;r;;;f;u;l;l;t;e;x;t;_;s;i;g;n;a;l;;;l;o;c;a;l;_;p;a;c;k;a;g;e;;;l;o;c;a;l;_;s;u;p;p;l;e;m;e;n;t;a;r;y;;;l;o;c;a;l;_;x;m;l;;;o;p;e;n;a;l;e;x;_;l;a;n;d;i;n;g;;;o;p;e;n;a;l;e;x;_;p;d;f
doi__10.3390_antibiotics9020078,weak_source,recover_or_stage_primary_pdf_then_build_material_packet,/mnt/d/work/抗菌肽/数据库/merged_amp_corpus/landed_assets/papers/doi__10.3390_antibiotics9020078,Characterization and Antimicrobial Activity of the Teleost Chemokine CXCL20b,2020,Antibiotics (Basel).,10.3390/antibiotics9020078,32059392,PMC7168194,1,0,2,0,1,0,direct_pdf,l;o;c;a;l;_;x;m;l;;;l;o;c;a;l;_;p;a;c;k;a;g;e;;;l;o;c;a;l;_;s;u;p;p;l;e;m;e;n;t;a;r;y;;;o;p;e;n;a;l;e;x;_;p;d;f;;;o;p;e;n;a;l;e;x;_;l;a;n;d;i;n;g;;;f;u;l;l;t;e;x;t;_;s;i;g;n;a;l
doi__10.3390_biom11040485,weak_source,recover_or_stage_primary_pdf_then_build_material_packet,/mnt/d/work/抗菌肽/数据库/merged_amp_corpus/landed_assets/papers/doi__10.3390_biom11040485,"AP-64, Encoded by C5orf46, Exhibits Antimicrobial Activity against Gram-Negative Bacteria.",2021,Biomolecules.,10.3390/biom11040485,33804835,PMC8063792,1,0,2,0,1,0,direct_pdf,l;o;c;a;l;_;x;m;l;;;l;o;c;a;l;_;p;a;c;k;a;g;e;;;l;o;c;a;l;_;s;u;p;p;l;e;m;e;n;t;a;r;y;;;o;p;e;n;a;l;e;x;_;p;d;f;;;o;p;e;n;a;l;e;x;_;l;a;n;d;i;n;g;;;f;u;l;l;t;e;x;t;_;s;i;g;n;a;l
doi__10.3390_cancers13020191,weak_source,recover_or_stage_primary_pdf_then_build_material_packet,/mnt/d/work/抗菌肽/数据库/merged_amp_corpus/landed_assets/papers/doi__10.3390_cancers13020191,"N-Methylsansalvamide, a cytotoxic cyclic depsipeptide from a marine fungus of the genus fusarium",2021,Cancers (Basel),10.3390/cancers13020191,33430488,,1,0,1,0,0,0,direct_pdf,l;o;c;a;l;_;x;m;l;;;o;p;e;n;a;l;e;x;_;p;d;f;;;o;p;e;n;a;l;e;x;_;l;a;n;d;i;n;g
doi__10.3390_genes16121450,weak_source,recover_or_stage_primary_pdf_then_build_material_packet,/mnt/d/work/抗菌肽/数据库/merged_amp_corpus/landed_assets/papers/doi__10.3390_genes16121450,Hepcidin from the Chinese Spiny Frog (Quasipaa spinosa) Integrates Membrane-Disruptive Antibacterial Activity with Macrophage-Mediated Protection Against Elizabethkingia miricola.,2025,Genes (Basel).,10.3390/genes16121450,41465123,PMC12733104,1,0,2,0,1,0,direct_pdf,l;o;c;a;l;_;x;m;l;;;l;o;c;a;l;_;p;a;c;k;a;g;e;;;l;o;c;a;l;_;s;u;p;p;l;e;m;e;n;t;a;r;y;;;o;p;e;n;a;l;e;x;_;p;d;f;;;o;p;e;n;a;l;e;x;_;l;a;n;d;i;n;g;;;f;u;l;l;t;e;x;t;_;s;i;g;n;a;l
doi__10.3390_ijms14024349,weak_source,recover_or_stage_primary_pdf_then_build_material_packet,/mnt/d/work/抗菌肽/数据库/merged_amp_corpus/landed_assets/papers/doi__10.3390_ijms14024349,"PG-2, a Potent AMP against Pathogenic Microbial Strains, from Potato (Solanum tuberosum L cv. Gogu Valley) Tubers Not Cytotoxic against Human Cells.",2013,Int J Mol Sci.,10.3390/ijms14024349,23429275,PMC3588103,1,0,2,0,1,0,direct_pdf,l;o;c;a;l;_;x;m;l;;;l;o;c;a;l;_;p;a;c;k;a;g;e;;;l;o;c;a;l;_;s;u;p;p;l;e;m;e;n;t;a;r;y;;;o;p;e;n;a;l;e;x;_;p;d;f;;;o;p;e;n;a;l;e;x;_;l;a;n;d;i;n;g;;;f;u;l;l;t;e;x;t;_;s;i;g;n;a;l
doi__10.3390_ijms22115435,weak_source,recover_or_stage_primary_pdf_then_build_material_packet,/mnt/d/work/抗菌肽/数据库/merged_amp_corpus/landed_assets/papers/doi__10.3390_ijms22115435,Design and Pharmacodynamics of Recombinant Fungus Defensin NZL with Improved Activity against Staphylococcus hyicus In Vitro and In Vivo,2021,Int J Mol Sci.,10.3390/ijms22115435,34063982,PMC8196787,1,0,2,0,1,0,direct_pdf,l;o;c;a;l;_;x;m;l;;;l;o;c;a;l;_;p;a;c;k;a;g;e;;;l;o;c;a;l;_;s;u;p;p;l;e;m;e;n;t;a;r;y;;;o;p;e;n;a;l;e;x;_;p;d;f;;;o;p;e;n;a;l;e;x;_;l;a;n;d;i;n;g;;;f;u;l;l;t;e;x;t;_;s;i;g;n;a;l
doi__10.3390_ijms23010015,weak_source,recover_or_stage_primary_pdf_then_build_material_packet,/mnt/d/work/抗菌肽/数据库/merged_amp_corpus/landed_assets/papers/doi__10.3390_ijms23010015,A Novel Antimicrobial Peptide Sparanegtin Identified in Scylla paramamosain Showing Antimicrobial Activity and Immunoprotective Role In Vitro and Vivo.,2021,Int J Mol Sci.,10.3390/ijms23010015,35008449,PMC8744658,1,0,2,0,1,1,direct_pdf,l;o;c;a;l;_;x;m;l;;;l;o;c;a;l;_;p;a;c;k;a;g;e;;;l;o;c;a;l;_;s;u;p;p;l;e;m;e;n;t;a;r;y;;;o;p;e;n;a;l;e;x;_;p;d;f;;;o;p;e;n;a;l;e;x;_;l;a;n;d;i;n;g;;;f;u;l;l;t;e;x;t;_;s;i;g;n;a;l
doi__10.3390_ijms23052789,weak_source,recover_or_stage_primary_pdf_then_build_material_packet,/mnt/d/work/抗菌肽/数据库/merged_amp_corpus/landed_assets/papers/doi__10.3390_ijms23052789,Identification and Functional Analysis of a Defensin CcDef2 from Coridius chinensis.,2022,Int J Mol Sci.,10.3390/ijms23052789,35269935,PMC8911331,1,0,2,0,1,1,direct_pdf,l;o;c;a;l;_;x;m;l;;;l;o;c;a;l;_;p;a;c;k;a;g;e;;;l;o;c;a;l;_;s;u;p;p;l;e;m;e;n;t;a;r;y;;;o;p;e;n;a;l;e;x;_;p;d;f;;;o;p;e;n;a;l;e;x;_;l;a;n;d;i;n;g;;;f;u;l;l;t;e;x;t;_;s;i;g;n;a;l
doi__10.3390_ijms24054800,weak_source,recover_or_stage_primary_pdf_then_build_material_packet,/mnt/d/work/抗菌肽/数据库/merged_amp_corpus/landed_assets/papers/doi__10.3390_ijms24054800,Aptamers as Novel Binding Molecules on an Antimicrobial Peptide-Armored Composite Hydrogel Wound Dressing for Specific Removal and Efficient Eradication of Pseudomonas aeruginosa.,2023,Int J Mol Sci.,10.3390/ijms24054800,36902270,PMC10002764,1,0,2,0,1,1,direct_pdf,l;o;c;a;l;_;x;m;l;;;l;o;c;a;l;_;p;a;c;k;a;g;e;;;l;o;c;a;l;_;s;u;p;p;l;e;m;e;n;t;a;r;y;;;o;p;e;n;a;l;e;x;_;p;d;f;;;o;p;e;n;a;l;e;x;_;l;a;n;d;i;n;g;;;f;u;l;l;t;e;x;t;_;s;i;g;n;a;l
doi__10.3390_ijms24076813,weak_source,recover_or_stage_primary_pdf_then_build_material_packet,/mnt/d/work/抗菌肽/数据库/merged_amp_corpus/landed_assets/papers/doi__10.3390_ijms24076813,"Nisin S, a Novel Nisin Variant Produced by Ligilactobacillus salivarius P1CEA3.",2023,Int J Mol Sci.,10.3390/ijms24076813,37047785,PMC10095417,1,0,2,0,1,1,direct_pdf,l;o;c;a;l;_;x;m;l;;;l;o;c;a;l;_;p;a;c;k;a;g;e;;;l;o;c;a;l;_;s;u;p;p;l;e;m;e;n;t;a;r;y;;;o;p;e;n;a;l;e;x;_;p;d;f;;;o;p;e;n;a;l;e;x;_;l;a;n;d;i;n;g;;;f;u;l;l;t;e;x;t;_;s;i;g;n;a;l
doi__10.3390_ijms25010604,weak_source,recover_or_stage_primary_pdf_then_build_material_packet,/mnt/d/work/抗菌肽/数据库/merged_amp_corpus/landed_assets/papers/doi__10.3390_ijms25010604,A Common Polymorphism in RNASE6 Impacts Its Antimicrobial Activity toward Uropathogenic Escherichia coli.,2024,Int J Mol Sci.,10.3390/ijms25010604,38203775,PMC10779065,1,0,2,0,1,1,direct_pdf,l;o;c;a;l;_;x;m;l;;;l;o;c;a;l;_;p;a;c;k;a;g;e;;;l;o;c;a;l;_;s;u;p;p;l;e;m;e;n;t;a;r;y;;;o;p;e;n;a;l;e;x;_;p;d;f;;;o;p;e;n;a;l;e;x;_;l;a;n;d;i;n;g;;;f;u;l;l;t;e;x;t;_;s;i;g;n;a;l
doi__10.3390_ijms252111776,weak_source,recover_or_stage_primary_pdf_then_build_material_packet,/mnt/d/work/抗菌肽/数据库/merged_amp_corpus/landed_assets/papers/doi__10.3390_ijms252111776,Designing Analogs of SAAP-148 with Enhanced Antimicrobial and Anti-LPS Activities.,2024,Int J Mol Sci.,10.3390/ijms252111776,39519326,PMC11546786,1,0,2,0,1,1,direct_pdf,l;o;c;a;l;_;x;m;l;;;l;o;c;a;l;_;p;a;c;k;a;g;e;;;l;o;c;a;l;_;s;u;p;p;l;e;m;e;n;t;a;r;y;;;o;p;e;n;a;l;e;x;_;p;d;f;;;o;p;e;n;a;l;e;x;_;l;a;n;d;i;n;g;;;f;u;l;l;t;e;x;t;_;s;i;g;n;a;l
doi__10.3390_insects13100958,weak_source,recover_or_stage_primary_pdf_then_build_material_packet,/mnt/d/work/抗菌肽/数据库/merged_amp_corpus/landed_assets/papers/doi__10.3390_insects13100958,Antimicrobial Activity of Apidermin 2 from the Honeybee Apis mellifera.,2022,Insects.,10.3390/insects13100958,36292906,PMC9604307,1,0,2,0,1,0,direct_pdf,l;o;c;a;l;_;x;m;l;;;l;o;c;a;l;_;p;a;c;k;a;g;e;;;l;o;c;a;l;_;s;u;p;p;l;e;m;e;n;t;a;r;y;;;o;p;e;n;a;l;e;x;_;p;d;f;;;o;p;e;n;a;l;e;x;_;l;a;n;d;i;n;g;;;f;u;l;l;t;e;x;t;_;s;i;g;n;a;l
doi__10.3390_jof7020153,weak_source,recover_or_stage_primary_pdf_then_build_material_packet,/mnt/d/work/抗菌肽/数据库/merged_amp_corpus/landed_assets/papers/doi__10.3390_jof7020153,The Emericellipsins A-E from an Alkalophilic Fungus Emericellopsis alkalina Show Potent Activity against Multidrug-Resistant Pathogenic Fungi.,2021,J Fungi (Basel).,10.3390/jof7020153,33669976,PMC7924852,1,0,2,0,1,0,direct_pdf,l;o;c;a;l;_;x;m;l;;;l;o;c;a;l;_;p;a;c;k;a;g;e;;;l;o;c;a;l;_;s;u;p;p;l;e;m;e;n;t;a;r;y;;;o;p;e;n;a;l;e;x;_;p;d;f;;;o;p;e;n;a;l;e;x;_;l;a;n;d;i;n;g;;;f;u;l;l;t;e;x;t;_;s;i;g;n;a;l
doi__10.3390_md16100381,weak_source,recover_or_stage_primary_pdf_then_build_material_packet,/mnt/d/work/抗菌肽/数据库/merged_amp_corpus/landed_assets/papers/doi__10.3390_md16100381,"Massive Gene Expansion and Sequence Diversification Is Associated with Diverse Tissue Distribution, Regulation and Antimicrobial Properties of Anti-Lipopolysaccharide Factors in Shrimp",2018,Mar Drugs.,10.3390/md16100381,30314303,PMC6213531,1,0,2,0,1,1,direct_pdf,l;o;c;a;l;_;x;m;l;;;l;o;c;a;l;_;p;a;c;k;a;g;e;;;l;o;c;a;l;_;s;u;p;p;l;e;m;e;n;t;a;r;y;;;o;p;e;n;a;l;e;x;_;p;d;f;;;o;p;e;n;a;l;e;x;_;l;a;n;d;i;n;g;;;f;u;l;l;t;e;x;t;_;s;i;g;n;a;l
doi__10.3390_md20120745,weak_source,recover_or_stage_primary_pdf_then_build_material_packet,/mnt/d/work/抗菌肽/数据库/merged_amp_corpus/landed_assets/papers/doi__10.3390_md20120745,Functional Diversification of Oyster Big Defensins Generates Antimicrobial Specificity and Synergy against Members of the Microbiota,2022,Mar Drugs.,10.3390/md20120745,36547892,PMC9786018,1,0,2,0,1,1,direct_pdf,l;o;c;a;l;_;x;m;l;;;l;o;c;a;l;_;p;a;c;k;a;g;e;;;l;o;c;a;l;_;s;u;p;p;l;e;m;e;n;t;a;r;y;;;o;p;e;n;a;l;e;x;_;p;d;f;;;o;p;e;n;a;l;e;x;_;l;a;n;d;i;n;g;;;f;u;l;l;t;e;x;t;_;s;i;g;n;a;l
doi__10.3390_md24010045,weak_source,recover_or_stage_primary_pdf_then_build_material_packet,/mnt/d/work/抗菌肽/数据库/merged_amp_corpus/landed_assets/papers/doi__10.3390_md24010045,Recombinant Expression and Antimicrobial Mechanism of Cysteine-Rich Antimicrobial Peptides from Tigriopus japonicus Genome,2026,Marine Drugs.,10.3390/md24010045,41590742,PMC12842719,1,0,2,0,1,1,direct_pdf,l;o;c;a;l;_;x;m;l;;;l;o;c;a;l;_;p;a;c;k;a;g;e;;;l;o;c;a;l;_;s;u;p;p;l;e;m;e;n;t;a;r;y;;;o;p;e;n;a;l;e;x;_;p;d;f;;;o;p;e;n;a;l;e;x;_;l;a;n;d;i;n;g;;;f;u;l;l;t;e;x;t;_;s;i;g;n;a;l
doi__10.3390_membranes13010051,weak_source,recover_or_stage_primary_pdf_then_build_material_packet,/mnt/d/work/抗菌肽/数据库/merged_amp_corpus/landed_assets/papers/doi__10.3390_membranes13010051,gamma-Core Guided Antibiotic Design Based on Human Enteric Defensin 5.,2022,Membranes (Basel).,10.3390/membranes13010051,36676858,PMC9862697,1,0,2,0,1,1,direct_pdf,l;o;c;a;l;_;x;m;l;;;l;o;c;a;l;_;p;a;c;k;a;g;e;;;l;o;c;a;l;_;s;u;p;p;l;e;m;e;n;t;a;r;y;;;o;p;e;n;a;l;e;x;_;p;d;f;;;o;p;e;n;a;l;e;x;_;l;a;n;d;i;n;g;;;f;u;l;l;t;e;x;t;_;s;i;g;n;a;l
doi__10.3390_microorganisms11020427,weak_source,recover_or_stage_primary_pdf_then_build_material_packet,/mnt/d/work/抗菌肽/数据库/merged_amp_corpus/landed_assets/papers/doi__10.3390_microorganisms11020427,Nisin E Is a Novel Nisin Variant Produced by Multiple Streptococcus equinus Strains.,2023,Microorganisms.,10.3390/microorganisms11020427,36838392,PMC9958725,1,0,2,0,1,1,direct_pdf,l;o;c;a;l;_;x;m;l;;;l;o;c;a;l;_;p;a;c;k;a;g;e;;;l;o;c;a;l;_;s;u;p;p;l;e;m;e;n;t;a;r;y;;;o;p;e;n;a;l;e;x;_;p;d;f;;;o;p;e;n;a;l;e;x;_;l;a;n;d;i;n;g;;;f;u;l;l;t;e;x;t;_;s;i;g;n;a;l
doi__10.3390_molecules26195909,weak_source,recover_or_stage_primary_pdf_then_build_material_packet,/mnt/d/work/抗菌肽/数据库/merged_amp_corpus/landed_assets/papers/doi__10.3390_molecules26195909,Anti-Fungal Hevein-like Peptides Biosynthesized from Quinoa Cleavable Hololectins,2021,Molecules.,10.3390/molecules26195909,34641455,PMC8512870,1,0,2,0,1,1,direct_pdf,l;o;c;a;l;_;x;m;l;;;l;o;c;a;l;_;p;a;c;k;a;g;e;;;l;o;c;a;l;_;s;u;p;p;l;e;m;e;n;t;a;r;y;;;o;p;e;n;a;l;e;x;_;p;d;f;;;o;p;e;n;a;l;e;x;_;l;a;n;d;i;n;g;;;f;u;l;l;t;e;x;t;_;s;i;g;n;a;l
doi__10.3390_pharmaceutics16111445,weak_source,recover_or_stage_primary_pdf_then_build_material_packet,/mnt/d/work/抗菌肽/数据库/merged_amp_corpus/landed_assets/papers/doi__10.3390_pharmaceutics16111445,"Antibacterial Activity of AXOTL-13, a Novel Peptide Identified from the Transcriptome of the Salamander Ambystoma mexicanum.",2024,Pharmaceutics.,10.3390/pharmaceutics16111445,39598568,PMC11597150,1,0,2,0,1,1,direct_pdf,l;o;c;a;l;_;x;m;l;;;l;o;c;a;l;_;p;a;c;k;a;g;e;;;l;o;c;a;l;_;s;u;p;p;l;e;m;e;n;t;a;r;y;;;o;p;e;n;a;l;e;x;_;p;d;f;;;o;p;e;n;a;l;e;x;_;l;a;n;d;i;n;g;;;f;u;l;l;t;e;x;t;_;s;i;g;n;a;l
doi__10.3390_toxins10080320,weak_source,recover_or_stage_primary_pdf_then_build_material_packet,/mnt/d/work/抗菌肽/数据库/merged_amp_corpus/landed_assets/papers/doi__10.3390_toxins10080320,"Biological Activities of Cationicity-Enhanced and Hydrophobicity-Optimized Analogues of an Antimicrobial Peptide, Dermaseptin-PS3, from the Skin Secretion of Phyllomedusa sauvagii.",2018,Toxins (Basel).,10.3390/toxins10080320,30087268,PMC6115755,1,0,2,0,1,0,direct_pdf,l;o;c;a;l;_;x;m;l;;;l;o;c;a;l;_;p;a;c;k;a;g;e;;;l;o;c;a;l;_;s;u;p;p;l;e;m;e;n;t;a;r;y;;;o;p;e;n;a;l;e;x;_;p;d;f;;;o;p;e;n;a;l;e;x;_;l;a;n;d;i;n;g;;;f;u;l;l;t;e;x;t;_;s;i;g;n;a;l
doi__10.3390_vaccines10071105,weak_source,recover_or_stage_primary_pdf_then_build_material_packet,/mnt/d/work/抗菌肽/数据库/merged_amp_corpus/landed_assets/papers/doi__10.3390_vaccines10071105,Antimicrobial Activity of Cathelicidin-Derived Peptide from the Iberian Mole Talpa occidentalis,2022,Vaccines (Basel).,10.3390/vaccines10071105,35891269,PMC9323388,1,0,2,0,1,0,direct_pdf,c;r;o;s;s;r;e;f;_;i;d;e;n;t;i;f;i;e;r;;;f;u;l;l;t;e;x;t;_;s;i;g;n;a;l;;;l;o;c;a;l;_;p;a;c;k;a;g;e;;;l;o;c;a;l;_;s;u;p;p;l;e;m;e;n;t;a;r;y;;;l;o;c;a;l;_;x;m;l;;;o;p;e;n;a;l;e;x;_;l;a;n;d;i;n;g;;;o;p;e;n;a;l;e;x;_;p;d;f
doi__10.3858_emm.2008.40.4.370,weak_source,recover_or_stage_primary_xml_then_build_material_packet,/mnt/d/work/抗菌肽/数据库/merged_amp_corpus/landed_assets/papers/doi__10.3858_emm.2008.40.4.370,Structure-antimicrobial activity relationship between pleurocidin and its enantiomer.,2008,Exp Mol Med,10.3858/emm.2008.40.4.370,18779649,PMC2679270,0,3,0,3,0,10,direct_pdf,l;o;c;a;l;_;p;d;f;;;o;p;e;n;a;l;e;x;_;p;d;f;;;o;p;e;n;a;l;e;x;_;l;a;n;d;i;n;g;;;f;u;l;l;t;e;x;t;_;s;i;g;n;a;l
doi__10.3891_acta.chem.scand.25-2048,weak_source,recover_or_stage_primary_xml_then_build_material_packet,/mnt/d/work/抗菌肽/数据库/merged_amp_corpus/landed_assets/papers/doi__10.3891_acta.chem.scand.25-2048,"The disulfide bonds of viscotoxin A3 from the European mistletoe (Viscum album L., Loranthaceae).",1971,Acta Chem Scand,10.3891/acta.chem.scand.25-2048,4941626,,0,1,0,1,0,0,direct_pdf,o;p;e;n;a;l;e;x;_;p;d;f;;;o;p;e;n;a;l;e;x;_;l;a;n;d;i;n;g
doi__10.3892_etm.2016.3578,weak_source,recover_or_stage_primary_xml_then_build_material_packet,/mnt/d/work/抗菌肽/数据库/merged_amp_corpus/landed_assets/papers/doi__10.3892_etm.2016.3578,Recombinant expression and biological characterization of the antimicrobial peptide fowlicidin-2 in Pichia pastoris.,2016,Exp Ther Med,10.3892/etm.2016.3578,27698732,,0,2,0,2,0,9,direct_pdf,o;p;e;n;a;l;e;x;_;p;d;f;;;o;p;e;n;a;l;e;x;_;l;a;n;d;i;n;g
doi__10.3892_ijmm_00000311,weak_source,recover_or_stage_primary_xml_then_build_material_packet,/mnt/d/work/抗菌肽/数据库/merged_amp_corpus/landed_assets/papers/doi__10.3892_ijmm_00000311,Isolation of novel cell-penetrating peptides from a random peptide library using in vitro virus and their modifications.,2009,Int J Mol Med,10.3892/ijmm_00000311,19956900,,0,2,0,2,0,3,direct_pdf,o;p;e;n;a;l;e;x;_;p;d;f;;;o;p;e;n;a;l;e;x;_;l;a;n;d;i;n;g
doi__10.3892_or.2014.3644,weak_source,recover_or_stage_primary_xml_then_build_material_packet,/mnt/d/work/抗菌肽/数据库/merged_amp_corpus/landed_assets/papers/doi__10.3892_or.2014.3644,Efficacy of dual-functional liposomes containing paclitaxel for treatment of lung cancer.,2014,Oncol Rep,10.3892/or.2014.3644,25482610,,0,2,0,2,0,10,direct_pdf,o;p;e;n;a;l;e;x;_;p;d;f;;;o;p;e;n;a;l;e;x;_;l;a;n;d;i;n;g
doi__10.4172_2155-6113.s2-003,weak_source,recover_or_stage_primary_xml_then_build_material_packet,/mnt/d/work/抗菌肽/数据库/merged_amp_corpus/landed_assets/papers/doi__10.4172_2155-6113.s2-003,De Novo Design of Antiviral and Antibacterial Peptides with Varying Loop Structures,2012,J AIDS Clinic Res S2:003. doi:10.4172/2155-6113.S2-003. Wang HIV screen project,10.4172/2155-6113.s2-003,,,0,1,0,1,0,0,direct_pdf,o;p;e;n;a;l;e;x;_;p;d;f;;;o;p;e;n;a;l;e;x;_;l;a;n;d;i;n;g
doi__10.4172_2327-5073.1000291,weak_source,recover_or_stage_primary_xml_then_build_material_packet,/mnt/d/work/抗菌肽/数据库/merged_amp_corpus/landed_assets/papers/doi__10.4172_2327-5073.1000291,Peptide Antibiotics Developed by Mimicking Natural Antimicrobial Peptides,2017,Clin Microbiol,10.4172/2327-5073.1000291,,,0,1,0,1,0,0,direct_pdf,o;p;e;n;a;l;e;x;_;p;d;f;;;o;p;e;n;a;l;e;x;_;l;a;n;d;i;n;g;;;f;u;l;l;t;e;x;t;_;s;i;g;n;a;l;;;c;r;o;s;s;r;e;f;_;i;d;e;n;t;i;f;i;e;r
doi__10.5483_bmbrep.2002.35.3.291,weak_source,recover_or_stage_primary_xml_then_build_material_packet,/mnt/d/work/抗菌肽/数据库/merged_amp_corpus/landed_assets/papers/doi__10.5483_bmbrep.2002.35.3.291,"Role of amino acid residues within the disulfide loop of thanatin, a potent antibiotic peptide.",2002,J Biochem Mol Biol.,10.5483/bmbrep.2002.35.3.291,12297012,,0,1,0,1,0,1,direct_pdf,l;o;c;a;l;_;p;d;f;;;o;p;e;n;a;l;e;x;_;p;d;f;;;o;p;e;n;a;l;e;x;_;l;a;n;d;i;n;g
doi__10.5483_bmbrep.2003.36.6.603,weak_source,recover_or_stage_primary_xml_then_build_material_packet,/mnt/d/work/抗菌肽/数据库/merged_amp_corpus/landed_assets/papers/doi__10.5483_bmbrep.2003.36.6.603,Resistance function of rice lipid transfer protein LTP110,2003,J Biochem Mol Biol.,10.5483/bmbrep.2003.36.6.603,14659081,,0,1,0,1,0,7,direct_pdf,l;o;c;a;l;_;p;d;f;;;o;p;e;n;a;l;e;x;_;p;d;f;;;o;p;e;n;a;l;e;x;_;l;a;n;d;i;n;g
doi__10.5603_fhc.a2014.0035,weak_source,recover_or_stage_primary_xml_then_build_material_packet,/mnt/d/work/抗菌肽/数据库/merged_amp_corpus/landed_assets/papers/doi__10.5603_fhc.a2014.0035,Protein and siRNA delivery by transportan and transportan 10 into colorectal cancer cell lines.,2014,Folia Histochem Cytobiol,10.5603/fhc.a2014.0035,25511292,,0,2,0,2,0,4,direct_pdf,o;p;e;n;a;l;e;x;_;p;d;f;;;o;p;e;n;a;l;e;x;_;l;a;n;d;i;n;g
doi__10.5772_25209,weak_source,recover_or_stage_primary_xml_then_build_material_packet,/mnt/d/work/抗菌肽/数据库/merged_amp_corpus/landed_assets/papers/doi__10.5772_25209,Effects of Two Novel Peptides from Skin of Lithobates Catesbeianus on Tumor Cell Morphology and Proliferation,2011,Molecular Cloning – Selected Applications in Medicine and Biology,10.5772/25209,,,0,1,0,1,0,1,direct_pdf,o;p;e;n;a;l;e;x;_;p;d;f;;;o;p;e;n;a;l;e;x;_;l;a;n;d;i;n;g
doi__10.5897_ajpp10.384,weak_source,recover_or_stage_primary_xml_then_build_material_packet,/mnt/d/work/抗菌肽/数据库/merged_amp_corpus/landed_assets/papers/doi__10.5897_ajpp10.384,"Synthesis, characterization and biological evaluation of cyclomontanin D",2011,AJPP,10.5897/ajpp10.384,,,0,2,0,2,0,2,direct_pdf,o;p;e;n;a;l;e;x;_;p;d;f;;;o;p;e;n;a;l;e;x;_;l;a;n;d;i;n;g;;;f;u;l;l;t;e;x;t;_;s;i;g;n;a;l;;;c;r;o;s;s;r;e;f;_;i;d;e;n;t;i;f;i;e;r
doi__10.5897_jcreo2013.0102,weak_source,recover_or_stage_primary_xml_then_build_material_packet,/mnt/d/work/抗菌肽/数据库/merged_amp_corpus/landed_assets/papers/doi__10.5897_jcreo2013.0102,"Solid-phase total synthesis of cyclic pentapeptide Longicalycinin A, by using 2-chlorotrityl chloride resin",2013,J Cancer Res Exp Oncol,10.5897/jcreo2013.0102,,,0,2,0,2,0,3,direct_pdf,o;p;e;n;a;l;e;x;_;p;d;f;;;o;p;e;n;a;l;e;x;_;l;a;n;d;i;n;g;;;f;u;l;l;t;e;x;t;_;s;i;g;n;a;l;;;c;r;o;s;s;r;e;f;_;i;d;e;n;t;i;f;i;e;r
doi__10.5943_mycosphere_8_1_10,weak_source,recover_or_stage_primary_xml_then_build_material_packet,/mnt/d/work/抗菌肽/数据库/merged_amp_corpus/landed_assets/papers/doi__10.5943_mycosphere_8_1_10,"Trypanocidal activity, cytotoxicity and histone modifications induced by malformin A1 isolated from the marine-derived fungus Aspergillus tubingensis IFM 63452",2017,Mycosphere,10.5943/mycosphere/8/1/10,,,0,2,0,2,0,0,direct_pdf,o;p;e;n;a;l;e;x;_;p;d;f;;;o;p;e;n;a;l;e;x;_;l;a;n;d;i;n;g;;;f;u;l;l;t;e;x;t;_;s;i;g;n;a;l;;;c;r;o;s;s;r;e;f;_;i;d;e;n;t;i;f;i;e;r
doi__10.7164_antibiotics.29.366,weak_source,recover_or_stage_primary_xml_then_build_material_packet,/mnt/d/work/抗菌肽/数据库/merged_amp_corpus/landed_assets/papers/doi__10.7164_antibiotics.29.366,"Structural studies on thiocillins I, II and III (studies on antibiotics from the genus Bacillus XXIX).",1976,J Antibiot (Tokyo),10.7164/antibiotics.29.366,819410,,0,2,0,2,0,10,direct_pdf,o;p;e;n;a;l;e;x;_;p;d;f;;;o;p;e;n;a;l;e;x;_;l;a;n;d;i;n;g
doi__10.7164_antibiotics.30.917,weak_source,recover_or_stage_primary_xml_then_build_material_packet,/mnt/d/work/抗菌肽/数据库/merged_amp_corpus/landed_assets/papers/doi__10.7164_antibiotics.30.917,"Nocardicin A, a new monocyclic beta-lactam antibiotic III. In vitro evaluation.",1977,J Antibiot (Tokyo),10.7164/antibiotics.30.917,412823,,0,2,0,2,0,10,direct_pdf,o;p;e;n;a;l;e;x;_;p;d;f;;;o;p;e;n;a;l;e;x;_;l;a;n;d;i;n;g;;;n;c;b;i;_;d;o;i
doi__10.7164_antibiotics.32.828,weak_source,recover_or_stage_primary_xml_then_build_material_packet,/mnt/d/work/抗菌肽/数据库/merged_amp_corpus/landed_assets/papers/doi__10.7164_antibiotics.32.828,"Antifungal activity upon Saccharomyces cerevisiae of iturin A, mycosubtilin, bacillomycin L and of their derivatives; inhibition of this antifungal activity by lipid antagonists.",1979,J Antibiot (Tokyo),10.7164/antibiotics.32.828,387691,,0,2,0,2,0,10,direct_pdf,o;p;e;n;a;l;e;x;_;p;d;f;;;o;p;e;n;a;l;e;x;_;l;a;n;d;i;n;g
doi__10.7164_antibiotics.34.1126,weak_source,recover_or_stage_primary_xml_then_build_material_packet,/mnt/d/work/抗菌肽/数据库/merged_amp_corpus/landed_assets/papers/doi__10.7164_antibiotics.34.1126,"Isolation of three new antibiotics, thiocillins I, II and III, related to micrococcin P. Studies on antibiotics from the genus Bacillus. VIII.",1981,J Antibiot (Tokyo),10.7164/antibiotics.34.1126,7328054,,0,2,0,2,0,10,direct_pdf,o;p;e;n;a;l;e;x;_;p;d;f;;;o;p;e;n;a;l;e;x;_;l;a;n;d;i;n;g
doi__10.7164_antibiotics.39.888,weak_source,recover_or_stage_primary_xml_then_build_material_packet,/mnt/d/work/抗菌肽/数据库/merged_amp_corpus/landed_assets/papers/doi__10.7164_antibiotics.39.888,Fengycin--a novel antifungal lipopeptide antibiotic produced by Bacillus subtilis F-29-3.,1986,J Antibiot (Tokyo),10.7164/antibiotics.39.888,3093430,,0,2,0,2,0,10,direct_pdf,o;p;e;n;a;l;e;x;_;p;d;f;;;o;p;e;n;a;l;e;x;_;l;a;n;d;i;n;g
doi__10.7164_antibiotics.40.437,weak_source,recover_or_stage_primary_xml_then_build_material_packet,/mnt/d/work/抗菌肽/数据库/merged_amp_corpus/landed_assets/papers/doi__10.7164_antibiotics.40.437,Isolation and characterization of new iturins: iturin D and iturin E.,1987,J Antibiot (Tokyo),10.7164/antibiotics.40.437,3583913,,0,2,0,2,0,10,direct_pdf,o;p;e;n;a;l;e;x;_;p;d;f;;;o;p;e;n;a;l;e;x;_;l;a;n;d;i;n;g
doi__10.7164_antibiotics.42.837,weak_source,recover_or_stage_primary_xml_then_build_material_packet,/mnt/d/work/抗菌肽/数据库/merged_amp_corpus/landed_assets/papers/doi__10.7164_antibiotics.42.837,"Lanthiopeptin, a new peptide antibiotic. Production, isolation and properties of lanthiopeptin.",1989,J Antibiot (Tokyo),10.7164/antibiotics.42.837,2544544,,0,2,0,2,0,10,direct_pdf,o;p;e;n;a;l;e;x;_;p;d;f;;;o;p;e;n;a;l;e;x;_;l;a;n;d;i;n;g
doi__10.7164_antibiotics.43.1082,weak_source,recover_or_stage_primary_xml_then_build_material_packet,/mnt/d/work/抗菌肽/数据库/merged_amp_corpus/landed_assets/papers/doi__10.7164_antibiotics.43.1082,"Sequence determination of actagardine, a novel lantibiotic, by homonuclear 2D NMR spectroscopy.",1990,J Antibiot (Tokyo),10.7164/antibiotics.43.1082,2211371,,0,2,0,2,0,10,direct_pdf,o;p;e;n;a;l;e;x;_;p;d;f;;;o;p;e;n;a;l;e;x;_;l;a;n;d;i;n;g
doi__10.7164_antibiotics.43.1403,weak_source,recover_or_stage_primary_xml_then_build_material_packet,/mnt/d/work/抗菌肽/数据库/merged_amp_corpus/landed_assets/papers/doi__10.7164_antibiotics.43.1403,"Duramycins B and C, two new lanthionine containing antibiotics as inhibitors of phospholipase A2. Structural revision of duramycin and cinnamycin",1990,J Antibiot (Tokyo).,10.7164/antibiotics.43.1403,2125590,,0,2,0,2,0,10,direct_pdf,f;u;l;l;t;e;x;t;_;s;i;g;n;a;l;;;n;c;b;i;_;d;o;i;;;o;p;e;n;a;l;e;x;_;l;a;n;d;i;n;g;;;o;p;e;n;a;l;e;x;_;p;d;f
doi__10.7164_antibiotics.43.1421,weak_source,recover_or_stage_primary_xml_then_build_material_packet,/mnt/d/work/抗菌肽/数据库/merged_amp_corpus/landed_assets/papers/doi__10.7164_antibiotics.43.1421,The structure of PA48009: the revised structure of duramycin.,1990,J Antibiot (Tokyo),10.7164/antibiotics.43.1421,2272918,,0,1,0,1,0,10,landing_page,o;p;e;n;a;l;e;x;_;l;a;n;d;i;n;g
doi__10.7164_antibiotics.43.267,weak_source,recover_or_stage_primary_xml_then_build_material_packet,/mnt/d/work/抗菌肽/数据库/merged_amp_corpus/landed_assets/papers/doi__10.7164_antibiotics.43.267,"Pumilacidin, a complex of new antiviral antibiotics. Production, isolation, chemical properties, structure and biological activity.",1990,J Antibiot (Tokyo),10.7164/antibiotics.43.267,2157695,,0,2,0,2,0,10,direct_pdf,o;p;e;n;a;l;e;x;_;p;d;f;;;o;p;e;n;a;l;e;x;_;l;a;n;d;i;n;g
doi__10.7164_antibiotics.43.616,weak_source,recover_or_stage_primary_xml_then_build_material_packet,/mnt/d/work/抗菌肽/数据库/merged_amp_corpus/landed_assets/papers/doi__10.7164_antibiotics.43.616,A54145 a new lipopeptide antibiotic complex: microbiological evaluation.,1990,J Antibiot (Tokyo),10.7164/antibiotics.43.616,2380110,,0,2,0,2,0,10,direct_pdf,o;p;e;n;a;l;e;x;_;p;d;f;;;o;p;e;n;a;l;e;x;_;l;a;n;d;i;n;g
doi__10.7164_antibiotics.44.693,weak_source,recover_or_stage_primary_xml_then_build_material_packet,/mnt/d/work/抗菌肽/数据库/merged_amp_corpus/landed_assets/papers/doi__10.7164_antibiotics.44.693,a novel inhibitor of bacterial protein synthesis. I. Isolation and characterization.,1991,J Antibiot (Tokyo),10.7164/antibiotics.44.693,1908853,,0,3,0,3,0,10,direct_pdf,l;o;c;a;l;_;p;d;f;;;o;p;e;n;a;l;e;x;_;p;d;f;;;o;p;e;n;a;l;e;x;_;l;a;n;d;i;n;g
doi__10.7164_antibiotics.45.832,weak_source,recover_or_stage_primary_xml_then_build_material_packet,/mnt/d/work/抗菌肽/数据库/merged_amp_corpus/landed_assets/papers/doi__10.7164_antibiotics.45.832,"Mersacidin, a new antibiotic from Bacillus. Fermentation, isolation, purification and chemical characterization.",1992,J Antibiot (Tokyo),10.7164/antibiotics.45.832,1500347,,0,2,0,2,0,10,direct_pdf,o;p;e;n;a;l;e;x;_;p;d;f;;;o;p;e;n;a;l;e;x;_;l;a;n;d;i;n;g
doi__10.7164_antibiotics.46.1666,weak_source,recover_or_stage_primary_xml_then_build_material_packet,/mnt/d/work/抗菌肽/数据库/merged_amp_corpus/landed_assets/papers/doi__10.7164_antibiotics.46.1666,"A new antibiotic, cypemycin. Taxonomy, fermentation, isolation and biological characteristics.",1993,J Antibiot (Tokyo),10.7164/antibiotics.46.1666,7802859,,0,3,0,3,0,10,direct_pdf,l;o;c;a;l;_;p;d;f;;;o;p;e;n;a;l;e;x;_;p;d;f;;;o;p;e;n;a;l;e;x;_;l;a;n;d;i;n;g
doi__10.7164_antibiotics.46.1756,weak_source,recover_or_stage_primary_xml_then_build_material_packet,/mnt/d/work/抗菌肽/数据库/merged_amp_corpus/landed_assets/papers/doi__10.7164_antibiotics.46.1756,"Isolation of RP 71955, a new anti-HIV-1 peptide secondary metabolite.",1993,J Antibiot (Tokyo),10.7164/antibiotics.46.1756,8270499,,0,2,0,2,0,10,direct_pdf,o;p;e;n;a;l;e;x;_;p;d;f;;;o;p;e;n;a;l;e;x;_;l;a;n;d;i;n;g
doi__10.7164_antibiotics.47.1153,weak_source,recover_or_stage_primary_xml_then_build_material_packet,/mnt/d/work/抗菌肽/数据库/merged_amp_corpus/landed_assets/papers/doi__10.7164_antibiotics.47.1153,"Novel antibiotics, amythiamicins. III. Structure elucidations of amythiamicins A, B and C.",1994,J Antibiot (Tokyo),10.7164/antibiotics.47.1153,7961166,,0,3,0,3,0,10,direct_pdf,l;o;c;a;l;_;p;d;f;;;o;p;e;n;a;l;e;x;_;p;d;f;;;o;p;e;n;a;l;e;x;_;l;a;n;d;i;n;g
doi__10.7164_antibiotics.47.301,weak_source,recover_or_stage_primary_xml_then_build_material_packet,/mnt/d/work/抗菌肽/数据库/merged_amp_corpus/landed_assets/papers/doi__10.7164_antibiotics.47.301,"FR901228, a novel antitumor bicyclic depsipeptide produced by Chromobacterium violaceum No. 968. I. Taxonomy, fermentation, isolation, physico-chemical and biological properties, and antitumor activity.",1994,J Antibiot (Tokyo),10.7164/antibiotics.47.301,7513682,,0,2,0,2,0,10,direct_pdf,o;p;e;n;a;l;e;x;_;p;d;f;;;o;p;e;n;a;l;e;x;_;l;a;n;d;i;n;g
doi__10.7164_antibiotics.47.668,weak_source,recover_or_stage_primary_xml_then_build_material_packet,/mnt/d/work/抗菌肽/数据库/merged_amp_corpus/landed_assets/papers/doi__10.7164_antibiotics.47.668,"Novel antibiotics, amythiamicins. I. Taxonomy, fermentation, isolation, physico-chemical properties, and antimicrobial activity.",1994,J Antibiot (Tokyo),10.7164/antibiotics.47.668,8040071,,0,2,0,2,0,10,direct_pdf,o;p;e;n;a;l;e;x;_;p;d;f;;;o;p;e;n;a;l;e;x;_;l;a;n;d;i;n;g
doi__10.7164_antibiotics.48.1515,weak_source,recover_or_stage_primary_xml_then_build_material_packet,/mnt/d/work/抗菌肽/数据库/merged_amp_corpus/landed_assets/papers/doi__10.7164_antibiotics.48.1515,II. Sequence analysis and structure determination of siamycin I.,1995,J Antibiot (Tokyo),10.7164/antibiotics.48.1515,8557614,,0,2,0,2,0,10,direct_pdf,o;p;e;n;a;l;e;x;_;p;d;f;;;o;p;e;n;a;l;e;x;_;l;a;n;d;i;n;g
doi__10.7164_antibiotics.48.233,weak_source,recover_or_stage_primary_xml_then_build_material_packet,/mnt/d/work/抗菌肽/数据库/merged_amp_corpus/landed_assets/papers/doi__10.7164_antibiotics.48.233,Total structures and antimicrobial activity of bacitracin minor components.,1995,J Antibiot (Tokyo),10.7164/antibiotics.48.233,7730158,,0,2,0,2,0,10,direct_pdf,o;p;e;n;a;l;e;x;_;p;d;f;;;o;p;e;n;a;l;e;x;_;l;a;n;d;i;n;g
doi__10.7164_antibiotics.48.433,weak_source,recover_or_stage_primary_xml_then_build_material_packet,/mnt/d/work/抗菌肽/数据库/merged_amp_corpus/landed_assets/papers/doi__10.7164_antibiotics.48.433,"Siamycins I and II, new anti-HIV peptides: I. Fermentation, isolation, biological activity and initial characterization.",1995,J Antibiot (Tokyo),10.7164/antibiotics.48.433,7797448,,0,2,0,2,0,10,direct_pdf,o;p;e;n;a;l;e;x;_;p;d;f;;;o;p;e;n;a;l;e;x;_;l;a;n;d;i;n;g
doi__10.7164_antibiotics.49.129,weak_source,recover_or_stage_primary_xml_then_build_material_packet,/mnt/d/work/抗菌肽/数据库/merged_amp_corpus/landed_assets/papers/doi__10.7164_antibiotics.49.129,"Fusaricidin A, a new depsipeptide antibiotic produced by Bacillus polymyxa KT-8. Taxonomy, fermentation, isolation, structure elucidation and biological activity",1996,J Antibiot (Tokyo).,10.7164/antibiotics.49.129,8621351,,0,2,0,2,0,10,direct_pdf,o;p;e;n;a;l;e;x;_;p;d;f;;;o;p;e;n;a;l;e;x;_;l;a;n;d;i;n;g
doi__10.7164_antibiotics.50.220,weak_source,recover_or_stage_primary_xml_then_build_material_packet,/mnt/d/work/抗菌肽/数据库/merged_amp_corpus/landed_assets/papers/doi__10.7164_antibiotics.50.220,"Fusaricidins B, C and D, new depsipeptide antibiotics produced by Bacillus polymyxa KT-8: isolation, structure elucidation and biological activity.",1997,J Antibiot (Tokyo).,10.7164/antibiotics.50.220,9127193,,0,2,0,2,0,10,direct_pdf,o;p;e;n;a;l;e;x;_;p;d;f;;;o;p;e;n;a;l;e;x;_;l;a;n;d;i;n;g
doi__10.7164_antibiotics.50.373,weak_source,recover_or_stage_primary_xml_then_build_material_packet,/mnt/d/work/抗菌肽/数据库/merged_amp_corpus/landed_assets/papers/doi__10.7164_antibiotics.50.373,"Propeptin, a new inhibitor of prolyl endopeptidase produced by Microbispora. I. Fermentation, isolation and biological properties",1997,J Antibiot (Tokyo).,10.7164/antibiotics.50.373,9207905,,0,2,0,2,0,10,direct_pdf,o;p;e;n;a;l;e;x;_;p;d;f;;;o;p;e;n;a;l;e;x;_;l;a;n;d;i;n;g
doi__10.7164_antibiotics.52.374,weak_source,recover_or_stage_primary_xml_then_build_material_packet,/mnt/d/work/抗菌肽/数据库/merged_amp_corpus/landed_assets/papers/doi__10.7164_antibiotics.52.374,"Feglymycin, a novel inhibitor of the replication of the human immunodeficiency virus. Fermentation, isolation and structure elucidation.",1999,J Antibiot (Tokyo),10.7164/antibiotics.52.374,10395273,,0,2,0,2,0,10,direct_pdf,o;p;e;n;a;l;e;x;_;p;d;f;;;o;p;e;n;a;l;e;x;_;l;a;n;d;i;n;g
doi__10.7164_antibiotics.52.695,weak_source,recover_or_stage_primary_xml_then_build_material_packet,/mnt/d/work/抗菌肽/数据库/merged_amp_corpus/landed_assets/papers/doi__10.7164_antibiotics.52.695,"Rhodopeptins (Mer-N1033), novel cyclic tetrapeptides with antifungal activity from Rhodococcus sp. I. Taxonomy, fermentation, isolation, physico-chemical properties and biological activities.",1999,J Antibiot (Tokyo),10.7164/antibiotics.52.695,10580382,,0,1,0,1,0,10,landing_page,o;p;e;n;a;l;e;x;_;l;a;n;d;i;n;g
doi__10.7164_antibiotics.52.730,weak_source,recover_or_stage_primary_xml_then_build_material_packet,/mnt/d/work/抗菌肽/数据库/merged_amp_corpus/landed_assets/papers/doi__10.7164_antibiotics.52.730,"Ala(0)-actagardine, a new lantibiotic from cultures of Actinoplanes liguriae ATCC 31048.",1999,J Antibiot (Tokyo).,10.7164/antibiotics.52.730,10580386,,0,3,0,3,0,10,direct_pdf,l;o;c;a;l;_;p;d;f;;;o;p;e;n;a;l;e;x;_;p;d;f;;;o;p;e;n;a;l;e;x;_;l;a;n;d;i;n;g
doi__10.7164_antibiotics.52.998,weak_source,recover_or_stage_primary_xml_then_build_material_packet,/mnt/d/work/抗菌肽/数据库/merged_amp_corpus/landed_assets/papers/doi__10.7164_antibiotics.52.998,"Tylopeptins A and B, new antibiotic peptides from Tylopilus neofelleus.",1999,J Antibiot (Tokyo),10.7164/antibiotics.52.998,10656572,,0,2,0,2,0,10,direct_pdf,o;p;e;n;a;l;e;x;_;p;d;f;;;o;p;e;n;a;l;e;x;_;l;a;n;d;i;n;g
doi__10.7164_antibiotics.53.728,weak_source,recover_or_stage_primary_xml_then_build_material_packet,/mnt/d/work/抗菌肽/数据库/merged_amp_corpus/landed_assets/papers/doi__10.7164_antibiotics.53.728,"Heptaibin, a novel antifungal peptaibol antibiotic from Emericellopsis sp. BAUA8289.",2000,J Antibiot (Tokyo),10.7164/antibiotics.53.728,10994817,,0,2,0,2,0,10,direct_pdf,o;p;e;n;a;l;e;x;_;p;d;f;;;o;p;e;n;a;l;e;x;_;l;a;n;d;i;n;g
doi__10.7164_antibiotics.54.1036,weak_source,recover_or_stage_primary_xml_then_build_material_packet,/mnt/d/work/抗菌肽/数据库/merged_amp_corpus/landed_assets/papers/doi__10.7164_antibiotics.54.1036,"Goadsporin, a chemical substance which promotes secondary metabolism and morphogenesis in streptomycetes. I. Purification and characterization.",2001,J Antibiot (Tokyo),10.7164/antibiotics.54.1036,11858658,,0,2,0,2,0,10,direct_pdf,o;p;e;n;a;l;e;x;_;p;d;f;;;o;p;e;n;a;l;e;x;_;l;a;n;d;i;n;g
doi__10.7164_antibiotics.54.1054,weak_source,recover_or_stage_primary_xml_then_build_material_packet,/mnt/d/work/抗菌肽/数据库/merged_amp_corpus/landed_assets/papers/doi__10.7164_antibiotics.54.1054,"Tripropeptins, novel antimicrobial agents produced by Lysobacter sp. I. Taxonomy, isolation and biological activities.",2001,J Antibiot (Tokyo),10.7164/antibiotics.54.1054,11858660,,0,2,0,2,0,10,direct_pdf,o;p;e;n;a;l;e;x;_;p;d;f;;;o;p;e;n;a;l;e;x;_;l;a;n;d;i;n;g
doi__10.7164_antibiotics.54.220,weak_source,recover_or_stage_primary_xml_then_build_material_packet,/mnt/d/work/抗菌肽/数据库/merged_amp_corpus/landed_assets/papers/doi__10.7164_antibiotics.54.220,"Cephaibols, new peptaibol antibiotics with anthelmintic properties from Acremonium tubakii DSM 12774.",2001,J Antibiot (Tokyo),10.7164/antibiotics.54.220,11372779,,0,2,0,2,0,10,direct_pdf,o;p;e;n;a;l;e;x;_;p;d;f;;;o;p;e;n;a;l;e;x;_;l;a;n;d;i;n;g
doi__10.7164_antibiotics.55.565,weak_source,recover_or_stage_primary_xml_then_build_material_packet,/mnt/d/work/抗菌肽/数据库/merged_amp_corpus/landed_assets/papers/doi__10.7164_antibiotics.55.565,"Arylomycins A and B, new biaryl-bridged lipopeptide antibiotics produced by Streptomyces sp. Tü 6075. I. Taxonomy, fermentation, isolation and biological activities.",2002,J Antibiot (Tokyo),10.7164/antibiotics.55.565,12195962,,0,1,0,1,0,10,landing_page,o;p;e;n;a;l;e;x;_;l;a;n;d;i;n;g
doi__10.7324_japs.2016.60211,weak_source,recover_or_stage_primary_xml_then_build_material_packet,/mnt/d/work/抗菌肽/数据库/merged_amp_corpus/landed_assets/papers/doi__10.7324_japs.2016.60211,Hepcidin TH1-5 Induces Apoptosis and Activate Caspase-9 in MCF-7 Cells,2016,,10.7324/japs.2016.60211,,,0,2,0,2,0,5,direct_pdf,o;p;e;n;a;l;e;x;_;p;d;f;;;o;p;e;n;a;l;e;x;_;l;a;n;d;i;n;g
doi__10.7324_japs.2018.8204,weak_source,recover_or_stage_primary_xml_then_build_material_packet,/mnt/d/work/抗菌肽/数据库/merged_amp_corpus/landed_assets/papers/doi__10.7324_japs.2018.8204,"M-Brucin, an antibacterial peptide against Staphylococcus epidermidis and Streptococcus pyogenes",2018,J Appl Pharm Sci,10.7324/japs.2018.8204,,,0,2,0,2,0,4,direct_pdf,o;p;e;n;a;l;e;x;_;p;d;f;;;o;p;e;n;a;l;e;x;_;l;a;n;d;i;n;g;;;f;u;l;l;t;e;x;t;_;s;i;g;n;a;l;;;c;r;o;s;s;r;e;f;_;i;d;e;n;t;i;f;i;e;r
doi__10.7717_peerj.1987,weak_source,recover_or_stage_primary_pdf_then_build_material_packet,/mnt/d/work/抗菌肽/数据库/merged_amp_corpus/landed_assets/papers/doi__10.7717_peerj.1987,Mode of action and membrane specificity of the antimicrobial peptide snakin-2.,2016,PeerJ,10.7717/peerj.1987,27190708,,1,0,1,0,0,9,fulltext_or_xml,l;o;c;a;l;_;x;m;l;;;o;p;e;n;a;l;e;x;_;l;a;n;d;i;n;g
pmid__18323244,weak_source,recover_or_stage_primary_xml_then_build_material_packet,/mnt/d/work/抗菌肽/数据库/merged_amp_corpus/landed_assets/papers/pmid__18323244,Synthesis of a phenylalanine-rich peptide as potential anthelmintic and cytotoxic agent.,2008,Acta Pol Pharm,,18323244,,0,1,0,1,0,3,landing_page,o;p;e;n;a;l;e;x;_;l;a;n;d;i;n;g
pmid__23732481,weak_source,recover_or_stage_primary_xml_then_build_material_packet,/mnt/d/work/抗菌肽/数据库/merged_amp_corpus/landed_assets/papers/pmid__23732481,"Anticancer activity of a Synthetic peptide peptide derived from harmoniasin, an antibacterial peptide from the ladybug Harmonia axyridis",2013,Int J Oncol,,23732481,,0,1,0,1,0,0,direct_pdf,l;o;c;a;l;_;p;d;f
pmid__24779193,weak_source,recover_or_stage_primary_xml_then_build_material_packet,/mnt/d/work/抗菌肽/数据库/merged_amp_corpus/landed_assets/papers/pmid__24779193,Antimicrobial peptides as potential tool to fight bacterial biofilm.,2014,Acta Pol Pharm,,24779193,,0,1,0,1,0,6,landing_page,o;p;e;n;a;l;e;x;_;l;a;n;d;i;n;g
title_evaluation-of-the-antitumor-and-antiproliferative-effects-of-the-inkki-peptide-o-2020,weak_source,recover_or_stage_primary_xml_then_build_material_packet,/mnt/d/work/抗菌肽/数据库/merged_amp_corpus/landed_assets/papers/title_evaluation-of-the-antitumor-and-antiproliferative-effects-of-the-inkki-peptide-o-2020,Evaluation of the antitumor and antiproliferative effects of the INKKI peptide on MCF-7 breast adenocarcinoma cells,2020,,,,,0,1,0,1,0,0,landing_page,o;p;e;n;a;l;e;x;_;l;a;n;d;i;n;g
